method,split,seed,episodes,success_rate,mean_final_belief_error,mean_error_during_occlusion,mean_error_after_occlusion,false_disappearance_rate,identity_switch_rate,wrong_object_contact_rate,wrong_contact_rate,target_contact_rate,mean_reacquisition_latency,mean_diagnostic_steps,mean_path_length,mean_calibration_error,mean_occluded_steps
ensemble_uncertainty_planner,camera_dropout_burst,0,6,0.00000,0.05313,0.08339,0.05640,0.32203,0.03055,0.00000,0.13518,0.13518,0.16137,32.66667,1.37129,0.06233,38.66667
ensemble_uncertainty_planner,camera_dropout_burst,1,6,0.00000,0.07083,0.08676,0.05261,0.37449,0.02091,0.00000,0.30926,0.18703,0.04861,33.50000,1.38184,0.06419,40.00000
ensemble_uncertainty_planner,camera_dropout_burst,2,6,0.33333,0.22649,0.13442,0.05263,0.47002,0.07692,0.00000,0.23148,0.21666,0.06845,33.66667,1.44599,0.07131,41.33333
ensemble_uncertainty_planner,camera_dropout_burst,3,6,0.00000,0.08374,0.09254,0.05752,0.37908,0.09430,0.00000,0.23889,0.14630,0.25741,33.83333,1.40666,0.06015,39.33333
ensemble_uncertainty_planner,camera_dropout_burst,4,6,0.00000,0.20856,0.18204,0.05266,0.46346,0.16793,0.00000,0.00000,0.22593,0.17725,30.16667,1.50160,0.13910,45.50000
ensemble_uncertainty_planner,camera_dropout_burst,5,6,0.00000,0.16774,0.23014,0.05857,0.57048,0.28370,0.00000,0.15926,0.27778,0.18056,33.50000,1.47001,0.14639,50.50000
ensemble_uncertainty_planner,camera_dropout_burst,6,6,0.16667,0.09799,0.15268,0.05106,0.43487,0.10235,0.00000,0.21852,0.19815,0.11620,33.00000,1.35356,0.10533,44.83333
ensemble_uncertainty_planner,camera_dropout_burst,7,6,0.16667,0.21634,0.12294,0.06824,0.44457,0.12230,0.00000,0.01111,0.21296,0.16667,34.33333,1.54758,0.08221,42.33333
ensemble_uncertainty_planner,combined_extreme_stress,0,6,0.00000,0.12829,0.32804,0.08435,0.82374,0.24995,0.16667,0.20370,0.09444,0.08750,34.83333,1.58434,0.49434,57.00000
ensemble_uncertainty_planner,combined_extreme_stress,1,6,0.00000,0.40133,0.46506,0.34702,0.93127,0.39782,0.00000,0.02407,0.09630,45.14444,25.33333,1.65428,0.95815,65.50000
ensemble_uncertainty_planner,combined_extreme_stress,2,6,0.16667,0.66763,0.38145,0.07194,0.87111,0.31944,0.00000,0.12963,0.13889,0.12500,32.00000,1.67089,0.60939,62.16667
ensemble_uncertainty_planner,combined_extreme_stress,3,6,0.00000,0.49324,0.39112,0.46412,0.90288,0.34228,0.00000,0.10556,0.12963,60.15278,24.16667,1.63054,0.88868,61.66667
ensemble_uncertainty_planner,combined_extreme_stress,4,6,0.00000,0.66150,0.39393,0.41529,0.90701,0.36053,0.33333,0.20370,0.13148,45.02381,29.83333,1.61672,0.82718,63.16667
ensemble_uncertainty_planner,combined_extreme_stress,5,6,0.33333,0.37392,0.28724,0.10312,0.80753,0.32260,0.16667,0.21296,0.10370,0.20741,38.00000,1.55221,0.43915,57.33333
ensemble_uncertainty_planner,combined_extreme_stress,6,6,0.00000,0.19798,0.26938,0.06958,0.79672,0.19381,0.16667,0.11482,0.05371,0.26768,37.50000,1.51789,0.41347,55.16667
ensemble_uncertainty_planner,combined_extreme_stress,7,6,0.33333,0.28542,0.31306,0.06991,0.85530,0.27601,0.00000,0.03889,0.08518,0.08333,36.50000,1.62127,0.46888,59.00000
ensemble_uncertainty_planner,combined_stress,0,6,0.00000,0.34133,0.32263,0.23940,0.84103,0.20884,0.00000,0.05926,0.15371,30.06111,29.83333,1.61661,0.47036,59.33333
ensemble_uncertainty_planner,combined_stress,1,6,0.00000,0.31809,0.23460,0.33128,0.77885,0.13939,0.00000,0.11667,0.11852,30.12328,31.16667,1.57471,0.36719,51.83333
ensemble_uncertainty_planner,combined_stress,2,6,0.16667,0.20805,0.27257,0.05617,0.81483,0.18782,0.00000,0.19259,0.15370,0.02083,32.33333,1.57751,0.30618,53.00000
ensemble_uncertainty_planner,combined_stress,3,6,0.00000,0.33920,0.20493,0.19956,0.76576,0.28043,0.00000,0.29815,0.10555,15.13704,32.66667,1.59515,0.30173,50.66667
ensemble_uncertainty_planner,combined_stress,4,6,0.00000,0.28249,0.36214,0.11300,0.88143,0.28889,0.00000,0.00000,0.24259,15.07500,31.16667,1.70329,0.41517,58.66667
ensemble_uncertainty_planner,combined_stress,5,6,0.16667,0.20648,0.23581,0.05907,0.73929,0.27357,0.00000,0.10555,0.16667,0.05714,35.66667,1.62289,0.22269,52.66667
ensemble_uncertainty_planner,combined_stress,6,6,0.00000,0.42953,0.28841,0.21181,0.79743,0.28803,0.00000,0.26852,0.13518,15.05417,32.66667,1.60853,0.34974,55.16667
ensemble_uncertainty_planner,combined_stress,7,6,0.16667,0.50452,0.30499,0.06960,0.82361,0.22771,0.00000,0.39815,0.16666,0.25992,33.00000,1.62345,0.29655,56.16667
ensemble_uncertainty_planner,distractor_swap,0,6,0.83333,0.05055,0.09569,0.03210,0.14233,0.12570,0.00000,0.21111,0.42407,0.00000,25.66667,1.55968,0.04452,39.33333
ensemble_uncertainty_planner,distractor_swap,1,6,0.66667,0.09346,0.08365,0.03305,0.05765,0.11783,0.00000,0.31296,0.42407,0.00000,25.33333,1.49819,0.04130,39.33333
ensemble_uncertainty_planner,distractor_swap,2,6,0.83333,0.06441,0.10120,0.03324,0.16007,0.11887,0.00000,0.43148,0.43148,0.04167,27.66667,1.56383,0.04422,40.50000
ensemble_uncertainty_planner,distractor_swap,3,6,0.50000,0.03482,0.10694,0.03518,0.13607,0.12150,0.00000,0.26111,0.44444,0.03333,27.50000,1.52895,0.04648,41.83333
ensemble_uncertainty_planner,distractor_swap,4,6,0.33333,0.05636,0.06844,0.03519,0.03422,0.07736,0.00000,0.21667,0.42037,0.03333,25.33333,1.42193,0.04256,39.50000
ensemble_uncertainty_planner,distractor_swap,5,6,0.50000,0.10608,0.08832,0.03639,0.10164,0.06567,0.00000,0.27593,0.45185,0.06667,28.50000,1.45249,0.04504,42.66667
ensemble_uncertainty_planner,distractor_swap,6,6,0.66667,0.09858,0.09592,0.03547,0.12744,0.08817,0.00000,0.25741,0.43704,0.08333,26.83333,1.47348,0.04395,40.83333
ensemble_uncertainty_planner,distractor_swap,7,6,0.83333,0.10268,0.09189,0.03847,0.12496,0.10993,0.00000,0.12222,0.41482,0.09722,25.83333,1.57578,0.04321,38.50000
ensemble_uncertainty_planner,embodiment_control_shift,0,6,0.00000,0.03963,0.11588,0.03737,0.49178,0.08730,0.00000,0.00000,0.18889,0.06481,32.33333,1.42086,0.06808,40.00000
ensemble_uncertainty_planner,embodiment_control_shift,1,6,0.00000,0.03631,0.06873,0.04095,0.44783,0.07427,0.00000,0.21667,0.16296,0.05159,31.83333,1.37752,0.06030,38.50000
ensemble_uncertainty_planner,embodiment_control_shift,2,6,0.00000,0.19763,0.21077,0.04000,0.61834,0.21654,0.00000,0.19074,0.25556,0.05417,32.33333,1.43209,0.15662,50.00000
ensemble_uncertainty_planner,embodiment_control_shift,3,6,0.00000,0.18105,0.13842,0.03674,0.50416,0.07992,0.00000,0.12037,0.20926,0.11270,33.33333,1.26001,0.06886,43.66667
ensemble_uncertainty_planner,embodiment_control_shift,4,6,0.16667,0.19475,0.16045,0.12312,0.49236,0.14662,0.00000,0.27222,0.19444,15.06944,27.83333,1.41464,0.15404,41.66667
ensemble_uncertainty_planner,embodiment_control_shift,5,6,0.00000,0.04242,0.06787,0.04203,0.41997,0.02083,0.00000,0.35556,0.15185,0.13492,29.50000,1.42766,0.05847,35.83333
ensemble_uncertainty_planner,embodiment_control_shift,6,6,0.33333,0.05977,0.08906,0.04075,0.45558,0.13182,0.00000,0.18333,0.20185,0.05185,33.66667,1.36240,0.06170,40.33333
ensemble_uncertainty_planner,embodiment_control_shift,7,6,0.16667,0.15132,0.09364,0.04253,0.47806,0.03519,0.00000,0.25741,0.17037,0.11706,33.66667,1.37091,0.06468,41.50000
ensemble_uncertainty_planner,end_effector_occlusion,0,6,0.66667,0.03768,0.08323,0.03198,0.13639,0.00000,0.00000,0.13518,0.31296,0.03333,28.16667,1.55526,0.04437,43.00000
ensemble_uncertainty_planner,end_effector_occlusion,1,6,0.50000,0.09668,0.12841,0.03519,0.24382,0.00000,0.00000,0.02407,0.32037,0.08333,31.33333,1.56634,0.04909,45.33333
ensemble_uncertainty_planner,end_effector_occlusion,2,6,0.33333,0.22988,0.19056,0.18913,0.34811,0.05787,0.00000,0.00926,0.37037,15.04167,28.16667,1.53535,0.10272,49.33333
ensemble_uncertainty_planner,end_effector_occlusion,3,6,0.16667,0.17624,0.11360,0.03096,0.21224,0.10972,0.00000,0.13333,0.32222,0.08333,30.83333,1.58704,0.04847,44.16667
ensemble_uncertainty_planner,end_effector_occlusion,4,6,0.00000,0.29047,0.23031,0.06921,0.36471,0.09722,0.00000,0.20741,0.38333,15.04167,25.50000,1.59785,0.12042,52.33333
ensemble_uncertainty_planner,end_effector_occlusion,5,6,0.00000,0.20248,0.25384,0.14749,0.43243,0.17957,0.00000,0.16482,0.42037,15.00000,29.66667,1.56253,0.10960,55.00000
ensemble_uncertainty_planner,end_effector_occlusion,6,6,0.16667,0.13957,0.15895,0.03089,0.26703,0.12500,0.00000,0.09259,0.31852,0.00000,27.83333,1.61392,0.06351,46.66667
ensemble_uncertainty_planner,end_effector_occlusion,7,6,0.33333,0.04025,0.09206,0.03396,0.20364,0.09048,0.00000,0.07963,0.32963,0.08333,29.50000,1.64884,0.04650,43.00000
ensemble_uncertainty_planner,false_reappearance,0,6,0.00000,0.16998,0.16183,0.15409,0.46181,0.12513,0.00000,0.04259,0.12963,15.06548,33.00000,1.44336,0.13896,46.33333
ensemble_uncertainty_planner,false_reappearance,1,6,0.16667,0.07845,0.10186,0.04609,0.33776,0.10480,0.00000,0.29259,0.10185,0.00000,33.66667,1.42396,0.06036,41.00000
ensemble_uncertainty_planner,false_reappearance,2,6,0.16667,0.12021,0.20561,0.04652,0.55898,0.19392,0.00000,0.37222,0.21667,0.07143,34.16667,1.54059,0.11495,49.00000
ensemble_uncertainty_planner,false_reappearance,3,6,0.16667,0.35042,0.15871,0.04558,0.53324,0.18835,0.00000,0.27778,0.15556,0.02381,36.33333,1.52063,0.10894,49.66667
ensemble_uncertainty_planner,false_reappearance,4,6,0.16667,0.23537,0.21039,0.05030,0.43351,0.12857,0.00000,0.10741,0.17037,0.06018,30.33333,1.52485,0.12935,46.66667
ensemble_uncertainty_planner,false_reappearance,5,6,0.00000,0.06686,0.07423,0.04602,0.31040,0.03480,0.00000,0.14815,0.08519,0.08677,35.00000,1.32257,0.06112,41.16667
ensemble_uncertainty_planner,false_reappearance,6,6,0.00000,0.11896,0.15583,0.11328,0.41322,0.11888,0.00000,0.18333,0.11852,15.06731,31.33333,1.38153,0.14119,45.66667
ensemble_uncertainty_planner,false_reappearance,7,6,0.33333,0.15076,0.14372,0.04742,0.47789,0.09911,0.00000,0.25000,0.18148,0.00000,36.83333,1.45373,0.07365,45.00000
ensemble_uncertainty_planner,hidden_contact_drift,0,6,0.00000,0.12748,0.11738,0.03820,0.55036,0.18750,0.00000,0.13518,0.24444,0.02778,33.50000,1.43184,0.09035,41.33333
ensemble_uncertainty_planner,hidden_contact_drift,1,6,0.16667,0.12578,0.17111,0.12725,0.59532,0.12616,0.00000,0.17037,0.22407,15.04167,31.50000,1.51355,0.21393,45.66667
ensemble_uncertainty_planner,hidden_contact_drift,2,6,0.16667,0.25281,0.20815,0.10723,0.59799,0.24156,0.00000,0.06667,0.22778,15.02381,29.16667,1.40322,0.24921,48.16667
ensemble_uncertainty_planner,hidden_contact_drift,3,6,0.00000,0.04881,0.07930,0.03834,0.52338,0.02381,0.00000,0.11482,0.18704,0.07937,31.16667,1.34087,0.07018,36.16667
ensemble_uncertainty_planner,hidden_contact_drift,4,6,0.00000,0.13046,0.14722,0.09496,0.50308,0.08974,0.00000,0.11852,0.18333,15.11111,29.33333,1.32292,0.20950,44.16667
ensemble_uncertainty_planner,hidden_contact_drift,5,6,0.00000,0.05217,0.07235,0.04095,0.41589,0.05417,0.00000,0.00556,0.18333,0.12930,30.66667,1.35066,0.06956,37.00000
ensemble_uncertainty_planner,hidden_contact_drift,6,6,0.16667,0.07797,0.07428,0.03946,0.45949,0.03365,0.00000,0.01111,0.19630,0.08909,34.00000,1.32834,0.07652,40.50000
ensemble_uncertainty_planner,hidden_contact_drift,7,6,0.16667,0.18011,0.12682,0.04119,0.46151,0.10278,0.00000,0.25000,0.18704,0.00000,26.66667,1.45450,0.13315,38.50000
ensemble_uncertainty_planner,high_symmetry_layout,0,6,0.16667,0.05116,0.09769,0.04239,0.39766,0.11351,0.00000,0.12407,0.16482,0.11270,33.33333,1.51681,0.06448,39.33333
ensemble_uncertainty_planner,high_symmetry_layout,1,6,0.00000,0.19467,0.12884,0.04082,0.38390,0.09716,0.00000,0.38889,0.19444,0.00000,32.33333,1.42537,0.07999,43.50000
ensemble_uncertainty_planner,high_symmetry_layout,2,6,0.16667,0.10436,0.11467,0.03999,0.37528,0.09240,0.00000,0.09259,0.13704,0.06548,32.33333,1.32831,0.07336,42.66667
ensemble_uncertainty_planner,high_symmetry_layout,3,6,0.16667,0.13031,0.14137,0.04750,0.46165,0.17315,0.00000,0.00000,0.15000,0.05714,33.83333,1.54709,0.11240,45.50000
ensemble_uncertainty_planner,high_symmetry_layout,4,6,0.16667,0.11457,0.18521,0.10370,0.47901,0.08556,0.00000,0.20000,0.17222,15.06250,32.50000,1.40665,0.15391,47.33333
ensemble_uncertainty_planner,high_symmetry_layout,5,6,0.00000,0.04455,0.11363,0.04881,0.41829,0.09216,0.00000,0.30741,0.12593,0.06548,34.33333,1.38065,0.06946,42.50000
ensemble_uncertainty_planner,high_symmetry_layout,6,6,0.00000,0.04313,0.08465,0.03971,0.35719,0.01906,0.00000,0.22222,0.09630,0.04167,34.66667,1.37326,0.06046,41.00000
ensemble_uncertainty_planner,high_symmetry_layout,7,6,0.16667,0.04605,0.06574,0.04463,0.22626,0.02706,0.00000,0.36296,0.07593,0.06018,31.00000,1.38295,0.05508,38.00000
ensemble_uncertainty_planner,long_self_occlusion,0,6,0.33333,0.31293,0.25869,0.03658,0.49517,0.05417,0.00000,0.00000,0.27037,0.04167,30.33333,1.63145,0.10738,54.66667
ensemble_uncertainty_planner,long_self_occlusion,1,6,0.33333,0.41773,0.24871,0.17114,0.51290,0.13889,0.00000,0.00741,0.29815,15.00000,30.66667,1.58637,0.12045,55.50000
ensemble_uncertainty_planner,long_self_occlusion,2,6,0.00000,0.08426,0.13885,0.03205,0.35457,0.33519,0.00000,0.13518,0.18889,0.04167,32.33333,1.61854,0.05806,48.16667
ensemble_uncertainty_planner,long_self_occlusion,3,6,0.33333,0.38605,0.27923,0.19631,0.52776,0.17196,0.00000,0.07963,0.29259,15.05556,29.50000,1.67424,0.12364,56.50000
ensemble_uncertainty_planner,long_self_occlusion,4,6,0.33333,0.29806,0.26272,0.03417,0.53434,0.24325,0.00000,0.08704,0.29259,0.00000,31.50000,1.64667,0.09846,54.50000
ensemble_uncertainty_planner,long_self_occlusion,5,6,0.50000,0.09826,0.11770,0.03298,0.32283,0.04167,0.00000,0.04074,0.23889,0.00000,31.66667,1.69659,0.05001,45.16667
ensemble_uncertainty_planner,long_self_occlusion,6,6,0.16667,0.28984,0.22889,0.14656,0.49102,0.20000,0.00000,0.04630,0.25926,15.05556,32.33333,1.62339,0.10572,54.33333
ensemble_uncertainty_planner,long_self_occlusion,7,6,0.16667,0.50411,0.28448,0.17153,0.56185,0.30198,0.00000,0.00000,0.34444,15.05556,28.50000,1.68506,0.14495,56.50000
ensemble_uncertainty_planner,near_identical_distractors,0,6,0.83333,0.08313,0.10609,0.04220,0.23012,0.16712,0.00000,0.25556,0.38519,0.04167,28.16667,1.50938,0.05205,41.50000
ensemble_uncertainty_planner,near_identical_distractors,1,6,0.33333,0.04095,0.09766,0.03928,0.20034,0.07941,0.00000,0.27778,0.38889,0.00000,28.83333,1.44603,0.04781,42.66667
ensemble_uncertainty_planner,near_identical_distractors,2,6,0.00000,0.05374,0.09253,0.04007,0.20260,0.07778,0.00000,0.20371,0.34445,0.03333,28.16667,1.51900,0.04807,39.83333
ensemble_uncertainty_planner,near_identical_distractors,3,6,0.50000,0.08980,0.08000,0.03614,0.18185,0.08967,0.00000,0.11481,0.38889,0.03333,29.16667,1.51771,0.04806,43.00000
ensemble_uncertainty_planner,near_identical_distractors,4,6,0.50000,0.17424,0.19502,0.11874,0.38954,0.19003,0.00000,0.16481,0.42037,15.15278,28.33333,1.59184,0.09451,48.50000
ensemble_uncertainty_planner,near_identical_distractors,5,6,0.50000,0.26905,0.16463,0.04688,0.37169,0.15465,0.00000,0.00185,0.45000,0.22778,33.16667,1.46764,0.05713,47.33333
ensemble_uncertainty_planner,near_identical_distractors,6,6,0.83333,0.07030,0.09368,0.04439,0.19542,0.10052,0.00000,0.17037,0.35555,0.08333,26.83333,1.51769,0.04494,40.50000
ensemble_uncertainty_planner,near_identical_distractors,7,6,0.83333,0.12595,0.11428,0.04016,0.23089,0.08831,0.00000,0.21111,0.37222,0.00000,27.50000,1.44093,0.05136,42.83333
ensemble_uncertainty_planner,nominal,0,6,0.83333,0.05267,0.09133,0.01480,0.00000,0.00000,0.00000,0.02593,0.72407,0.00000,3.66667,1.22712,0.03542,36.00000
ensemble_uncertainty_planner,nominal,1,6,1.00000,0.01838,0.11305,0.01549,0.00000,0.00000,0.00000,0.17407,0.75926,0.00000,5.66667,1.31937,0.04174,35.66667
ensemble_uncertainty_planner,nominal,2,6,1.00000,0.03670,0.09204,0.01433,0.00000,0.00000,0.00000,0.03519,0.71482,0.00000,4.00000,1.38894,0.03169,32.66667
ensemble_uncertainty_planner,nominal,3,6,1.00000,0.01454,0.10452,0.01402,0.00439,0.00000,0.00000,0.05926,0.74815,0.00000,4.33333,1.27248,0.03783,34.00000
ensemble_uncertainty_planner,nominal,4,6,0.83333,0.02618,0.12619,0.01555,0.02778,0.00000,0.00000,0.08148,0.76852,0.00000,6.33333,1.25651,0.05156,39.16667
ensemble_uncertainty_planner,nominal,5,6,1.00000,0.06410,0.10039,0.01452,0.00000,0.00000,0.00000,0.00000,0.72222,0.00000,5.66667,1.35389,0.03466,34.16667
ensemble_uncertainty_planner,nominal,6,6,0.83333,0.01399,0.08996,0.01509,0.00000,0.16667,0.00000,0.17222,0.75185,0.00000,3.00000,1.35610,0.03318,33.83333
ensemble_uncertainty_planner,nominal,7,6,0.83333,0.08683,0.11909,0.01580,0.01515,0.16667,0.00000,0.08148,0.75741,0.00000,5.16667,1.32990,0.04346,35.83333
ensemble_uncertainty_planner,object_displacement,0,6,0.16667,0.03252,0.05670,0.03578,0.21854,0.03333,0.00000,0.03333,0.40000,0.07639,25.66667,1.39752,0.04706,32.00000
ensemble_uncertainty_planner,object_displacement,1,6,0.33333,0.28937,0.14901,0.03732,0.35618,0.11111,0.00000,0.02593,0.49259,0.02381,28.50000,1.34842,0.07251,41.33333
ensemble_uncertainty_planner,object_displacement,2,6,0.16667,0.03509,0.04772,0.03380,0.19523,0.00000,0.00000,0.25371,0.45370,0.01852,28.16667,1.22396,0.04922,35.33333
ensemble_uncertainty_planner,object_displacement,3,6,1.00000,0.04380,0.05273,0.03663,0.20090,0.03333,0.00000,0.13333,0.40370,0.09623,26.00000,1.35130,0.04723,32.83333
ensemble_uncertainty_planner,object_displacement,4,6,0.33333,0.04525,0.05689,0.03775,0.18084,0.09445,0.00000,0.05370,0.44259,0.06131,26.66667,1.29370,0.04588,34.16667
ensemble_uncertainty_planner,object_displacement,5,6,0.66667,0.04007,0.06556,0.03580,0.24912,0.00000,0.00000,0.00926,0.42963,0.02381,27.66667,1.32488,0.04707,34.00000
ensemble_uncertainty_planner,object_displacement,6,6,0.83333,0.04222,0.06290,0.03601,0.21684,0.05556,0.00000,0.22963,0.42778,0.04861,27.00000,1.27722,0.04583,33.33333
ensemble_uncertainty_planner,object_displacement,7,6,0.50000,0.02858,0.14561,0.03611,0.36025,0.02381,0.00000,0.09815,0.46667,0.04762,27.50000,1.43318,0.08099,40.00000
ensemble_uncertainty_planner,short_self_occlusion,0,6,0.66667,0.06785,0.11769,0.02579,0.06261,0.25000,0.00000,0.00000,0.49445,0.00000,21.83333,1.58714,0.04508,40.66667
ensemble_uncertainty_planner,short_self_occlusion,1,6,0.50000,0.08907,0.09153,0.02555,0.03031,0.00000,0.00000,0.02778,0.49259,0.00000,20.00000,1.55912,0.04174,39.33333
ensemble_uncertainty_planner,short_self_occlusion,2,6,0.66667,0.06959,0.15691,0.02600,0.13500,0.17222,0.00000,0.16482,0.51667,0.05556,21.50000,1.56224,0.05639,43.16667
ensemble_uncertainty_planner,short_self_occlusion,3,6,0.66667,0.06304,0.13646,0.02385,0.10418,0.22222,0.00000,0.01296,0.51667,0.00000,23.50000,1.52001,0.05303,42.83333
ensemble_uncertainty_planner,short_self_occlusion,4,6,0.83333,0.20997,0.17973,0.15464,0.16719,0.20833,0.00000,0.10741,0.56667,15.00000,20.16667,1.46465,0.08500,46.16667
ensemble_uncertainty_planner,short_self_occlusion,5,6,0.50000,0.17895,0.13850,0.02520,0.11271,0.00000,0.00000,0.00000,0.55741,0.00000,23.83333,1.51076,0.05455,44.00000
ensemble_uncertainty_planner,short_self_occlusion,6,6,0.66667,0.20348,0.13051,0.02533,0.10510,0.04167,0.00000,0.05000,0.53519,0.00000,23.33333,1.52448,0.05252,42.83333
ensemble_uncertainty_planner,short_self_occlusion,7,6,0.66667,0.14344,0.12721,0.02731,0.09014,0.00000,0.00000,0.02407,0.50000,0.05556,23.00000,1.63173,0.04675,41.00000
ensemble_uncertainty_planner,stale_memory_trap,0,6,0.00000,0.42708,0.35287,0.23507,0.86399,0.21370,0.00000,0.15371,0.19074,30.00000,25.83333,1.67045,0.59776,60.00000
ensemble_uncertainty_planner,stale_memory_trap,1,6,0.00000,0.06218,0.15255,0.04907,0.74475,0.13748,0.00000,0.11111,0.07963,0.02778,38.50000,1.49015,0.15020,47.16667
ensemble_uncertainty_planner,stale_memory_trap,2,6,0.16667,0.38126,0.27257,0.04724,0.83250,0.26747,0.00000,0.24074,0.16111,0.03333,38.16667,1.64312,0.26417,57.33333
ensemble_uncertainty_planner,stale_memory_trap,3,6,0.00000,0.06620,0.10220,0.04238,0.68977,0.07940,0.00000,0.00926,0.05000,0.04233,39.66667,1.38090,0.09382,45.50000
ensemble_uncertainty_planner,stale_memory_trap,4,6,0.16667,0.48551,0.35581,0.26747,0.87308,0.23722,0.00000,0.02963,0.18519,30.10185,29.33333,1.56610,0.51294,60.83333
ensemble_uncertainty_planner,stale_memory_trap,5,6,0.16667,0.30944,0.22079,0.04415,0.79323,0.15108,0.00000,0.20741,0.17407,0.08750,34.50000,1.58666,0.23418,52.50000
ensemble_uncertainty_planner,stale_memory_trap,6,6,0.33333,0.26955,0.18000,0.04678,0.76969,0.16612,0.00000,0.06296,0.11852,0.01852,42.33333,1.48706,0.14106,51.83333
ensemble_uncertainty_planner,stale_memory_trap,7,6,0.16667,0.21824,0.19991,0.04413,0.76219,0.24068,0.00000,0.14815,0.15370,0.00000,36.83333,1.65926,0.20350,50.00000
hist_gradient_occlusion_regressor,camera_dropout_burst,0,6,0.83333,0.05428,0.05589,0.05428,0.23232,0.16177,0.00000,0.16852,0.73704,75.00000,0.00000,1.03336,0.07526,70.50000
hist_gradient_occlusion_regressor,camera_dropout_burst,1,6,1.00000,0.04846,0.06378,0.04540,0.18814,0.39325,0.00000,0.27963,0.75185,75.00000,0.00000,1.01857,0.06093,70.16667
hist_gradient_occlusion_regressor,camera_dropout_burst,2,6,0.83333,0.07764,0.06558,0.07723,0.17831,0.18600,0.00000,0.02963,0.71852,75.00000,0.00000,1.14721,0.06512,67.50000
hist_gradient_occlusion_regressor,camera_dropout_burst,3,6,1.00000,0.07405,0.06532,0.05944,0.19849,0.28350,0.00000,0.27963,0.70556,75.00000,0.00000,1.08244,0.06154,69.83333
hist_gradient_occlusion_regressor,camera_dropout_burst,4,6,1.00000,0.07194,0.06866,0.07504,0.15375,0.18131,0.00000,0.00556,0.61296,60.16667,0.00000,1.12068,0.05449,68.83333
hist_gradient_occlusion_regressor,camera_dropout_burst,5,6,0.83333,0.06268,0.07201,0.06485,0.21241,0.38355,0.00000,0.27037,0.65000,75.00000,0.00000,1.00048,0.06149,71.00000
hist_gradient_occlusion_regressor,camera_dropout_burst,6,6,1.00000,0.06513,0.04855,0.03852,0.21237,0.15656,0.00000,0.11852,0.72592,75.00000,0.00000,0.98280,0.08154,70.83333
hist_gradient_occlusion_regressor,camera_dropout_burst,7,6,0.83333,0.06700,0.06869,0.06700,0.21435,0.15323,0.00000,0.11296,0.63333,90.00000,0.00000,1.15143,0.06260,68.16667
hist_gradient_occlusion_regressor,combined_extreme_stress,0,6,0.50000,0.06132,0.07709,0.06132,0.25611,0.25426,0.00000,0.34815,0.51667,90.00000,0.00000,1.04891,0.06453,72.00000
hist_gradient_occlusion_regressor,combined_extreme_stress,1,6,1.00000,0.07412,0.06879,0.07412,0.25635,0.20686,0.00000,0.29445,0.73148,90.00000,0.00000,1.02574,0.06773,72.33333
hist_gradient_occlusion_regressor,combined_extreme_stress,2,6,0.50000,0.09367,0.09345,0.09465,0.20405,0.50813,0.00000,0.39259,0.46111,75.00000,0.00000,1.12791,0.06526,70.50000
hist_gradient_occlusion_regressor,combined_extreme_stress,3,6,0.83333,0.06670,0.08438,0.06352,0.17670,0.29363,0.00000,0.25370,0.55000,75.00000,0.00000,1.17929,0.06331,68.50000
hist_gradient_occlusion_regressor,combined_extreme_stress,4,6,0.83333,0.07383,0.06963,0.07383,0.22642,0.27360,0.00000,0.11852,0.61481,90.00000,0.00000,1.09972,0.06984,69.50000
hist_gradient_occlusion_regressor,combined_extreme_stress,5,6,1.00000,0.05291,0.06031,0.05291,0.22235,0.17742,0.00000,0.20370,0.74445,90.00000,0.00000,1.11667,0.06738,69.50000
hist_gradient_occlusion_regressor,combined_extreme_stress,6,6,0.66667,0.07890,0.08392,0.07890,0.22020,0.54991,0.00000,0.21667,0.43518,90.00000,0.00000,1.16024,0.06465,69.33333
hist_gradient_occlusion_regressor,combined_extreme_stress,7,6,0.16667,0.11886,0.09726,0.11886,0.22127,0.55408,0.00000,0.17222,0.35556,90.00000,0.00000,1.11950,0.06117,69.50000
hist_gradient_occlusion_regressor,combined_stress,0,6,0.66667,0.06579,0.07747,0.06820,0.18814,0.35091,0.00000,0.18519,0.59259,75.00000,0.00000,1.06633,0.06175,69.50000
hist_gradient_occlusion_regressor,combined_stress,1,6,0.83333,0.07052,0.07088,0.07052,0.21650,0.17064,0.00000,0.21481,0.64259,90.00000,0.00000,1.18940,0.06506,69.00000
hist_gradient_occlusion_regressor,combined_stress,2,6,0.50000,0.10410,0.08335,0.10410,0.22762,0.31154,0.00000,0.21852,0.50185,90.00000,0.00000,1.12398,0.06276,70.00000
hist_gradient_occlusion_regressor,combined_stress,3,6,1.00000,0.04419,0.05760,0.04419,0.20373,0.20604,0.00000,0.15000,0.73148,90.00000,0.00000,1.15516,0.06742,67.83333
hist_gradient_occlusion_regressor,combined_stress,4,6,0.50000,0.11513,0.08206,0.11513,0.23093,0.25317,0.00000,0.14259,0.50556,90.00000,0.00000,1.12417,0.06269,70.33333
hist_gradient_occlusion_regressor,combined_stress,5,6,0.66667,0.04488,0.05434,0.04488,0.23511,0.42577,0.00000,0.45556,0.60741,90.00000,0.00000,1.02340,0.07216,70.66667
hist_gradient_occlusion_regressor,combined_stress,6,6,1.00000,0.03966,0.05149,0.03966,0.23380,0.21918,0.00000,0.23148,0.76111,90.00000,0.00000,1.07431,0.07246,70.50000
hist_gradient_occlusion_regressor,combined_stress,7,6,0.66667,0.06879,0.07050,0.06879,0.24388,0.37534,0.00000,0.32222,0.60000,90.00000,0.00000,1.06799,0.06559,71.50000
hist_gradient_occlusion_regressor,distractor_swap,0,6,1.00000,0.04773,0.05349,0.04773,0.19911,0.52570,0.00000,0.22222,0.75000,90.00000,0.00000,1.08387,0.06131,67.50000
hist_gradient_occlusion_regressor,distractor_swap,1,6,1.00000,0.06322,0.05192,0.06322,0.23167,0.38247,0.00000,0.32407,0.78148,90.00000,0.00000,1.03455,0.06634,70.33333
hist_gradient_occlusion_regressor,distractor_swap,2,6,1.00000,0.04420,0.03415,0.04420,0.21339,0.38654,0.00000,0.42222,0.76297,90.00000,0.00000,1.06976,0.07425,68.66667
hist_gradient_occlusion_regressor,distractor_swap,3,6,1.00000,0.06798,0.04729,0.06685,0.18863,0.26268,0.00000,0.25741,0.75185,75.00000,0.00000,1.08603,0.06644,68.16667
hist_gradient_occlusion_regressor,distractor_swap,4,6,1.00000,0.03935,0.04936,0.03935,0.23637,0.36706,0.00000,0.28148,0.78519,90.00000,0.00000,0.99986,0.06880,70.83333
hist_gradient_occlusion_regressor,distractor_swap,5,6,1.00000,0.04903,0.04922,0.04903,0.22367,0.25369,0.00000,0.07963,0.77037,90.00000,0.00000,1.02122,0.06580,69.66667
hist_gradient_occlusion_regressor,distractor_swap,6,6,1.00000,0.05210,0.04954,0.05210,0.23702,0.29741,0.00000,0.19259,0.78518,90.00000,0.00000,0.98384,0.06865,70.66667
hist_gradient_occlusion_regressor,distractor_swap,7,6,1.00000,0.05015,0.04972,0.04372,0.17128,0.23161,0.00000,0.01667,0.74444,75.00000,0.00000,1.17044,0.05927,67.50000
hist_gradient_occlusion_regressor,embodiment_control_shift,0,6,0.66667,0.09808,0.06817,0.09808,0.20297,0.22072,0.00000,0.00000,0.61296,90.00000,0.00000,1.10206,0.06040,67.83333
hist_gradient_occlusion_regressor,embodiment_control_shift,1,6,1.00000,0.03206,0.04130,0.03206,0.21362,0.14522,0.00000,0.12592,0.75185,90.00000,0.00000,1.06326,0.07102,68.66667
hist_gradient_occlusion_regressor,embodiment_control_shift,2,6,1.00000,0.06398,0.05462,0.06398,0.23608,0.55941,0.00000,0.08148,0.74815,90.00000,0.00000,0.98745,0.06971,70.16667
hist_gradient_occlusion_regressor,embodiment_control_shift,3,6,1.00000,0.06741,0.04222,0.06741,0.25671,0.16057,0.00000,0.12222,0.80000,90.00000,0.00000,0.87422,0.07720,72.66667
hist_gradient_occlusion_regressor,embodiment_control_shift,4,6,0.66667,0.05477,0.05723,0.05379,0.21886,0.32992,0.00000,0.13518,0.55370,90.00000,0.00000,1.07707,0.06733,69.00000
hist_gradient_occlusion_regressor,embodiment_control_shift,5,6,1.00000,0.02874,0.04128,0.02955,0.18175,0.39487,0.00000,0.35556,0.73889,75.00000,0.00000,1.08911,0.06849,68.50000
hist_gradient_occlusion_regressor,embodiment_control_shift,6,6,1.00000,0.03890,0.04383,0.03890,0.22401,0.21536,0.00000,0.14074,0.76481,90.00000,0.00000,1.02494,0.07007,69.50000
hist_gradient_occlusion_regressor,embodiment_control_shift,7,6,1.00000,0.07088,0.06842,0.07088,0.22163,0.38198,0.00000,0.11111,0.71296,90.00000,0.00000,1.07901,0.05965,69.50000
hist_gradient_occlusion_regressor,end_effector_occlusion,0,6,1.00000,0.04234,0.04434,0.04234,0.22336,0.19048,0.00000,0.07407,0.75926,90.00000,0.00000,1.05861,0.07598,69.66667
hist_gradient_occlusion_regressor,end_effector_occlusion,1,6,1.00000,0.02859,0.03559,0.02859,0.23038,0.07143,0.00000,0.12407,0.77592,90.00000,0.00000,1.04010,0.08028,70.33333
hist_gradient_occlusion_regressor,end_effector_occlusion,2,6,1.00000,0.03267,0.04642,0.03267,0.24003,0.04167,0.00000,0.00926,0.77778,90.00000,0.00000,1.01090,0.07304,71.00000
hist_gradient_occlusion_regressor,end_effector_occlusion,3,6,1.00000,0.05996,0.04031,0.05996,0.22000,0.10417,0.00000,0.00741,0.76482,90.00000,0.00000,1.05591,0.07164,69.33333
hist_gradient_occlusion_regressor,end_effector_occlusion,4,6,1.00000,0.06422,0.03843,0.06422,0.24530,0.23677,0.00000,0.17037,0.78889,90.00000,0.00000,0.98714,0.07628,71.66667
hist_gradient_occlusion_regressor,end_effector_occlusion,5,6,1.00000,0.03285,0.03721,0.03285,0.25495,0.33810,0.00000,0.13148,0.79630,90.00000,0.00000,0.90966,0.07851,72.50000
hist_gradient_occlusion_regressor,end_effector_occlusion,6,6,1.00000,0.02663,0.03574,0.02663,0.22604,0.02083,0.00000,0.02778,0.76667,90.00000,0.00000,1.06226,0.07550,69.66667
hist_gradient_occlusion_regressor,end_effector_occlusion,7,6,1.00000,0.04058,0.03992,0.04058,0.19397,0.36553,0.00000,0.14444,0.73333,90.00000,0.00000,1.14618,0.06737,67.00000
hist_gradient_occlusion_regressor,false_reappearance,0,6,0.66667,0.06494,0.07128,0.06494,0.23254,0.29765,0.00000,0.18148,0.50741,90.00000,0.00000,1.07296,0.06282,70.16667
hist_gradient_occlusion_regressor,false_reappearance,1,6,0.83333,0.05908,0.06216,0.05861,0.18990,0.22695,0.00000,0.18704,0.66296,75.00000,0.00000,1.11423,0.06118,69.00000
hist_gradient_occlusion_regressor,false_reappearance,2,6,0.83333,0.06373,0.05924,0.06480,0.18627,0.42157,0.00000,0.25926,0.70370,75.00000,0.00000,1.08008,0.06637,69.16667
hist_gradient_occlusion_regressor,false_reappearance,3,6,1.00000,0.06424,0.05535,0.06424,0.21476,0.40548,0.00000,0.37222,0.73518,90.00000,0.00000,1.11795,0.06710,68.83333
hist_gradient_occlusion_regressor,false_reappearance,4,6,0.83333,0.07816,0.07166,0.07863,0.18742,0.39345,0.00000,0.18333,0.52037,75.00000,0.00000,1.07619,0.05595,70.50000
hist_gradient_occlusion_regressor,false_reappearance,5,6,0.83333,0.07336,0.07029,0.07336,0.23658,0.14994,0.00000,0.03889,0.65370,90.00000,0.00000,1.05275,0.06143,70.83333
hist_gradient_occlusion_regressor,false_reappearance,6,6,1.00000,0.06992,0.06686,0.06725,0.20824,0.24455,0.00000,0.21111,0.63518,75.00000,0.00000,1.03529,0.06255,71.00000
hist_gradient_occlusion_regressor,false_reappearance,7,6,0.83333,0.06690,0.06193,0.06690,0.23635,0.30159,0.00000,0.33704,0.66667,90.00000,0.00000,1.04768,0.06672,70.83333
hist_gradient_occlusion_regressor,hidden_contact_drift,0,6,1.00000,0.05282,0.05705,0.05250,0.18336,0.23796,0.00000,0.26852,0.73889,75.00000,0.00000,1.07644,0.06174,68.66667
hist_gradient_occlusion_regressor,hidden_contact_drift,1,6,1.00000,0.02332,0.04597,0.02685,0.17271,0.27998,0.00000,0.00370,0.73333,75.00000,0.00000,1.14447,0.06939,68.00000
hist_gradient_occlusion_regressor,hidden_contact_drift,2,6,0.83333,0.04730,0.05381,0.04730,0.23969,0.08688,0.00000,0.13518,0.66297,90.00000,0.00000,1.00303,0.07236,70.83333
hist_gradient_occlusion_regressor,hidden_contact_drift,3,6,0.83333,0.07021,0.05707,0.06956,0.18750,0.10483,0.00000,0.00000,0.73333,75.00000,0.00000,1.10991,0.06535,68.83333
hist_gradient_occlusion_regressor,hidden_contact_drift,4,6,1.00000,0.05669,0.05420,0.05303,0.20447,0.35348,0.00000,0.00000,0.76667,75.00000,0.00000,1.00116,0.06528,71.00000
hist_gradient_occlusion_regressor,hidden_contact_drift,5,6,1.00000,0.06822,0.05933,0.06822,0.22539,0.07143,0.00000,0.00926,0.76852,90.00000,0.00000,1.05093,0.06213,69.83333
hist_gradient_occlusion_regressor,hidden_contact_drift,6,6,0.83333,0.05837,0.06402,0.05837,0.22315,0.41328,0.00000,0.12963,0.66852,90.00000,0.00000,1.06805,0.06004,69.66667
hist_gradient_occlusion_regressor,hidden_contact_drift,7,6,1.00000,0.03904,0.05038,0.03904,0.21690,0.22189,0.00000,0.01111,0.75741,90.00000,0.00000,1.08387,0.06694,68.66667
hist_gradient_occlusion_regressor,high_symmetry_layout,0,6,1.00000,0.07621,0.04916,0.07621,0.18780,0.11660,0.00000,0.13333,0.71111,90.00000,0.00000,1.17231,0.06591,66.50000
hist_gradient_occlusion_regressor,high_symmetry_layout,1,6,1.00000,0.06356,0.05132,0.06356,0.24153,0.26665,0.00000,0.38519,0.77778,90.00000,0.00000,1.01625,0.07125,71.00000
hist_gradient_occlusion_regressor,high_symmetry_layout,2,6,1.00000,0.05799,0.04725,0.05799,0.23167,0.19166,0.00000,0.12037,0.77407,90.00000,0.00000,1.02257,0.07192,70.33333
hist_gradient_occlusion_regressor,high_symmetry_layout,3,6,1.00000,0.07559,0.05330,0.07139,0.17139,0.10972,0.00000,0.02222,0.72778,75.00000,0.00000,1.17737,0.06302,68.16667
hist_gradient_occlusion_regressor,high_symmetry_layout,4,6,0.83333,0.06694,0.06450,0.04693,0.18206,0.35197,0.00000,0.12963,0.60926,75.00000,0.00000,1.09003,0.05867,69.16667
hist_gradient_occlusion_regressor,high_symmetry_layout,5,6,0.83333,0.05810,0.05826,0.05810,0.21944,0.05226,0.00000,0.03519,0.69629,90.00000,0.00000,1.07393,0.06361,69.33333
hist_gradient_occlusion_regressor,high_symmetry_layout,6,6,1.00000,0.05706,0.05034,0.05706,0.23167,0.20933,0.00000,0.07963,0.77037,90.00000,0.00000,1.06839,0.07030,70.33333
hist_gradient_occlusion_regressor,high_symmetry_layout,7,6,1.00000,0.07086,0.05359,0.07086,0.20566,0.39622,0.00000,0.16482,0.74815,90.00000,0.00000,1.13454,0.06611,68.00000
hist_gradient_occlusion_regressor,long_self_occlusion,0,6,1.00000,0.03416,0.04592,0.03416,0.25375,0.24074,0.00000,0.00000,0.78519,90.00000,0.00000,0.98221,0.07768,72.16667
hist_gradient_occlusion_regressor,long_self_occlusion,1,6,1.00000,0.05625,0.06064,0.05625,0.25108,0.00000,0.00000,0.00926,0.73704,90.00000,0.00000,0.98258,0.06492,72.16667
hist_gradient_occlusion_regressor,long_self_occlusion,2,6,1.00000,0.05217,0.05114,0.05217,0.23137,0.00000,0.00000,0.00370,0.76111,90.00000,0.00000,1.09797,0.06871,70.33333
hist_gradient_occlusion_regressor,long_self_occlusion,3,6,0.83333,0.05226,0.05094,0.05226,0.24813,0.33889,0.00000,0.00000,0.74259,90.00000,0.00000,1.01674,0.07171,71.66667
hist_gradient_occlusion_regressor,long_self_occlusion,4,6,0.83333,0.04478,0.03689,0.04478,0.23637,0.20017,0.00000,0.12778,0.76296,90.00000,0.00000,1.01782,0.07799,70.83333
hist_gradient_occlusion_regressor,long_self_occlusion,5,6,1.00000,0.04771,0.03788,0.04771,0.23535,0.00000,0.00000,0.01111,0.76667,90.00000,0.00000,1.03739,0.07474,70.66667
hist_gradient_occlusion_regressor,long_self_occlusion,6,6,1.00000,0.03856,0.04182,0.03856,0.25621,0.16667,0.00000,0.14445,0.79259,90.00000,0.00000,0.95865,0.07649,72.66667
hist_gradient_occlusion_regressor,long_self_occlusion,7,6,1.00000,0.04944,0.05069,0.04944,0.23293,0.00000,0.00000,0.11667,0.73704,90.00000,0.00000,1.07200,0.06864,70.50000
hist_gradient_occlusion_regressor,near_identical_distractors,0,6,0.83333,0.07167,0.05287,0.07331,0.14948,0.34186,0.00000,0.27037,0.74444,60.00000,0.00000,1.07967,0.06067,69.33333
hist_gradient_occlusion_regressor,near_identical_distractors,1,6,1.00000,0.03814,0.05650,0.03833,0.19550,0.16993,0.00000,0.24074,0.76667,75.00000,0.00000,1.02736,0.06233,70.83333
hist_gradient_occlusion_regressor,near_identical_distractors,2,6,1.00000,0.08572,0.06039,0.08572,0.20751,0.20740,0.00000,0.22037,0.75000,90.00000,0.00000,1.11837,0.06104,68.00000
hist_gradient_occlusion_regressor,near_identical_distractors,3,6,1.00000,0.03225,0.04988,0.03225,0.21839,0.03473,0.00000,0.15185,0.73519,90.00000,0.00000,1.10430,0.06851,69.16667
hist_gradient_occlusion_regressor,near_identical_distractors,4,6,1.00000,0.05914,0.04307,0.05914,0.21588,0.45803,0.00000,0.61482,0.75556,90.00000,0.00000,1.05241,0.07187,69.00000
hist_gradient_occlusion_regressor,near_identical_distractors,5,6,1.00000,0.04906,0.04371,0.04906,0.22940,0.06406,0.00000,0.00000,0.77592,90.00000,0.00000,0.99201,0.07352,70.16667
hist_gradient_occlusion_regressor,near_identical_distractors,6,6,1.00000,0.04268,0.05500,0.04268,0.21876,0.23973,0.00000,0.04259,0.76297,90.00000,0.00000,1.10000,0.06317,69.16667
hist_gradient_occlusion_regressor,near_identical_distractors,7,6,1.00000,0.04951,0.05697,0.04951,0.23611,0.06213,0.00000,0.13704,0.77593,90.00000,0.00000,1.01949,0.06576,70.50000
hist_gradient_occlusion_regressor,nominal,0,6,1.00000,0.01492,0.01947,0.01559,0.17501,0.00000,0.00000,0.00000,0.79444,75.00000,0.00000,0.87159,0.07338,68.00000
hist_gradient_occlusion_regressor,nominal,1,6,1.00000,0.01618,0.01889,0.01529,0.13079,0.00000,0.00000,0.25000,0.78148,60.00000,0.00000,0.96214,0.06603,66.00000
hist_gradient_occlusion_regressor,nominal,2,6,1.00000,0.02275,0.02007,0.01603,0.15463,0.16667,0.00000,0.01111,0.76481,75.00000,0.00000,1.05731,0.07199,64.83333
hist_gradient_occlusion_regressor,nominal,3,6,1.00000,0.03107,0.02483,0.02888,0.13276,0.00000,0.00000,0.07407,0.78519,60.00000,0.00000,0.94408,0.06071,67.00000
hist_gradient_occlusion_regressor,nominal,4,6,1.00000,0.04490,0.02448,0.04490,0.21188,0.16667,0.00000,0.13333,0.79259,90.00000,0.00000,0.91319,0.07729,68.66667
hist_gradient_occlusion_regressor,nominal,5,6,1.00000,0.01544,0.01945,0.01348,0.12229,0.00000,0.00000,0.00000,0.76852,60.00000,0.00000,1.03176,0.06419,64.50000
hist_gradient_occlusion_regressor,nominal,6,6,1.00000,0.01843,0.01992,0.01522,0.12103,0.27778,0.00000,0.24630,0.76667,60.00000,0.00000,1.04478,0.06009,64.33333
hist_gradient_occlusion_regressor,nominal,7,6,1.00000,0.01206,0.01271,0.01334,0.16504,0.08333,0.00000,0.12963,0.77222,75.00000,0.00000,0.97784,0.07542,66.33333
hist_gradient_occlusion_regressor,object_displacement,0,6,1.00000,0.03556,0.04605,0.03548,0.17121,0.01111,0.00000,0.00556,0.75556,75.00000,0.00000,1.12825,0.06642,67.33333
hist_gradient_occlusion_regressor,object_displacement,1,6,0.83333,0.05162,0.04893,0.05213,0.19191,0.29762,0.00000,0.12408,0.67222,75.00000,0.00000,1.02498,0.06276,69.50000
hist_gradient_occlusion_regressor,object_displacement,2,6,1.00000,0.02986,0.04046,0.02986,0.23705,0.17725,0.00000,0.14074,0.78704,90.00000,0.00000,0.95065,0.07440,70.83333
hist_gradient_occlusion_regressor,object_displacement,3,6,1.00000,0.04033,0.05055,0.03733,0.18344,0.30741,0.00000,0.10185,0.75370,75.00000,0.00000,1.10636,0.06648,67.66667
hist_gradient_occlusion_regressor,object_displacement,4,6,1.00000,0.05231,0.04744,0.05115,0.18546,0.16042,0.00000,0.14259,0.77593,75.00000,0.00000,1.02491,0.06244,69.33333
hist_gradient_occlusion_regressor,object_displacement,5,6,1.00000,0.03118,0.03895,0.03118,0.21531,0.00000,0.00000,0.00000,0.76667,90.00000,0.00000,1.04596,0.07350,68.83333
hist_gradient_occlusion_regressor,object_displacement,6,6,1.00000,0.02751,0.03507,0.02751,0.23630,0.11667,0.00000,0.13148,0.78889,90.00000,0.00000,0.99641,0.08071,70.83333
hist_gradient_occlusion_regressor,object_displacement,7,6,0.83333,0.04964,0.05989,0.04964,0.21700,0.23567,0.00000,0.13148,0.67222,90.00000,0.00000,1.08570,0.06429,69.00000
hist_gradient_occlusion_regressor,short_self_occlusion,0,6,1.00000,0.02451,0.03240,0.02287,0.18216,0.04167,0.00000,0.10185,0.76852,75.00000,0.00000,1.03612,0.07188,68.33333
hist_gradient_occlusion_regressor,short_self_occlusion,1,6,1.00000,0.03125,0.03421,0.03125,0.21195,0.04167,0.00000,0.02593,0.76667,90.00000,0.00000,1.04871,0.07229,68.66667
hist_gradient_occlusion_regressor,short_self_occlusion,2,6,1.00000,0.04063,0.04306,0.04063,0.21860,0.04167,0.00000,0.02778,0.73333,90.00000,0.00000,1.01502,0.06785,69.16667
hist_gradient_occlusion_regressor,short_self_occlusion,3,6,1.00000,0.08030,0.03593,0.08030,0.21820,0.04167,0.00000,0.00741,0.77593,90.00000,0.00000,0.97611,0.07227,69.16667
hist_gradient_occlusion_regressor,short_self_occlusion,4,6,1.00000,0.03366,0.03829,0.03366,0.23338,0.05185,0.00000,0.02222,0.79259,90.00000,0.00000,0.93661,0.07350,70.50000
hist_gradient_occlusion_regressor,short_self_occlusion,5,6,1.00000,0.03074,0.03467,0.03074,0.22768,0.00000,0.00000,0.00000,0.78148,90.00000,0.00000,0.99994,0.07498,70.00000
hist_gradient_occlusion_regressor,short_self_occlusion,6,6,1.00000,0.03545,0.02560,0.03545,0.23179,0.00000,0.00000,0.01296,0.78518,90.00000,0.00000,0.98435,0.08182,70.16667
hist_gradient_occlusion_regressor,short_self_occlusion,7,6,1.00000,0.04455,0.04073,0.03139,0.17675,0.13889,0.00000,0.00926,0.76111,75.00000,0.00000,1.06269,0.06355,67.83333
hist_gradient_occlusion_regressor,stale_memory_trap,0,6,0.83333,0.04401,0.05500,0.04401,0.23511,0.20204,0.00000,0.00000,0.67963,90.00000,0.00000,1.03113,0.07082,70.50000
hist_gradient_occlusion_regressor,stale_memory_trap,1,6,0.83333,0.08122,0.06647,0.08122,0.23964,0.32854,0.00000,0.12593,0.63333,90.00000,0.00000,1.11927,0.06836,70.66667
hist_gradient_occlusion_regressor,stale_memory_trap,2,6,1.00000,0.04966,0.04527,0.04966,0.23700,0.09129,0.00000,0.19259,0.76667,90.00000,0.00000,1.06838,0.07265,70.83333
hist_gradient_occlusion_regressor,stale_memory_trap,3,6,0.83333,0.07420,0.06284,0.07420,0.23510,0.24238,0.00000,0.05741,0.66111,90.00000,0.00000,1.10393,0.06603,70.66667
hist_gradient_occlusion_regressor,stale_memory_trap,4,6,0.83333,0.05814,0.05881,0.05814,0.25306,0.20260,0.00000,0.25741,0.70370,90.00000,0.00000,1.02886,0.07213,72.16667
hist_gradient_occlusion_regressor,stale_memory_trap,5,6,0.50000,0.06963,0.07302,0.06963,0.22176,0.48532,0.00000,0.24815,0.47592,90.00000,0.00000,1.09055,0.05876,69.50000
hist_gradient_occlusion_regressor,stale_memory_trap,6,6,0.83333,0.09677,0.06348,0.09677,0.23838,0.15029,0.00000,0.04259,0.65556,90.00000,0.00000,1.04321,0.06340,71.00000
hist_gradient_occlusion_regressor,stale_memory_trap,7,6,0.83333,0.06143,0.05851,0.06143,0.22481,0.08217,0.00000,0.00000,0.64815,90.00000,0.00000,1.16096,0.06561,69.33333
identity_consistency_tracker,camera_dropout_burst,0,6,0.16667,0.12934,0.22474,0.06424,0.00000,0.40857,0.00000,0.27222,0.20741,0.17778,0.00000,1.78853,0.09715,38.00000
identity_consistency_tracker,camera_dropout_burst,1,6,0.16667,0.15155,0.23635,0.06105,0.05357,0.45659,0.00000,0.35185,0.23704,0.12500,0.00000,1.85295,0.09770,38.66667
identity_consistency_tracker,camera_dropout_burst,2,6,0.33333,0.23856,0.22633,0.07095,0.01419,0.42527,0.00000,0.24815,0.24815,0.29722,0.00000,1.96829,0.09172,38.16667
identity_consistency_tracker,camera_dropout_burst,3,6,0.33333,0.21834,0.23682,0.05134,0.10497,0.28878,0.00000,0.35926,0.23333,0.06667,0.00000,1.86775,0.10033,49.66667
identity_consistency_tracker,camera_dropout_burst,4,6,0.50000,0.15670,0.24054,0.05509,0.01351,0.45655,0.00000,0.19630,0.18889,0.14445,0.00000,1.97515,0.09969,40.66667
identity_consistency_tracker,camera_dropout_burst,5,6,0.16667,0.13954,0.26323,0.06711,0.02085,0.41251,0.00000,0.35000,0.20926,0.20556,0.00000,1.99653,0.11573,43.66667
identity_consistency_tracker,camera_dropout_burst,6,6,0.66667,0.17946,0.22556,0.05841,0.03721,0.32011,0.00000,0.22593,0.32037,0.12500,0.00000,1.88136,0.09634,41.83333
identity_consistency_tracker,camera_dropout_burst,7,6,0.16667,0.21320,0.22321,0.05876,0.12287,0.46445,0.00000,0.26296,0.19259,0.27778,0.00000,1.99526,0.09414,47.00000
identity_consistency_tracker,combined_extreme_stress,0,6,0.33333,0.16695,0.23765,0.11300,0.20847,0.53641,0.00000,0.46296,0.16111,30.23333,0.00000,1.83535,0.12054,51.00000
identity_consistency_tracker,combined_extreme_stress,1,6,0.00000,0.18543,0.19265,0.10239,0.29170,0.65547,0.00000,0.65185,0.14259,30.15278,0.00000,1.68233,0.11032,59.66667
identity_consistency_tracker,combined_extreme_stress,2,6,0.50000,0.11100,0.20527,0.07763,0.13994,0.49681,0.00000,0.37778,0.20370,0.30278,0.00000,1.83013,0.10560,54.33333
identity_consistency_tracker,combined_extreme_stress,3,6,0.00000,0.15927,0.19437,0.12904,0.27079,0.68176,0.00000,0.55926,0.14444,30.36667,0.00000,1.81426,0.10308,56.16667
identity_consistency_tracker,combined_extreme_stress,4,6,0.16667,0.17265,0.21772,0.10755,0.15623,0.53610,0.00000,0.32963,0.19074,15.22222,0.00000,1.94603,0.10242,52.66667
identity_consistency_tracker,combined_extreme_stress,5,6,0.16667,0.14010,0.20869,0.13570,0.32457,0.51471,0.00000,0.39815,0.18148,30.11111,0.00000,1.89998,0.10555,58.16667
identity_consistency_tracker,combined_extreme_stress,6,6,0.16667,0.21718,0.21112,0.08038,0.16070,0.57195,0.00000,0.36667,0.15371,0.23611,0.00000,1.87325,0.10182,54.33333
identity_consistency_tracker,combined_extreme_stress,7,6,0.00000,0.21776,0.23070,0.07948,0.14127,0.39577,0.00000,0.26852,0.14444,0.29167,0.00000,1.96352,0.10669,52.66667
identity_consistency_tracker,combined_stress,0,6,0.00000,0.18118,0.21054,0.05813,0.03704,0.54733,0.00000,0.42408,0.20926,0.14445,0.00000,1.81505,0.09387,47.33333
identity_consistency_tracker,combined_stress,1,6,0.00000,0.16585,0.24508,0.05892,0.16591,0.49803,0.00000,0.28704,0.12963,0.19167,0.00000,2.02332,0.10841,50.00000
identity_consistency_tracker,combined_stress,2,6,0.16667,0.12199,0.26483,0.07778,0.06385,0.37397,0.00000,0.35000,0.19815,0.23611,0.00000,2.08693,0.11871,43.50000
identity_consistency_tracker,combined_stress,3,6,0.33333,0.25017,0.20433,0.07290,0.07743,0.62548,0.00000,0.50556,0.13704,0.13889,0.00000,1.77606,0.09433,49.66667
identity_consistency_tracker,combined_stress,4,6,0.33333,0.09727,0.23926,0.06061,0.11939,0.41544,0.00000,0.32408,0.19629,15.00000,0.00000,1.99476,0.11508,47.83333
identity_consistency_tracker,combined_stress,5,6,0.16667,0.22905,0.18755,0.18784,0.28474,0.71913,0.00000,0.63519,0.18519,30.13889,0.00000,1.65461,0.08080,60.33333
identity_consistency_tracker,combined_stress,6,6,0.16667,0.17931,0.20474,0.07960,0.22123,0.60969,0.00000,0.38889,0.22037,15.05556,0.00000,1.93304,0.10246,57.00000
identity_consistency_tracker,combined_stress,7,6,0.16667,0.21548,0.22323,0.08478,0.15398,0.66968,0.00000,0.50741,0.18518,15.05556,0.00000,1.79942,0.09680,52.33333
identity_consistency_tracker,distractor_swap,0,6,0.00000,0.08314,0.18167,0.03772,0.02614,0.74638,0.00000,0.50556,0.34259,0.12500,0.00000,1.69240,0.06536,40.66667
identity_consistency_tracker,distractor_swap,1,6,0.33333,0.20213,0.18858,0.03697,0.07828,0.61117,0.00000,0.47593,0.35185,0.08333,0.00000,1.65186,0.06958,44.16667
identity_consistency_tracker,distractor_swap,2,6,0.33333,0.11836,0.15859,0.03077,0.08852,0.62263,0.00000,0.61667,0.41296,0.03333,0.00000,1.63098,0.06241,48.16667
identity_consistency_tracker,distractor_swap,3,6,0.50000,0.07851,0.16831,0.03424,0.05556,0.52292,0.00000,0.46111,0.41296,0.04167,0.00000,1.62503,0.06480,43.16667
identity_consistency_tracker,distractor_swap,4,6,0.33333,0.08157,0.18429,0.03410,0.00000,0.53525,0.00000,0.52963,0.32593,0.05556,0.00000,1.67150,0.07014,44.83333
identity_consistency_tracker,distractor_swap,5,6,0.33333,0.08237,0.19950,0.03539,0.00000,0.61906,0.00000,0.44629,0.35926,0.03333,0.00000,1.52966,0.07318,35.66667
identity_consistency_tracker,distractor_swap,6,6,0.50000,0.10689,0.17638,0.04249,0.10628,0.64863,0.00000,0.50740,0.37963,15.03333,0.00000,1.58582,0.07912,47.00000
identity_consistency_tracker,distractor_swap,7,6,0.16667,0.13065,0.18977,0.03263,0.06183,0.62689,0.00000,0.43704,0.31111,0.00000,0.00000,1.73924,0.07343,43.33333
identity_consistency_tracker,embodiment_control_shift,0,6,0.16667,0.20259,0.22249,0.04554,0.04808,0.42527,0.00000,0.09259,0.25556,0.08333,0.00000,1.79124,0.08266,38.16667
identity_consistency_tracker,embodiment_control_shift,1,6,0.33333,0.14504,0.19592,0.04261,0.04403,0.62913,0.00000,0.45926,0.32408,0.03333,0.00000,1.66183,0.08018,42.16667
identity_consistency_tracker,embodiment_control_shift,2,6,0.00000,0.17689,0.21151,0.04778,0.03090,0.61389,0.00000,0.40926,0.21852,0.08333,0.00000,1.74441,0.08409,44.66667
identity_consistency_tracker,embodiment_control_shift,3,6,0.50000,0.17590,0.21512,0.03970,0.00000,0.45546,0.00000,0.27222,0.31852,0.09722,0.00000,1.76294,0.08571,42.50000
identity_consistency_tracker,embodiment_control_shift,4,6,0.33333,0.13582,0.21668,0.04483,0.14299,0.62125,0.00000,0.33519,0.23334,0.18611,0.00000,1.79468,0.08634,45.83333
identity_consistency_tracker,embodiment_control_shift,5,6,0.33333,0.12385,0.19383,0.04664,0.06618,0.56179,0.00000,0.47407,0.36852,0.12500,0.00000,1.79052,0.08009,44.16667
identity_consistency_tracker,embodiment_control_shift,6,6,0.33333,0.13876,0.21068,0.04517,0.05007,0.74220,0.00000,0.45741,0.26296,0.11111,0.00000,1.78942,0.08796,44.83333
identity_consistency_tracker,embodiment_control_shift,7,6,0.33333,0.10977,0.19933,0.04119,0.06628,0.44118,0.00000,0.26852,0.28519,0.05556,0.00000,1.83997,0.08104,47.16667
identity_consistency_tracker,end_effector_occlusion,0,6,0.33333,0.21303,0.18188,0.03048,0.04570,0.49837,0.00000,0.33704,0.24815,0.00000,0.00000,1.68273,0.07065,47.16667
identity_consistency_tracker,end_effector_occlusion,1,6,0.50000,0.13670,0.19053,0.03427,0.01754,0.28968,0.00000,0.19629,0.27778,0.05556,0.00000,1.85153,0.06975,42.50000
identity_consistency_tracker,end_effector_occlusion,2,6,0.16667,0.26219,0.24709,0.03290,0.00000,0.23333,0.00000,0.10926,0.22778,0.04167,0.00000,2.03132,0.10342,46.33333
identity_consistency_tracker,end_effector_occlusion,3,6,0.16667,0.17328,0.20844,0.03218,0.00000,0.38227,0.00000,0.30741,0.30185,0.04167,0.00000,1.82518,0.07427,37.50000
identity_consistency_tracker,end_effector_occlusion,4,6,0.50000,0.10161,0.20618,0.03174,0.06209,0.44286,0.00000,0.34630,0.25741,0.04167,0.00000,1.80521,0.07819,45.50000
identity_consistency_tracker,end_effector_occlusion,5,6,0.33333,0.11657,0.23140,0.03685,0.03238,0.36667,0.00000,0.35556,0.24630,0.03333,0.00000,1.92649,0.08981,43.83333
identity_consistency_tracker,end_effector_occlusion,6,6,0.33333,0.22163,0.21104,0.03651,0.00347,0.35278,0.00000,0.16111,0.27408,0.04167,0.00000,1.87539,0.07994,40.00000
identity_consistency_tracker,end_effector_occlusion,7,6,0.16667,0.18436,0.19242,0.03410,0.00694,0.48333,0.00000,0.15555,0.28704,0.09722,0.00000,1.99299,0.06900,41.16667
identity_consistency_tracker,false_reappearance,0,6,0.16667,0.23560,0.20095,0.10691,0.12329,0.68269,0.00000,0.46852,0.17963,15.12500,0.00000,1.66728,0.08015,50.50000
identity_consistency_tracker,false_reappearance,1,6,0.33333,0.15490,0.18685,0.04330,0.10859,0.61923,0.00000,0.53148,0.23704,0.00000,0.00000,1.70787,0.08777,48.33333
identity_consistency_tracker,false_reappearance,2,6,0.33333,0.09521,0.19508,0.04423,0.02160,0.56515,0.00000,0.43889,0.23148,0.13056,0.00000,1.73374,0.08180,44.50000
identity_consistency_tracker,false_reappearance,3,6,0.16667,0.08166,0.15644,0.06229,0.26155,0.77748,0.00000,0.62037,0.21667,30.00000,0.00000,1.53804,0.06940,59.50000
identity_consistency_tracker,false_reappearance,4,6,0.33333,0.20831,0.20691,0.08809,0.21255,0.56750,0.00000,0.32407,0.21667,15.05556,0.00000,1.83469,0.08513,52.00000
identity_consistency_tracker,false_reappearance,5,6,0.16667,0.10587,0.19764,0.05024,0.15275,0.65675,0.00000,0.50740,0.20741,0.10000,0.00000,1.67795,0.08477,47.50000
identity_consistency_tracker,false_reappearance,6,6,0.33333,0.15529,0.20167,0.05235,0.06440,0.65792,0.00000,0.52407,0.20926,0.09722,0.00000,1.75728,0.08834,48.66667
identity_consistency_tracker,false_reappearance,7,6,0.66667,0.20865,0.18558,0.04877,0.06325,0.64901,0.00000,0.46297,0.27222,0.07500,0.00000,1.71296,0.08170,49.66667
identity_consistency_tracker,hidden_contact_drift,0,6,0.33333,0.24662,0.23383,0.15413,0.32306,0.71190,0.00000,0.42778,0.22593,30.12500,0.00000,1.76901,0.09978,53.16667
identity_consistency_tracker,hidden_contact_drift,1,6,0.50000,0.15458,0.21773,0.03995,0.03869,0.43175,0.00000,0.16296,0.28704,0.04167,0.00000,1.84819,0.07626,37.83333
identity_consistency_tracker,hidden_contact_drift,2,6,0.66667,0.24042,0.24809,0.03899,0.08333,0.51800,0.00000,0.35741,0.22037,0.00000,0.00000,2.00865,0.10332,44.66667
identity_consistency_tracker,hidden_contact_drift,3,6,0.33333,0.15449,0.21498,0.04514,0.00757,0.28929,0.00000,0.15370,0.26667,0.08333,0.00000,1.85981,0.07972,39.00000
identity_consistency_tracker,hidden_contact_drift,4,6,0.50000,0.30822,0.22894,0.03628,0.00362,0.44481,0.00000,0.21296,0.26667,0.00000,0.00000,1.83810,0.09429,42.66667
identity_consistency_tracker,hidden_contact_drift,5,6,0.00000,0.15345,0.23578,0.04890,0.00000,0.39221,0.00000,0.11296,0.27963,0.12500,0.00000,1.83640,0.09327,38.83333
identity_consistency_tracker,hidden_contact_drift,6,6,0.16667,0.21667,0.21644,0.06527,0.21173,0.55572,0.00000,0.32778,0.25555,15.16667,0.00000,1.85236,0.08957,51.33333
identity_consistency_tracker,hidden_contact_drift,7,6,0.33333,0.17381,0.21001,0.04168,0.06812,0.53307,0.00000,0.30185,0.25926,0.04167,0.00000,1.84988,0.08105,43.66667
identity_consistency_tracker,high_symmetry_layout,0,6,0.33333,0.08847,0.17722,0.03970,0.05500,0.60843,0.00000,0.45000,0.24259,0.03333,0.00000,1.76106,0.07209,44.50000
identity_consistency_tracker,high_symmetry_layout,1,6,0.33333,0.11132,0.18537,0.04412,0.06247,0.52850,0.00000,0.50370,0.30185,0.03333,0.00000,1.68568,0.07613,47.33333
identity_consistency_tracker,high_symmetry_layout,2,6,0.00000,0.15918,0.18437,0.04320,0.08969,0.68778,0.00000,0.45000,0.22408,0.00000,0.00000,1.65417,0.07807,49.50000
identity_consistency_tracker,high_symmetry_layout,3,6,0.00000,0.13939,0.19071,0.04075,0.13228,0.52682,0.00000,0.51667,0.16111,0.00000,0.00000,1.75788,0.07902,51.66667
identity_consistency_tracker,high_symmetry_layout,4,6,0.16667,0.10944,0.20386,0.04598,0.03889,0.59419,0.00000,0.40741,0.20926,0.06944,0.00000,1.69567,0.08429,41.83333
identity_consistency_tracker,high_symmetry_layout,5,6,0.33333,0.20851,0.21280,0.04752,0.04545,0.50275,0.00000,0.32037,0.20741,0.11667,0.00000,1.78230,0.08610,44.16667
identity_consistency_tracker,high_symmetry_layout,6,6,0.00000,0.12630,0.18633,0.04395,0.05970,0.74255,0.00000,0.47037,0.27778,0.04167,0.00000,1.72681,0.07428,47.16667
identity_consistency_tracker,high_symmetry_layout,7,6,0.50000,0.18688,0.19210,0.05229,0.00641,0.63548,0.00000,0.47408,0.27963,0.31111,0.00000,1.76769,0.07956,44.33333
identity_consistency_tracker,long_self_occlusion,0,6,0.00000,0.10898,0.20970,0.03666,0.00000,0.20000,0.00000,0.12963,0.24259,0.04167,0.00000,1.82960,0.08338,45.83333
identity_consistency_tracker,long_self_occlusion,1,6,0.00000,0.08768,0.23995,0.03687,0.09400,0.13518,0.00000,0.08889,0.22222,0.05556,0.00000,2.18132,0.10128,51.16667
identity_consistency_tracker,long_self_occlusion,2,6,0.00000,0.20476,0.27030,0.03244,0.14464,0.25185,0.00000,0.14074,0.13889,0.00000,0.00000,2.00286,0.10932,51.00000
identity_consistency_tracker,long_self_occlusion,3,6,0.16667,0.04786,0.21672,0.04632,0.00725,0.16667,0.00000,0.12963,0.23333,0.20833,0.00000,1.86603,0.08539,42.00000
identity_consistency_tracker,long_self_occlusion,4,6,0.16667,0.26528,0.23400,0.03481,0.02512,0.43056,0.00000,0.13518,0.22222,0.00000,0.00000,2.01104,0.09460,45.50000
identity_consistency_tracker,long_self_occlusion,5,6,0.16667,0.17554,0.25039,0.04008,0.09688,0.32540,0.00000,0.24259,0.16111,0.03333,0.00000,2.12734,0.09845,48.50000
identity_consistency_tracker,long_self_occlusion,6,6,0.16667,0.07870,0.24098,0.03926,0.00000,0.13889,0.00000,0.14630,0.22593,0.04167,0.00000,1.96397,0.09932,44.00000
identity_consistency_tracker,long_self_occlusion,7,6,0.16667,0.14048,0.22008,0.03392,0.07138,0.34920,0.00000,0.22037,0.21667,0.04167,0.00000,1.96604,0.08618,47.50000
identity_consistency_tracker,near_identical_distractors,0,6,0.66667,0.18593,0.16960,0.03806,0.03906,0.60358,0.00000,0.38519,0.37593,0.03333,0.00000,1.60203,0.06617,44.33333
identity_consistency_tracker,near_identical_distractors,1,6,0.00000,0.17606,0.18276,0.05304,0.11366,0.68659,0.00000,0.40185,0.32778,15.05556,0.00000,1.65233,0.08005,47.16667
identity_consistency_tracker,near_identical_distractors,2,6,0.16667,0.10219,0.19482,0.03934,0.04333,0.56175,0.00000,0.42037,0.30555,0.04167,0.00000,1.73666,0.07435,41.83333
identity_consistency_tracker,near_identical_distractors,3,6,0.16667,0.05237,0.18432,0.03806,0.11236,0.58991,0.00000,0.44074,0.29259,0.03333,0.00000,1.73011,0.07141,44.00000
identity_consistency_tracker,near_identical_distractors,4,6,0.16667,0.08271,0.17764,0.06027,0.26039,0.59553,0.00000,0.57407,0.30371,15.04167,0.00000,1.69959,0.08312,52.16667
identity_consistency_tracker,near_identical_distractors,5,6,0.16667,0.09106,0.19971,0.04024,0.01000,0.64514,0.00000,0.40926,0.30741,0.03333,0.00000,1.67968,0.07663,39.33333
identity_consistency_tracker,near_identical_distractors,6,6,0.16667,0.11746,0.18708,0.04083,0.05066,0.65823,0.00000,0.53889,0.29444,0.04167,0.00000,1.67177,0.07105,45.00000
identity_consistency_tracker,near_identical_distractors,7,6,0.00000,0.06569,0.18348,0.04117,0.00000,0.64081,0.00000,0.53889,0.32778,0.06667,0.00000,1.58883,0.07443,41.83333
identity_consistency_tracker,nominal,0,6,1.00000,0.04573,0.07673,0.01507,0.00000,0.00000,0.00000,0.00000,0.77778,0.00000,0.00000,1.14545,0.01690,34.00000
identity_consistency_tracker,nominal,1,6,1.00000,0.03224,0.08484,0.01555,0.00000,0.38889,0.00000,0.19815,0.77963,0.00000,0.00000,1.23796,0.01896,33.16667
identity_consistency_tracker,nominal,2,6,0.83333,0.11617,0.08872,0.01478,0.00694,0.08333,0.00000,0.10370,0.69444,0.00000,0.00000,1.35627,0.02079,36.83333
identity_consistency_tracker,nominal,3,6,0.83333,0.04240,0.09798,0.01478,0.00000,0.00000,0.00000,0.11482,0.68519,0.00000,0.00000,1.32646,0.02323,35.33333
identity_consistency_tracker,nominal,4,6,0.66667,0.17784,0.11205,0.01559,0.00000,0.25000,0.00000,0.14629,0.73333,0.00000,0.00000,1.27718,0.03094,36.00000
identity_consistency_tracker,nominal,5,6,1.00000,0.03050,0.09374,0.01588,0.00000,0.00000,0.00000,0.01296,0.69815,0.00000,0.00000,1.34942,0.01891,31.66667
identity_consistency_tracker,nominal,6,6,0.83333,0.04124,0.10903,0.01585,0.01938,0.05556,0.00000,0.17778,0.68148,0.00000,0.00000,1.46514,0.02666,34.16667
identity_consistency_tracker,nominal,7,6,1.00000,0.03544,0.08111,0.01418,0.00000,0.00000,0.00000,0.11667,0.74630,0.00000,0.00000,1.22045,0.01761,32.66667
identity_consistency_tracker,object_displacement,0,6,0.66667,0.14661,0.21338,0.04029,0.00000,0.40101,0.00000,0.11667,0.31296,0.08333,0.00000,1.87305,0.07322,34.66667
identity_consistency_tracker,object_displacement,1,6,0.66667,0.14267,0.22945,0.03865,0.00000,0.55833,0.00000,0.03333,0.33148,0.04167,0.00000,1.88911,0.08393,35.83333
identity_consistency_tracker,object_displacement,2,6,0.16667,0.06041,0.22177,0.03852,0.00000,0.39709,0.00000,0.26667,0.32408,0.03333,0.00000,1.80415,0.08320,38.16667
identity_consistency_tracker,object_displacement,3,6,0.50000,0.08704,0.21577,0.03336,0.00000,0.17778,0.00000,0.06481,0.32778,0.00000,0.00000,1.83682,0.07367,33.66667
identity_consistency_tracker,object_displacement,4,6,0.16667,0.19892,0.23139,0.03821,0.05319,0.48651,0.00000,0.19259,0.32037,0.08333,0.00000,1.98239,0.08687,40.00000
identity_consistency_tracker,object_displacement,5,6,0.16667,0.07356,0.24467,0.04030,0.00667,0.34524,0.00000,0.12408,0.26482,0.00000,0.00000,1.89366,0.09243,38.16667
identity_consistency_tracker,object_displacement,6,6,0.33333,0.14326,0.24465,0.04119,0.03788,0.46482,0.00000,0.30185,0.32963,0.04167,0.00000,1.85815,0.09182,36.83333
identity_consistency_tracker,object_displacement,7,6,0.33333,0.23167,0.22772,0.03488,0.02917,0.22222,0.00000,0.16482,0.29074,0.00000,0.00000,1.85095,0.08089,37.66667
identity_consistency_tracker,short_self_occlusion,0,6,0.50000,0.02929,0.17054,0.02436,0.00000,0.00000,0.00000,0.04630,0.38889,0.00000,0.00000,1.70670,0.05539,37.83333
identity_consistency_tracker,short_self_occlusion,1,6,0.16667,0.06153,0.15324,0.02854,0.00000,0.33333,0.00000,0.13148,0.42592,0.04167,0.00000,1.64808,0.04938,38.50000
identity_consistency_tracker,short_self_occlusion,2,6,0.66667,0.06534,0.21060,0.02669,0.02288,0.37778,0.00000,0.24074,0.35370,0.00000,0.00000,1.85040,0.07277,39.50000
identity_consistency_tracker,short_self_occlusion,3,6,0.66667,0.07480,0.18228,0.02615,0.00340,0.06667,0.00000,0.09259,0.39630,0.00000,0.00000,1.67689,0.05933,38.33333
identity_consistency_tracker,short_self_occlusion,4,6,0.16667,0.10446,0.17015,0.02472,0.00980,0.44444,0.00000,0.12037,0.41296,0.00000,0.00000,1.64277,0.05718,41.16667
identity_consistency_tracker,short_self_occlusion,5,6,0.83333,0.09524,0.16409,0.02694,0.00000,0.22222,0.00000,0.10185,0.40185,0.00000,0.00000,1.67602,0.05447,40.00000
identity_consistency_tracker,short_self_occlusion,6,6,0.33333,0.06850,0.18190,0.02876,0.03000,0.06667,0.00000,0.09815,0.40555,0.00000,0.00000,1.75147,0.06227,39.83333
identity_consistency_tracker,short_self_occlusion,7,6,0.66667,0.11707,0.15452,0.02819,0.00000,0.33333,0.00000,0.06296,0.40741,0.00000,0.00000,1.71905,0.04973,40.33333
identity_consistency_tracker,stale_memory_trap,0,6,0.00000,0.27482,0.22477,0.04244,0.00893,0.61125,0.00000,0.45555,0.17963,0.08333,0.00000,1.86991,0.09179,44.83333
identity_consistency_tracker,stale_memory_trap,1,6,0.33333,0.12804,0.23028,0.05395,0.02047,0.38801,0.00000,0.23518,0.19444,0.12222,0.00000,1.89405,0.09284,42.16667
identity_consistency_tracker,stale_memory_trap,2,6,0.16667,0.18079,0.20173,0.08342,0.35517,0.38201,0.00000,0.41852,0.23704,30.08333,0.00000,1.99848,0.09617,58.50000
identity_consistency_tracker,stale_memory_trap,3,6,0.00000,0.17492,0.23132,0.05536,0.05556,0.52567,0.00000,0.32222,0.17037,0.22222,0.00000,1.94021,0.09877,46.83333
identity_consistency_tracker,stale_memory_trap,4,6,0.00000,0.05702,0.24931,0.04825,0.01639,0.42144,0.00000,0.32593,0.16296,0.18056,0.00000,2.03113,0.10665,46.66667
identity_consistency_tracker,stale_memory_trap,5,6,0.16667,0.11147,0.25098,0.05278,0.00000,0.42822,0.00000,0.22592,0.20741,0.21945,0.00000,1.99686,0.10248,39.83333
identity_consistency_tracker,stale_memory_trap,6,6,1.00000,0.20766,0.23629,0.05347,0.06127,0.47778,0.00000,0.27778,0.15370,0.13889,0.00000,1.94470,0.09896,44.83333
identity_consistency_tracker,stale_memory_trap,7,6,0.16667,0.18729,0.23683,0.04988,0.09773,0.44294,0.00000,0.25371,0.13889,0.08333,0.00000,1.96372,0.09778,47.33333
last_seen_memory,camera_dropout_burst,0,6,0.66667,0.06624,0.16519,0.06166,0.35426,0.92875,0.00000,0.31852,0.31852,0.15278,0.00000,1.45206,0.09680,47.16667
last_seen_memory,camera_dropout_burst,1,6,0.33333,0.08747,0.14909,0.05504,0.40792,0.92855,0.00000,0.39444,0.34259,0.20833,0.00000,1.49700,0.08985,52.33333
last_seen_memory,camera_dropout_burst,2,6,0.16667,0.16128,0.22415,0.11907,0.37306,0.97685,0.00000,0.35185,0.28889,15.26389,0.00000,1.56351,0.10018,48.83333
last_seen_memory,camera_dropout_burst,3,6,0.33333,0.10568,0.17904,0.05111,0.32824,0.88846,0.00000,0.38889,0.29630,0.04167,0.00000,1.48230,0.09462,46.66667
last_seen_memory,camera_dropout_burst,4,6,0.33333,0.09903,0.15738,0.08506,0.39617,0.93750,0.00000,0.39259,0.23148,15.26389,0.00000,1.44181,0.07275,51.16667
last_seen_memory,camera_dropout_burst,5,6,0.16667,0.08809,0.17749,0.06764,0.44188,0.86794,0.00000,0.52592,0.25926,15.11111,0.00000,1.40355,0.10239,59.83333
last_seen_memory,camera_dropout_burst,6,6,0.50000,0.11809,0.17753,0.05334,0.33450,0.92374,0.00000,0.32963,0.32407,0.03333,0.00000,1.37731,0.10192,46.00000
last_seen_memory,camera_dropout_burst,7,6,0.16667,0.16930,0.20917,0.16558,0.42100,0.96650,0.00000,0.46667,0.12408,45.11111,0.00000,1.48527,0.08423,57.00000
last_seen_memory,combined_extreme_stress,0,6,0.00000,0.19138,0.16935,0.12215,0.51459,0.80982,0.16667,0.71482,0.14259,45.00000,0.00000,1.34465,0.08348,68.33333
last_seen_memory,combined_extreme_stress,1,6,0.00000,0.14347,0.14994,0.09991,0.49529,0.78783,0.00000,0.70926,0.12222,30.00000,0.00000,1.34087,0.07893,66.16667
last_seen_memory,combined_extreme_stress,2,6,0.33333,0.13695,0.16304,0.09042,0.47753,0.83579,0.00000,0.63148,0.19815,30.52778,0.00000,1.36474,0.08569,62.50000
last_seen_memory,combined_extreme_stress,3,6,0.00000,0.11198,0.14024,0.07894,0.49860,0.78435,0.16667,0.68148,0.14259,15.20000,0.00000,1.40102,0.07984,63.66667
last_seen_memory,combined_extreme_stress,4,6,0.16667,0.17617,0.16260,0.08844,0.45005,0.83867,0.33333,0.65555,0.11667,30.18889,0.00000,1.47673,0.07794,58.83333
last_seen_memory,combined_extreme_stress,5,6,0.33333,0.10248,0.16422,0.09734,0.45157,0.80730,0.00000,0.56111,0.17408,15.20833,0.00000,1.44944,0.08028,59.33333
last_seen_memory,combined_extreme_stress,6,6,0.00000,0.12902,0.17737,0.10295,0.46177,0.84836,0.16667,0.65555,0.06297,30.00000,0.00000,1.41045,0.07254,60.00000
last_seen_memory,combined_extreme_stress,7,6,0.33333,0.13964,0.20290,0.08350,0.38259,0.92602,0.16667,0.52593,0.04444,0.18333,0.00000,1.46049,0.08553,50.16667
last_seen_memory,combined_stress,0,6,0.16667,0.12884,0.17119,0.07248,0.38492,0.89971,0.00000,0.50000,0.16481,0.15278,0.00000,1.45406,0.08798,51.83333
last_seen_memory,combined_stress,1,6,0.00000,0.16941,0.20156,0.06261,0.37727,0.94797,0.00000,0.42407,0.09074,0.08333,0.00000,1.52762,0.08721,49.00000
last_seen_memory,combined_stress,2,6,0.33333,0.16981,0.16597,0.08944,0.38340,0.84812,0.00000,0.52222,0.22407,30.18611,0.00000,1.38237,0.09429,53.00000
last_seen_memory,combined_stress,3,6,0.00000,0.11686,0.14351,0.08631,0.45964,0.83680,0.00000,0.60185,0.14074,45.00000,0.00000,1.42612,0.07642,59.33333
last_seen_memory,combined_stress,4,6,0.00000,0.09073,0.20892,0.09229,0.37567,0.92012,0.00000,0.44630,0.07778,15.15000,0.00000,1.54998,0.09484,52.00000
last_seen_memory,combined_stress,5,6,0.33333,0.14203,0.12738,0.09867,0.51967,0.73363,0.00000,0.73518,0.33333,60.00000,0.00000,1.30460,0.08804,69.50000
last_seen_memory,combined_stress,6,6,0.00000,0.13205,0.14054,0.09029,0.48253,0.86601,0.00000,0.71481,0.19815,30.03333,0.00000,1.33484,0.08126,63.83333
last_seen_memory,combined_stress,7,6,0.16667,0.12988,0.14714,0.09907,0.49370,0.83725,0.00000,0.71852,0.18704,45.00000,0.00000,1.29198,0.07834,65.66667
last_seen_memory,distractor_swap,0,6,0.16667,0.06276,0.12068,0.03259,0.40924,0.98611,0.00000,0.53334,0.43889,0.00000,0.00000,1.39264,0.07314,51.66667
last_seen_memory,distractor_swap,1,6,0.16667,0.05119,0.13362,0.05406,0.38615,0.98148,0.00000,0.58889,0.38519,15.08750,0.00000,1.34803,0.07497,50.50000
last_seen_memory,distractor_swap,2,6,0.83333,0.10721,0.10177,0.06920,0.46300,0.91898,0.00000,0.70556,0.50741,15.05556,0.00000,1.27995,0.07573,58.50000
last_seen_memory,distractor_swap,3,6,0.83333,0.06724,0.13332,0.04987,0.35663,0.92782,0.00000,0.53148,0.41667,15.00000,0.00000,1.31033,0.08302,48.00000
last_seen_memory,distractor_swap,4,6,0.33333,0.05577,0.12384,0.04343,0.42727,0.94551,0.00000,0.55000,0.42037,15.00000,0.00000,1.24643,0.08292,55.33333
last_seen_memory,distractor_swap,5,6,0.33333,0.10050,0.12950,0.03310,0.37014,0.97738,0.00000,0.48148,0.46111,0.03333,0.00000,1.31289,0.07584,45.33333
last_seen_memory,distractor_swap,6,6,0.66667,0.07261,0.10674,0.04263,0.41094,0.91097,0.00000,0.61482,0.50000,15.04167,0.00000,1.23859,0.08500,53.66667
last_seen_memory,distractor_swap,7,6,0.33333,0.14307,0.13305,0.03816,0.38275,0.95244,0.00000,0.46296,0.31296,0.06667,0.00000,1.41890,0.07046,49.16667
last_seen_memory,embodiment_control_shift,0,6,0.33333,0.12078,0.18663,0.12342,0.41297,1.00000,0.00000,0.26667,0.25000,30.08333,0.00000,1.49029,0.08777,53.66667
last_seen_memory,embodiment_control_shift,1,6,0.33333,0.08131,0.11895,0.04055,0.40114,0.93651,0.00000,0.55556,0.34444,0.04167,0.00000,1.35682,0.07664,51.33333
last_seen_memory,embodiment_control_shift,2,6,0.33333,0.05599,0.14550,0.04131,0.43668,0.98485,0.00000,0.54630,0.23889,0.02778,0.00000,1.32624,0.07675,55.00000
last_seen_memory,embodiment_control_shift,3,6,0.50000,0.10967,0.13929,0.03920,0.40497,0.90804,0.00000,0.38889,0.32037,0.11111,0.00000,1.28485,0.09022,52.83333
last_seen_memory,embodiment_control_shift,4,6,0.66667,0.17858,0.14522,0.11640,0.43041,0.97778,0.00000,0.44815,0.31667,30.11111,0.00000,1.34447,0.07311,55.16667
last_seen_memory,embodiment_control_shift,5,6,0.66667,0.04886,0.11667,0.04483,0.42141,0.94804,0.00000,0.55555,0.37407,0.13333,0.00000,1.37237,0.07973,54.33333
last_seen_memory,embodiment_control_shift,6,6,0.33333,0.09109,0.10905,0.07014,0.47159,0.90211,0.00000,0.59259,0.38518,30.00000,0.00000,1.31967,0.07892,60.66667
last_seen_memory,embodiment_control_shift,7,6,0.33333,0.06171,0.13319,0.04030,0.34027,0.94066,0.00000,0.51296,0.33148,0.03333,0.00000,1.39829,0.08333,46.83333
last_seen_memory,end_effector_occlusion,0,6,0.50000,0.07557,0.10858,0.02791,0.43416,0.96065,0.00000,0.24074,0.44074,0.00000,0.00000,1.40239,0.09317,56.00000
last_seen_memory,end_effector_occlusion,1,6,0.33333,0.13884,0.16282,0.04262,0.38581,0.96667,0.00000,0.25926,0.29445,15.04167,0.00000,1.46300,0.10308,50.83333
last_seen_memory,end_effector_occlusion,2,6,0.00000,0.17503,0.20860,0.13623,0.42134,1.00000,0.00000,0.34074,0.25555,30.00000,0.00000,1.44020,0.10847,57.66667
last_seen_memory,end_effector_occlusion,3,6,0.66667,0.02740,0.11007,0.02936,0.39803,1.00000,0.00000,0.30370,0.43704,0.05556,0.00000,1.47543,0.09204,51.16667
last_seen_memory,end_effector_occlusion,4,6,0.33333,0.10619,0.11668,0.03971,0.46805,0.92803,0.00000,0.50556,0.43704,15.00000,0.00000,1.31816,0.09661,61.33333
last_seen_memory,end_effector_occlusion,5,6,0.00000,0.15792,0.10921,0.03799,0.46045,0.95707,0.00000,0.47778,0.41481,15.00000,0.00000,1.23532,0.09052,61.16667
last_seen_memory,end_effector_occlusion,6,6,0.50000,0.10231,0.10452,0.03323,0.44862,0.93333,0.00000,0.22963,0.42407,15.05556,0.00000,1.44725,0.09654,56.66667
last_seen_memory,end_effector_occlusion,7,6,0.66667,0.07085,0.12457,0.05400,0.40315,1.00000,0.00000,0.32408,0.32407,15.10000,0.00000,1.45423,0.08014,52.33333
last_seen_memory,false_reappearance,0,6,0.33333,0.15824,0.18506,0.09335,0.42073,0.98013,0.00000,0.61667,0.13704,15.10833,0.00000,1.37087,0.08554,55.33333
last_seen_memory,false_reappearance,1,6,0.00000,0.09204,0.14765,0.05090,0.43105,0.94399,0.00000,0.68518,0.15371,15.02381,0.00000,1.37947,0.07557,55.83333
last_seen_memory,false_reappearance,2,6,0.16667,0.16040,0.14513,0.05473,0.39523,0.93906,0.00000,0.55741,0.17037,0.16667,0.00000,1.29004,0.07512,51.16667
last_seen_memory,false_reappearance,3,6,0.00000,0.15493,0.13572,0.07454,0.47986,0.90896,0.00000,0.66666,0.17407,30.23333,0.00000,1.36137,0.07606,61.66667
last_seen_memory,false_reappearance,4,6,0.00000,0.09378,0.18315,0.08409,0.38860,0.99206,0.00000,0.43148,0.13148,15.16429,0.00000,1.42954,0.07847,52.00000
last_seen_memory,false_reappearance,5,6,0.33333,0.14615,0.15398,0.07059,0.41081,0.95563,0.00000,0.58148,0.19630,15.15556,0.00000,1.32361,0.07704,54.16667
last_seen_memory,false_reappearance,6,6,0.00000,0.15177,0.17189,0.11878,0.45726,0.94925,0.00000,0.65370,0.14815,30.00000,0.00000,1.24753,0.08013,59.33333
last_seen_memory,false_reappearance,7,6,0.16667,0.08666,0.13714,0.06386,0.40322,0.88586,0.00000,0.59074,0.23889,15.10000,0.00000,1.30529,0.08355,54.66667
last_seen_memory,hidden_contact_drift,0,6,0.16667,0.17372,0.16207,0.11467,0.49146,0.89483,0.00000,0.60185,0.28148,45.05555,0.00000,1.40413,0.09741,65.00000
last_seen_memory,hidden_contact_drift,1,6,0.50000,0.10272,0.17645,0.04315,0.33156,0.98611,0.00000,0.31482,0.25185,0.04167,0.00000,1.52330,0.08695,44.33333
last_seen_memory,hidden_contact_drift,2,6,0.16667,0.13828,0.14569,0.07069,0.47320,0.90212,0.00000,0.58518,0.31852,30.04167,0.00000,1.37207,0.09120,62.66667
last_seen_memory,hidden_contact_drift,3,6,0.66667,0.06527,0.22817,0.04272,0.27095,0.96633,0.00000,0.15555,0.24074,0.02778,0.00000,1.50332,0.11110,38.66667
last_seen_memory,hidden_contact_drift,4,6,0.50000,0.03336,0.15576,0.04698,0.33035,0.98148,0.00000,0.31296,0.32222,0.13095,0.00000,1.33399,0.09102,45.00000
last_seen_memory,hidden_contact_drift,5,6,0.16667,0.16749,0.17596,0.06579,0.43315,0.98485,0.00000,0.29815,0.24074,30.00000,0.00000,1.49427,0.09043,55.83333
last_seen_memory,hidden_contact_drift,6,6,0.66667,0.09209,0.14045,0.04279,0.40745,0.98611,0.00000,0.35926,0.33148,0.02778,0.00000,1.42985,0.08417,52.00000
last_seen_memory,hidden_contact_drift,7,6,0.33333,0.06017,0.10860,0.05107,0.42917,0.95316,0.00000,0.45000,0.38148,15.09722,0.00000,1.36976,0.07861,55.33333
last_seen_memory,high_symmetry_layout,0,6,0.16667,0.09055,0.14808,0.04954,0.35656,0.93246,0.00000,0.52593,0.22408,15.13611,0.00000,1.47076,0.07679,47.16667
last_seen_memory,high_symmetry_layout,1,6,0.16667,0.09175,0.11879,0.06085,0.43680,0.88306,0.00000,0.51111,0.40185,30.07500,0.00000,1.34309,0.08572,58.50000
last_seen_memory,high_symmetry_layout,2,6,0.16667,0.12151,0.14844,0.09308,0.43883,0.91985,0.00000,0.58704,0.19815,45.02083,0.00000,1.27683,0.07011,57.33333
last_seen_memory,high_symmetry_layout,3,6,0.16667,0.12071,0.14395,0.07500,0.44933,0.95802,0.00000,0.52778,0.15371,30.06667,0.00000,1.43571,0.07034,58.50000
last_seen_memory,high_symmetry_layout,4,6,0.16667,0.14160,0.14970,0.04617,0.38949,0.92932,0.00000,0.46296,0.21296,0.00000,0.00000,1.38766,0.07954,50.50000
last_seen_memory,high_symmetry_layout,5,6,0.00000,0.08071,0.15901,0.05138,0.41574,0.93866,0.00000,0.51667,0.19259,0.18056,0.00000,1.43443,0.07926,53.83333
last_seen_memory,high_symmetry_layout,6,6,0.33333,0.06454,0.13241,0.03777,0.42209,0.94311,0.00000,0.62408,0.22407,0.00000,0.00000,1.37235,0.07675,54.33333
last_seen_memory,high_symmetry_layout,7,6,0.16667,0.05427,0.13948,0.04592,0.39378,0.92720,0.00000,0.49074,0.21482,15.00000,0.00000,1.38644,0.07456,52.00000
last_seen_memory,long_self_occlusion,0,6,0.50000,0.18030,0.13074,0.09153,0.47284,1.00000,0.00000,0.20556,0.41482,15.12500,0.00000,1.37993,0.09291,61.66667
last_seen_memory,long_self_occlusion,1,6,0.16667,0.16877,0.16646,0.03431,0.41439,1.00000,0.00000,0.13889,0.30926,0.00000,0.00000,1.51261,0.10009,54.16667
last_seen_memory,long_self_occlusion,2,6,0.33333,0.08326,0.14917,0.03219,0.39570,1.00000,0.00000,0.18704,0.34630,0.05556,0.00000,1.67209,0.10512,51.83333
last_seen_memory,long_self_occlusion,3,6,0.50000,0.17042,0.13494,0.08321,0.45702,1.00000,0.00000,0.21667,0.37593,30.08333,0.00000,1.51999,0.09572,60.66667
last_seen_memory,long_self_occlusion,4,6,0.16667,0.10878,0.13815,0.06304,0.46183,0.97917,0.00000,0.40185,0.20185,30.00000,0.00000,1.35756,0.08164,60.83333
last_seen_memory,long_self_occlusion,5,6,0.33333,0.07368,0.12570,0.08178,0.48434,0.83333,0.00000,0.22593,0.45185,30.05555,0.00000,1.42294,0.09701,62.83333
last_seen_memory,long_self_occlusion,6,6,0.83333,0.14392,0.11767,0.04625,0.46970,1.00000,0.00000,0.31667,0.37778,15.00000,0.00000,1.45407,0.10520,61.16667
last_seen_memory,long_self_occlusion,7,6,0.16667,0.10184,0.16235,0.09703,0.47763,0.97222,0.00000,0.40741,0.27778,45.00000,0.00000,1.34279,0.09608,62.66667
last_seen_memory,near_identical_distractors,0,6,0.33333,0.08622,0.13395,0.03226,0.40964,0.90572,0.00000,0.44074,0.34630,0.00000,0.00000,1.35243,0.08743,53.00000
last_seen_memory,near_identical_distractors,1,6,0.66667,0.11723,0.13284,0.05308,0.38697,0.91429,0.00000,0.47963,0.30556,15.06111,0.00000,1.28246,0.07728,51.50000
last_seen_memory,near_identical_distractors,2,6,0.50000,0.13352,0.14136,0.06861,0.38576,0.93366,0.00000,0.50370,0.30370,15.03333,0.00000,1.32939,0.07240,50.66667
last_seen_memory,near_identical_distractors,3,6,0.16667,0.11670,0.13161,0.04771,0.38714,0.95833,0.00000,0.48333,0.33333,15.02778,0.00000,1.36622,0.07488,50.66667
last_seen_memory,near_identical_distractors,4,6,0.33333,0.11380,0.11167,0.06820,0.46344,0.89143,0.00000,0.64259,0.26852,30.04167,0.00000,1.23033,0.07534,60.00000
last_seen_memory,near_identical_distractors,5,6,0.16667,0.04616,0.14503,0.03954,0.36211,0.95998,0.00000,0.52777,0.30741,0.00000,0.00000,1.29659,0.07604,45.83333
last_seen_memory,near_identical_distractors,6,6,0.33333,0.09871,0.13332,0.07709,0.41657,0.94912,0.00000,0.59074,0.29630,30.00000,0.00000,1.33943,0.07063,54.50000
last_seen_memory,near_identical_distractors,7,6,0.00000,0.07604,0.13037,0.03810,0.39929,0.94204,0.00000,0.54445,0.35370,0.10318,0.00000,1.30757,0.07921,52.16667
last_seen_memory,nominal,0,6,0.83333,0.05873,0.06288,0.05738,0.49349,0.50000,0.00000,0.11111,0.67037,60.00000,0.00000,0.95044,0.12138,64.16667
last_seen_memory,nominal,1,6,0.83333,0.02789,0.03081,0.02707,0.48164,0.83333,0.00000,0.25000,0.75000,30.00000,0.00000,1.04463,0.11566,60.66667
last_seen_memory,nominal,2,6,1.00000,0.01699,0.02993,0.01559,0.48361,0.50000,0.00000,0.10185,0.71852,45.00000,0.00000,1.13253,0.11721,60.33333
last_seen_memory,nominal,3,6,1.00000,0.01383,0.02792,0.01498,0.45039,0.83333,0.00000,0.12407,0.77963,15.00000,0.00000,1.03118,0.12382,57.50000
last_seen_memory,nominal,4,6,0.83333,0.03151,0.04607,0.02815,0.44698,0.83333,0.00000,0.20000,0.68333,15.00000,0.00000,1.00300,0.10709,55.50000
last_seen_memory,nominal,5,6,0.83333,0.03821,0.04282,0.03829,0.47152,0.66667,0.00000,0.07778,0.68703,45.00000,0.00000,1.10829,0.10912,59.00000
last_seen_memory,nominal,6,6,1.00000,0.01542,0.02757,0.01592,0.47203,0.50000,0.00000,0.27037,0.74815,45.00000,0.00000,1.11136,0.12070,59.00000
last_seen_memory,nominal,7,6,0.83333,0.07622,0.07992,0.07964,0.42366,0.66667,0.00000,0.22222,0.66667,45.00000,0.00000,1.14500,0.11959,56.16667
last_seen_memory,object_displacement,0,6,0.16667,0.13594,0.16160,0.03838,0.30226,0.97619,0.00000,0.16111,0.43148,0.09722,0.00000,1.58559,0.09210,41.16667
last_seen_memory,object_displacement,1,6,0.66667,0.08141,0.11564,0.03763,0.36869,1.00000,0.00000,0.08704,0.47593,0.03333,0.00000,1.47001,0.09552,47.50000
last_seen_memory,object_displacement,2,6,0.66667,0.09725,0.09719,0.03776,0.41818,0.93333,0.00000,0.29259,0.58518,0.08333,0.00000,1.26914,0.09194,55.33333
last_seen_memory,object_displacement,3,6,1.00000,0.18818,0.13789,0.03953,0.33394,0.97222,0.00000,0.12037,0.46667,0.12500,0.00000,1.51806,0.09781,43.83333
last_seen_memory,object_displacement,4,6,0.33333,0.04910,0.10441,0.03379,0.40781,0.96296,0.00000,0.42778,0.50000,0.08333,0.00000,1.32160,0.08608,52.83333
last_seen_memory,object_displacement,5,6,0.66667,0.10263,0.14218,0.03564,0.36093,1.00000,0.00000,0.13333,0.40926,0.05556,0.00000,1.52116,0.09426,47.00000
last_seen_memory,object_displacement,6,6,0.50000,0.11288,0.13534,0.09912,0.44877,0.98333,0.00000,0.39815,0.51667,15.00000,0.00000,1.33615,0.09245,56.83333
last_seen_memory,object_displacement,7,6,0.16667,0.12240,0.16968,0.03258,0.36468,0.94444,0.00000,0.24260,0.36852,0.00000,0.00000,1.53738,0.09543,50.33333
last_seen_memory,short_self_occlusion,0,6,1.00000,0.02691,0.06787,0.02503,0.42679,1.00000,0.00000,0.14815,0.58889,0.00000,0.00000,1.34299,0.10897,53.83333
last_seen_memory,short_self_occlusion,1,6,0.66667,0.09931,0.08649,0.02608,0.38550,1.00000,0.00000,0.19259,0.57408,0.00000,0.00000,1.43003,0.10550,51.00000
last_seen_memory,short_self_occlusion,2,6,0.50000,0.10462,0.08002,0.03083,0.45713,1.00000,0.00000,0.15000,0.62778,0.08333,0.00000,1.31238,0.11061,58.83333
last_seen_memory,short_self_occlusion,3,6,1.00000,0.10499,0.09268,0.02460,0.37634,1.00000,0.00000,0.06481,0.57778,0.00000,0.00000,1.39141,0.10496,50.33333
last_seen_memory,short_self_occlusion,4,6,0.66667,0.07712,0.07660,0.02535,0.45584,1.00000,0.00000,0.19815,0.62222,0.11111,0.00000,1.24738,0.11536,56.33333
last_seen_memory,short_self_occlusion,5,6,0.66667,0.04133,0.05968,0.04579,0.45041,1.00000,0.00000,0.02593,0.65741,15.00000,0.00000,1.26675,0.11976,58.50000
last_seen_memory,short_self_occlusion,6,6,0.83333,0.02944,0.08997,0.02601,0.41093,1.00000,0.00000,0.11482,0.58148,0.00000,0.00000,1.40114,0.10586,53.16667
last_seen_memory,short_self_occlusion,7,6,0.66667,0.20351,0.10008,0.02353,0.38773,1.00000,0.00000,0.05000,0.54074,0.00000,0.00000,1.45462,0.09887,48.16667
last_seen_memory,stale_memory_trap,0,6,0.33333,0.10079,0.14783,0.04770,0.42925,0.92740,0.00000,0.54259,0.17222,0.12222,0.00000,1.44464,0.08148,56.16667
last_seen_memory,stale_memory_trap,1,6,0.33333,0.10428,0.17960,0.06204,0.40453,0.91667,0.00000,0.30556,0.24074,15.09722,0.00000,1.59026,0.09769,52.00000
last_seen_memory,stale_memory_trap,2,6,0.00000,0.15756,0.15175,0.13207,0.50734,0.84934,0.00000,0.63889,0.18148,60.00000,0.00000,1.36569,0.07517,66.33333
last_seen_memory,stale_memory_trap,3,6,0.33333,0.12541,0.17043,0.04447,0.38296,0.93453,0.00000,0.41481,0.15741,0.17222,0.00000,1.47177,0.09981,52.50000
last_seen_memory,stale_memory_trap,4,6,0.33333,0.21913,0.14431,0.04391,0.45701,0.88507,0.00000,0.47592,0.29259,15.04167,0.00000,1.39316,0.09696,59.83333
last_seen_memory,stale_memory_trap,5,6,0.00000,0.09890,0.15168,0.04407,0.43700,0.92393,0.00000,0.49259,0.15185,0.11667,0.00000,1.42009,0.07761,56.50000
last_seen_memory,stale_memory_trap,6,6,0.16667,0.16776,0.20115,0.14040,0.47369,0.98809,0.00000,0.57963,0.14444,30.05555,0.00000,1.44058,0.08824,61.66667
last_seen_memory,stale_memory_trap,7,6,0.33333,0.18283,0.19343,0.12176,0.46679,0.94048,0.00000,0.54074,0.10926,30.25000,0.00000,1.47255,0.07825,62.00000
learned_occlusion_regressor,camera_dropout_burst,0,6,0.50000,0.07669,0.07451,0.06852,0.19435,0.70643,0.00000,0.10741,0.64815,60.00000,0.00000,1.11238,0.07024,70.33333
learned_occlusion_regressor,camera_dropout_burst,1,6,1.00000,0.05663,0.06702,0.05663,0.23206,0.70340,0.00000,0.15000,0.77037,90.00000,0.00000,1.06933,0.07225,70.16667
learned_occlusion_regressor,camera_dropout_burst,2,6,0.66667,0.06405,0.08781,0.06267,0.18084,0.57107,0.00000,0.01667,0.56296,75.03333,0.00000,1.17616,0.07051,64.33333
learned_occlusion_regressor,camera_dropout_burst,3,6,0.83333,0.07065,0.06161,0.07745,0.21908,0.59002,0.00000,0.20555,0.75370,75.00000,0.00000,1.08395,0.07673,69.16667
learned_occlusion_regressor,camera_dropout_burst,4,6,0.50000,0.07776,0.08426,0.07776,0.21314,0.48457,0.00000,0.00000,0.60555,90.00000,0.00000,1.09642,0.05572,68.50000
learned_occlusion_regressor,camera_dropout_burst,5,6,0.50000,0.06401,0.07920,0.06401,0.23472,0.63227,0.00000,0.48704,0.46111,90.00000,0.00000,1.02752,0.07071,70.66667
learned_occlusion_regressor,camera_dropout_burst,6,6,0.66667,0.08587,0.07847,0.08352,0.15863,0.48890,0.00000,0.17593,0.70741,60.16667,0.00000,1.08330,0.06918,69.33333
learned_occlusion_regressor,camera_dropout_burst,7,6,0.83333,0.09128,0.07706,0.09128,0.20964,0.54498,0.00000,0.00000,0.68148,90.00000,0.00000,1.22741,0.06645,68.00000
learned_occlusion_regressor,combined_extreme_stress,0,6,0.50000,0.12292,0.09114,0.12292,0.25099,0.63239,0.00000,0.31852,0.49259,90.00000,0.00000,1.07421,0.06400,72.16667
learned_occlusion_regressor,combined_extreme_stress,1,6,1.00000,0.07424,0.06983,0.07424,0.25263,0.39501,0.00000,0.35926,0.74444,90.00000,0.00000,1.05227,0.07041,72.16667
learned_occlusion_regressor,combined_extreme_stress,2,6,0.83333,0.07838,0.09211,0.07838,0.24466,0.48064,0.00000,0.27408,0.55926,90.00000,0.00000,1.14774,0.06312,71.33333
learned_occlusion_regressor,combined_extreme_stress,3,6,1.00000,0.07580,0.07515,0.07580,0.22036,0.48656,0.00000,0.16852,0.68519,90.00000,0.00000,1.17583,0.06786,68.50000
learned_occlusion_regressor,combined_extreme_stress,4,6,0.50000,0.07084,0.09318,0.07084,0.21960,0.48218,0.00000,0.21481,0.47963,90.00000,0.00000,1.15383,0.06148,69.33333
learned_occlusion_regressor,combined_extreme_stress,5,6,0.83333,0.05430,0.07362,0.05430,0.21834,0.49883,0.00000,0.35185,0.63704,90.00000,0.00000,1.14770,0.06880,69.16667
learned_occlusion_regressor,combined_extreme_stress,6,6,0.33333,0.11157,0.09752,0.11157,0.22087,0.75935,0.00000,0.27407,0.34074,90.00000,0.00000,1.22174,0.06433,69.16667
learned_occlusion_regressor,combined_extreme_stress,7,6,0.66667,0.13427,0.09890,0.10115,0.18768,0.51181,0.00000,0.01852,0.43148,75.00000,0.00000,1.19817,0.06787,68.16667
learned_occlusion_regressor,combined_stress,0,6,0.83333,0.08742,0.08054,0.05969,0.19027,0.56746,0.00000,0.14630,0.56852,75.00000,0.00000,1.13687,0.06789,69.00000
learned_occlusion_regressor,combined_stress,1,6,0.66667,0.09224,0.09014,0.09507,0.14157,0.63350,0.00000,0.21111,0.46667,60.00000,0.00000,1.24859,0.06609,66.33333
learned_occlusion_regressor,combined_stress,2,6,0.50000,0.06529,0.09554,0.06108,0.16562,0.55046,0.00000,0.27408,0.46111,60.00000,0.00000,1.17231,0.06637,69.00000
learned_occlusion_regressor,combined_stress,3,6,1.00000,0.04104,0.06079,0.04104,0.20675,0.52927,0.00000,0.24444,0.73148,90.00000,0.00000,1.20644,0.06549,67.66667
learned_occlusion_regressor,combined_stress,4,6,0.50000,0.14024,0.09808,0.11814,0.18405,0.63011,0.00000,0.04445,0.46111,75.00000,0.00000,1.20197,0.07142,68.66667
learned_occlusion_regressor,combined_stress,5,6,0.50000,0.11145,0.07756,0.11145,0.23340,0.57926,0.00000,0.40185,0.47407,90.00000,0.00000,1.07251,0.06409,70.50000
learned_occlusion_regressor,combined_stress,6,6,0.83333,0.08368,0.06840,0.07454,0.19624,0.43016,0.00000,0.25000,0.60000,75.00000,0.00000,1.06093,0.06155,70.16667
learned_occlusion_regressor,combined_stress,7,6,1.00000,0.07029,0.05689,0.07029,0.24054,0.53646,0.00000,0.28519,0.71482,90.00000,0.00000,1.05119,0.07821,71.16667
learned_occlusion_regressor,distractor_swap,0,6,1.00000,0.04982,0.04829,0.04982,0.19911,0.55367,0.00000,0.20926,0.75000,90.00000,0.00000,1.10399,0.06676,67.50000
learned_occlusion_regressor,distractor_swap,1,6,1.00000,0.05896,0.05725,0.05896,0.23201,0.54103,0.00000,0.20185,0.67593,90.00000,0.00000,1.05296,0.06656,70.16667
learned_occlusion_regressor,distractor_swap,2,6,1.00000,0.06791,0.05165,0.06791,0.20944,0.57807,0.00000,0.45741,0.74630,90.00000,0.00000,1.08627,0.06636,68.33333
learned_occlusion_regressor,distractor_swap,3,6,1.00000,0.08299,0.04469,0.05177,0.18402,0.50595,0.00000,0.14630,0.75185,75.00000,0.00000,1.08261,0.07216,68.16667
learned_occlusion_regressor,distractor_swap,4,6,1.00000,0.06606,0.04896,0.06606,0.23498,0.48031,0.00000,0.28148,0.78333,90.00000,0.00000,0.98431,0.07113,70.66667
learned_occlusion_regressor,distractor_swap,5,6,1.00000,0.06307,0.05082,0.06307,0.22394,0.35234,0.00000,0.00000,0.77222,90.00000,0.00000,1.04497,0.06856,69.66667
learned_occlusion_regressor,distractor_swap,6,6,1.00000,0.03626,0.04590,0.03528,0.19486,0.48340,0.00000,0.40370,0.77592,75.00000,0.00000,0.98381,0.07204,70.33333
learned_occlusion_regressor,distractor_swap,7,6,1.00000,0.04826,0.05012,0.02964,0.17563,0.57974,0.00000,0.03519,0.70370,75.00000,0.00000,1.14022,0.06095,67.33333
learned_occlusion_regressor,embodiment_control_shift,0,6,1.00000,0.05136,0.07141,0.05136,0.20681,0.65227,0.00000,0.00000,0.56111,90.00000,0.00000,1.15566,0.06304,68.16667
learned_occlusion_regressor,embodiment_control_shift,1,6,1.00000,0.06451,0.05010,0.06451,0.20348,0.59879,0.00000,0.16111,0.74074,90.00000,0.00000,1.07537,0.06718,68.00000
learned_occlusion_regressor,embodiment_control_shift,2,6,1.00000,0.05593,0.05369,0.05593,0.22511,0.65522,0.00000,0.11296,0.73148,90.00000,0.00000,1.02805,0.06879,69.83333
learned_occlusion_regressor,embodiment_control_shift,3,6,0.83333,0.06670,0.05957,0.06595,0.21166,0.65571,0.00000,0.13518,0.63148,75.00000,0.00000,0.92022,0.06736,72.16667
learned_occlusion_regressor,embodiment_control_shift,4,6,0.66667,0.06331,0.06313,0.05853,0.19043,0.58358,0.00000,0.03519,0.68519,75.00000,0.00000,1.09534,0.06017,68.66667
learned_occlusion_regressor,embodiment_control_shift,5,6,1.00000,0.05462,0.04665,0.05462,0.21810,0.51226,0.00000,0.27778,0.75556,90.00000,0.00000,1.09293,0.07192,68.50000
learned_occlusion_regressor,embodiment_control_shift,6,6,1.00000,0.06355,0.05147,0.06355,0.22228,0.54516,0.00000,0.37593,0.73889,90.00000,0.00000,1.02899,0.07104,69.33333
learned_occlusion_regressor,embodiment_control_shift,7,6,0.66667,0.05891,0.06453,0.05718,0.14730,0.69489,0.00000,0.17037,0.66111,60.00000,0.00000,1.09146,0.05501,67.83333
learned_occlusion_regressor,end_effector_occlusion,0,6,1.00000,0.04569,0.04641,0.04569,0.22357,0.43855,0.00000,0.01296,0.74629,90.00000,0.00000,1.07429,0.07513,69.66667
learned_occlusion_regressor,end_effector_occlusion,1,6,1.00000,0.04396,0.04575,0.04396,0.22501,0.75231,0.00000,0.12037,0.76111,90.00000,0.00000,1.06315,0.07882,69.83333
learned_occlusion_regressor,end_effector_occlusion,2,6,0.83333,0.06773,0.04688,0.06773,0.23778,0.85860,0.00000,0.00926,0.73889,90.00000,0.00000,1.02236,0.07908,71.00000
learned_occlusion_regressor,end_effector_occlusion,3,6,1.00000,0.06897,0.05152,0.06897,0.21803,0.75337,0.00000,0.00926,0.75926,90.00000,0.00000,1.04759,0.06787,69.16667
learned_occlusion_regressor,end_effector_occlusion,4,6,1.00000,0.04553,0.04490,0.04553,0.24197,0.71166,0.00000,0.22037,0.78148,90.00000,0.00000,0.99464,0.07619,71.33333
learned_occlusion_regressor,end_effector_occlusion,5,6,1.00000,0.06220,0.03566,0.06220,0.25495,0.33750,0.00000,0.05556,0.79630,90.00000,0.00000,0.93038,0.08139,72.50000
learned_occlusion_regressor,end_effector_occlusion,6,6,1.00000,0.11910,0.05120,0.11910,0.21960,0.67282,0.00000,0.03148,0.76296,90.00000,0.00000,1.08868,0.07276,69.33333
learned_occlusion_regressor,end_effector_occlusion,7,6,1.00000,0.02060,0.03385,0.02060,0.19442,0.72020,0.00000,0.11667,0.73148,90.00000,0.00000,1.13990,0.07140,66.83333
learned_occlusion_regressor,false_reappearance,0,6,0.66667,0.07903,0.07623,0.07903,0.23199,0.60816,0.00000,0.05741,0.57222,90.00000,0.00000,1.13137,0.06707,70.33333
learned_occlusion_regressor,false_reappearance,1,6,0.66667,0.08173,0.07347,0.08173,0.21450,0.71283,0.00000,0.36852,0.53148,90.00000,0.00000,1.11907,0.06172,68.83333
learned_occlusion_regressor,false_reappearance,2,6,1.00000,0.05163,0.06162,0.05165,0.19193,0.51964,0.00000,0.17408,0.73333,75.00000,0.00000,1.10833,0.06476,69.50000
learned_occlusion_regressor,false_reappearance,3,6,1.00000,0.08876,0.05391,0.08876,0.21647,0.46135,0.00000,0.38704,0.75370,90.00000,0.00000,1.13504,0.06788,69.00000
learned_occlusion_regressor,false_reappearance,4,6,0.50000,0.06203,0.08317,0.06361,0.19471,0.59980,0.00000,0.16111,0.51852,75.00000,0.00000,1.13030,0.06237,69.66667
learned_occlusion_regressor,false_reappearance,5,6,0.83333,0.09916,0.07638,0.07699,0.20799,0.64582,0.00000,0.20370,0.68519,75.00000,0.00000,1.09388,0.06436,70.66667
learned_occlusion_regressor,false_reappearance,6,6,0.66667,0.07869,0.07453,0.07240,0.22474,0.69781,0.00000,0.27407,0.63148,75.00000,0.00000,1.06037,0.06959,70.66667
learned_occlusion_regressor,false_reappearance,7,6,0.83333,0.07176,0.05956,0.07176,0.23489,0.51242,0.00000,0.19445,0.69444,90.00000,0.00000,1.04708,0.07072,70.66667
learned_occlusion_regressor,hidden_contact_drift,0,6,1.00000,0.05106,0.05532,0.05106,0.21593,0.45683,0.00000,0.37407,0.70741,90.00000,0.00000,1.07961,0.06922,69.00000
learned_occlusion_regressor,hidden_contact_drift,1,6,0.83333,0.09608,0.06747,0.09863,0.16495,0.71491,0.00000,0.00926,0.67778,75.00000,0.00000,1.18614,0.06366,67.33333
learned_occlusion_regressor,hidden_contact_drift,2,6,1.00000,0.05645,0.05263,0.05645,0.23727,0.64841,0.00000,0.24259,0.77963,90.00000,0.00000,1.01000,0.07334,70.83333
learned_occlusion_regressor,hidden_contact_drift,3,6,0.83333,0.07368,0.07990,0.07929,0.14245,0.70379,0.00000,0.00000,0.69444,60.00000,0.00000,1.20004,0.06318,65.16667
learned_occlusion_regressor,hidden_contact_drift,4,6,1.00000,0.04650,0.06022,0.03776,0.15590,0.63220,0.00000,0.04445,0.66482,60.00000,0.00000,1.02007,0.06479,69.50000
learned_occlusion_regressor,hidden_contact_drift,5,6,1.00000,0.06914,0.06855,0.03397,0.17379,0.78697,0.00000,0.04444,0.70926,60.00000,0.00000,1.10461,0.06512,69.16667
learned_occlusion_regressor,hidden_contact_drift,6,6,1.00000,0.07901,0.05840,0.07973,0.20439,0.65813,0.00000,0.08889,0.74074,75.00000,0.00000,1.08515,0.06811,69.00000
learned_occlusion_regressor,hidden_contact_drift,7,6,1.00000,0.03564,0.04782,0.03962,0.17638,0.65897,0.00000,0.04630,0.74630,75.00000,0.00000,1.12010,0.06710,68.00000
learned_occlusion_regressor,high_symmetry_layout,0,6,1.00000,0.06641,0.06847,0.06641,0.19236,0.56671,0.00000,0.20185,0.72963,90.00000,0.00000,1.23051,0.05765,66.66667
learned_occlusion_regressor,high_symmetry_layout,1,6,1.00000,0.04932,0.06265,0.05272,0.19619,0.38152,0.00000,0.37963,0.75556,75.00000,0.00000,1.06006,0.06278,70.00000
learned_occlusion_regressor,high_symmetry_layout,2,6,1.00000,0.04610,0.05992,0.04610,0.23268,0.56278,0.00000,0.06111,0.77037,90.00000,0.00000,1.04903,0.06577,70.00000
learned_occlusion_regressor,high_symmetry_layout,3,6,1.00000,0.07204,0.06173,0.07204,0.20949,0.54819,0.00000,0.10370,0.72037,90.00000,0.00000,1.20901,0.06344,68.33333
learned_occlusion_regressor,high_symmetry_layout,4,6,1.00000,0.09612,0.06033,0.09612,0.22061,0.37115,0.00000,0.15185,0.72222,90.00000,0.00000,1.07303,0.06744,69.16667
learned_occlusion_regressor,high_symmetry_layout,5,6,0.83333,0.09659,0.07933,0.09568,0.19123,0.55632,0.00000,0.14444,0.59074,75.00000,0.00000,1.14305,0.05653,68.83333
learned_occlusion_regressor,high_symmetry_layout,6,6,1.00000,0.03122,0.04977,0.02811,0.18792,0.69368,0.00000,0.17407,0.74630,75.16667,0.00000,1.09424,0.07240,69.33333
learned_occlusion_regressor,high_symmetry_layout,7,6,0.83333,0.05323,0.06474,0.05323,0.20622,0.59788,0.00000,0.12408,0.61852,90.00000,0.00000,1.14697,0.06299,67.83333
learned_occlusion_regressor,long_self_occlusion,0,6,0.66667,0.07229,0.05704,0.07229,0.25021,0.71887,0.00000,0.00000,0.65926,90.00000,0.00000,0.99475,0.07495,71.83333
learned_occlusion_regressor,long_self_occlusion,1,6,1.00000,0.03970,0.04674,0.03970,0.25108,0.58657,0.00000,0.00741,0.78333,90.00000,0.00000,0.99601,0.07825,72.16667
learned_occlusion_regressor,long_self_occlusion,2,6,1.00000,0.04549,0.05388,0.04549,0.22960,0.76270,0.00000,0.11296,0.75370,90.00000,0.00000,1.11596,0.07625,70.16667
learned_occlusion_regressor,long_self_occlusion,3,6,1.00000,0.05888,0.04687,0.05888,0.24395,0.39711,0.00000,0.00000,0.77408,90.00000,0.00000,1.01706,0.07579,71.50000
learned_occlusion_regressor,long_self_occlusion,4,6,1.00000,0.04048,0.04310,0.04048,0.23080,0.29048,0.00000,0.00370,0.76667,90.00000,0.00000,1.01575,0.07255,70.33333
learned_occlusion_regressor,long_self_occlusion,5,6,1.00000,0.10596,0.04405,0.10596,0.23535,0.64524,0.00000,0.01111,0.76481,90.00000,0.00000,1.07048,0.07497,70.66667
learned_occlusion_regressor,long_self_occlusion,6,6,1.00000,0.04540,0.03934,0.04540,0.25849,0.51799,0.00000,0.14259,0.78889,90.00000,0.00000,0.96708,0.08718,72.66667
learned_occlusion_regressor,long_self_occlusion,7,6,0.83333,0.03978,0.04291,0.03978,0.23531,0.19815,0.00000,0.18148,0.66667,90.00000,0.00000,1.03847,0.07571,70.50000
learned_occlusion_regressor,near_identical_distractors,0,6,1.00000,0.02855,0.05370,0.02855,0.22767,0.39555,0.00000,0.15741,0.76852,90.00000,0.00000,1.07513,0.07102,69.83333
learned_occlusion_regressor,near_identical_distractors,1,6,0.83333,0.04565,0.06499,0.04565,0.23343,0.54504,0.00000,0.35556,0.77778,90.00000,0.00000,1.01184,0.06499,70.50000
learned_occlusion_regressor,near_identical_distractors,2,6,0.83333,0.07311,0.06394,0.07311,0.20543,0.54273,0.00000,0.10000,0.67222,90.00000,0.00000,1.14829,0.06246,68.00000
learned_occlusion_regressor,near_identical_distractors,3,6,1.00000,0.07017,0.05995,0.06972,0.18015,0.52318,0.00000,0.08889,0.68704,75.00000,0.00000,1.12994,0.06125,69.00000
learned_occlusion_regressor,near_identical_distractors,4,6,0.83333,0.03922,0.04439,0.03922,0.21473,0.47211,0.00000,0.49630,0.74815,90.00000,0.00000,1.04619,0.07129,68.66667
learned_occlusion_regressor,near_identical_distractors,5,6,0.83333,0.06753,0.06130,0.06753,0.23127,0.47887,0.00000,0.01852,0.70741,90.00000,0.00000,1.04263,0.06793,70.33333
learned_occlusion_regressor,near_identical_distractors,6,6,1.00000,0.07992,0.05974,0.06687,0.17350,0.59096,0.00000,0.15926,0.72778,75.00000,0.00000,1.10248,0.06226,68.00000
learned_occlusion_regressor,near_identical_distractors,7,6,0.83333,0.05866,0.05680,0.06116,0.19570,0.59880,0.00000,0.34444,0.67778,75.00000,0.00000,1.05269,0.06812,70.16667
learned_occlusion_regressor,nominal,0,6,1.00000,0.02251,0.01718,0.02206,0.20070,0.27778,0.00000,0.00000,0.79444,75.00000,0.00000,0.87359,0.08141,68.00000
learned_occlusion_regressor,nominal,1,6,1.00000,0.03866,0.01814,0.03596,0.11025,0.58333,0.00000,0.22778,0.77963,45.00000,0.00000,0.97519,0.06314,64.00000
learned_occlusion_regressor,nominal,2,6,1.00000,0.01760,0.02285,0.01414,0.10815,0.22222,0.00000,0.05370,0.75926,60.00000,0.00000,1.06594,0.06236,63.66667
learned_occlusion_regressor,nominal,3,6,1.00000,0.01817,0.01759,0.01697,0.13697,0.50000,0.00000,0.10185,0.78148,60.00000,0.00000,0.96411,0.06484,64.33333
learned_occlusion_regressor,nominal,4,6,1.00000,0.02060,0.02235,0.01819,0.13435,0.33333,0.00000,0.13148,0.78889,30.00000,0.00000,0.90478,0.06373,66.00000
learned_occlusion_regressor,nominal,5,6,1.00000,0.03505,0.02184,0.01544,0.10094,0.44444,0.00000,0.00000,0.76852,45.00000,0.00000,1.03123,0.06107,65.16667
learned_occlusion_regressor,nominal,6,6,1.00000,0.01940,0.02038,0.01710,0.12497,0.33333,0.00000,0.22222,0.76482,60.00000,0.00000,1.03248,0.06364,63.00000
learned_occlusion_regressor,nominal,7,6,1.00000,0.01462,0.01896,0.01360,0.12892,0.61111,0.00000,0.13333,0.77037,60.00000,0.00000,0.98946,0.06953,66.00000
learned_occlusion_regressor,object_displacement,0,6,0.83333,0.03835,0.05538,0.03590,0.06685,0.59062,0.00000,0.00556,0.73148,30.16667,0.00000,1.17506,0.06084,65.00000
learned_occlusion_regressor,object_displacement,1,6,1.00000,0.05087,0.04852,0.05236,0.18807,0.59467,0.00000,0.01111,0.75926,75.00000,0.00000,1.02748,0.06554,69.00000
learned_occlusion_regressor,object_displacement,2,6,1.00000,0.04419,0.04997,0.04598,0.19773,0.44706,0.00000,0.14074,0.78889,75.00000,0.00000,0.96758,0.06526,70.66667
learned_occlusion_regressor,object_displacement,3,6,1.00000,0.09186,0.06876,0.09534,0.19335,0.82056,0.00000,0.13704,0.75000,75.00000,0.00000,1.16178,0.06493,67.33333
learned_occlusion_regressor,object_displacement,4,6,1.00000,0.05236,0.04631,0.05236,0.21997,0.44336,0.00000,0.09074,0.77037,90.00000,0.00000,1.01470,0.07007,69.33333
learned_occlusion_regressor,object_displacement,5,6,1.00000,0.12289,0.05765,0.09495,0.19167,0.69975,0.00000,0.00000,0.76297,75.00000,0.00000,1.12222,0.07111,68.83333
learned_occlusion_regressor,object_displacement,6,6,1.00000,0.04494,0.04984,0.05083,0.22054,0.62450,0.00000,0.13889,0.78148,75.16667,0.00000,1.00228,0.07556,70.00000
learned_occlusion_regressor,object_displacement,7,6,1.00000,0.06329,0.05857,0.06315,0.19056,0.67046,0.00000,0.11667,0.65926,75.00000,0.00000,1.10447,0.07159,68.00000
learned_occlusion_regressor,short_self_occlusion,0,6,1.00000,0.03474,0.03631,0.03474,0.21036,0.65278,0.00000,0.00000,0.76667,90.00000,0.00000,1.06049,0.07909,68.50000
learned_occlusion_regressor,short_self_occlusion,1,6,1.00000,0.03174,0.03955,0.03174,0.20814,0.77222,0.00000,0.14445,0.76296,90.00000,0.00000,1.04275,0.07290,68.33333
learned_occlusion_regressor,short_self_occlusion,2,6,1.00000,0.03672,0.03922,0.03672,0.21860,0.46905,0.00000,0.14259,0.77222,90.00000,0.00000,1.00316,0.07262,69.16667
learned_occlusion_regressor,short_self_occlusion,3,6,1.00000,0.05283,0.03010,0.05283,0.21634,0.47222,0.00000,0.00741,0.76852,90.00000,0.00000,0.98378,0.07735,69.00000
learned_occlusion_regressor,short_self_occlusion,4,6,1.00000,0.02715,0.03160,0.02715,0.23162,0.65079,0.00000,0.02222,0.78889,90.00000,0.00000,0.96957,0.08433,70.33333
learned_occlusion_regressor,short_self_occlusion,5,6,1.00000,0.07699,0.03650,0.07699,0.22768,0.58333,0.00000,0.00000,0.78148,90.00000,0.00000,1.02680,0.07721,70.00000
learned_occlusion_regressor,short_self_occlusion,6,6,1.00000,0.04451,0.04017,0.04068,0.20156,0.64167,0.00000,0.01667,0.78148,75.00000,0.00000,0.97121,0.07429,69.66667
learned_occlusion_regressor,short_self_occlusion,7,6,1.00000,0.02783,0.03742,0.02783,0.20496,0.69167,0.00000,0.00926,0.75926,90.00000,0.00000,1.06449,0.07242,68.00000
learned_occlusion_regressor,stale_memory_trap,0,6,0.66667,0.10513,0.06902,0.09022,0.19358,0.72369,0.00000,0.13148,0.63148,75.00000,0.00000,1.10241,0.06137,69.16667
learned_occlusion_regressor,stale_memory_trap,1,6,0.66667,0.10941,0.07703,0.06290,0.19875,0.60214,0.00000,0.12593,0.57963,75.00000,0.00000,1.17481,0.06985,70.00000
learned_occlusion_regressor,stale_memory_trap,2,6,0.83333,0.07504,0.06435,0.07504,0.23938,0.36283,0.00000,0.20556,0.71482,90.00000,0.00000,1.09577,0.06289,70.83333
learned_occlusion_regressor,stale_memory_trap,3,6,0.66667,0.08876,0.07863,0.08812,0.19006,0.72338,0.00000,0.04630,0.62592,75.00000,0.00000,1.15813,0.06599,69.83333
learned_occlusion_regressor,stale_memory_trap,4,6,0.66667,0.07955,0.08156,0.07835,0.20548,0.62298,0.00000,0.10370,0.58333,75.00000,0.00000,1.07925,0.06561,70.16667
learned_occlusion_regressor,stale_memory_trap,5,6,0.66667,0.07099,0.07876,0.07099,0.22010,0.75226,0.00000,0.15555,0.58333,90.00000,0.00000,1.13805,0.05602,69.33333
learned_occlusion_regressor,stale_memory_trap,6,6,1.00000,0.06275,0.06201,0.06275,0.23286,0.55563,0.00000,0.01667,0.67407,90.00000,0.00000,1.08225,0.07303,70.50000
learned_occlusion_regressor,stale_memory_trap,7,6,0.83333,0.06091,0.07023,0.06262,0.18633,0.69619,0.00000,0.07963,0.57593,75.00000,0.00000,1.18023,0.06132,68.33333
no_self_mask_ablation,camera_dropout_burst,0,6,0.83333,0.04423,0.05216,0.05874,0.57505,0.06296,0.00000,0.06296,0.57407,45.50000,0.00000,0.99648,0.13141,69.16667
no_self_mask_ablation,camera_dropout_burst,1,6,0.66667,0.05655,0.05957,0.06357,0.60965,0.05595,0.00000,0.19444,0.51482,75.08333,0.00000,1.01994,0.13375,69.50000
no_self_mask_ablation,camera_dropout_burst,2,6,0.83333,0.05236,0.05553,0.05236,0.66204,0.03704,0.00000,0.11482,0.65926,90.00000,0.00000,1.03510,0.13702,68.16667
no_self_mask_ablation,camera_dropout_burst,3,6,1.00000,0.03948,0.04085,0.03948,0.67539,0.00000,0.00000,0.12963,0.77407,90.00000,0.00000,0.98642,0.15007,70.50000
no_self_mask_ablation,camera_dropout_burst,4,6,1.00000,0.05805,0.07194,0.05097,0.50932,0.02778,0.00000,0.00000,0.65555,45.00000,0.00000,1.10499,0.10712,68.00000
no_self_mask_ablation,camera_dropout_burst,5,6,1.00000,0.05568,0.05544,0.05568,0.68129,0.00000,0.00000,0.36481,0.67222,90.00000,0.00000,0.92500,0.14405,71.66667
no_self_mask_ablation,camera_dropout_burst,6,6,1.00000,0.04330,0.04761,0.04330,0.67796,0.00000,0.00000,0.13333,0.73333,90.00000,0.00000,0.88575,0.14836,71.50000
no_self_mask_ablation,camera_dropout_burst,7,6,0.83333,0.05982,0.06018,0.05982,0.66612,0.01919,0.00000,0.11852,0.59815,90.00000,0.00000,1.09963,0.13376,68.50000
no_self_mask_ablation,combined_extreme_stress,0,6,0.50000,0.08294,0.08911,0.07726,0.67855,0.01598,0.00000,0.13333,0.37778,90.00000,0.00000,0.97043,0.13139,71.66667
no_self_mask_ablation,combined_extreme_stress,1,6,0.66667,0.09486,0.10088,0.09056,0.64450,0.03909,0.00000,0.12593,0.36111,75.00000,0.00000,1.00613,0.12530,71.66667
no_self_mask_ablation,combined_extreme_stress,2,6,0.50000,0.08213,0.09055,0.08213,0.68511,0.03986,0.00000,0.36296,0.40000,90.00000,0.00000,0.98913,0.13314,71.50000
no_self_mask_ablation,combined_extreme_stress,3,6,0.50000,0.07599,0.09796,0.08862,0.56513,0.38069,0.00000,0.35000,0.25926,60.33333,0.00000,1.13524,0.11735,67.00000
no_self_mask_ablation,combined_extreme_stress,4,6,0.66667,0.05651,0.07402,0.05899,0.61093,0.02245,0.00000,0.00000,0.46667,75.16667,0.00000,1.07850,0.13351,68.33333
no_self_mask_ablation,combined_extreme_stress,5,6,0.66667,0.07010,0.08465,0.07307,0.57017,0.08473,0.00000,0.26482,0.36852,60.16667,0.00000,1.10943,0.11670,68.33333
no_self_mask_ablation,combined_extreme_stress,6,6,0.83333,0.04331,0.06130,0.04585,0.63261,0.01601,0.00000,0.00000,0.54444,75.00000,0.00000,1.08170,0.14161,69.00000
no_self_mask_ablation,combined_extreme_stress,7,6,0.33333,0.09250,0.09030,0.09250,0.67566,0.01043,0.00000,0.00926,0.27408,90.00000,0.00000,1.10851,0.12742,69.50000
no_self_mask_ablation,combined_stress,0,6,0.66667,0.05930,0.07590,0.06102,0.63606,0.03509,0.00000,0.15926,0.47222,75.00000,0.00000,1.06703,0.12788,69.50000
no_self_mask_ablation,combined_stress,1,6,0.83333,0.05647,0.07031,0.04641,0.59813,0.05043,0.00000,0.11852,0.58889,60.00000,0.00000,1.13074,0.12683,68.00000
no_self_mask_ablation,combined_stress,2,6,0.66667,0.07014,0.07000,0.07252,0.63984,0.05963,0.00000,0.27408,0.47592,75.00000,0.00000,1.02378,0.13005,69.83333
no_self_mask_ablation,combined_stress,3,6,0.83333,0.04670,0.05730,0.04931,0.62405,0.10778,0.00000,0.35926,0.61111,75.00000,0.00000,1.14230,0.13284,67.16667
no_self_mask_ablation,combined_stress,4,6,0.66667,0.08044,0.08885,0.08044,0.67173,0.00000,0.00000,0.00000,0.37963,90.00000,0.00000,1.02938,0.12376,70.16667
no_self_mask_ablation,combined_stress,5,6,0.66667,0.05267,0.06081,0.05267,0.67421,0.07621,0.00000,0.13889,0.52037,90.00000,0.00000,0.98974,0.14138,70.66667
no_self_mask_ablation,combined_stress,6,6,0.66667,0.06930,0.07459,0.06930,0.67275,0.17143,0.00000,0.22407,0.52222,90.00000,0.00000,1.04823,0.13384,70.33333
no_self_mask_ablation,combined_stress,7,6,0.83333,0.04786,0.05901,0.05051,0.65457,0.05000,0.00000,0.47037,0.59074,75.16667,0.00000,0.98844,0.14194,70.66667
no_self_mask_ablation,distractor_swap,0,6,1.00000,0.02419,0.02776,0.02419,0.65809,0.00595,0.00000,0.11852,0.74629,90.00000,0.00000,1.04947,0.14622,67.33333
no_self_mask_ablation,distractor_swap,1,6,1.00000,0.03681,0.03647,0.03681,0.67348,0.00877,0.00000,0.12407,0.78333,90.00000,0.00000,0.98769,0.14819,70.50000
no_self_mask_ablation,distractor_swap,2,6,1.00000,0.04322,0.05007,0.04322,0.66241,0.01111,0.00000,0.07037,0.72778,90.00000,0.00000,1.04990,0.13468,68.16667
no_self_mask_ablation,distractor_swap,3,6,1.00000,0.02768,0.02724,0.02768,0.66707,0.01042,0.00000,0.14259,0.76667,90.00000,0.00000,1.02265,0.15235,69.16667
no_self_mask_ablation,distractor_swap,4,6,1.00000,0.04129,0.03855,0.04129,0.67793,0.00833,0.00000,0.02593,0.78518,90.00000,0.00000,0.93456,0.14870,71.00000
no_self_mask_ablation,distractor_swap,5,6,1.00000,0.03497,0.03552,0.03497,0.67270,0.00000,0.00000,0.09815,0.77407,90.00000,0.00000,0.95028,0.14796,69.83333
no_self_mask_ablation,distractor_swap,6,6,1.00000,0.02560,0.02914,0.02560,0.67573,0.01111,0.00000,0.27963,0.78704,90.00000,0.00000,0.93200,0.15482,71.00000
no_self_mask_ablation,distractor_swap,7,6,1.00000,0.03207,0.03658,0.03207,0.66235,0.00000,0.00000,0.00000,0.75185,90.00000,0.00000,1.06690,0.14166,67.66667
no_self_mask_ablation,embodiment_control_shift,0,6,1.00000,0.04980,0.05034,0.04623,0.61390,0.00000,0.00000,0.00000,0.73704,75.00000,0.00000,1.02128,0.12852,68.00000
no_self_mask_ablation,embodiment_control_shift,1,6,1.00000,0.03652,0.03951,0.03652,0.66266,0.00000,0.00000,0.12963,0.74630,90.00000,0.00000,1.03301,0.14283,68.33333
no_self_mask_ablation,embodiment_control_shift,2,6,1.00000,0.04123,0.04661,0.04123,0.67091,0.00667,0.00000,0.00000,0.76852,90.00000,0.00000,0.94457,0.14317,70.00000
no_self_mask_ablation,embodiment_control_shift,3,6,1.00000,0.03495,0.04571,0.03978,0.65542,0.02037,0.00000,0.14815,0.77778,75.00000,0.00000,0.85864,0.14677,72.16667
no_self_mask_ablation,embodiment_control_shift,4,6,1.00000,0.04155,0.04637,0.03744,0.63017,0.00000,0.00000,0.01296,0.74815,75.00000,0.00000,1.01527,0.13566,69.00000
no_self_mask_ablation,embodiment_control_shift,5,6,1.00000,0.04661,0.04810,0.04661,0.66832,0.01852,0.00000,0.22407,0.73889,90.00000,0.00000,1.02853,0.14011,69.00000
no_self_mask_ablation,embodiment_control_shift,6,6,1.00000,0.04695,0.05471,0.04222,0.64122,0.00000,0.00000,0.26482,0.73703,75.00000,0.00000,1.01509,0.13332,69.16667
no_self_mask_ablation,embodiment_control_shift,7,6,1.00000,0.04088,0.05016,0.04181,0.58299,0.00000,0.00000,0.01296,0.71296,60.16667,0.00000,1.03115,0.12804,68.66667
no_self_mask_ablation,end_effector_occlusion,0,6,1.00000,0.02650,0.02732,0.02650,0.67014,0.00000,0.00000,0.12037,0.76852,90.00000,0.00000,1.00562,0.15302,69.83333
no_self_mask_ablation,end_effector_occlusion,1,6,1.00000,0.04344,0.03590,0.04344,0.67555,0.02778,0.00000,0.12407,0.77592,90.00000,0.00000,0.96490,0.14958,70.50000
no_self_mask_ablation,end_effector_occlusion,2,6,1.00000,0.03378,0.03644,0.03378,0.67535,0.00000,0.00000,0.00926,0.77963,90.00000,0.00000,0.92526,0.15030,71.00000
no_self_mask_ablation,end_effector_occlusion,3,6,1.00000,0.03332,0.03567,0.03332,0.66778,0.00000,0.00000,0.00556,0.76111,90.00000,0.00000,0.98703,0.14592,69.33333
no_self_mask_ablation,end_effector_occlusion,4,6,1.00000,0.03564,0.03680,0.03564,0.68014,0.01852,0.00000,0.27778,0.78518,90.00000,0.00000,0.91826,0.15112,71.50000
no_self_mask_ablation,end_effector_occlusion,5,6,1.00000,0.03034,0.03286,0.03034,0.68412,0.00000,0.00000,0.13148,0.79815,90.00000,0.00000,0.88492,0.15745,72.83333
no_self_mask_ablation,end_effector_occlusion,6,6,1.00000,0.02922,0.03164,0.02922,0.66932,0.00000,0.00000,0.11667,0.76667,90.00000,0.00000,1.02322,0.14968,69.66667
no_self_mask_ablation,end_effector_occlusion,7,6,1.00000,0.01977,0.02249,0.01977,0.65583,0.00000,0.00000,0.02963,0.73148,90.00000,0.00000,1.10587,0.14792,66.83333
no_self_mask_ablation,false_reappearance,0,6,1.00000,0.03578,0.04040,0.03846,0.63810,0.03704,0.00000,0.01296,0.75000,75.00000,0.00000,1.00228,0.14491,69.83333
no_self_mask_ablation,false_reappearance,1,6,1.00000,0.03770,0.04212,0.03770,0.66869,0.00000,0.00000,0.02778,0.72963,90.00000,0.00000,1.04227,0.14465,69.50000
no_self_mask_ablation,false_reappearance,2,6,1.00000,0.04316,0.04417,0.04316,0.67035,0.00000,0.00000,0.03519,0.72222,90.00000,0.00000,0.98605,0.14466,69.83333
no_self_mask_ablation,false_reappearance,3,6,0.83333,0.04285,0.04752,0.04285,0.66628,0.00667,0.00000,0.13148,0.69074,90.00000,0.00000,1.04600,0.14033,69.00000
no_self_mask_ablation,false_reappearance,4,6,0.66667,0.06457,0.06684,0.06457,0.67544,0.00617,0.00000,0.00000,0.55000,90.00000,0.00000,1.00314,0.13298,70.50000
no_self_mask_ablation,false_reappearance,5,6,1.00000,0.03388,0.03811,0.03454,0.62848,0.00000,0.00000,0.01482,0.75370,75.16667,0.00000,0.98061,0.14597,70.50000
no_self_mask_ablation,false_reappearance,6,6,0.66667,0.06472,0.06677,0.06472,0.67654,0.00575,0.00000,0.03148,0.55185,90.00000,0.00000,0.96615,0.13403,71.16667
no_self_mask_ablation,false_reappearance,7,6,1.00000,0.05022,0.05069,0.05022,0.67403,0.02083,0.00000,0.15555,0.74259,90.00000,0.00000,0.97466,0.14320,70.66667
no_self_mask_ablation,hidden_contact_drift,0,6,0.66667,0.07053,0.07774,0.06638,0.63714,0.21587,0.00000,0.38148,0.47593,75.00000,0.00000,1.04166,0.12111,68.66667
no_self_mask_ablation,hidden_contact_drift,1,6,0.83333,0.04354,0.04885,0.04354,0.66400,0.00000,0.00000,0.00370,0.63518,90.00000,0.00000,1.06808,0.13774,68.00000
no_self_mask_ablation,hidden_contact_drift,2,6,1.00000,0.05423,0.05978,0.05190,0.65219,0.02302,0.00000,0.17963,0.72593,75.00000,0.00000,0.97421,0.13345,70.50000
no_self_mask_ablation,hidden_contact_drift,3,6,1.00000,0.03566,0.04842,0.03624,0.63576,0.01111,0.00000,0.00741,0.74815,75.00000,0.00000,0.99224,0.13652,69.00000
no_self_mask_ablation,hidden_contact_drift,4,6,1.00000,0.04142,0.05205,0.03938,0.60883,0.00000,0.00000,0.00000,0.73333,60.00000,0.00000,0.95289,0.13325,70.83333
no_self_mask_ablation,hidden_contact_drift,5,6,1.00000,0.04829,0.06066,0.04583,0.63766,0.00000,0.00000,0.00556,0.66852,75.16667,0.00000,1.00486,0.13174,69.16667
no_self_mask_ablation,hidden_contact_drift,6,6,1.00000,0.05228,0.06478,0.05260,0.58771,0.00000,0.00000,0.01296,0.61111,60.00000,0.00000,1.05482,0.12231,69.33333
no_self_mask_ablation,hidden_contact_drift,7,6,1.00000,0.03864,0.04357,0.03864,0.66445,0.00000,0.00000,0.10555,0.74259,90.00000,0.00000,1.05345,0.14163,68.66667
no_self_mask_ablation,high_symmetry_layout,0,6,1.00000,0.04498,0.05039,0.04498,0.65493,0.00833,0.00000,0.13148,0.68333,90.00000,0.00000,1.13565,0.13323,66.66667
no_self_mask_ablation,high_symmetry_layout,1,6,0.83333,0.05437,0.05874,0.04794,0.64101,0.17713,0.00000,0.40000,0.64630,75.00000,0.00000,1.02501,0.13489,70.16667
no_self_mask_ablation,high_symmetry_layout,2,6,0.83333,0.04366,0.04887,0.04366,0.67357,0.01587,0.00000,0.11852,0.65370,90.00000,0.00000,0.96974,0.14329,70.50000
no_self_mask_ablation,high_symmetry_layout,3,6,0.83333,0.04388,0.04745,0.04879,0.62601,0.12285,0.00000,0.13889,0.61667,75.00000,0.00000,1.13145,0.13450,68.33333
no_self_mask_ablation,high_symmetry_layout,4,6,0.83333,0.04926,0.05318,0.04926,0.66782,0.00757,0.00000,0.01482,0.64074,90.00000,0.00000,1.03017,0.13718,69.33333
no_self_mask_ablation,high_symmetry_layout,5,6,0.83333,0.04352,0.04954,0.03461,0.63013,0.09127,0.00000,0.07593,0.67037,75.00000,0.00000,1.05012,0.13601,69.00000
no_self_mask_ablation,high_symmetry_layout,6,6,0.83333,0.05176,0.05193,0.05176,0.67413,0.02381,0.00000,0.12407,0.65926,90.00000,0.00000,1.04166,0.14183,70.16667
no_self_mask_ablation,high_symmetry_layout,7,6,1.00000,0.03480,0.04004,0.03480,0.66500,0.00000,0.00000,0.14630,0.74074,90.00000,0.00000,1.06585,0.14320,68.16667
no_self_mask_ablation,long_self_occlusion,0,6,1.00000,0.04294,0.04463,0.04294,0.67966,0.00000,0.00000,0.00000,0.76667,90.00000,0.00000,0.89714,0.14716,71.83333
no_self_mask_ablation,long_self_occlusion,1,6,1.00000,0.04385,0.04759,0.04385,0.68169,0.00000,0.00000,0.13518,0.77592,90.00000,0.00000,0.91906,0.14551,72.33333
no_self_mask_ablation,long_self_occlusion,2,6,1.00000,0.03757,0.04405,0.03757,0.67500,0.00000,0.00000,0.00556,0.73333,90.00000,0.00000,1.03139,0.14394,70.33333
no_self_mask_ablation,long_self_occlusion,3,6,1.00000,0.03615,0.03910,0.03615,0.67798,0.00000,0.00000,0.00000,0.77593,90.00000,0.00000,0.96372,0.15000,71.50000
no_self_mask_ablation,long_self_occlusion,4,6,1.00000,0.02723,0.02744,0.02723,0.67475,0.00000,0.00000,0.12778,0.76852,90.00000,0.00000,0.95921,0.15544,70.83333
no_self_mask_ablation,long_self_occlusion,5,6,1.00000,0.04562,0.04668,0.04562,0.67509,0.00000,0.00000,0.01111,0.76852,90.00000,0.00000,1.02161,0.14317,70.83333
no_self_mask_ablation,long_self_occlusion,6,6,1.00000,0.04080,0.04300,0.04080,0.68389,0.00000,0.00000,0.03148,0.70370,90.00000,0.00000,0.91841,0.15006,72.83333
no_self_mask_ablation,long_self_occlusion,7,6,1.00000,0.02367,0.02435,0.02367,0.67165,0.00000,0.00000,0.23333,0.76296,90.00000,0.00000,0.97931,0.15685,70.16667
no_self_mask_ablation,near_identical_distractors,0,6,1.00000,0.04809,0.04447,0.04594,0.62821,0.02174,0.00000,0.20556,0.75741,75.00000,0.00000,1.02845,0.13716,69.50000
no_self_mask_ablation,near_identical_distractors,1,6,1.00000,0.03275,0.03538,0.03275,0.67588,0.00000,0.00000,0.12963,0.78148,90.00000,0.00000,0.92779,0.15226,71.00000
no_self_mask_ablation,near_identical_distractors,2,6,1.00000,0.04400,0.04825,0.04400,0.66232,0.05694,0.00000,0.15741,0.75185,90.00000,0.00000,1.04776,0.13633,68.16667
no_self_mask_ablation,near_identical_distractors,3,6,1.00000,0.03526,0.03574,0.03526,0.66787,0.00617,0.00000,0.25555,0.76296,90.00000,0.00000,1.03896,0.14794,69.33333
no_self_mask_ablation,near_identical_distractors,4,6,1.00000,0.04579,0.04517,0.04579,0.66600,0.17460,0.00000,0.50556,0.70370,90.00000,0.00000,1.00363,0.14073,69.00000
no_self_mask_ablation,near_identical_distractors,5,6,1.00000,0.04681,0.04588,0.04681,0.67256,0.01042,0.00000,0.00926,0.76111,90.00000,0.00000,0.94772,0.14367,70.33333
no_self_mask_ablation,near_identical_distractors,6,6,0.83333,0.04144,0.04261,0.04144,0.66802,0.00980,0.00000,0.12407,0.65000,90.00000,0.00000,1.03118,0.14341,69.33333
no_self_mask_ablation,near_identical_distractors,7,6,1.00000,0.02646,0.03022,0.02646,0.67607,0.00000,0.00000,0.13519,0.77963,90.00000,0.00000,0.96301,0.15478,70.50000
no_self_mask_ablation,nominal,0,6,1.00000,0.01717,0.01797,0.01788,0.60848,0.00000,0.00000,0.00000,0.79815,75.00000,0.00000,0.86258,0.14393,68.66667
no_self_mask_ablation,nominal,1,6,1.00000,0.01183,0.01132,0.01183,0.65812,0.00000,0.00000,0.25000,0.78148,90.00000,0.00000,0.94635,0.15329,67.33333
no_self_mask_ablation,nominal,2,6,1.00000,0.01758,0.01802,0.01758,0.64725,0.00000,0.00000,0.00741,0.76481,90.00000,0.00000,1.02161,0.14244,65.33333
no_self_mask_ablation,nominal,3,6,1.00000,0.01391,0.01167,0.01391,0.65973,0.00000,0.00000,0.02037,0.78704,90.00000,0.00000,0.91980,0.15410,67.66667
no_self_mask_ablation,nominal,4,6,1.00000,0.01408,0.01581,0.01303,0.61504,0.00000,0.00000,0.13148,0.79259,75.00000,0.00000,0.88401,0.14453,67.83333
no_self_mask_ablation,nominal,5,6,1.00000,0.01324,0.01353,0.01324,0.65264,0.00000,0.00000,0.00000,0.76852,90.00000,0.00000,0.99058,0.14894,66.33333
no_self_mask_ablation,nominal,6,6,1.00000,0.02016,0.02091,0.02016,0.65120,0.00000,0.00000,0.26666,0.76852,90.00000,0.00000,1.02795,0.14254,66.00000
no_self_mask_ablation,nominal,7,6,1.00000,0.01418,0.01414,0.01418,0.65451,0.00000,0.00000,0.13333,0.77222,90.00000,0.00000,0.95621,0.14932,66.66667
no_self_mask_ablation,object_displacement,0,6,1.00000,0.03125,0.03883,0.02995,0.56534,0.00000,0.00000,0.00556,0.75371,60.00000,0.00000,1.08959,0.12793,67.00000
no_self_mask_ablation,object_displacement,1,6,1.00000,0.04015,0.04465,0.04015,0.67125,0.00000,0.00000,0.01111,0.72407,90.00000,0.00000,0.98725,0.14272,69.50000
no_self_mask_ablation,object_displacement,2,6,1.00000,0.03020,0.03302,0.03020,0.67577,0.00000,0.00000,0.12593,0.79074,90.00000,0.00000,0.90722,0.15381,71.00000
no_self_mask_ablation,object_displacement,3,6,1.00000,0.03879,0.04637,0.04374,0.56855,0.01111,0.00000,0.01482,0.76296,60.00000,0.00000,1.08614,0.12417,68.00000
no_self_mask_ablation,object_displacement,4,6,1.00000,0.05160,0.05827,0.04509,0.64023,0.00000,0.00000,0.01667,0.67963,75.00000,0.00000,0.99542,0.13046,69.00000
no_self_mask_ablation,object_displacement,5,6,1.00000,0.03088,0.03843,0.03179,0.55212,0.00000,0.00000,0.00000,0.76296,60.00000,0.00000,1.01377,0.12942,68.33333
no_self_mask_ablation,object_displacement,6,6,1.00000,0.04636,0.04854,0.04636,0.67561,0.00000,0.00000,0.00741,0.76852,90.00000,0.00000,0.95076,0.14292,71.00000
no_self_mask_ablation,object_displacement,7,6,1.00000,0.05003,0.05038,0.05003,0.66810,0.05556,0.00000,0.12037,0.74444,90.00000,0.00000,1.00519,0.13734,68.83333
no_self_mask_ablation,short_self_occlusion,0,6,1.00000,0.03077,0.02738,0.03077,0.66600,0.00000,0.00000,0.00000,0.77037,90.00000,0.00000,0.99144,0.14909,69.00000
no_self_mask_ablation,short_self_occlusion,1,6,1.00000,0.02402,0.02351,0.02402,0.66435,0.00000,0.00000,0.02778,0.76852,90.00000,0.00000,1.00131,0.15046,68.66667
no_self_mask_ablation,short_self_occlusion,2,6,1.00000,0.02626,0.02705,0.02626,0.66718,0.00000,0.00000,0.02963,0.77407,90.00000,0.00000,0.97646,0.14956,69.16667
no_self_mask_ablation,short_self_occlusion,3,6,1.00000,0.02324,0.02676,0.02324,0.66622,0.02381,0.00000,0.00741,0.77593,90.00000,0.00000,0.95188,0.15008,69.00000
no_self_mask_ablation,short_self_occlusion,4,6,1.00000,0.01836,0.01854,0.01836,0.67504,0.00000,0.00000,0.02037,0.79074,90.00000,0.00000,0.88899,0.16067,70.83333
no_self_mask_ablation,short_self_occlusion,5,6,1.00000,0.02697,0.03044,0.02697,0.67263,0.00000,0.00000,0.00000,0.78333,90.00000,0.00000,0.94316,0.15028,69.83333
no_self_mask_ablation,short_self_occlusion,6,6,1.00000,0.03120,0.03323,0.03120,0.67336,0.00000,0.00000,0.01296,0.74630,90.00000,0.00000,0.93573,0.14962,70.50000
no_self_mask_ablation,short_self_occlusion,7,6,1.00000,0.02058,0.02112,0.02058,0.66294,0.00000,0.00000,0.00926,0.76111,90.00000,0.00000,1.02999,0.15197,68.33333
no_self_mask_ablation,stale_memory_trap,0,6,0.50000,0.07330,0.08840,0.07216,0.62650,0.07937,0.00000,0.22222,0.33333,75.00000,0.00000,1.05929,0.11692,70.16667
no_self_mask_ablation,stale_memory_trap,1,6,0.83333,0.06037,0.07452,0.04750,0.60911,0.08333,0.00000,0.21111,0.60741,60.00000,0.00000,1.04402,0.12634,69.83333
no_self_mask_ablation,stale_memory_trap,2,6,0.83333,0.04794,0.05723,0.04794,0.67731,0.02210,0.00000,0.12593,0.62222,90.00000,0.00000,1.01771,0.14117,70.83333
no_self_mask_ablation,stale_memory_trap,3,6,1.00000,0.05906,0.06785,0.05906,0.68021,0.14085,0.00000,0.13889,0.63333,90.00000,0.00000,1.02938,0.13515,71.00000
no_self_mask_ablation,stale_memory_trap,4,6,1.00000,0.04509,0.05147,0.04509,0.68014,0.02500,0.00000,0.14630,0.74259,90.00000,0.00000,0.95330,0.14424,72.00000
no_self_mask_ablation,stale_memory_trap,5,6,0.83333,0.05796,0.06953,0.05796,0.67176,0.00877,0.00000,0.14074,0.54445,90.00000,0.00000,1.02079,0.13259,69.66667
no_self_mask_ablation,stale_memory_trap,6,6,1.00000,0.04464,0.06551,0.05390,0.60566,0.00000,0.00000,0.00000,0.63148,75.00000,0.00000,1.02050,0.12871,70.50000
no_self_mask_ablation,stale_memory_trap,7,6,0.66667,0.06870,0.07395,0.06870,0.66712,0.04167,0.00000,0.09630,0.50741,90.00000,0.00000,1.08770,0.12676,69.16667
occlusion_aware_permanence_v4,camera_dropout_burst,0,6,0.83333,0.04159,0.04606,0.04403,0.58523,0.00000,0.00000,0.03519,0.68148,75.00000,0.00000,0.95485,0.13248,70.00000
occlusion_aware_permanence_v4,camera_dropout_burst,1,6,0.83333,0.05159,0.05463,0.05159,0.61892,0.00000,0.00000,0.00000,0.57963,90.00000,0.00000,0.94320,0.13200,70.50000
occlusion_aware_permanence_v4,camera_dropout_burst,2,6,0.83333,0.04484,0.04983,0.04484,0.60439,0.00000,0.00000,0.13518,0.63889,90.00000,0.00000,1.04664,0.12627,68.33333
occlusion_aware_permanence_v4,camera_dropout_burst,3,6,1.00000,0.04550,0.04415,0.04550,0.61625,0.00926,0.00000,0.13333,0.75185,90.00000,0.00000,0.99301,0.13453,70.50000
occlusion_aware_permanence_v4,camera_dropout_burst,4,6,0.83333,0.05739,0.05291,0.05739,0.60646,0.00667,0.00000,0.00000,0.60185,90.00000,0.00000,1.02131,0.12958,68.66667
occlusion_aware_permanence_v4,camera_dropout_burst,5,6,0.83333,0.06384,0.05938,0.06384,0.62615,0.01282,0.00000,0.21296,0.67037,90.00000,0.00000,0.93883,0.12896,71.83333
occlusion_aware_permanence_v4,camera_dropout_burst,6,6,1.00000,0.04035,0.04891,0.04111,0.60093,0.01683,0.00000,0.01482,0.76481,75.00000,0.00000,0.89002,0.13173,70.66667
occlusion_aware_permanence_v4,camera_dropout_burst,7,6,0.83333,0.04369,0.05086,0.04052,0.57678,0.00000,0.00000,0.00000,0.64445,75.00000,0.00000,1.10385,0.12683,68.00000
occlusion_aware_permanence_v4,combined_extreme_stress,0,6,0.50000,0.09112,0.09521,0.08871,0.58880,0.02145,0.00000,0.08333,0.42408,75.00000,0.00000,1.00601,0.11375,71.50000
occlusion_aware_permanence_v4,combined_extreme_stress,1,6,0.83333,0.05302,0.05012,0.05302,0.62827,0.01667,0.00000,0.24074,0.69444,90.00000,0.00000,0.94352,0.14011,72.33333
occlusion_aware_permanence_v4,combined_extreme_stress,2,6,0.66667,0.06281,0.06627,0.06281,0.62772,0.02418,0.00000,0.12037,0.51111,90.00000,0.00000,0.98389,0.12973,71.66667
occlusion_aware_permanence_v4,combined_extreme_stress,3,6,0.66667,0.08445,0.08211,0.08445,0.61378,0.11979,0.00000,0.12407,0.42963,90.00000,0.00000,1.06040,0.11507,68.66667
occlusion_aware_permanence_v4,combined_extreme_stress,4,6,0.66667,0.07717,0.07975,0.07624,0.56245,0.00902,0.00000,0.10185,0.47037,75.16667,0.00000,1.04812,0.11353,69.00000
occlusion_aware_permanence_v4,combined_extreme_stress,5,6,0.50000,0.07215,0.07200,0.07215,0.61611,0.01417,0.00000,0.09259,0.42407,90.00000,0.00000,1.03340,0.12013,69.50000
occlusion_aware_permanence_v4,combined_extreme_stress,6,6,1.00000,0.04721,0.05247,0.05060,0.57268,0.03170,0.00000,0.06296,0.70000,75.00000,0.00000,1.07030,0.12971,68.83333
occlusion_aware_permanence_v4,combined_extreme_stress,7,6,0.83333,0.06258,0.06889,0.06258,0.61846,0.08454,0.00000,0.12222,0.56852,90.00000,0.00000,1.05327,0.12585,69.66667
occlusion_aware_permanence_v4,combined_stress,0,6,0.66667,0.05879,0.06021,0.05879,0.61550,0.00000,0.00000,0.12037,0.57778,90.00000,0.00000,0.98105,0.12472,69.83333
occlusion_aware_permanence_v4,combined_stress,1,6,0.50000,0.06933,0.06882,0.06933,0.61067,0.00952,0.00000,0.02222,0.47037,90.00000,0.00000,1.06929,0.11915,69.00000
occlusion_aware_permanence_v4,combined_stress,2,6,0.83333,0.04887,0.05826,0.04085,0.48488,0.01562,0.00000,0.13334,0.57222,60.00000,0.00000,1.05787,0.11015,69.83333
occlusion_aware_permanence_v4,combined_stress,3,6,1.00000,0.04533,0.04696,0.04533,0.60283,0.14445,0.00000,0.27037,0.69815,90.00000,0.00000,1.08913,0.12803,68.00000
occlusion_aware_permanence_v4,combined_stress,4,6,0.83333,0.05000,0.05570,0.05000,0.61273,0.02076,0.00000,0.09815,0.61667,90.00000,0.00000,1.00915,0.13076,69.83333
occlusion_aware_permanence_v4,combined_stress,5,6,0.83333,0.05972,0.05664,0.05972,0.62168,0.17308,0.00000,0.28333,0.63518,90.00000,0.00000,0.98631,0.13107,71.00000
occlusion_aware_permanence_v4,combined_stress,6,6,1.00000,0.04126,0.04306,0.04126,0.62011,0.02222,0.00000,0.37407,0.76296,90.00000,0.00000,0.98232,0.13818,70.66667
occlusion_aware_permanence_v4,combined_stress,7,6,0.50000,0.08435,0.08256,0.07939,0.57710,0.05699,0.00000,0.15926,0.45556,75.00000,0.00000,1.05083,0.11434,71.50000
occlusion_aware_permanence_v4,distractor_swap,0,6,1.00000,0.02867,0.03213,0.02867,0.60212,0.00000,0.00000,0.11296,0.75000,90.00000,0.00000,1.05306,0.13276,67.50000
occlusion_aware_permanence_v4,distractor_swap,1,6,1.00000,0.03676,0.03951,0.03676,0.61586,0.00000,0.00000,0.11481,0.77963,90.00000,0.00000,0.97441,0.13456,70.33333
occlusion_aware_permanence_v4,distractor_swap,2,6,1.00000,0.03544,0.03727,0.03544,0.60560,0.00000,0.00000,0.26852,0.76111,90.00000,0.00000,1.05146,0.13103,68.50000
occlusion_aware_permanence_v4,distractor_swap,3,6,1.00000,0.04084,0.03975,0.04084,0.60917,0.01667,0.00000,0.26111,0.76852,90.00000,0.00000,1.01486,0.13015,69.16667
occlusion_aware_permanence_v4,distractor_swap,4,6,1.00000,0.04531,0.04627,0.04531,0.61837,0.00000,0.00000,0.13519,0.78519,90.00000,0.00000,0.92045,0.13131,70.83333
occlusion_aware_permanence_v4,distractor_swap,5,6,1.00000,0.04098,0.04142,0.04098,0.61371,0.00000,0.00000,0.00000,0.77592,90.00000,0.00000,0.95693,0.13256,70.00000
occlusion_aware_permanence_v4,distractor_swap,6,6,1.00000,0.02916,0.03745,0.02754,0.52717,0.00000,0.00000,0.17037,0.75185,60.00000,0.00000,0.96592,0.12127,70.00000
occlusion_aware_permanence_v4,distractor_swap,7,6,1.00000,0.03380,0.03056,0.03380,0.60172,0.00000,0.00000,0.00926,0.75370,90.00000,0.00000,1.07934,0.13372,67.83333
occlusion_aware_permanence_v4,embodiment_control_shift,0,6,1.00000,0.04683,0.04346,0.04683,0.60347,0.00000,0.00000,0.00000,0.73889,90.00000,0.00000,1.04641,0.12804,68.16667
occlusion_aware_permanence_v4,embodiment_control_shift,1,6,1.00000,0.03741,0.03948,0.03741,0.60282,0.14583,0.00000,0.12963,0.75370,90.00000,0.00000,1.00937,0.13074,68.16667
occlusion_aware_permanence_v4,embodiment_control_shift,2,6,1.00000,0.02847,0.03072,0.02847,0.61706,0.00000,0.00000,0.00000,0.77592,90.00000,0.00000,0.93233,0.14165,70.16667
occlusion_aware_permanence_v4,embodiment_control_shift,3,6,1.00000,0.03541,0.03350,0.03541,0.62838,0.00000,0.00000,0.07222,0.80185,90.00000,0.00000,0.81609,0.14511,72.66667
occlusion_aware_permanence_v4,embodiment_control_shift,4,6,1.00000,0.04031,0.04347,0.03374,0.56307,0.01515,0.00000,0.13333,0.70741,75.00000,0.00000,1.01241,0.12558,69.16667
occlusion_aware_permanence_v4,embodiment_control_shift,5,6,0.83333,0.05141,0.05609,0.05141,0.61024,0.15385,0.00000,0.12963,0.66111,90.00000,0.00000,1.03995,0.12300,69.00000
occlusion_aware_permanence_v4,embodiment_control_shift,6,6,1.00000,0.04954,0.05462,0.05130,0.55093,0.00877,0.00000,0.02222,0.68148,75.00000,0.00000,1.01099,0.11463,69.50000
occlusion_aware_permanence_v4,embodiment_control_shift,7,6,1.00000,0.04797,0.04539,0.04797,0.61225,0.00641,0.00000,0.01296,0.76482,90.00000,0.00000,0.98959,0.13007,69.33333
occlusion_aware_permanence_v4,end_effector_occlusion,0,6,0.83333,0.03683,0.03671,0.03683,0.61653,0.00000,0.00000,0.01111,0.66111,90.00000,0.00000,1.01561,0.13611,69.66667
occlusion_aware_permanence_v4,end_effector_occlusion,1,6,1.00000,0.03536,0.03366,0.03536,0.61511,0.00000,0.00000,0.04444,0.77407,90.00000,0.00000,0.97269,0.13902,70.33333
occlusion_aware_permanence_v4,end_effector_occlusion,2,6,1.00000,0.03419,0.03267,0.03419,0.61889,0.00000,0.00000,0.00926,0.78148,90.00000,0.00000,0.92775,0.14083,71.00000
occlusion_aware_permanence_v4,end_effector_occlusion,3,6,1.00000,0.03249,0.02619,0.03249,0.61000,0.00000,0.00000,0.00926,0.76111,90.00000,0.00000,0.99729,0.13964,69.33333
occlusion_aware_permanence_v4,end_effector_occlusion,4,6,1.00000,0.03171,0.02920,0.03171,0.62270,0.02381,0.00000,0.27778,0.78889,90.00000,0.00000,0.92156,0.14576,71.66667
occlusion_aware_permanence_v4,end_effector_occlusion,5,6,1.00000,0.04761,0.04831,0.04761,0.62836,0.00000,0.00000,0.25000,0.80000,90.00000,0.00000,0.89993,0.13428,72.66667
occlusion_aware_permanence_v4,end_effector_occlusion,6,6,1.00000,0.03673,0.03600,0.03673,0.61263,0.00000,0.00000,0.11667,0.76481,90.00000,0.00000,1.02576,0.13586,69.83333
occlusion_aware_permanence_v4,end_effector_occlusion,7,6,1.00000,0.03570,0.03465,0.03570,0.59698,0.00000,0.00000,0.11296,0.73518,90.00000,0.00000,1.09692,0.12870,67.00000
occlusion_aware_permanence_v4,false_reappearance,0,6,1.00000,0.05197,0.04563,0.05197,0.61605,0.00000,0.00000,0.00000,0.77037,90.00000,0.00000,0.99116,0.13278,70.33333
occlusion_aware_permanence_v4,false_reappearance,1,6,1.00000,0.04236,0.04577,0.04236,0.61233,0.00521,0.00000,0.07593,0.75741,90.00000,0.00000,1.03712,0.13116,69.33333
occlusion_aware_permanence_v4,false_reappearance,2,6,0.83333,0.05502,0.05791,0.05502,0.61309,0.00000,0.00000,0.12963,0.63334,90.00000,0.00000,1.00383,0.12332,69.83333
occlusion_aware_permanence_v4,false_reappearance,3,6,1.00000,0.03354,0.03059,0.03354,0.60824,0.00694,0.00000,0.24259,0.75556,90.00000,0.00000,1.05610,0.13804,69.00000
occlusion_aware_permanence_v4,false_reappearance,4,6,1.00000,0.02725,0.03061,0.02725,0.61633,0.00556,0.00000,0.00000,0.77037,90.00000,0.00000,0.98729,0.14422,70.50000
occlusion_aware_permanence_v4,false_reappearance,5,6,1.00000,0.04380,0.04361,0.04380,0.61920,0.00000,0.00000,0.01296,0.77778,90.00000,0.00000,0.98218,0.13476,71.00000
occlusion_aware_permanence_v4,false_reappearance,6,6,1.00000,0.04114,0.04365,0.04114,0.62107,0.00617,0.00000,0.14630,0.78148,90.00000,0.00000,0.95150,0.13668,71.33333
occlusion_aware_permanence_v4,false_reappearance,7,6,0.83333,0.06249,0.05757,0.06249,0.62381,0.15799,0.00000,0.13148,0.74259,90.00000,0.00000,0.96013,0.12764,71.00000
occlusion_aware_permanence_v4,hidden_contact_drift,0,6,0.66667,0.04810,0.05209,0.04810,0.60880,0.22222,0.00000,0.25370,0.57593,90.00000,0.00000,1.03042,0.12623,69.16667
occlusion_aware_permanence_v4,hidden_contact_drift,1,6,1.00000,0.02778,0.02378,0.02778,0.60258,0.00000,0.00000,0.00370,0.74815,90.00000,0.00000,1.04340,0.14000,68.00000
occlusion_aware_permanence_v4,hidden_contact_drift,2,6,1.00000,0.04256,0.04134,0.04256,0.61858,0.01282,0.00000,0.13704,0.68889,90.00000,0.00000,0.95601,0.13614,70.83333
occlusion_aware_permanence_v4,hidden_contact_drift,3,6,1.00000,0.03484,0.03678,0.03484,0.61168,0.00000,0.00000,0.00000,0.76852,90.00000,0.00000,0.97739,0.13491,69.66667
occlusion_aware_permanence_v4,hidden_contact_drift,4,6,0.83333,0.05119,0.05044,0.05119,0.62133,0.02961,0.00000,0.00000,0.62963,90.00000,0.00000,0.93035,0.13357,71.33333
occlusion_aware_permanence_v4,hidden_contact_drift,5,6,0.50000,0.07024,0.06193,0.07024,0.61353,0.00000,0.00000,0.00556,0.55926,90.00000,0.00000,0.98457,0.11895,70.00000
occlusion_aware_permanence_v4,hidden_contact_drift,6,6,1.00000,0.03380,0.03198,0.03380,0.61557,0.01875,0.00000,0.13333,0.77037,90.00000,0.00000,0.99187,0.14068,70.00000
occlusion_aware_permanence_v4,hidden_contact_drift,7,6,1.00000,0.05139,0.04331,0.05139,0.60610,0.00000,0.00000,0.00000,0.75000,90.00000,0.00000,1.03088,0.12841,68.66667
occlusion_aware_permanence_v4,high_symmetry_layout,0,6,0.83333,0.04477,0.04345,0.04477,0.59495,0.00926,0.00000,0.12778,0.63704,90.00000,0.00000,1.13077,0.12429,66.66667
occlusion_aware_permanence_v4,high_symmetry_layout,1,6,0.83333,0.05360,0.05210,0.05360,0.61962,0.00000,0.00000,0.25926,0.66296,90.00000,0.00000,0.95967,0.12989,71.00000
occlusion_aware_permanence_v4,high_symmetry_layout,2,6,0.83333,0.05370,0.05061,0.05370,0.61589,0.00000,0.00000,0.12222,0.68889,90.00000,0.00000,0.95210,0.12783,70.33333
occlusion_aware_permanence_v4,high_symmetry_layout,3,6,1.00000,0.02904,0.02836,0.02904,0.60379,0.00000,0.00000,0.00000,0.75000,90.00000,0.00000,1.08064,0.13708,68.16667
occlusion_aware_permanence_v4,high_symmetry_layout,4,6,1.00000,0.03634,0.04254,0.03586,0.56441,0.00000,0.00000,0.01667,0.73704,75.00000,0.00000,0.99065,0.12671,68.66667
occlusion_aware_permanence_v4,high_symmetry_layout,5,6,1.00000,0.03614,0.03863,0.03614,0.61163,0.00000,0.00000,0.10926,0.76296,90.00000,0.00000,1.00894,0.13439,69.66667
occlusion_aware_permanence_v4,high_symmetry_layout,6,6,1.00000,0.03975,0.03559,0.03975,0.62069,0.00000,0.00000,0.12222,0.77407,90.00000,0.00000,1.01598,0.13892,70.33333
occlusion_aware_permanence_v4,high_symmetry_layout,7,6,0.66667,0.05009,0.04709,0.05009,0.60469,0.01778,0.00000,0.10926,0.65000,90.00000,0.00000,1.06521,0.12794,68.33333
occlusion_aware_permanence_v4,long_self_occlusion,0,6,1.00000,0.04693,0.04779,0.04693,0.62647,0.00000,0.00000,0.00000,0.78519,90.00000,0.00000,0.91409,0.13516,72.33333
occlusion_aware_permanence_v4,long_self_occlusion,1,6,0.83333,0.03669,0.03868,0.03669,0.62948,0.00000,0.00000,0.00741,0.68519,90.00000,0.00000,0.91044,0.14286,72.50000
occlusion_aware_permanence_v4,long_self_occlusion,2,6,1.00000,0.03433,0.03277,0.03433,0.61480,0.00000,0.00000,0.00370,0.76296,90.00000,0.00000,1.01793,0.13861,70.16667
occlusion_aware_permanence_v4,long_self_occlusion,3,6,1.00000,0.04089,0.03798,0.04089,0.62212,0.00000,0.00000,0.00000,0.77593,90.00000,0.00000,0.96176,0.13775,71.50000
occlusion_aware_permanence_v4,long_self_occlusion,4,6,1.00000,0.03466,0.03313,0.03466,0.61735,0.00000,0.00000,0.00000,0.76852,90.00000,0.00000,0.96894,0.14042,70.66667
occlusion_aware_permanence_v4,long_self_occlusion,5,6,0.83333,0.03998,0.03963,0.03998,0.61854,0.00000,0.00000,0.01111,0.65741,90.00000,0.00000,1.02047,0.13679,70.83333
occlusion_aware_permanence_v4,long_self_occlusion,6,6,1.00000,0.03532,0.03662,0.03532,0.63114,0.00000,0.00000,0.01482,0.78333,90.00000,0.00000,0.91402,0.14465,72.83333
occlusion_aware_permanence_v4,long_self_occlusion,7,6,1.00000,0.03419,0.03653,0.03419,0.61885,0.00000,0.00000,0.07963,0.76852,90.00000,0.00000,0.99491,0.13793,70.50000
occlusion_aware_permanence_v4,near_identical_distractors,0,6,1.00000,0.02601,0.03045,0.02742,0.58805,0.00877,0.00000,0.13889,0.76296,75.00000,0.00000,1.00474,0.13871,69.33333
occlusion_aware_permanence_v4,near_identical_distractors,1,6,1.00000,0.03231,0.03141,0.03231,0.61765,0.00000,0.00000,0.14074,0.78333,90.00000,0.00000,0.92187,0.14213,70.66667
occlusion_aware_permanence_v4,near_identical_distractors,2,6,1.00000,0.04587,0.04699,0.04481,0.54307,0.04902,0.00000,0.22963,0.73518,75.00000,0.00000,1.06965,0.11415,67.83333
occlusion_aware_permanence_v4,near_identical_distractors,3,6,1.00000,0.03578,0.03645,0.03578,0.61011,0.00000,0.00000,0.01667,0.76852,90.00000,0.00000,1.02500,0.13458,69.33333
occlusion_aware_permanence_v4,near_identical_distractors,4,6,1.00000,0.03593,0.04097,0.03593,0.60686,0.16764,0.00000,0.52778,0.76111,90.00000,0.00000,0.98918,0.13215,68.83333
occlusion_aware_permanence_v4,near_identical_distractors,5,6,1.00000,0.05574,0.04929,0.05574,0.61564,0.00556,0.00000,0.03889,0.72593,90.00000,0.00000,0.95596,0.12946,70.33333
occlusion_aware_permanence_v4,near_identical_distractors,6,6,1.00000,0.04277,0.04278,0.04277,0.60833,0.01449,0.00000,0.12222,0.76297,90.00000,0.00000,1.01070,0.12971,69.00000
occlusion_aware_permanence_v4,near_identical_distractors,7,6,1.00000,0.03599,0.03732,0.03599,0.61922,0.00000,0.00000,0.13519,0.78148,90.00000,0.00000,0.96307,0.13837,70.50000
occlusion_aware_permanence_v4,nominal,0,6,1.00000,0.01959,0.02216,0.01714,0.53532,0.00000,0.00000,0.00000,0.79815,75.00000,0.00000,0.87796,0.12664,67.33333
occlusion_aware_permanence_v4,nominal,1,6,1.00000,0.02658,0.02773,0.01609,0.32928,0.00000,0.00000,0.24815,0.77963,45.00000,0.00000,0.99487,0.08317,61.16667
occlusion_aware_permanence_v4,nominal,2,6,1.00000,0.01402,0.01721,0.01269,0.53996,0.00000,0.00000,0.00926,0.76481,75.00000,0.00000,1.02865,0.12458,65.00000
occlusion_aware_permanence_v4,nominal,3,6,1.00000,0.01526,0.01707,0.01419,0.54908,0.00000,0.00000,0.02963,0.78704,75.00000,0.00000,0.92390,0.13021,67.66667
occlusion_aware_permanence_v4,nominal,4,6,1.00000,0.02616,0.02650,0.01531,0.33986,0.00000,0.00000,0.13518,0.79074,45.00000,0.00000,0.92484,0.08693,61.50000
occlusion_aware_permanence_v4,nominal,5,6,1.00000,0.02158,0.02374,0.01446,0.39001,0.00000,0.00000,0.00000,0.76852,45.00000,0.00000,1.02890,0.09564,64.16667
occlusion_aware_permanence_v4,nominal,6,6,1.00000,0.01256,0.01432,0.01254,0.54779,0.00000,0.00000,0.26852,0.76667,75.00000,0.00000,1.03014,0.12761,65.16667
occlusion_aware_permanence_v4,nominal,7,6,1.00000,0.02325,0.02536,0.02004,0.47860,0.00000,0.00000,0.11111,0.77037,45.00000,0.00000,0.97857,0.10842,65.66667
occlusion_aware_permanence_v4,object_displacement,0,6,1.00000,0.03931,0.03649,0.03931,0.60172,0.00000,0.00000,0.00556,0.75371,90.00000,0.00000,1.06027,0.13058,67.83333
occlusion_aware_permanence_v4,object_displacement,1,6,1.00000,0.04538,0.04620,0.04538,0.61201,0.00000,0.00000,0.00926,0.74444,90.00000,0.00000,0.96901,0.12928,69.66667
occlusion_aware_permanence_v4,object_displacement,2,6,1.00000,0.04315,0.04458,0.04315,0.61943,0.00000,0.00000,0.01667,0.78889,90.00000,0.00000,0.90087,0.13353,71.00000
occlusion_aware_permanence_v4,object_displacement,3,6,1.00000,0.03419,0.03614,0.03419,0.60715,0.00000,0.00000,0.01667,0.76482,90.00000,0.00000,1.02762,0.13281,68.83333
occlusion_aware_permanence_v4,object_displacement,4,6,1.00000,0.03921,0.04081,0.03785,0.57908,0.01852,0.00000,0.13889,0.75556,75.00000,0.00000,0.98805,0.12908,68.83333
occlusion_aware_permanence_v4,object_displacement,5,6,1.00000,0.02835,0.02989,0.02835,0.61139,0.00000,0.00000,0.00000,0.77223,90.00000,0.00000,0.97204,0.13937,69.50000
occlusion_aware_permanence_v4,object_displacement,6,6,1.00000,0.04530,0.04202,0.04530,0.61901,0.00000,0.00000,0.00741,0.78889,90.00000,0.00000,0.93954,0.13439,71.00000
occlusion_aware_permanence_v4,object_displacement,7,6,1.00000,0.03762,0.04185,0.03762,0.60658,0.02564,0.00000,0.11852,0.76297,90.00000,0.00000,1.00737,0.13024,68.66667
occlusion_aware_permanence_v4,short_self_occlusion,0,6,1.00000,0.04890,0.05166,0.04890,0.60602,0.00000,0.00000,0.00000,0.77037,90.00000,0.00000,1.01619,0.12059,68.66667
occlusion_aware_permanence_v4,short_self_occlusion,1,6,1.00000,0.02171,0.02057,0.02171,0.60614,0.00000,0.00000,0.14445,0.76667,90.00000,0.00000,0.99273,0.14152,68.66667
occlusion_aware_permanence_v4,short_self_occlusion,2,6,1.00000,0.02719,0.02917,0.02719,0.61026,0.00000,0.00000,0.14259,0.77222,90.00000,0.00000,0.97167,0.13745,69.33333
occlusion_aware_permanence_v4,short_self_occlusion,3,6,1.00000,0.02720,0.02525,0.02720,0.60910,0.00000,0.00000,0.00741,0.77593,90.00000,0.00000,0.93640,0.13869,69.16667
occlusion_aware_permanence_v4,short_self_occlusion,4,6,1.00000,0.03284,0.03391,0.03284,0.61773,0.00000,0.00000,0.02222,0.79074,90.00000,0.00000,0.88245,0.13882,70.66667
occlusion_aware_permanence_v4,short_self_occlusion,5,6,1.00000,0.02940,0.03035,0.02940,0.61470,0.00000,0.00000,0.00000,0.78333,90.00000,0.00000,0.95352,0.13898,70.16667
occlusion_aware_permanence_v4,short_self_occlusion,6,6,1.00000,0.02170,0.02195,0.02170,0.61639,0.00000,0.00000,0.01111,0.78518,90.00000,0.00000,0.93884,0.14631,70.50000
occlusion_aware_permanence_v4,short_self_occlusion,7,6,1.00000,0.03943,0.03775,0.03943,0.60339,0.00000,0.00000,0.00926,0.76481,90.00000,0.00000,1.02561,0.12796,68.16667
occlusion_aware_permanence_v4,stale_memory_trap,0,6,1.00000,0.03917,0.03618,0.03917,0.61892,0.00000,0.00000,0.00000,0.76667,90.00000,0.00000,0.99041,0.14000,70.50000
occlusion_aware_permanence_v4,stale_memory_trap,1,6,0.83333,0.04528,0.04117,0.04528,0.61828,0.00000,0.00000,0.12593,0.71482,90.00000,0.00000,0.99745,0.13661,70.83333
occlusion_aware_permanence_v4,stale_memory_trap,2,6,1.00000,0.04766,0.04697,0.04766,0.61949,0.08730,0.00000,0.26482,0.76852,90.00000,0.00000,0.99573,0.13190,71.00000
occlusion_aware_permanence_v4,stale_memory_trap,3,6,0.66667,0.05233,0.05148,0.05233,0.62149,0.13725,0.00000,0.22778,0.66852,90.00000,0.00000,1.00794,0.12930,71.00000
occlusion_aware_permanence_v4,stale_memory_trap,4,6,1.00000,0.03815,0.04506,0.03815,0.62588,0.04040,0.00000,0.14815,0.72778,90.00000,0.00000,0.93705,0.13947,71.83333
occlusion_aware_permanence_v4,stale_memory_trap,5,6,0.83333,0.04972,0.04817,0.04972,0.61179,0.00000,0.00000,0.02778,0.65741,90.00000,0.00000,1.03666,0.12792,69.66667
occlusion_aware_permanence_v4,stale_memory_trap,6,6,1.00000,0.04179,0.03925,0.04179,0.61919,0.00000,0.00000,0.00000,0.76852,90.00000,0.00000,0.96669,0.13811,71.00000
occlusion_aware_permanence_v4,stale_memory_trap,7,6,0.83333,0.05631,0.04321,0.05631,0.60998,0.00000,0.00000,0.00000,0.65555,90.00000,0.00000,1.07977,0.13324,69.33333
occlusion_aware_permanence_v5,camera_dropout_burst,0,6,1.00000,0.03618,0.03942,0.03618,0.54060,0.00617,0.00000,0.01296,0.77592,90.00000,0.00000,0.91899,0.12857,70.50000
occlusion_aware_permanence_v5,camera_dropout_burst,1,6,1.00000,0.04080,0.04181,0.04080,0.53139,0.00617,0.00000,0.21852,0.77778,90.00000,0.00000,0.95137,0.12182,70.50000
occlusion_aware_permanence_v5,camera_dropout_burst,2,6,1.00000,0.03201,0.03411,0.03201,0.52384,0.01111,0.00000,0.01111,0.75000,90.00000,0.00000,1.01345,0.12510,68.33333
occlusion_aware_permanence_v5,camera_dropout_burst,3,6,1.00000,0.03315,0.03776,0.03098,0.49531,0.02469,0.00000,0.22037,0.75370,75.00000,0.00000,1.03154,0.12198,70.16667
occlusion_aware_permanence_v5,camera_dropout_burst,4,6,1.00000,0.04311,0.04703,0.04311,0.52753,0.00000,0.00000,0.00000,0.72222,90.00000,0.00000,1.02183,0.11996,68.83333
occlusion_aware_permanence_v5,camera_dropout_burst,5,6,0.83333,0.04234,0.04814,0.04234,0.54733,0.11403,0.00000,0.27407,0.66852,90.00000,0.00000,0.91765,0.12533,71.83333
occlusion_aware_permanence_v5,camera_dropout_burst,6,6,0.83333,0.03575,0.03463,0.03575,0.54037,0.00000,0.00000,0.25926,0.76111,90.00000,0.00000,0.88020,0.13182,71.50000
occlusion_aware_permanence_v5,camera_dropout_burst,7,6,1.00000,0.02967,0.03371,0.02967,0.52034,0.00980,0.00000,0.00000,0.75185,90.00000,0.00000,1.05907,0.12579,68.16667
occlusion_aware_permanence_v5,combined_extreme_stress,0,6,0.66667,0.06573,0.07134,0.06573,0.53897,0.00971,0.00000,0.13148,0.52778,90.00000,0.00000,0.93170,0.11639,71.66667
occlusion_aware_permanence_v5,combined_extreme_stress,1,6,0.66667,0.06607,0.06224,0.06607,0.54190,0.17105,0.00000,0.23148,0.54815,90.00000,0.00000,0.95644,0.11991,72.16667
occlusion_aware_permanence_v5,combined_extreme_stress,2,6,0.33333,0.08500,0.08238,0.07723,0.50166,0.15566,0.00000,0.14074,0.36111,75.00000,0.00000,0.98584,0.10905,70.83333
occlusion_aware_permanence_v5,combined_extreme_stress,3,6,0.83333,0.04872,0.05284,0.04872,0.52499,0.05329,0.00000,0.13148,0.65926,90.00000,0.00000,1.08272,0.11832,68.83333
occlusion_aware_permanence_v5,combined_extreme_stress,4,6,0.50000,0.06769,0.06882,0.06412,0.47302,0.12577,0.16667,0.19445,0.44074,75.00000,0.00000,1.06204,0.11093,69.16667
occlusion_aware_permanence_v5,combined_extreme_stress,5,6,0.66667,0.06904,0.07399,0.06904,0.52833,0.17545,0.00000,0.25370,0.46296,90.00000,0.00000,1.03233,0.11138,69.66667
occlusion_aware_permanence_v5,combined_extreme_stress,6,6,0.83333,0.05901,0.05554,0.05901,0.52943,0.00556,0.00000,0.02778,0.63333,90.00000,0.00000,1.05102,0.11826,69.50000
occlusion_aware_permanence_v5,combined_extreme_stress,7,6,0.83333,0.05261,0.04811,0.05261,0.52879,0.01042,0.00000,0.00741,0.66481,90.00000,0.00000,1.03293,0.12442,69.83333
occlusion_aware_permanence_v5,combined_stress,0,6,0.50000,0.07531,0.07257,0.07531,0.52601,0.00000,0.00000,0.12037,0.48704,90.00000,0.00000,0.98647,0.10341,69.66667
occlusion_aware_permanence_v5,combined_stress,1,6,1.00000,0.05099,0.06328,0.05462,0.48333,0.00000,0.00000,0.07778,0.62037,75.00000,0.00000,1.10102,0.10533,68.83333
occlusion_aware_permanence_v5,combined_stress,2,6,0.66667,0.06748,0.06307,0.06748,0.53169,0.00595,0.00000,0.26852,0.55000,90.00000,0.00000,0.97047,0.11261,70.16667
occlusion_aware_permanence_v5,combined_stress,3,6,0.50000,0.06477,0.06766,0.06684,0.44601,0.02373,0.00000,0.13704,0.43889,75.00000,0.00000,1.11514,0.09769,67.66667
occlusion_aware_permanence_v5,combined_stress,4,6,0.83333,0.03784,0.05351,0.04235,0.47056,0.05556,0.00000,0.05000,0.58333,75.00000,0.00000,1.06358,0.11264,69.50000
occlusion_aware_permanence_v5,combined_stress,5,6,0.83333,0.06585,0.05875,0.06585,0.53370,0.00427,0.00000,0.17778,0.66111,90.00000,0.00000,0.95394,0.11406,70.83333
occlusion_aware_permanence_v5,combined_stress,6,6,0.83333,0.05512,0.05591,0.05512,0.53281,0.31739,0.00000,0.37778,0.63333,90.00000,0.00000,1.01596,0.11751,70.66667
occlusion_aware_permanence_v5,combined_stress,7,6,1.00000,0.05690,0.06506,0.05992,0.50794,0.03886,0.00000,0.28148,0.62407,75.00000,0.00000,1.04058,0.11198,70.83333
occlusion_aware_permanence_v5,distractor_swap,0,6,1.00000,0.03995,0.03918,0.03718,0.45928,0.00000,0.00000,0.07778,0.74445,75.00000,0.00000,1.06344,0.10729,67.50000
occlusion_aware_permanence_v5,distractor_swap,1,6,1.00000,0.03135,0.02994,0.03135,0.52939,0.00000,0.00000,0.12593,0.77963,90.00000,0.00000,0.98046,0.12493,70.16667
occlusion_aware_permanence_v5,distractor_swap,2,6,1.00000,0.03961,0.04614,0.03961,0.51688,0.03921,0.00000,0.30000,0.75926,90.00000,0.00000,1.03391,0.11160,68.33333
occlusion_aware_permanence_v5,distractor_swap,3,6,1.00000,0.02813,0.02662,0.02813,0.52481,0.00000,0.00000,0.28704,0.76667,90.00000,0.00000,1.02600,0.12575,69.16667
occlusion_aware_permanence_v5,distractor_swap,4,6,1.00000,0.03496,0.03853,0.03496,0.53458,0.00000,0.00000,0.12222,0.77593,90.00000,0.00000,0.92531,0.12401,71.00000
occlusion_aware_permanence_v5,distractor_swap,5,6,1.00000,0.02896,0.03043,0.02896,0.52787,0.00000,0.00000,0.10185,0.77222,90.00000,0.00000,0.95181,0.12551,70.00000
occlusion_aware_permanence_v5,distractor_swap,6,6,1.00000,0.03789,0.03432,0.03789,0.53474,0.00000,0.00000,0.26667,0.78889,90.00000,0.00000,0.93148,0.12530,71.00000
occlusion_aware_permanence_v5,distractor_swap,7,6,1.00000,0.02969,0.02825,0.02969,0.51322,0.00000,0.00000,0.00000,0.75185,90.00000,0.00000,1.06604,0.12105,67.83333
occlusion_aware_permanence_v5,embodiment_control_shift,0,6,1.00000,0.03637,0.03202,0.03637,0.51891,0.00000,0.00000,0.00000,0.75185,90.00000,0.00000,1.02135,0.12171,68.33333
occlusion_aware_permanence_v5,embodiment_control_shift,1,6,1.00000,0.03369,0.03197,0.03369,0.51914,0.00000,0.00000,0.12037,0.75370,90.00000,0.00000,1.00759,0.12107,68.50000
occlusion_aware_permanence_v5,embodiment_control_shift,2,6,1.00000,0.03958,0.03799,0.03958,0.53016,0.00000,0.00000,0.00000,0.77037,90.00000,0.00000,0.91467,0.12255,70.00000
occlusion_aware_permanence_v5,embodiment_control_shift,3,6,1.00000,0.04450,0.04479,0.04450,0.54577,0.00000,0.00000,0.07778,0.77593,90.00000,0.00000,0.84612,0.12469,72.66667
occlusion_aware_permanence_v5,embodiment_control_shift,4,6,1.00000,0.03366,0.03884,0.03366,0.52834,0.00000,0.00000,0.00000,0.76296,90.00000,0.00000,0.97860,0.12207,69.33333
occlusion_aware_permanence_v5,embodiment_control_shift,5,6,1.00000,0.03920,0.04079,0.03920,0.51955,0.00000,0.00000,0.35556,0.75741,90.00000,0.00000,1.02351,0.11718,68.83333
occlusion_aware_permanence_v5,embodiment_control_shift,6,6,1.00000,0.03925,0.03990,0.03925,0.52437,0.00000,0.00000,0.14815,0.76667,90.00000,0.00000,0.98571,0.11907,69.50000
occlusion_aware_permanence_v5,embodiment_control_shift,7,6,1.00000,0.03744,0.03657,0.03744,0.52661,0.00000,0.00000,0.01296,0.76482,90.00000,0.00000,0.99802,0.12097,69.50000
occlusion_aware_permanence_v5,end_effector_occlusion,0,6,1.00000,0.02815,0.02760,0.02815,0.52777,0.00000,0.00000,0.00926,0.76852,90.00000,0.00000,0.99450,0.12637,70.00000
occlusion_aware_permanence_v5,end_effector_occlusion,1,6,1.00000,0.03212,0.02773,0.03212,0.52862,0.00000,0.00000,0.04630,0.77592,90.00000,0.00000,0.96509,0.12663,70.16667
occlusion_aware_permanence_v5,end_effector_occlusion,2,6,1.00000,0.03742,0.03752,0.03742,0.53420,0.00000,0.00000,0.00926,0.77963,90.00000,0.00000,0.92108,0.12372,71.00000
occlusion_aware_permanence_v5,end_effector_occlusion,3,6,1.00000,0.04593,0.04503,0.04593,0.52334,0.00000,0.00000,0.10555,0.75926,90.00000,0.00000,0.98331,0.11294,69.33333
occlusion_aware_permanence_v5,end_effector_occlusion,4,6,0.83333,0.04899,0.04799,0.04899,0.53676,0.00000,0.00000,0.13704,0.70185,90.00000,0.00000,0.93084,0.11803,71.33333
occlusion_aware_permanence_v5,end_effector_occlusion,5,6,1.00000,0.03431,0.03356,0.03431,0.54577,0.00000,0.00000,0.03519,0.79630,90.00000,0.00000,0.88842,0.13008,72.66667
occlusion_aware_permanence_v5,end_effector_occlusion,6,6,1.00000,0.02693,0.03032,0.02693,0.52671,0.00000,0.00000,0.02963,0.76481,90.00000,0.00000,1.01798,0.12431,69.83333
occlusion_aware_permanence_v5,end_effector_occlusion,7,6,1.00000,0.03771,0.03732,0.03771,0.50743,0.00000,0.00000,0.11111,0.73518,90.00000,0.00000,1.09840,0.11183,67.00000
occlusion_aware_permanence_v5,false_reappearance,0,6,1.00000,0.03015,0.02900,0.03015,0.53285,0.00000,0.00000,0.00000,0.77408,90.00000,0.00000,0.98484,0.13017,70.66667
occlusion_aware_permanence_v5,false_reappearance,1,6,1.00000,0.04984,0.04744,0.04984,0.52464,0.00538,0.00000,0.12593,0.76111,90.00000,0.00000,1.03493,0.11380,69.50000
occlusion_aware_permanence_v5,false_reappearance,2,6,1.00000,0.04780,0.04761,0.04780,0.52585,0.00000,0.00000,0.01481,0.76111,90.00000,0.00000,0.99837,0.11645,69.66667
occlusion_aware_permanence_v5,false_reappearance,3,6,1.00000,0.04219,0.04007,0.04219,0.52237,0.01515,0.00000,0.13704,0.75185,90.00000,0.00000,1.04925,0.11981,68.83333
occlusion_aware_permanence_v5,false_reappearance,4,6,0.83333,0.04710,0.04124,0.04710,0.53119,0.00000,0.00000,0.09815,0.71482,90.00000,0.00000,0.99593,0.12142,70.50000
occlusion_aware_permanence_v5,false_reappearance,5,6,1.00000,0.04980,0.04896,0.04980,0.53369,0.00000,0.00000,0.00926,0.77222,90.00000,0.00000,0.95491,0.11859,70.83333
occlusion_aware_permanence_v5,false_reappearance,6,6,1.00000,0.04106,0.04238,0.04106,0.53695,0.00000,0.00000,0.11482,0.75741,90.00000,0.00000,0.93972,0.12369,71.33333
occlusion_aware_permanence_v5,false_reappearance,7,6,1.00000,0.04509,0.04514,0.04509,0.53348,0.01058,0.00000,0.15000,0.77593,90.00000,0.00000,0.95561,0.12085,70.83333
occlusion_aware_permanence_v5,hidden_contact_drift,0,6,1.00000,0.03062,0.03174,0.03062,0.52187,0.00000,0.00000,0.35741,0.76111,90.00000,0.00000,1.01037,0.12361,69.16667
occlusion_aware_permanence_v5,hidden_contact_drift,1,6,1.00000,0.03760,0.03476,0.03760,0.51170,0.00000,0.00000,0.00370,0.74815,90.00000,0.00000,1.04286,0.11733,67.66667
occlusion_aware_permanence_v5,hidden_contact_drift,2,6,0.83333,0.05216,0.04772,0.05216,0.53389,0.00000,0.00000,0.02778,0.70371,90.00000,0.00000,0.93401,0.11790,70.83333
occlusion_aware_permanence_v5,hidden_contact_drift,3,6,1.00000,0.04823,0.04483,0.04823,0.52680,0.00000,0.00000,0.00000,0.76481,90.00000,0.00000,0.97305,0.11633,69.50000
occlusion_aware_permanence_v5,hidden_contact_drift,4,6,1.00000,0.03386,0.03867,0.03978,0.48026,0.00000,0.00000,0.00556,0.75926,75.16667,0.00000,0.93235,0.11703,70.66667
occlusion_aware_permanence_v5,hidden_contact_drift,5,6,1.00000,0.04551,0.04298,0.04353,0.48222,0.00000,0.00000,0.00556,0.76296,75.00000,0.00000,0.99576,0.11303,69.50000
occlusion_aware_permanence_v5,hidden_contact_drift,6,6,1.00000,0.03239,0.03332,0.03239,0.52772,0.00000,0.00000,0.01482,0.77037,90.00000,0.00000,0.99574,0.12431,70.00000
occlusion_aware_permanence_v5,hidden_contact_drift,7,6,1.00000,0.02658,0.03184,0.02658,0.52084,0.00000,0.00000,0.00000,0.76111,90.00000,0.00000,1.03385,0.12366,69.00000
occlusion_aware_permanence_v5,high_symmetry_layout,0,6,0.83333,0.04933,0.04829,0.04933,0.50618,0.00000,0.00000,0.21111,0.71852,90.00000,0.00000,1.12024,0.10856,66.83333
occlusion_aware_permanence_v5,high_symmetry_layout,1,6,0.83333,0.05620,0.05667,0.05620,0.53389,0.16922,0.00000,0.38519,0.64074,90.00000,0.00000,0.99976,0.11414,70.83333
occlusion_aware_permanence_v5,high_symmetry_layout,2,6,1.00000,0.05281,0.05465,0.05281,0.52821,0.00000,0.00000,0.11852,0.76852,90.00000,0.00000,0.94439,0.11345,70.00000
occlusion_aware_permanence_v5,high_symmetry_layout,3,6,1.00000,0.03589,0.04023,0.03589,0.51691,0.00000,0.00000,0.11111,0.75000,90.00000,0.00000,1.08841,0.11698,68.33333
occlusion_aware_permanence_v5,high_symmetry_layout,4,6,0.83333,0.04246,0.04273,0.04246,0.52464,0.00000,0.00000,0.12222,0.64815,90.00000,0.00000,1.00139,0.12020,69.50000
occlusion_aware_permanence_v5,high_symmetry_layout,5,6,1.00000,0.04306,0.04607,0.04306,0.52276,0.00000,0.00000,0.00000,0.75000,90.00000,0.00000,1.00871,0.11421,69.33333
occlusion_aware_permanence_v5,high_symmetry_layout,6,6,1.00000,0.02864,0.03028,0.02864,0.53164,0.00000,0.00000,0.12222,0.77037,90.00000,0.00000,1.02192,0.12816,70.16667
occlusion_aware_permanence_v5,high_symmetry_layout,7,6,1.00000,0.03469,0.03558,0.03469,0.52054,0.00000,0.00000,0.12407,0.75000,90.00000,0.00000,1.06240,0.12020,68.50000
occlusion_aware_permanence_v5,long_self_occlusion,0,6,1.00000,0.02904,0.03014,0.02904,0.54690,0.00000,0.00000,0.00000,0.78333,90.00000,0.00000,0.89497,0.13343,72.50000
occlusion_aware_permanence_v5,long_self_occlusion,1,6,1.00000,0.04338,0.04097,0.04338,0.54233,0.00000,0.00000,0.05555,0.77407,90.00000,0.00000,0.93154,0.12250,72.16667
occlusion_aware_permanence_v5,long_self_occlusion,2,6,1.00000,0.04929,0.04793,0.04929,0.53165,0.00000,0.00000,0.00741,0.73704,90.00000,0.00000,1.01633,0.11725,70.16667
occlusion_aware_permanence_v5,long_self_occlusion,3,6,1.00000,0.02791,0.03278,0.02791,0.54032,0.00000,0.00000,0.00000,0.77778,90.00000,0.00000,0.96341,0.12827,71.50000
occlusion_aware_permanence_v5,long_self_occlusion,4,6,1.00000,0.03643,0.03957,0.03643,0.53349,0.00000,0.00000,0.00370,0.76667,90.00000,0.00000,0.96335,0.12251,70.83333
occlusion_aware_permanence_v5,long_self_occlusion,5,6,1.00000,0.03644,0.03691,0.03644,0.53366,0.00000,0.00000,0.01111,0.76667,90.00000,0.00000,1.02270,0.12315,70.83333
occlusion_aware_permanence_v5,long_self_occlusion,6,6,1.00000,0.03023,0.03099,0.03023,0.54444,0.00000,0.00000,0.11482,0.79074,90.00000,0.00000,0.90857,0.13120,72.50000
occlusion_aware_permanence_v5,long_self_occlusion,7,6,0.83333,0.04067,0.04190,0.04067,0.53124,0.00000,0.00000,0.04074,0.66296,90.00000,0.00000,0.98456,0.12065,70.50000
occlusion_aware_permanence_v5,near_identical_distractors,0,6,1.00000,0.02942,0.03207,0.02942,0.52536,0.00000,0.00000,0.11667,0.77037,90.00000,0.00000,0.96871,0.12519,69.66667
occlusion_aware_permanence_v5,near_identical_distractors,1,6,1.00000,0.04297,0.04065,0.04297,0.53275,0.00000,0.00000,0.30371,0.73333,90.00000,0.00000,0.93472,0.12155,70.66667
occlusion_aware_permanence_v5,near_identical_distractors,2,6,0.83333,0.04131,0.04303,0.04131,0.51315,0.00000,0.00000,0.11667,0.70000,90.00000,0.00000,1.04748,0.11534,67.83333
occlusion_aware_permanence_v5,near_identical_distractors,3,6,1.00000,0.02631,0.02864,0.02561,0.46919,0.00000,0.00000,0.14074,0.75555,75.00000,0.00000,1.04978,0.11810,69.16667
occlusion_aware_permanence_v5,near_identical_distractors,4,6,1.00000,0.04141,0.04678,0.04285,0.45897,0.00000,0.00000,0.42778,0.74815,75.00000,0.00000,1.01240,0.10603,68.83333
occlusion_aware_permanence_v5,near_identical_distractors,5,6,1.00000,0.03624,0.03832,0.03624,0.53012,0.00833,0.00000,0.08148,0.77592,90.00000,0.00000,0.93902,0.12311,70.33333
occlusion_aware_permanence_v5,near_identical_distractors,6,6,1.00000,0.04229,0.04268,0.04229,0.52257,0.01190,0.00000,0.12222,0.74259,90.00000,0.00000,1.01879,0.11633,69.16667
occlusion_aware_permanence_v5,near_identical_distractors,7,6,1.00000,0.03550,0.03610,0.03550,0.53177,0.00000,0.00000,0.03148,0.77963,90.00000,0.00000,0.96306,0.12402,70.50000
occlusion_aware_permanence_v5,nominal,0,6,1.00000,0.01451,0.01754,0.01399,0.37123,0.00000,0.00000,0.00000,0.79815,45.00000,0.00000,0.89102,0.10035,66.83333
occlusion_aware_permanence_v5,nominal,1,6,1.00000,0.01661,0.01873,0.01358,0.36307,0.00000,0.00000,0.22407,0.77963,60.00000,0.00000,0.96564,0.09563,64.66667
occlusion_aware_permanence_v5,nominal,2,6,1.00000,0.01762,0.02201,0.01924,0.33246,0.00000,0.00000,0.00741,0.76296,60.00000,0.00000,1.04353,0.09073,63.16667
occlusion_aware_permanence_v5,nominal,3,6,1.00000,0.01415,0.01499,0.01415,0.51160,0.00000,0.00000,0.02037,0.78704,90.00000,0.00000,0.91635,0.12532,67.66667
occlusion_aware_permanence_v5,nominal,4,6,1.00000,0.02268,0.02605,0.01886,0.25129,0.00000,0.00000,0.13519,0.79074,30.00000,0.00000,0.94087,0.07224,62.16667
occlusion_aware_permanence_v5,nominal,5,6,1.00000,0.01899,0.02150,0.01550,0.39756,0.00000,0.00000,0.00000,0.76852,60.00000,0.00000,1.01842,0.09907,65.33333
occlusion_aware_permanence_v5,nominal,6,6,1.00000,0.01394,0.01426,0.01394,0.49822,0.00000,0.00000,0.15000,0.76852,90.00000,0.00000,1.02793,0.12019,65.83333
occlusion_aware_permanence_v5,nominal,7,6,1.00000,0.01698,0.01887,0.01951,0.42853,0.00000,0.00000,0.10185,0.77407,60.00000,0.00000,0.97491,0.10471,65.66667
occlusion_aware_permanence_v5,object_displacement,0,6,1.00000,0.03355,0.03636,0.03355,0.51204,0.00000,0.00000,0.00556,0.75185,90.00000,0.00000,1.06974,0.11650,67.66667
occlusion_aware_permanence_v5,object_displacement,1,6,1.00000,0.03980,0.03480,0.03980,0.52597,0.00000,0.00000,0.01111,0.77222,90.00000,0.00000,0.93641,0.12017,69.33333
occlusion_aware_permanence_v5,object_displacement,2,6,1.00000,0.04774,0.04363,0.04774,0.53160,0.00000,0.00000,0.14259,0.78704,90.00000,0.00000,0.87768,0.11969,70.50000
occlusion_aware_permanence_v5,object_displacement,3,6,1.00000,0.03206,0.03001,0.03206,0.51985,0.00000,0.00000,0.00556,0.76482,90.00000,0.00000,1.03309,0.12328,68.83333
occlusion_aware_permanence_v5,object_displacement,4,6,1.00000,0.03980,0.03880,0.03980,0.52560,0.00000,0.00000,0.13889,0.77593,90.00000,0.00000,0.95843,0.11961,69.66667
occlusion_aware_permanence_v5,object_displacement,5,6,1.00000,0.02562,0.03024,0.02562,0.52386,0.00000,0.00000,0.00000,0.77037,90.00000,0.00000,0.98193,0.12567,69.33333
occlusion_aware_permanence_v5,object_displacement,6,6,1.00000,0.03555,0.04020,0.03750,0.49728,0.00000,0.00000,0.00556,0.78704,75.00000,0.00000,0.96310,0.11680,70.66667
occlusion_aware_permanence_v5,object_displacement,7,6,1.00000,0.02802,0.02370,0.02802,0.52281,0.00000,0.00000,0.00000,0.76482,90.00000,0.00000,0.99214,0.12769,68.83333
occlusion_aware_permanence_v5,short_self_occlusion,0,6,1.00000,0.03186,0.03773,0.03016,0.47057,0.00000,0.00000,0.00000,0.76667,75.00000,0.00000,1.00248,0.10815,68.16667
occlusion_aware_permanence_v5,short_self_occlusion,1,6,1.00000,0.03900,0.03710,0.03900,0.51842,0.00000,0.00000,0.14445,0.76667,90.00000,0.00000,1.00581,0.11394,68.66667
occlusion_aware_permanence_v5,short_self_occlusion,2,6,1.00000,0.03719,0.03623,0.03719,0.52493,0.00000,0.00000,0.14445,0.77222,90.00000,0.00000,0.96119,0.11897,69.16667
occlusion_aware_permanence_v5,short_self_occlusion,3,6,1.00000,0.02686,0.02639,0.02686,0.52110,0.00000,0.00000,0.00741,0.77407,90.00000,0.00000,0.94234,0.12311,69.00000
occlusion_aware_permanence_v5,short_self_occlusion,4,6,1.00000,0.02029,0.02115,0.02029,0.53386,0.00000,0.00000,0.10370,0.79259,90.00000,0.00000,0.88429,0.13254,70.83333
occlusion_aware_permanence_v5,short_self_occlusion,5,6,1.00000,0.02508,0.02622,0.02508,0.52908,0.00000,0.00000,0.00000,0.78518,90.00000,0.00000,0.95245,0.12689,70.16667
occlusion_aware_permanence_v5,short_self_occlusion,6,6,1.00000,0.02553,0.02545,0.02553,0.53006,0.00000,0.00000,0.01111,0.78518,90.00000,0.00000,0.93289,0.12798,70.33333
occlusion_aware_permanence_v5,short_self_occlusion,7,6,1.00000,0.03225,0.03562,0.03225,0.51414,0.00000,0.00000,0.00926,0.76111,90.00000,0.00000,1.03522,0.11401,68.00000
occlusion_aware_permanence_v5,stale_memory_trap,0,6,1.00000,0.05359,0.04586,0.05359,0.53482,0.00000,0.00000,0.00000,0.76111,90.00000,0.00000,0.99413,0.11835,70.33333
occlusion_aware_permanence_v5,stale_memory_trap,1,6,1.00000,0.05072,0.04675,0.05072,0.53243,0.00000,0.00000,0.14259,0.73148,90.00000,0.00000,1.01154,0.11846,70.66667
occlusion_aware_permanence_v5,stale_memory_trap,2,6,0.83333,0.05257,0.04894,0.05257,0.53508,0.18524,0.00000,0.26296,0.66296,90.00000,0.00000,1.01789,0.11690,70.66667
occlusion_aware_permanence_v5,stale_memory_trap,3,6,1.00000,0.04261,0.04236,0.04261,0.53361,0.02205,0.00000,0.25370,0.76667,90.00000,0.00000,0.99031,0.12211,70.83333
occlusion_aware_permanence_v5,stale_memory_trap,4,6,0.83333,0.04635,0.04553,0.04635,0.54329,0.00000,0.00000,0.23518,0.66667,90.00000,0.00000,0.93823,0.12608,72.00000
occlusion_aware_permanence_v5,stale_memory_trap,5,6,1.00000,0.04997,0.04256,0.04997,0.52800,0.00000,0.00000,0.03333,0.75370,90.00000,0.00000,1.01936,0.11789,69.66667
occlusion_aware_permanence_v5,stale_memory_trap,6,6,0.83333,0.04265,0.04381,0.04265,0.53456,0.00000,0.00000,0.00000,0.67037,90.00000,0.00000,0.96322,0.12287,71.00000
occlusion_aware_permanence_v5,stale_memory_trap,7,6,0.83333,0.05205,0.05086,0.05205,0.52820,0.01042,0.00000,0.00000,0.64074,90.00000,0.00000,1.09521,0.11466,69.33333
oracle_state,camera_dropout_burst,0,6,1.00000,0.00000,0.00020,0.00000,0.00000,0.00000,0.00000,0.09815,0.78148,90.00000,0.00000,0.92007,0.00016,71.00000
oracle_state,camera_dropout_burst,1,6,1.00000,0.00000,0.00025,0.00000,0.00000,0.00000,0.00000,0.00000,0.77963,90.00000,0.00000,0.92629,0.00020,70.83333
oracle_state,camera_dropout_burst,2,6,1.00000,0.00000,0.00029,0.00000,0.00000,0.00000,0.00000,0.04259,0.75370,90.00000,0.00000,1.01463,0.00023,68.33333
oracle_state,camera_dropout_burst,3,6,1.00000,0.00000,0.00027,0.00000,0.00000,0.00000,0.00000,0.14630,0.77778,90.00000,0.00000,0.97454,0.00021,70.33333
oracle_state,camera_dropout_burst,4,6,1.00000,0.00000,0.00032,0.00000,0.00000,0.00000,0.00000,0.00000,0.76111,90.00000,0.00000,0.98355,0.00025,69.16667
oracle_state,camera_dropout_burst,5,6,1.00000,0.00000,0.00022,0.00000,0.00000,0.00000,0.00000,0.24630,0.78889,90.00000,0.00000,0.89062,0.00018,71.83333
oracle_state,camera_dropout_burst,6,6,1.00000,0.00000,0.00029,0.00000,0.00000,0.00000,0.00000,0.18333,0.78704,90.00000,0.00000,0.86167,0.00023,71.33333
oracle_state,camera_dropout_burst,7,6,1.00000,0.00000,0.00027,0.00000,0.00000,0.00000,0.00000,0.00000,0.75185,90.00000,0.00000,1.05067,0.00021,68.16667
oracle_state,combined_extreme_stress,0,6,1.00000,0.00000,0.00050,0.00000,0.00000,0.00000,0.00000,0.16852,0.77778,90.00000,0.00000,0.92572,0.00040,72.16667
oracle_state,combined_extreme_stress,1,6,1.00000,0.00000,0.00053,0.00000,0.00000,0.00000,0.00000,0.17222,0.77963,90.00000,0.00000,0.92836,0.00042,72.33333
oracle_state,combined_extreme_stress,2,6,1.00000,0.00000,0.00045,0.00000,0.00000,0.00000,0.00000,0.19074,0.76852,90.00000,0.00000,0.95132,0.00036,71.33333
oracle_state,combined_extreme_stress,3,6,1.00000,0.00000,0.00060,0.00000,0.00000,0.00000,0.00000,0.13333,0.74074,90.00000,0.00000,1.05750,0.00046,68.83333
oracle_state,combined_extreme_stress,4,6,1.00000,0.00000,0.00048,0.00000,0.00000,0.00000,0.00000,0.04074,0.74815,90.00000,0.00000,1.01201,0.00037,69.66667
oracle_state,combined_extreme_stress,5,6,1.00000,0.00000,0.00063,0.00000,0.00000,0.00000,0.00000,0.14074,0.74630,90.00000,0.00000,1.02447,0.00048,69.50000
oracle_state,combined_extreme_stress,6,6,1.00000,0.00000,0.00064,0.00000,0.00000,0.00000,0.00000,0.00000,0.74444,90.00000,0.00000,1.05494,0.00050,69.66667
oracle_state,combined_extreme_stress,7,6,1.00000,0.00000,0.00055,0.00000,0.00000,0.00000,0.00000,0.01111,0.75000,90.00000,0.00000,1.01566,0.00042,69.66667
oracle_state,combined_stress,0,6,1.00000,0.00000,0.00046,0.00000,0.00000,0.00000,0.00000,0.14259,0.75555,90.00000,0.00000,0.97976,0.00036,70.00000
oracle_state,combined_stress,1,6,1.00000,0.00000,0.00045,0.00000,0.00000,0.00000,0.00000,0.00000,0.74629,90.00000,0.00000,1.06138,0.00035,69.00000
oracle_state,combined_stress,2,6,1.00000,0.00000,0.00046,0.00000,0.00000,0.00000,0.00000,0.27408,0.76296,90.00000,0.00000,0.99037,0.00036,70.16667
oracle_state,combined_stress,3,6,1.00000,0.00000,0.00047,0.00000,0.00000,0.00000,0.00000,0.20741,0.73703,90.00000,0.00000,1.07551,0.00036,68.00000
oracle_state,combined_stress,4,6,1.00000,0.00000,0.00043,0.00000,0.00000,0.00000,0.00000,0.03148,0.75926,90.00000,0.00000,1.01375,0.00033,70.00000
oracle_state,combined_stress,5,6,1.00000,0.00000,0.00046,0.00000,0.00000,0.00000,0.00000,0.38333,0.76852,90.00000,0.00000,0.96052,0.00036,70.66667
oracle_state,combined_stress,6,6,1.00000,0.00000,0.00043,0.00000,0.00000,0.00000,0.00000,0.17963,0.76481,90.00000,0.00000,0.97615,0.00034,70.66667
oracle_state,combined_stress,7,6,1.00000,0.00000,0.00041,0.00000,0.00000,0.00000,0.00000,0.18519,0.77593,90.00000,0.00000,0.97080,0.00033,71.50000
oracle_state,distractor_swap,0,6,1.00000,0.00000,0.00016,0.00000,0.00000,0.00000,0.00000,0.00926,0.75000,90.00000,0.00000,1.02889,0.00012,67.50000
oracle_state,distractor_swap,1,6,1.00000,0.00000,0.00013,0.00000,0.00000,0.00000,0.00000,0.00370,0.78148,90.00000,0.00000,0.95491,0.00010,70.33333
oracle_state,distractor_swap,2,6,1.00000,0.00000,0.00015,0.00000,0.00000,0.00000,0.00000,0.17407,0.76111,90.00000,0.00000,1.01992,0.00011,68.50000
oracle_state,distractor_swap,3,6,1.00000,0.00000,0.00014,0.00000,0.00000,0.00000,0.00000,0.18519,0.76667,90.00000,0.00000,1.00560,0.00011,69.16667
oracle_state,distractor_swap,4,6,1.00000,0.00000,0.00013,0.00000,0.00000,0.00000,0.00000,0.14815,0.78889,90.00000,0.00000,0.89259,0.00010,71.00000
oracle_state,distractor_swap,5,6,1.00000,0.00000,0.00014,0.00000,0.00000,0.00000,0.00000,0.00000,0.77778,90.00000,0.00000,0.93933,0.00011,70.00000
oracle_state,distractor_swap,6,6,1.00000,0.00000,0.00013,0.00000,0.00000,0.00000,0.00000,0.31296,0.78704,90.00000,0.00000,0.91307,0.00010,70.83333
oracle_state,distractor_swap,7,6,1.00000,0.00000,0.00014,0.00000,0.00000,0.00000,0.00000,0.00000,0.75370,90.00000,0.00000,1.04818,0.00011,67.83333
oracle_state,embodiment_control_shift,0,6,1.00000,0.00000,0.00033,0.00000,0.00000,0.00000,0.00000,0.00000,0.75185,90.00000,0.00000,1.00293,0.00025,68.33333
oracle_state,embodiment_control_shift,1,6,1.00000,0.00000,0.00030,0.00000,0.00000,0.00000,0.00000,0.12963,0.75370,90.00000,0.00000,0.99767,0.00023,68.50000
oracle_state,embodiment_control_shift,2,6,1.00000,0.00000,0.00034,0.00000,0.00000,0.00000,0.00000,0.00000,0.77222,90.00000,0.00000,0.90770,0.00026,70.16667
oracle_state,embodiment_control_shift,3,6,1.00000,0.00000,0.00031,0.00000,0.00000,0.00000,0.00000,0.20556,0.80000,90.00000,0.00000,0.80561,0.00025,72.83333
oracle_state,embodiment_control_shift,4,6,1.00000,0.00000,0.00033,0.00000,0.00000,0.00000,0.00000,0.05185,0.76296,90.00000,0.00000,0.97055,0.00026,69.33333
oracle_state,embodiment_control_shift,5,6,1.00000,0.00000,0.00031,0.00000,0.00000,0.00000,0.00000,0.25000,0.75926,90.00000,0.00000,1.01477,0.00024,69.16667
oracle_state,embodiment_control_shift,6,6,1.00000,0.00000,0.00032,0.00000,0.00000,0.00000,0.00000,0.15000,0.76667,90.00000,0.00000,0.97427,0.00025,69.66667
oracle_state,embodiment_control_shift,7,6,1.00000,0.00000,0.00034,0.00000,0.00000,0.00000,0.00000,0.01296,0.76482,90.00000,0.00000,0.99027,0.00026,69.50000
oracle_state,end_effector_occlusion,0,6,1.00000,0.00000,0.00014,0.00000,0.00000,0.00000,0.00000,0.12037,0.77037,90.00000,0.00000,0.98599,0.00011,69.66667
oracle_state,end_effector_occlusion,1,6,1.00000,0.00000,0.00015,0.00000,0.00000,0.00000,0.00000,0.12407,0.77592,90.00000,0.00000,0.95665,0.00012,70.33333
oracle_state,end_effector_occlusion,2,6,1.00000,0.00000,0.00014,0.00000,0.00000,0.00000,0.00000,0.00926,0.77963,90.00000,0.00000,0.90647,0.00011,71.00000
oracle_state,end_effector_occlusion,3,6,1.00000,0.00000,0.00015,0.00000,0.00000,0.00000,0.00000,0.00926,0.76111,90.00000,0.00000,0.98332,0.00011,69.33333
oracle_state,end_effector_occlusion,4,6,1.00000,0.00000,0.00014,0.00000,0.00000,0.00000,0.00000,0.27778,0.78889,90.00000,0.00000,0.91158,0.00011,71.33333
oracle_state,end_effector_occlusion,5,6,1.00000,0.00000,0.00016,0.00000,0.00000,0.00000,0.00000,0.03148,0.79815,90.00000,0.00000,0.86263,0.00013,72.66667
oracle_state,end_effector_occlusion,6,6,1.00000,0.00000,0.00013,0.00000,0.00000,0.00000,0.00000,0.11482,0.76667,90.00000,0.00000,0.99498,0.00010,69.66667
oracle_state,end_effector_occlusion,7,6,1.00000,0.00000,0.00013,0.00000,0.00000,0.00000,0.00000,0.02963,0.73333,90.00000,0.00000,1.09228,0.00010,67.00000
oracle_state,false_reappearance,0,6,1.00000,0.00000,0.00030,0.00000,0.00000,0.00000,0.00000,0.00000,0.77408,90.00000,0.00000,0.95838,0.00023,70.66667
oracle_state,false_reappearance,1,6,1.00000,0.00000,0.00024,0.00000,0.00000,0.00000,0.00000,0.12778,0.75926,90.00000,0.00000,1.00296,0.00018,69.50000
oracle_state,false_reappearance,2,6,1.00000,0.00000,0.00029,0.00000,0.00000,0.00000,0.00000,0.01296,0.76297,90.00000,0.00000,0.98671,0.00022,69.83333
oracle_state,false_reappearance,3,6,1.00000,0.00000,0.00022,0.00000,0.00000,0.00000,0.00000,0.23889,0.75556,90.00000,0.00000,1.02424,0.00017,69.16667
oracle_state,false_reappearance,4,6,1.00000,0.00000,0.00027,0.00000,0.00000,0.00000,0.00000,0.00000,0.77407,90.00000,0.00000,0.96590,0.00021,70.83333
oracle_state,false_reappearance,5,6,1.00000,0.00000,0.00023,0.00000,0.00000,0.00000,0.00000,0.01482,0.77593,90.00000,0.00000,0.94466,0.00019,71.00000
oracle_state,false_reappearance,6,6,1.00000,0.00000,0.00027,0.00000,0.00000,0.00000,0.00000,0.05556,0.78333,90.00000,0.00000,0.93170,0.00021,71.50000
oracle_state,false_reappearance,7,6,1.00000,0.00000,0.00032,0.00000,0.00000,0.00000,0.00000,0.13704,0.77593,90.00000,0.00000,0.96575,0.00025,70.83333
oracle_state,hidden_contact_drift,0,6,1.00000,0.00000,0.00040,0.00000,0.00000,0.00000,0.00000,0.21296,0.76111,90.00000,0.00000,0.99836,0.00031,69.16667
oracle_state,hidden_contact_drift,1,6,1.00000,0.00000,0.00041,0.00000,0.00000,0.00000,0.00000,0.00370,0.74815,90.00000,0.00000,1.05750,0.00031,68.00000
oracle_state,hidden_contact_drift,2,6,1.00000,0.00000,0.00036,0.00000,0.00000,0.00000,0.00000,0.13704,0.78334,90.00000,0.00000,0.92120,0.00028,70.83333
oracle_state,hidden_contact_drift,3,6,1.00000,0.00000,0.00037,0.00000,0.00000,0.00000,0.00000,0.00000,0.76852,90.00000,0.00000,0.95908,0.00028,69.50000
oracle_state,hidden_contact_drift,4,6,1.00000,0.00000,0.00042,0.00000,0.00000,0.00000,0.00000,0.00000,0.78704,90.00000,0.00000,0.89601,0.00033,71.50000
oracle_state,hidden_contact_drift,5,6,1.00000,0.00000,0.00034,0.00000,0.00000,0.00000,0.00000,0.00556,0.77592,90.00000,0.00000,0.96262,0.00027,69.83333
oracle_state,hidden_contact_drift,6,6,1.00000,0.00000,0.00033,0.00000,0.00000,0.00000,0.00000,0.09630,0.77037,90.00000,0.00000,0.97080,0.00025,70.00000
oracle_state,hidden_contact_drift,7,6,1.00000,0.00000,0.00042,0.00000,0.00000,0.00000,0.00000,0.00370,0.75926,90.00000,0.00000,1.01699,0.00032,68.66667
oracle_state,high_symmetry_layout,0,6,1.00000,0.00000,0.00027,0.00000,0.00000,0.00000,0.00000,0.12963,0.73148,90.00000,0.00000,1.11333,0.00020,66.83333
oracle_state,high_symmetry_layout,1,6,1.00000,0.00000,0.00029,0.00000,0.00000,0.00000,0.00000,0.30926,0.78148,90.00000,0.00000,0.95179,0.00023,71.00000
oracle_state,high_symmetry_layout,2,6,1.00000,0.00000,0.00030,0.00000,0.00000,0.00000,0.00000,0.11667,0.77037,90.00000,0.00000,0.92645,0.00024,70.33333
oracle_state,high_symmetry_layout,3,6,1.00000,0.00000,0.00028,0.00000,0.00000,0.00000,0.00000,0.00000,0.75000,90.00000,0.00000,1.07139,0.00021,68.33333
oracle_state,high_symmetry_layout,4,6,1.00000,0.00000,0.00024,0.00000,0.00000,0.00000,0.00000,0.08518,0.76111,90.00000,0.00000,0.97346,0.00019,69.33333
oracle_state,high_symmetry_layout,5,6,1.00000,0.00000,0.00027,0.00000,0.00000,0.00000,0.00000,0.00000,0.76296,90.00000,0.00000,0.98431,0.00021,69.66667
oracle_state,high_symmetry_layout,6,6,1.00000,0.00000,0.00029,0.00000,0.00000,0.00000,0.00000,0.01482,0.77407,90.00000,0.00000,1.00360,0.00023,70.16667
oracle_state,high_symmetry_layout,7,6,1.00000,0.00000,0.00032,0.00000,0.00000,0.00000,0.00000,0.14259,0.75000,90.00000,0.00000,1.05503,0.00025,68.33333
oracle_state,long_self_occlusion,0,6,1.00000,0.00000,0.00017,0.00000,0.00000,0.00000,0.00000,0.00000,0.78704,90.00000,0.00000,0.89047,0.00014,72.33333
oracle_state,long_self_occlusion,1,6,1.00000,0.00000,0.00013,0.00000,0.00000,0.00000,0.00000,0.00741,0.78519,90.00000,0.00000,0.89677,0.00010,72.33333
oracle_state,long_self_occlusion,2,6,1.00000,0.00000,0.00018,0.00000,0.00000,0.00000,0.00000,0.00556,0.76111,90.00000,0.00000,1.00491,0.00014,70.16667
oracle_state,long_self_occlusion,3,6,1.00000,0.00000,0.00018,0.00000,0.00000,0.00000,0.00000,0.00000,0.77778,90.00000,0.00000,0.94641,0.00015,71.66667
oracle_state,long_self_occlusion,4,6,1.00000,0.00000,0.00014,0.00000,0.00000,0.00000,0.00000,0.12593,0.77037,90.00000,0.00000,0.94931,0.00011,70.66667
oracle_state,long_self_occlusion,5,6,1.00000,0.00000,0.00019,0.00000,0.00000,0.00000,0.00000,0.01111,0.76667,90.00000,0.00000,0.99635,0.00015,70.83333
oracle_state,long_self_occlusion,6,6,1.00000,0.00000,0.00016,0.00000,0.00000,0.00000,0.00000,0.14259,0.79074,90.00000,0.00000,0.89841,0.00013,72.83333
oracle_state,long_self_occlusion,7,6,1.00000,0.00000,0.00013,0.00000,0.00000,0.00000,0.00000,0.13704,0.76667,90.00000,0.00000,0.97106,0.00010,70.50000
oracle_state,near_identical_distractors,0,6,1.00000,0.00000,0.00016,0.00000,0.00000,0.00000,0.00000,0.26667,0.77037,90.00000,0.00000,0.96357,0.00012,69.83333
oracle_state,near_identical_distractors,1,6,1.00000,0.00000,0.00011,0.00000,0.00000,0.00000,0.00000,0.13704,0.78333,90.00000,0.00000,0.89764,0.00009,70.66667
oracle_state,near_identical_distractors,2,6,1.00000,0.00000,0.00016,0.00000,0.00000,0.00000,0.00000,0.05185,0.75185,90.00000,0.00000,1.02187,0.00012,68.00000
oracle_state,near_identical_distractors,3,6,1.00000,0.00000,0.00018,0.00000,0.00000,0.00000,0.00000,0.12222,0.76667,90.00000,0.00000,1.00923,0.00014,69.33333
oracle_state,near_identical_distractors,4,6,1.00000,0.00000,0.00016,0.00000,0.00000,0.00000,0.00000,0.58333,0.76296,90.00000,0.00000,0.97165,0.00012,69.00000
oracle_state,near_identical_distractors,5,6,1.00000,0.00000,0.00020,0.00000,0.00000,0.00000,0.00000,0.00000,0.77778,90.00000,0.00000,0.91121,0.00015,70.33333
oracle_state,near_identical_distractors,6,6,1.00000,0.00000,0.00017,0.00000,0.00000,0.00000,0.00000,0.01111,0.76297,90.00000,0.00000,0.99171,0.00013,69.33333
oracle_state,near_identical_distractors,7,6,1.00000,0.00000,0.00018,0.00000,0.00000,0.00000,0.00000,0.13518,0.77963,90.00000,0.00000,0.94375,0.00014,70.50000
oracle_state,nominal,0,6,1.00000,0.00000,0.00007,0.00000,0.00000,0.00000,0.00000,0.00000,0.79815,90.00000,0.00000,0.84827,0.00005,68.83333
oracle_state,nominal,1,6,1.00000,0.00000,0.00008,0.00000,0.00000,0.00000,0.00000,0.25000,0.77963,90.00000,0.00000,0.94212,0.00006,67.16667
oracle_state,nominal,2,6,1.00000,0.00000,0.00007,0.00000,0.00000,0.00000,0.00000,0.00741,0.76481,90.00000,0.00000,1.01636,0.00005,65.83333
oracle_state,nominal,3,6,1.00000,0.00000,0.00007,0.00000,0.00000,0.00000,0.00000,0.02037,0.78704,90.00000,0.00000,0.91725,0.00005,67.83333
oracle_state,nominal,4,6,1.00000,0.00000,0.00007,0.00000,0.00000,0.00000,0.00000,0.13333,0.79259,90.00000,0.00000,0.87432,0.00005,68.16667
oracle_state,nominal,5,6,1.00000,0.00000,0.00008,0.00000,0.00000,0.00000,0.00000,0.00000,0.76852,90.00000,0.00000,0.99072,0.00006,66.16667
oracle_state,nominal,6,6,1.00000,0.00000,0.00006,0.00000,0.00000,0.00000,0.00000,0.26666,0.76852,90.00000,0.00000,1.01398,0.00005,65.83333
oracle_state,nominal,7,6,1.00000,0.00000,0.00008,0.00000,0.00000,0.00000,0.00000,0.13333,0.77222,90.00000,0.00000,0.95219,0.00006,66.66667
oracle_state,object_displacement,0,6,1.00000,0.00000,0.00036,0.00000,0.00000,0.00000,0.00000,0.00556,0.75556,90.00000,0.00000,1.05187,0.00028,68.00000
oracle_state,object_displacement,1,6,1.00000,0.00000,0.00029,0.00000,0.00000,0.00000,0.00000,0.01111,0.77407,90.00000,0.00000,0.94415,0.00022,69.50000
oracle_state,object_displacement,2,6,1.00000,0.00000,0.00030,0.00000,0.00000,0.00000,0.00000,0.14259,0.78889,90.00000,0.00000,0.88859,0.00024,71.00000
oracle_state,object_displacement,3,6,1.00000,0.00000,0.00029,0.00000,0.00000,0.00000,0.00000,0.01852,0.76482,90.00000,0.00000,1.02725,0.00022,68.83333
oracle_state,object_displacement,4,6,1.00000,0.00000,0.00036,0.00000,0.00000,0.00000,0.00000,0.15185,0.77593,90.00000,0.00000,0.96580,0.00028,69.66667
oracle_state,object_displacement,5,6,1.00000,0.00000,0.00030,0.00000,0.00000,0.00000,0.00000,0.00000,0.77223,90.00000,0.00000,0.96530,0.00023,69.50000
oracle_state,object_displacement,6,6,1.00000,0.00000,0.00026,0.00000,0.00000,0.00000,0.00000,0.09259,0.79074,90.00000,0.00000,0.92286,0.00021,70.83333
oracle_state,object_displacement,7,6,1.00000,0.00000,0.00034,0.00000,0.00000,0.00000,0.00000,0.11296,0.76297,90.00000,0.00000,0.97953,0.00026,68.66667
oracle_state,short_self_occlusion,0,6,1.00000,0.00000,0.00011,0.00000,0.00000,0.00000,0.00000,0.00000,0.76852,90.00000,0.00000,0.98287,0.00009,68.66667
oracle_state,short_self_occlusion,1,6,1.00000,0.00000,0.00011,0.00000,0.00000,0.00000,0.00000,0.14445,0.76481,90.00000,0.00000,0.98719,0.00009,68.66667
oracle_state,short_self_occlusion,2,6,1.00000,0.00000,0.00012,0.00000,0.00000,0.00000,0.00000,0.13518,0.77037,90.00000,0.00000,0.95818,0.00009,69.16667
oracle_state,short_self_occlusion,3,6,1.00000,0.00000,0.00013,0.00000,0.00000,0.00000,0.00000,0.00741,0.77407,90.00000,0.00000,0.93332,0.00010,69.16667
oracle_state,short_self_occlusion,4,6,1.00000,0.00000,0.00010,0.00000,0.00000,0.00000,0.00000,0.02222,0.79074,90.00000,0.00000,0.87916,0.00008,70.66667
oracle_state,short_self_occlusion,5,6,1.00000,0.00000,0.00012,0.00000,0.00000,0.00000,0.00000,0.00000,0.78518,90.00000,0.00000,0.94108,0.00010,70.16667
oracle_state,short_self_occlusion,6,6,1.00000,0.00000,0.00013,0.00000,0.00000,0.00000,0.00000,0.01296,0.78518,90.00000,0.00000,0.92397,0.00010,70.50000
oracle_state,short_self_occlusion,7,6,1.00000,0.00000,0.00011,0.00000,0.00000,0.00000,0.00000,0.00926,0.76111,90.00000,0.00000,1.01386,0.00009,68.00000
oracle_state,stale_memory_trap,0,6,1.00000,0.00000,0.00049,0.00000,0.00000,0.00000,0.00000,0.04445,0.76667,90.00000,0.00000,0.99923,0.00038,70.33333
oracle_state,stale_memory_trap,1,6,1.00000,0.00000,0.00038,0.00000,0.00000,0.00000,0.00000,0.12593,0.76667,90.00000,0.00000,1.00512,0.00029,70.66667
oracle_state,stale_memory_trap,2,6,1.00000,0.00000,0.00050,0.00000,0.00000,0.00000,0.00000,0.16111,0.76852,90.00000,0.00000,1.00782,0.00040,71.00000
oracle_state,stale_memory_trap,3,6,1.00000,0.00000,0.00047,0.00000,0.00000,0.00000,0.00000,0.15370,0.77037,90.00000,0.00000,0.98591,0.00037,70.83333
oracle_state,stale_memory_trap,4,6,1.00000,0.00000,0.00037,0.00000,0.00000,0.00000,0.00000,0.15000,0.78333,90.00000,0.00000,0.92750,0.00030,72.00000
oracle_state,stale_memory_trap,5,6,1.00000,0.00000,0.00053,0.00000,0.00000,0.00000,0.00000,0.02963,0.75741,90.00000,0.00000,1.02130,0.00041,69.83333
oracle_state,stale_memory_trap,6,6,1.00000,0.00000,0.00051,0.00000,0.00000,0.00000,0.00000,0.00000,0.77037,90.00000,0.00000,0.97076,0.00040,71.00000
oracle_state,stale_memory_trap,7,6,1.00000,0.00000,0.00045,0.00000,0.00000,0.00000,0.00000,0.00000,0.75185,90.00000,0.00000,1.06744,0.00035,69.33333
particle_belief_tracker,camera_dropout_burst,0,6,0.33333,0.08421,0.12035,0.04614,0.00249,0.56149,0.00000,0.33889,0.34074,0.30556,0.00000,1.35045,0.04768,53.16667
particle_belief_tracker,camera_dropout_burst,1,6,0.66667,0.06989,0.09841,0.04902,0.04865,0.61923,0.00000,0.35926,0.43704,0.13889,0.00000,1.32700,0.04860,56.66667
particle_belief_tracker,camera_dropout_burst,2,6,0.33333,0.11178,0.14436,0.09149,0.00738,0.53581,0.00000,0.38334,0.35556,15.09722,0.00000,1.37162,0.06577,54.83333
particle_belief_tracker,camera_dropout_burst,3,6,0.50000,0.08360,0.10935,0.05475,0.02704,0.53112,0.00000,0.36852,0.38889,30.08333,0.00000,1.31102,0.03634,57.83333
particle_belief_tracker,camera_dropout_burst,4,6,0.33333,0.15087,0.12354,0.09992,0.01801,0.64892,0.00000,0.28704,0.37037,30.05555,0.00000,1.37434,0.04724,58.66667
particle_belief_tracker,camera_dropout_burst,5,6,0.16667,0.09347,0.12296,0.06658,0.07222,0.71986,0.00000,0.48518,0.37222,15.45833,0.00000,1.29771,0.05626,62.83333
particle_belief_tracker,camera_dropout_burst,6,6,0.50000,0.13046,0.11946,0.04436,0.02894,0.50489,0.00000,0.32222,0.41852,0.09722,0.00000,1.26430,0.05108,53.16667
particle_belief_tracker,camera_dropout_burst,7,6,0.00000,0.21142,0.17769,0.15867,0.02141,0.75184,0.00000,0.41667,0.22407,45.11111,0.00000,1.38279,0.06985,60.83333
particle_belief_tracker,combined_extreme_stress,0,6,0.00000,0.14414,0.14425,0.12203,0.20056,0.81420,0.00000,0.70000,0.16482,45.12500,0.00000,1.29083,0.05105,69.50000
particle_belief_tracker,combined_extreme_stress,1,6,0.16667,0.11959,0.11242,0.08477,0.12336,0.73287,0.00000,0.72222,0.18518,45.00000,0.00000,1.17878,0.04508,70.00000
particle_belief_tracker,combined_extreme_stress,2,6,0.00000,0.18487,0.13550,0.08896,0.19962,0.72353,0.00000,0.62407,0.22222,30.11111,0.00000,1.31517,0.05315,66.83333
particle_belief_tracker,combined_extreme_stress,3,6,0.00000,0.10065,0.12310,0.09729,0.17062,0.77992,0.00000,0.68148,0.12408,45.00000,0.00000,1.36529,0.03888,66.16667
particle_belief_tracker,combined_extreme_stress,4,6,0.00000,0.08938,0.13774,0.07193,0.14879,0.77769,0.00000,0.59630,0.13889,30.09722,0.00000,1.37955,0.04289,61.83333
particle_belief_tracker,combined_extreme_stress,5,6,0.16667,0.09592,0.13515,0.07506,0.20163,0.71990,0.00000,0.60556,0.23889,30.16667,0.00000,1.42885,0.05051,63.00000
particle_belief_tracker,combined_extreme_stress,6,6,0.00000,0.11488,0.14833,0.07849,0.12277,0.77957,0.00000,0.62037,0.09074,15.11111,0.00000,1.41101,0.04425,59.66667
particle_belief_tracker,combined_extreme_stress,7,6,0.00000,0.17703,0.16030,0.06760,0.12323,0.68207,0.00000,0.44630,0.11482,0.08333,0.00000,1.47666,0.05058,56.00000
particle_belief_tracker,combined_stress,0,6,0.16667,0.12280,0.11871,0.06126,0.14497,0.66464,0.00000,0.46852,0.29815,15.00000,0.00000,1.33949,0.04841,59.33333
particle_belief_tracker,combined_stress,1,6,0.00000,0.16146,0.13870,0.05348,0.06699,0.66736,0.00000,0.37222,0.12407,15.04167,0.00000,1.41295,0.04231,55.83333
particle_belief_tracker,combined_stress,2,6,0.33333,0.11200,0.13587,0.06220,0.05470,0.67045,0.00000,0.50556,0.26852,15.04167,0.00000,1.38728,0.05488,57.66667
particle_belief_tracker,combined_stress,3,6,0.50000,0.10738,0.10934,0.05325,0.02117,0.67344,0.00000,0.58703,0.26852,30.00000,0.00000,1.38109,0.03958,62.66667
particle_belief_tracker,combined_stress,4,6,0.00000,0.15645,0.15594,0.06798,0.04430,0.71263,0.00000,0.43148,0.10926,30.09722,0.00000,1.45427,0.04779,58.33333
particle_belief_tracker,combined_stress,5,6,0.16667,0.13891,0.12306,0.13891,0.10613,0.87493,0.00000,0.70741,0.28148,90.00000,0.00000,1.18441,0.05005,70.66667
particle_belief_tracker,combined_stress,6,6,0.00000,0.13148,0.11664,0.08375,0.09170,0.74590,0.00000,0.67778,0.21852,45.00000,0.00000,1.27495,0.03988,66.50000
particle_belief_tracker,combined_stress,7,6,0.50000,0.15641,0.12811,0.09716,0.06428,0.75596,0.00000,0.66111,0.28704,30.00000,0.00000,1.30465,0.05176,64.66667
particle_belief_tracker,distractor_swap,0,6,0.50000,0.08264,0.08128,0.03555,0.00000,0.59490,0.00000,0.47222,0.50370,0.00000,0.00000,1.29264,0.03217,58.00000
particle_belief_tracker,distractor_swap,1,6,0.33333,0.04925,0.07980,0.04566,0.00000,0.53720,0.00000,0.42592,0.55741,15.05556,0.00000,1.20967,0.02941,59.66667
particle_belief_tracker,distractor_swap,2,6,0.83333,0.08714,0.07841,0.05937,0.00000,0.59547,0.00000,0.70185,0.56481,15.05556,0.00000,1.23646,0.02960,62.50000
particle_belief_tracker,distractor_swap,3,6,0.83333,0.06313,0.07318,0.03957,0.00000,0.44969,0.00000,0.43518,0.63889,15.00000,0.00000,1.23502,0.02336,59.16667
particle_belief_tracker,distractor_swap,4,6,0.66667,0.07660,0.07498,0.04265,0.00000,0.56035,0.00000,0.49815,0.55185,15.00000,0.00000,1.12763,0.02976,62.83333
particle_belief_tracker,distractor_swap,5,6,0.83333,0.05124,0.07567,0.03004,0.00000,0.43954,0.00000,0.36111,0.58333,0.00000,0.00000,1.24002,0.02701,56.00000
particle_belief_tracker,distractor_swap,6,6,0.83333,0.07735,0.06851,0.04102,0.00000,0.54230,0.00000,0.50370,0.60370,15.00000,0.00000,1.16021,0.02249,61.66667
particle_belief_tracker,distractor_swap,7,6,0.66667,0.07014,0.08257,0.04387,0.00000,0.55134,0.00000,0.34630,0.47407,15.00000,0.00000,1.34686,0.03204,57.50000
particle_belief_tracker,embodiment_control_shift,0,6,0.50000,0.20151,0.15941,0.12353,0.05387,0.76556,0.00000,0.25741,0.29630,30.00000,0.00000,1.41229,0.07337,57.66667
particle_belief_tracker,embodiment_control_shift,1,6,0.66667,0.07527,0.09674,0.03726,0.03085,0.66202,0.00000,0.51111,0.44074,0.19444,0.00000,1.29464,0.03859,58.33333
particle_belief_tracker,embodiment_control_shift,2,6,0.16667,0.14073,0.12233,0.05317,0.01826,0.75016,0.00000,0.48519,0.31666,15.00000,0.00000,1.29211,0.04333,60.33333
particle_belief_tracker,embodiment_control_shift,3,6,0.33333,0.09888,0.10727,0.03237,0.03742,0.70798,0.00000,0.36481,0.41852,0.00000,0.00000,1.20461,0.04822,59.33333
particle_belief_tracker,embodiment_control_shift,4,6,0.50000,0.14812,0.13692,0.10241,0.05960,0.70418,0.00000,0.40370,0.33704,30.13889,0.00000,1.31117,0.05266,58.33333
particle_belief_tracker,embodiment_control_shift,5,6,0.83333,0.07162,0.09048,0.04827,0.00785,0.76437,0.00000,0.53333,0.42407,15.16667,0.00000,1.30776,0.03520,59.50000
particle_belief_tracker,embodiment_control_shift,6,6,0.50000,0.11622,0.09897,0.07038,0.00688,0.78819,0.00000,0.62593,0.41111,30.19445,0.00000,1.26359,0.03582,60.66667
particle_belief_tracker,embodiment_control_shift,7,6,0.33333,0.11574,0.10193,0.03552,0.00575,0.65602,0.00000,0.43148,0.41297,0.05556,0.00000,1.31787,0.04006,55.66667
particle_belief_tracker,end_effector_occlusion,0,6,0.66667,0.05523,0.07486,0.04226,0.00000,0.38790,0.00000,0.23704,0.52037,15.00000,0.00000,1.30382,0.03909,60.66667
particle_belief_tracker,end_effector_occlusion,1,6,0.50000,0.07779,0.09717,0.06828,0.00000,0.54153,0.00000,0.25556,0.36481,15.13889,0.00000,1.34150,0.04435,58.50000
particle_belief_tracker,end_effector_occlusion,2,6,0.16667,0.19584,0.14777,0.16468,0.00000,0.65106,0.00000,0.24815,0.35000,45.00000,0.00000,1.26798,0.07912,65.00000
particle_belief_tracker,end_effector_occlusion,3,6,0.66667,0.04687,0.07095,0.03568,0.00000,0.51713,0.00000,0.22037,0.53519,0.16667,0.00000,1.33197,0.04095,59.50000
particle_belief_tracker,end_effector_occlusion,4,6,0.50000,0.08135,0.08356,0.06308,0.00000,0.58287,0.00000,0.42407,0.46296,30.00000,0.00000,1.23409,0.03882,64.16667
particle_belief_tracker,end_effector_occlusion,5,6,0.50000,0.09208,0.08017,0.04266,0.00000,0.63146,0.00000,0.40555,0.49815,15.00000,0.00000,1.16678,0.03214,66.50000
particle_belief_tracker,end_effector_occlusion,6,6,0.66667,0.06483,0.08149,0.03944,0.00000,0.61587,0.00000,0.18889,0.46297,15.00000,0.00000,1.29821,0.03855,60.83333
particle_belief_tracker,end_effector_occlusion,7,6,0.33333,0.10490,0.07976,0.04890,0.00000,0.63562,0.00000,0.29629,0.50000,15.00000,0.00000,1.34415,0.03659,59.66667
particle_belief_tracker,false_reappearance,0,6,0.33333,0.16543,0.14965,0.09721,0.00000,0.69633,0.00000,0.49074,0.27963,15.00000,0.00000,1.35313,0.06266,60.66667
particle_belief_tracker,false_reappearance,1,6,0.50000,0.12460,0.10919,0.04482,0.00000,0.68128,0.00000,0.58518,0.30741,15.00000,0.00000,1.35010,0.03641,60.83333
particle_belief_tracker,false_reappearance,2,6,0.33333,0.12900,0.10469,0.04484,0.00000,0.71866,0.00000,0.46296,0.31481,0.27778,0.00000,1.26861,0.03343,57.33333
particle_belief_tracker,false_reappearance,3,6,0.33333,0.11171,0.11124,0.08015,0.00000,0.80656,0.00000,0.60370,0.27592,30.13889,0.00000,1.31484,0.03524,63.50000
particle_belief_tracker,false_reappearance,4,6,0.16667,0.14689,0.14058,0.09556,0.00228,0.70363,0.00000,0.37593,0.25000,30.04167,0.00000,1.34010,0.05239,58.33333
particle_belief_tracker,false_reappearance,5,6,0.16667,0.13777,0.11456,0.06040,0.00000,0.77239,0.00000,0.52778,0.32778,15.11111,0.00000,1.28028,0.03798,60.50000
particle_belief_tracker,false_reappearance,6,6,0.33333,0.12149,0.13575,0.09293,0.00000,0.65694,0.00000,0.58889,0.26296,15.20833,0.00000,1.26638,0.05025,62.50000
particle_belief_tracker,false_reappearance,7,6,0.00000,0.09598,0.10980,0.05926,0.00000,0.72205,0.00000,0.50185,0.30926,30.00000,0.00000,1.28483,0.03427,59.50000
particle_belief_tracker,hidden_contact_drift,0,6,0.66667,0.16154,0.14022,0.06017,0.23890,0.81126,0.00000,0.56296,0.34630,30.00000,0.00000,1.36882,0.07839,67.00000
particle_belief_tracker,hidden_contact_drift,1,6,0.50000,0.15472,0.12786,0.03470,0.08710,0.68885,0.00000,0.23333,0.30555,0.00000,0.00000,1.42026,0.04469,49.83333
particle_belief_tracker,hidden_contact_drift,2,6,0.33333,0.11328,0.12919,0.04785,0.17270,0.78910,0.00000,0.59074,0.35926,30.05555,0.00000,1.33242,0.06732,64.50000
particle_belief_tracker,hidden_contact_drift,3,6,0.66667,0.10647,0.14701,0.05440,0.10075,0.68434,0.00000,0.12593,0.34630,0.08333,0.00000,1.58841,0.06831,44.33333
particle_belief_tracker,hidden_contact_drift,4,6,0.83333,0.10526,0.11594,0.03674,0.05131,0.70678,0.00000,0.27222,0.44630,0.00000,0.00000,1.34575,0.04390,53.33333
particle_belief_tracker,hidden_contact_drift,5,6,0.16667,0.12948,0.16089,0.09899,0.12686,0.78942,0.00000,0.32407,0.26852,30.04167,0.00000,1.33827,0.06745,56.66667
particle_belief_tracker,hidden_contact_drift,6,6,0.50000,0.11385,0.10993,0.03506,0.18991,0.82510,0.00000,0.30741,0.38519,0.00000,0.00000,1.35928,0.05794,56.83333
particle_belief_tracker,hidden_contact_drift,7,6,0.00000,0.08712,0.10399,0.04777,0.09380,0.75113,0.00000,0.38519,0.40926,15.00000,0.00000,1.38606,0.03965,56.33333
particle_belief_tracker,high_symmetry_layout,0,6,0.50000,0.08062,0.10918,0.04352,0.01531,0.72027,0.00000,0.47037,0.40741,15.22222,0.00000,1.39929,0.04026,53.33333
particle_belief_tracker,high_symmetry_layout,1,6,0.16667,0.11532,0.09503,0.06920,0.01171,0.62237,0.00000,0.55926,0.47963,45.00000,0.00000,1.22359,0.04045,62.00000
particle_belief_tracker,high_symmetry_layout,2,6,0.33333,0.10735,0.11805,0.08730,0.00238,0.73309,0.00000,0.52222,0.30185,45.00000,0.00000,1.19298,0.03696,61.66667
particle_belief_tracker,high_symmetry_layout,3,6,0.33333,0.10670,0.13139,0.04929,0.00980,0.76000,0.00000,0.53889,0.19074,15.00000,0.00000,1.43712,0.04469,61.66667
particle_belief_tracker,high_symmetry_layout,4,6,0.50000,0.12487,0.10842,0.05673,0.00000,0.71097,0.00000,0.41852,0.36111,15.11111,0.00000,1.34287,0.04149,56.16667
particle_belief_tracker,high_symmetry_layout,5,6,0.16667,0.09952,0.13719,0.07906,0.00000,0.76365,0.00000,0.45185,0.30000,30.05555,0.00000,1.37420,0.04974,57.16667
particle_belief_tracker,high_symmetry_layout,6,6,0.66667,0.07534,0.10253,0.03931,0.00000,0.67868,0.00000,0.55741,0.34259,0.23611,0.00000,1.32701,0.03257,56.83333
particle_belief_tracker,high_symmetry_layout,7,6,0.50000,0.11516,0.10264,0.03668,0.00000,0.71922,0.00000,0.40741,0.38148,0.00000,0.00000,1.42505,0.04319,56.66667
particle_belief_tracker,long_self_occlusion,0,6,0.66667,0.13849,0.11057,0.08533,0.03439,0.59735,0.00000,0.19074,0.46296,15.16667,0.00000,1.30136,0.06255,64.50000
particle_belief_tracker,long_self_occlusion,1,6,0.33333,0.09288,0.10262,0.05598,0.00000,0.49861,0.00000,0.13333,0.37407,15.00000,0.00000,1.31135,0.04122,61.66667
particle_belief_tracker,long_self_occlusion,2,6,0.33333,0.07771,0.09763,0.04437,0.00000,0.57718,0.00000,0.12407,0.42963,0.00000,0.00000,1.45699,0.05414,59.16667
particle_belief_tracker,long_self_occlusion,3,6,0.16667,0.11692,0.11469,0.10311,0.00000,0.63889,0.00000,0.19445,0.35000,30.00000,0.00000,1.32295,0.04786,65.00000
particle_belief_tracker,long_self_occlusion,4,6,0.16667,0.11864,0.07967,0.06560,0.03052,0.70370,0.00000,0.29444,0.52222,30.00000,0.00000,1.29094,0.05215,65.50000
particle_belief_tracker,long_self_occlusion,5,6,0.16667,0.11532,0.10238,0.07729,0.01042,0.62407,0.00000,0.23889,0.41481,15.00000,0.00000,1.32155,0.05528,65.00000
particle_belief_tracker,long_self_occlusion,6,6,0.16667,0.09396,0.09903,0.05478,0.00997,0.54033,0.00000,0.27408,0.39444,15.00000,0.00000,1.30737,0.05691,64.33333
particle_belief_tracker,long_self_occlusion,7,6,0.16667,0.16166,0.11023,0.13264,0.02703,0.72090,0.00000,0.40370,0.32407,60.00000,0.00000,1.21386,0.04292,68.33333
particle_belief_tracker,near_identical_distractors,0,6,0.66667,0.05048,0.08516,0.03575,0.00000,0.58461,0.00000,0.40185,0.50185,0.08333,0.00000,1.28022,0.03020,58.00000
particle_belief_tracker,near_identical_distractors,1,6,0.66667,0.08740,0.08234,0.04561,0.00000,0.59774,0.00000,0.40555,0.50926,15.00000,0.00000,1.19048,0.03076,60.50000
particle_belief_tracker,near_identical_distractors,2,6,0.66667,0.10175,0.09064,0.06153,0.00000,0.60166,0.00000,0.40740,0.47037,15.00000,0.00000,1.32651,0.03721,57.00000
particle_belief_tracker,near_identical_distractors,3,6,0.83333,0.08617,0.08609,0.05078,0.00000,0.51877,0.00000,0.45000,0.46296,15.08333,0.00000,1.27326,0.02856,59.50000
particle_belief_tracker,near_identical_distractors,4,6,0.66667,0.07309,0.07674,0.05402,0.00000,0.66220,0.00000,0.63889,0.54445,30.00000,0.00000,1.17605,0.02316,64.50000
particle_belief_tracker,near_identical_distractors,5,6,0.66667,0.07031,0.08386,0.03090,0.00000,0.49883,0.00000,0.36482,0.54630,0.00000,0.00000,1.19055,0.02760,58.83333
particle_belief_tracker,near_identical_distractors,6,6,0.50000,0.08754,0.09308,0.07419,0.00000,0.58836,0.00000,0.48148,0.42037,30.00000,0.00000,1.24633,0.03453,61.00000
particle_belief_tracker,near_identical_distractors,7,6,0.50000,0.08293,0.08641,0.03750,0.00000,0.59119,0.00000,0.46481,0.50370,0.05556,0.00000,1.23653,0.02843,59.33333
particle_belief_tracker,nominal,0,6,0.83333,0.04511,0.03929,0.05917,0.00000,0.61111,0.00000,0.03889,0.69630,15.00000,0.00000,0.99313,0.04156,59.50000
particle_belief_tracker,nominal,1,6,0.83333,0.04361,0.03101,0.04366,0.00000,0.16667,0.00000,0.24815,0.73148,60.00000,0.00000,1.01570,0.02871,64.33333
particle_belief_tracker,nominal,2,6,1.00000,0.02258,0.01273,0.02391,0.00000,0.16667,0.00000,0.00926,0.76111,60.00000,0.00000,1.06222,0.03762,62.66667
particle_belief_tracker,nominal,3,6,0.83333,0.01831,0.01705,0.04899,0.00000,0.08333,0.00000,0.03333,0.75741,45.00000,0.00000,1.00077,0.04411,60.66667
particle_belief_tracker,nominal,4,6,1.00000,0.00921,0.01477,0.01007,0.00000,0.16667,0.00000,0.06852,0.79259,45.00000,0.00000,0.92315,0.03859,64.66667
particle_belief_tracker,nominal,5,6,1.00000,0.01500,0.01519,0.01521,0.00000,0.00000,0.00000,0.00000,0.76852,60.00000,0.00000,1.02135,0.03839,64.83333
particle_belief_tracker,nominal,6,6,1.00000,0.02235,0.01984,0.01994,0.00000,0.00000,0.00000,0.26852,0.76852,15.00000,0.00000,1.09830,0.02982,58.50000
particle_belief_tracker,nominal,7,6,1.00000,0.01350,0.01458,0.01978,0.00000,0.00000,0.00000,0.15185,0.75926,45.00000,0.00000,1.02008,0.03612,60.16667
particle_belief_tracker,object_displacement,0,6,0.83333,0.08196,0.09629,0.03053,0.07552,0.52917,0.00000,0.15926,0.51482,0.00000,0.00000,1.44571,0.05499,51.66667
particle_belief_tracker,object_displacement,1,6,0.83333,0.05580,0.08981,0.03236,0.03323,0.62533,0.00000,0.09074,0.54445,0.13889,0.00000,1.40521,0.04944,51.66667
particle_belief_tracker,object_displacement,2,6,0.83333,0.11268,0.07907,0.03652,0.03839,0.60871,0.00000,0.25926,0.63704,0.05556,0.00000,1.17767,0.04858,59.16667
particle_belief_tracker,object_displacement,3,6,0.16667,0.17514,0.11138,0.05739,0.00000,0.51402,0.00000,0.14259,0.52963,0.15278,0.00000,1.50069,0.05130,47.00000
particle_belief_tracker,object_displacement,4,6,1.00000,0.05837,0.07491,0.03262,0.02221,0.68744,0.00000,0.38148,0.59444,0.00000,0.00000,1.28725,0.04391,58.66667
particle_belief_tracker,object_displacement,5,6,0.50000,0.08607,0.10572,0.03775,0.07797,0.59829,0.00000,0.10556,0.44630,0.16667,0.00000,1.38720,0.05768,54.00000
particle_belief_tracker,object_displacement,6,6,0.16667,0.14913,0.11574,0.08562,0.07322,0.63294,0.00000,0.31666,0.53889,15.05556,0.00000,1.31418,0.06856,61.00000
particle_belief_tracker,object_displacement,7,6,0.33333,0.09991,0.11962,0.07998,0.04026,0.52543,0.00000,0.27222,0.30000,30.05555,0.00000,1.36341,0.04816,56.83333
particle_belief_tracker,short_self_occlusion,0,6,0.83333,0.03526,0.04554,0.03308,0.00000,0.19444,0.00000,0.12963,0.71482,15.00000,0.00000,1.18558,0.03869,61.00000
particle_belief_tracker,short_self_occlusion,1,6,0.66667,0.03681,0.04191,0.03305,0.00000,0.58333,0.00000,0.16111,0.66296,0.00000,0.00000,1.19474,0.04580,61.50000
particle_belief_tracker,short_self_occlusion,2,6,0.83333,0.05670,0.05675,0.04096,0.00000,0.22222,0.00000,0.18519,0.66482,15.00000,0.00000,1.14119,0.04598,65.33333
particle_belief_tracker,short_self_occlusion,3,6,1.00000,0.03697,0.04849,0.02485,0.00000,0.11667,0.00000,0.05926,0.70741,0.00000,0.00000,1.16469,0.03319,61.33333
particle_belief_tracker,short_self_occlusion,4,6,1.00000,0.01549,0.04091,0.02737,0.00000,0.37500,0.00000,0.13704,0.71852,0.00000,0.00000,1.12509,0.04757,64.50000
particle_belief_tracker,short_self_occlusion,5,6,1.00000,0.04757,0.04518,0.03260,0.00000,0.18333,0.00000,0.02593,0.70185,0.00000,0.00000,1.17765,0.03911,61.33333
particle_belief_tracker,short_self_occlusion,6,6,0.83333,0.04953,0.04908,0.03183,0.00000,0.34444,0.00000,0.13333,0.68889,0.00000,0.00000,1.16154,0.03679,61.66667
particle_belief_tracker,short_self_occlusion,7,6,1.00000,0.06107,0.05623,0.02562,0.00000,0.23333,0.00000,0.02037,0.62222,0.00000,0.00000,1.23434,0.03402,60.50000
particle_belief_tracker,stale_memory_trap,0,6,0.00000,0.10446,0.12167,0.05143,0.18705,0.73083,0.00000,0.52037,0.21296,15.00000,0.00000,1.33454,0.04967,62.33333
particle_belief_tracker,stale_memory_trap,1,6,0.66667,0.07977,0.13904,0.04331,0.17136,0.77355,0.00000,0.24815,0.31111,15.23611,0.00000,1.58977,0.06897,54.50000
particle_belief_tracker,stale_memory_trap,2,6,0.16667,0.10572,0.12328,0.06863,0.16865,0.91476,0.00000,0.56852,0.22037,45.00000,0.00000,1.36286,0.05531,67.50000
particle_belief_tracker,stale_memory_trap,3,6,0.50000,0.13544,0.13347,0.07058,0.16549,0.72083,0.00000,0.38148,0.20555,30.27778,0.00000,1.37861,0.06356,56.83333
particle_belief_tracker,stale_memory_trap,4,6,0.50000,0.14427,0.13048,0.05005,0.15112,0.67624,0.00000,0.53889,0.27592,15.00000,0.00000,1.32920,0.06395,60.50000
particle_belief_tracker,stale_memory_trap,5,6,0.00000,0.04868,0.12801,0.04620,0.10984,0.82552,0.00000,0.44259,0.22222,15.08333,0.00000,1.38729,0.04630,58.83333
particle_belief_tracker,stale_memory_trap,6,6,0.16667,0.19498,0.18666,0.13050,0.15572,0.83430,0.00000,0.57037,0.15926,30.05555,0.00000,1.31306,0.07694,65.50000
particle_belief_tracker,stale_memory_trap,7,6,0.16667,0.18975,0.17166,0.08283,0.10513,0.80663,0.00000,0.51111,0.13148,15.00000,0.00000,1.51040,0.06495,62.16667
pomdp_style_belief_planner,camera_dropout_burst,0,6,0.83333,0.08690,0.06842,0.05020,0.11940,0.02778,0.00000,0.11296,0.46111,15.11111,15.16667,1.50459,0.06893,52.83333
pomdp_style_belief_planner,camera_dropout_burst,1,6,0.66667,0.05449,0.07039,0.04556,0.12206,0.03195,0.00000,0.15556,0.49074,15.25000,15.33333,1.52224,0.07070,53.50000
pomdp_style_belief_planner,camera_dropout_burst,2,6,0.33333,0.05525,0.07535,0.05451,0.19446,0.03572,0.00000,0.18333,0.44444,0.05556,15.33333,1.57350,0.06809,55.50000
pomdp_style_belief_planner,camera_dropout_burst,3,6,0.66667,0.05953,0.06914,0.04635,0.35411,0.08069,0.00000,0.23704,0.58704,15.16667,15.00000,1.53600,0.09846,61.83333
pomdp_style_belief_planner,camera_dropout_burst,4,6,0.50000,0.06042,0.06883,0.05371,0.20281,0.00000,0.00000,0.00000,0.47037,15.43056,15.16667,1.50677,0.07878,55.50000
pomdp_style_belief_planner,camera_dropout_burst,5,6,0.66667,0.06936,0.06443,0.04870,0.10081,0.09317,0.00000,0.23704,0.48518,0.44444,18.66667,1.54717,0.06584,54.83333
pomdp_style_belief_planner,camera_dropout_burst,6,6,0.66667,0.05777,0.07404,0.05267,0.14582,0.00000,0.00000,0.11296,0.43148,15.04167,15.83333,1.44819,0.06870,56.50000
pomdp_style_belief_planner,camera_dropout_burst,7,6,0.50000,0.04999,0.07780,0.05719,0.12381,0.13182,0.00000,0.09259,0.39074,15.04167,14.00000,1.61758,0.06858,51.66667
pomdp_style_belief_planner,combined_extreme_stress,0,6,0.33333,0.07271,0.11688,0.06171,0.13762,0.21515,0.00000,0.21667,0.21667,15.13889,16.66667,1.60780,0.08011,57.00000
pomdp_style_belief_planner,combined_extreme_stress,1,6,0.16667,0.07134,0.09633,0.07219,0.18214,0.05824,0.00000,0.10000,0.22407,0.43056,20.66667,1.64710,0.07559,59.83333
pomdp_style_belief_planner,combined_extreme_stress,2,6,0.50000,0.09770,0.12084,0.09519,0.44158,0.06718,0.00000,0.07408,0.26482,45.19445,13.50000,1.52580,0.11840,64.66667
pomdp_style_belief_planner,combined_extreme_stress,3,6,0.66667,0.09012,0.07425,0.05531,0.59052,0.05608,0.00000,0.19444,0.54815,60.00000,11.66667,1.46291,0.14918,66.00000
pomdp_style_belief_planner,combined_extreme_stress,4,6,0.33333,0.09188,0.10857,0.06394,0.29710,0.06376,0.00000,0.03148,0.21481,30.08333,15.50000,1.54420,0.09841,59.50000
pomdp_style_belief_planner,combined_extreme_stress,5,6,0.66667,0.09353,0.10354,0.06413,0.33806,0.17137,0.00000,0.11111,0.35185,15.05556,18.00000,1.61140,0.09928,63.00000
pomdp_style_belief_planner,combined_extreme_stress,6,6,0.00000,0.11908,0.12261,0.07171,0.13577,0.05224,0.00000,0.08148,0.16852,0.35278,15.66667,1.71727,0.07741,54.83333
pomdp_style_belief_planner,combined_extreme_stress,7,6,0.16667,0.10984,0.11185,0.07293,0.44507,0.02875,0.00000,0.02778,0.19630,30.11111,15.16667,1.57471,0.11098,64.66667
pomdp_style_belief_planner,combined_stress,0,6,0.66667,0.10024,0.07607,0.04703,0.34394,0.03472,0.00000,0.14074,0.44445,30.11111,15.50000,1.49842,0.10520,60.83333
pomdp_style_belief_planner,combined_stress,1,6,0.50000,0.06642,0.07257,0.05160,0.45321,0.00000,0.00000,0.00000,0.45370,45.00000,13.50000,1.52199,0.12212,62.50000
pomdp_style_belief_planner,combined_stress,2,6,0.50000,0.09247,0.09800,0.06780,0.40641,0.13869,0.00000,0.28889,0.40000,45.13889,12.66667,1.47477,0.10536,61.83333
pomdp_style_belief_planner,combined_stress,3,6,0.33333,0.09709,0.08792,0.04924,0.20330,0.21992,0.00000,0.25000,0.33704,15.11111,15.50000,1.67606,0.08560,56.00000
pomdp_style_belief_planner,combined_stress,4,6,0.66667,0.07600,0.07761,0.04903,0.34740,0.01451,0.00000,0.00000,0.45370,30.04167,14.33333,1.50125,0.10768,60.66667
pomdp_style_belief_planner,combined_stress,5,6,0.83333,0.07579,0.07899,0.04728,0.35610,0.11621,0.00000,0.17222,0.46111,15.00000,17.00000,1.52105,0.10250,62.50000
pomdp_style_belief_planner,combined_stress,6,6,0.33333,0.07698,0.09660,0.07426,0.53082,0.06028,0.00000,0.24074,0.36111,45.16667,12.00000,1.40150,0.11967,65.50000
pomdp_style_belief_planner,combined_stress,7,6,0.33333,0.09149,0.09764,0.05297,0.25342,0.04921,0.00000,0.32037,0.29815,30.05555,14.16667,1.61242,0.10371,59.83333
pomdp_style_belief_planner,distractor_swap,0,6,0.66667,0.08705,0.04536,0.03042,0.00000,0.06410,0.00000,0.22593,0.49630,0.00000,15.83333,1.57010,0.03834,45.50000
pomdp_style_belief_planner,distractor_swap,1,6,0.66667,0.03433,0.04328,0.03299,0.00000,0.02381,0.00000,0.16482,0.52963,0.00000,16.50000,1.51644,0.04111,48.66667
pomdp_style_belief_planner,distractor_swap,2,6,0.50000,0.03563,0.04132,0.03021,0.00000,0.00000,0.00000,0.38889,0.51111,0.11111,18.16667,1.62076,0.03924,46.66667
pomdp_style_belief_planner,distractor_swap,3,6,0.50000,0.05868,0.04901,0.02931,0.00000,0.06111,0.00000,0.24074,0.50000,0.00000,16.83333,1.56911,0.03937,47.00000
pomdp_style_belief_planner,distractor_swap,4,6,0.83333,0.07107,0.05477,0.03020,0.00000,0.03030,0.00000,0.21481,0.53889,0.00000,18.66667,1.56944,0.04248,50.00000
pomdp_style_belief_planner,distractor_swap,5,6,0.83333,0.03232,0.05856,0.03511,0.12189,0.00926,0.00000,0.21296,0.53889,15.05556,15.00000,1.46108,0.06196,52.33333
pomdp_style_belief_planner,distractor_swap,6,6,0.66667,0.03318,0.04277,0.03085,0.00000,0.02381,0.00000,0.26296,0.51667,0.00000,18.83333,1.53707,0.04224,47.83333
pomdp_style_belief_planner,distractor_swap,7,6,0.50000,0.03229,0.04334,0.03001,0.00000,0.04074,0.00000,0.13889,0.49815,0.00000,16.00000,1.59352,0.03786,45.83333
pomdp_style_belief_planner,embodiment_control_shift,0,6,0.66667,0.09759,0.06874,0.03749,0.07488,0.00000,0.00000,0.00000,0.44629,0.11111,15.66667,1.55075,0.04713,51.50000
pomdp_style_belief_planner,embodiment_control_shift,1,6,0.33333,0.03998,0.06468,0.03328,0.00000,0.03055,0.00000,0.19444,0.42408,0.09722,14.66667,1.56910,0.03725,48.33333
pomdp_style_belief_planner,embodiment_control_shift,2,6,0.50000,0.05390,0.06396,0.03995,0.20278,0.01282,0.00000,0.09815,0.51852,15.16667,14.00000,1.43726,0.07274,55.66667
pomdp_style_belief_planner,embodiment_control_shift,3,6,1.00000,0.05273,0.06277,0.03790,0.08263,0.00000,0.00000,0.05926,0.52037,0.22222,16.16667,1.39884,0.05434,55.16667
pomdp_style_belief_planner,embodiment_control_shift,4,6,0.50000,0.07335,0.05762,0.03463,0.00315,0.01961,0.00000,0.14259,0.47222,0.05556,19.66667,1.59138,0.04101,50.50000
pomdp_style_belief_planner,embodiment_control_shift,5,6,0.83333,0.07704,0.07592,0.03624,0.14880,0.01667,0.00000,0.25000,0.46852,0.05556,16.16667,1.67800,0.05873,54.33333
pomdp_style_belief_planner,embodiment_control_shift,6,6,0.83333,0.07866,0.06735,0.05091,0.24457,0.00000,0.00000,0.15926,0.46482,30.00000,14.33333,1.47319,0.07881,55.83333
pomdp_style_belief_planner,embodiment_control_shift,7,6,0.16667,0.06041,0.07965,0.03631,0.07718,0.00000,0.00000,0.07778,0.43148,0.00000,18.66667,1.62584,0.05109,53.83333
pomdp_style_belief_planner,end_effector_occlusion,0,6,0.50000,0.03466,0.04687,0.03456,0.12206,0.06944,0.00000,0.17778,0.53148,15.05556,17.00000,1.52646,0.06185,55.50000
pomdp_style_belief_planner,end_effector_occlusion,1,6,0.66667,0.07454,0.05012,0.02510,0.07062,0.02381,0.00000,0.04074,0.46482,0.05556,17.16667,1.54831,0.04752,52.16667
pomdp_style_belief_planner,end_effector_occlusion,2,6,0.66667,0.05762,0.04382,0.03276,0.15574,0.02381,0.00000,0.00926,0.52778,15.00000,18.50000,1.49950,0.07161,58.16667
pomdp_style_belief_planner,end_effector_occlusion,3,6,0.50000,0.05137,0.04023,0.02808,0.19192,0.00000,0.00000,0.10926,0.53333,15.00000,15.66667,1.48050,0.07198,54.83333
pomdp_style_belief_planner,end_effector_occlusion,4,6,0.83333,0.04089,0.04726,0.02798,0.03448,0.01852,0.00000,0.23704,0.48518,0.00000,19.16667,1.57924,0.04502,53.00000
pomdp_style_belief_planner,end_effector_occlusion,5,6,1.00000,0.06620,0.04849,0.03529,0.12206,0.02381,0.00000,0.21481,0.50185,15.00000,16.00000,1.40904,0.06278,55.66667
pomdp_style_belief_planner,end_effector_occlusion,6,6,0.33333,0.06762,0.04872,0.02808,0.19111,0.02381,0.00000,0.02407,0.51296,15.05556,14.83333,1.51794,0.07299,55.00000
pomdp_style_belief_planner,end_effector_occlusion,7,6,0.16667,0.02633,0.04164,0.02653,0.00943,0.00000,0.00000,0.03889,0.48148,0.00000,19.66667,1.71374,0.04462,51.00000
pomdp_style_belief_planner,false_reappearance,0,6,0.83333,0.11203,0.06652,0.03920,0.01488,0.02500,0.00000,0.01667,0.40370,0.00000,20.66667,1.63535,0.04886,52.66667
pomdp_style_belief_planner,false_reappearance,1,6,0.66667,0.08683,0.05669,0.04000,0.07812,0.04586,0.00000,0.24074,0.44444,0.05556,18.00000,1.60269,0.05363,51.50000
pomdp_style_belief_planner,false_reappearance,2,6,0.50000,0.05242,0.07392,0.05515,0.28610,0.05556,0.00000,0.20000,0.43889,30.22222,16.16667,1.53859,0.09096,58.33333
pomdp_style_belief_planner,false_reappearance,3,6,0.66667,0.06941,0.07339,0.05851,0.57764,0.03226,0.00000,0.16667,0.48889,60.00000,10.50000,1.43337,0.13514,64.83333
pomdp_style_belief_planner,false_reappearance,4,6,0.66667,0.04732,0.06641,0.03550,0.00000,0.02091,0.00000,0.05185,0.38148,0.16667,18.66667,1.58586,0.04489,52.50000
pomdp_style_belief_planner,false_reappearance,5,6,0.50000,0.06340,0.06668,0.04421,0.19472,0.04748,0.00000,0.18333,0.41667,15.05556,16.83333,1.52433,0.07584,57.83333
pomdp_style_belief_planner,false_reappearance,6,6,1.00000,0.06742,0.06426,0.04622,0.15284,0.01667,0.00000,0.09259,0.46297,15.11111,18.00000,1.50435,0.07208,57.00000
pomdp_style_belief_planner,false_reappearance,7,6,0.50000,0.08155,0.06709,0.04166,0.08088,0.10445,0.00000,0.20741,0.40741,0.16667,18.33333,1.61628,0.06024,54.00000
pomdp_style_belief_planner,hidden_contact_drift,0,6,0.66667,0.07598,0.08224,0.03615,0.05388,0.16843,0.00000,0.24444,0.47222,0.00000,18.16667,1.65581,0.04604,53.00000
pomdp_style_belief_planner,hidden_contact_drift,1,6,0.50000,0.09283,0.08030,0.03956,0.21427,0.04079,0.00000,0.05185,0.46852,15.00000,11.50000,1.49421,0.07224,54.33333
pomdp_style_belief_planner,hidden_contact_drift,2,6,0.66667,0.06021,0.07795,0.04836,0.48020,0.04986,0.00000,0.18519,0.63333,45.00000,12.16667,1.42697,0.11543,63.83333
pomdp_style_belief_planner,hidden_contact_drift,3,6,0.33333,0.08445,0.08534,0.04501,0.19217,0.07593,0.00000,0.06296,0.47593,15.03333,12.33333,1.46996,0.06807,54.00000
pomdp_style_belief_planner,hidden_contact_drift,4,6,0.33333,0.09170,0.09722,0.06170,0.44492,0.00000,0.00000,0.00000,0.41852,45.10000,9.00000,1.29110,0.10531,62.33333
pomdp_style_belief_planner,hidden_contact_drift,5,6,0.83333,0.05422,0.08053,0.05081,0.30696,0.05833,0.00000,0.10370,0.47222,30.00000,13.50000,1.46020,0.08324,59.50000
pomdp_style_belief_planner,hidden_contact_drift,6,6,0.33333,0.04390,0.07542,0.03362,0.28758,0.03030,0.00000,0.02778,0.51852,15.04167,10.33333,1.39490,0.08550,57.00000
pomdp_style_belief_planner,hidden_contact_drift,7,6,0.83333,0.06645,0.08378,0.05184,0.30228,0.06944,0.00000,0.15185,0.47222,30.00000,11.83333,1.49753,0.08159,59.16667
pomdp_style_belief_planner,high_symmetry_layout,0,6,0.66667,0.04637,0.05711,0.04058,0.20783,0.01042,0.00000,0.08518,0.49074,15.05556,14.50000,1.61104,0.07269,52.66667
pomdp_style_belief_planner,high_symmetry_layout,1,6,0.83333,0.07003,0.06752,0.03803,0.12731,0.16583,0.00000,0.38889,0.44444,15.05556,14.66667,1.50862,0.06734,54.66667
pomdp_style_belief_planner,high_symmetry_layout,2,6,0.33333,0.04726,0.06591,0.03733,0.03333,0.02022,0.00000,0.10741,0.40556,0.13889,17.66667,1.52886,0.04532,52.33333
pomdp_style_belief_planner,high_symmetry_layout,3,6,0.83333,0.07430,0.05675,0.04097,0.32687,0.05897,0.00000,0.09445,0.56296,30.00000,13.33333,1.53470,0.09639,57.16667
pomdp_style_belief_planner,high_symmetry_layout,4,6,0.66667,0.06428,0.06945,0.04079,0.00000,0.01111,0.00000,0.24815,0.36482,0.00000,16.66667,1.57723,0.04494,50.00000
pomdp_style_belief_planner,high_symmetry_layout,5,6,0.66667,0.08243,0.07247,0.05058,0.25103,0.00000,0.00000,0.05741,0.42778,30.00000,15.66667,1.52495,0.08196,57.33333
pomdp_style_belief_planner,high_symmetry_layout,6,6,0.33333,0.04788,0.07061,0.04374,0.12269,0.03000,0.00000,0.12408,0.38148,15.05556,16.00000,1.57616,0.06184,53.83333
pomdp_style_belief_planner,high_symmetry_layout,7,6,0.66667,0.09298,0.07721,0.03938,0.00000,0.02083,0.00000,0.16852,0.38148,0.16667,17.66667,1.65829,0.04441,50.00000
pomdp_style_belief_planner,long_self_occlusion,0,6,0.83333,0.04127,0.04234,0.03075,0.17205,0.00000,0.00000,0.00000,0.46667,15.11111,17.33333,1.46533,0.07376,59.83333
pomdp_style_belief_planner,long_self_occlusion,1,6,1.00000,0.04900,0.05063,0.03289,0.49336,0.00000,0.00000,0.03889,0.61296,30.00000,13.33333,1.39653,0.12607,67.16667
pomdp_style_belief_planner,long_self_occlusion,2,6,1.00000,0.03915,0.03536,0.02997,0.39878,0.00000,0.00000,0.04074,0.55000,45.08333,13.33333,1.45779,0.12017,64.66667
pomdp_style_belief_planner,long_self_occlusion,3,6,0.83333,0.03769,0.04293,0.03078,0.37122,0.00000,0.00000,0.00000,0.54815,45.00000,13.33333,1.39827,0.11543,64.33333
pomdp_style_belief_planner,long_self_occlusion,4,6,0.83333,0.04400,0.04127,0.02719,0.25719,0.00000,0.00000,0.05370,0.47037,15.00000,15.00000,1.45510,0.08856,59.83333
pomdp_style_belief_planner,long_self_occlusion,5,6,1.00000,0.02688,0.03938,0.02739,0.38598,0.00000,0.00000,0.00926,0.54815,45.00000,13.33333,1.48340,0.11739,64.33333
pomdp_style_belief_planner,long_self_occlusion,6,6,0.83333,0.03053,0.04512,0.02963,0.12387,0.00000,0.00000,0.02593,0.43704,15.00000,16.00000,1.40955,0.06952,58.50000
pomdp_style_belief_planner,long_self_occlusion,7,6,0.66667,0.03775,0.04419,0.03242,0.31541,0.00000,0.00000,0.01667,0.49444,30.00000,14.66667,1.44651,0.10104,60.33333
pomdp_style_belief_planner,near_identical_distractors,0,6,0.50000,0.05793,0.06178,0.03523,0.08056,0.00000,0.00000,0.19815,0.50926,0.00000,18.33333,1.61225,0.05401,51.16667
pomdp_style_belief_planner,near_identical_distractors,1,6,0.83333,0.08707,0.04516,0.03244,0.00000,0.04902,0.00000,0.29444,0.49444,0.04167,17.83333,1.50161,0.04429,49.50000
pomdp_style_belief_planner,near_identical_distractors,2,6,0.16667,0.03805,0.05097,0.03153,0.00355,0.00000,0.00000,0.16852,0.47407,0.16667,17.50000,1.60600,0.04007,47.00000
pomdp_style_belief_planner,near_identical_distractors,3,6,0.66667,0.05598,0.05666,0.03472,0.02121,0.01961,0.00000,0.09444,0.49444,0.00000,18.16667,1.62870,0.04581,49.66667
pomdp_style_belief_planner,near_identical_distractors,4,6,0.50000,0.06541,0.05435,0.03853,0.12500,0.02701,0.00000,0.23148,0.52963,15.05556,16.16667,1.49215,0.06514,52.33333
pomdp_style_belief_planner,near_identical_distractors,5,6,0.50000,0.09024,0.05750,0.03976,0.08209,0.03638,0.00000,0.00926,0.51667,0.11111,18.33333,1.54777,0.05913,52.16667
pomdp_style_belief_planner,near_identical_distractors,6,6,0.83333,0.06204,0.05551,0.03557,0.04184,0.00000,0.00000,0.08519,0.50000,0.05556,17.66667,1.58653,0.04584,50.50000
pomdp_style_belief_planner,near_identical_distractors,7,6,0.33333,0.03484,0.06223,0.03847,0.20255,0.01282,0.00000,0.11111,0.50000,15.00000,13.50000,1.41452,0.07207,55.16667
pomdp_style_belief_planner,nominal,0,6,1.00000,0.02212,0.02854,0.01327,0.00000,0.00000,0.00000,0.03704,0.79630,0.00000,8.00000,1.15616,0.02438,39.50000
pomdp_style_belief_planner,nominal,1,6,1.00000,0.01645,0.02229,0.01385,0.00000,0.00000,0.00000,0.17037,0.77963,0.00000,7.50000,1.22264,0.02357,36.66667
pomdp_style_belief_planner,nominal,2,6,1.00000,0.01535,0.02280,0.01373,0.00000,0.00000,0.00000,0.00741,0.76111,0.00000,8.00000,1.30695,0.02377,38.33333
pomdp_style_belief_planner,nominal,3,6,1.00000,0.01834,0.01922,0.01364,0.00000,0.00000,0.00000,0.03519,0.78704,0.00000,8.16667,1.20451,0.02593,38.16667
pomdp_style_belief_planner,nominal,4,6,1.00000,0.01803,0.02192,0.01379,0.00000,0.00000,0.00000,0.08148,0.79259,0.00000,8.83333,1.17611,0.02592,38.83333
pomdp_style_belief_planner,nominal,5,6,1.00000,0.01705,0.02425,0.01362,0.00000,0.00000,0.00000,0.00000,0.76852,0.00000,7.66667,1.29918,0.02457,38.00000
pomdp_style_belief_planner,nominal,6,6,1.00000,0.01311,0.02532,0.01423,0.00000,0.00000,0.00000,0.14629,0.76667,0.00000,7.16667,1.31609,0.02353,37.50000
pomdp_style_belief_planner,nominal,7,6,1.00000,0.01706,0.02189,0.01389,0.00000,0.00000,0.00000,0.12037,0.77037,0.00000,8.50000,1.26881,0.02525,39.00000
pomdp_style_belief_planner,object_displacement,0,6,0.50000,0.07218,0.06354,0.03865,0.12077,0.00000,0.00000,0.07593,0.54630,15.04167,10.33333,1.47300,0.05591,49.00000
pomdp_style_belief_planner,object_displacement,1,6,0.50000,0.05395,0.07180,0.04096,0.26285,0.00000,0.00000,0.01852,0.54259,15.04167,13.66667,1.46693,0.07138,55.83333
pomdp_style_belief_planner,object_displacement,2,6,0.50000,0.05990,0.07664,0.03614,0.19376,0.01852,0.00000,0.16482,0.57778,15.05556,13.66667,1.44848,0.06729,55.00000
pomdp_style_belief_planner,object_displacement,3,6,0.50000,0.03631,0.06944,0.03388,0.06667,0.00000,0.00000,0.06111,0.54630,0.17222,11.33333,1.50331,0.04658,48.33333
pomdp_style_belief_planner,object_displacement,4,6,0.66667,0.06670,0.07022,0.03259,0.00595,0.00000,0.00000,0.04630,0.56667,0.15278,15.66667,1.48891,0.03753,49.33333
pomdp_style_belief_planner,object_displacement,5,6,0.83333,0.06324,0.07445,0.03264,0.08448,0.00000,0.00000,0.02963,0.58333,0.00000,14.00000,1.50532,0.04889,52.33333
pomdp_style_belief_planner,object_displacement,6,6,0.50000,0.06239,0.06342,0.03262,0.08707,0.03333,0.00000,0.14630,0.52777,0.05556,14.16667,1.48613,0.04775,51.50000
pomdp_style_belief_planner,object_displacement,7,6,0.66667,0.03895,0.07448,0.02996,0.00000,0.05556,0.00000,0.10185,0.52037,0.04167,14.00000,1.53713,0.03576,47.50000
pomdp_style_belief_planner,short_self_occlusion,0,6,0.66667,0.04127,0.05002,0.02248,0.00000,0.00000,0.00000,0.01296,0.59815,0.00000,13.66667,1.45762,0.03492,47.83333
pomdp_style_belief_planner,short_self_occlusion,1,6,0.83333,0.03764,0.04275,0.02338,0.00000,0.05556,0.00000,0.04630,0.59074,0.00000,14.00000,1.49428,0.03509,48.00000
pomdp_style_belief_planner,short_self_occlusion,2,6,0.50000,0.03306,0.04003,0.02516,0.00000,0.00000,0.00000,0.15926,0.58333,0.03333,14.83333,1.43262,0.03608,47.50000
pomdp_style_belief_planner,short_self_occlusion,3,6,0.66667,0.03026,0.03762,0.02369,0.00000,0.00000,0.00000,0.00741,0.56852,0.00000,16.00000,1.48680,0.03535,46.50000
pomdp_style_belief_planner,short_self_occlusion,4,6,0.66667,0.04086,0.03938,0.02119,0.00000,0.00000,0.00000,0.11296,0.55185,0.00000,17.16667,1.49736,0.03720,47.50000
pomdp_style_belief_planner,short_self_occlusion,5,6,0.66667,0.03227,0.03474,0.02266,0.00000,0.00000,0.00000,0.00000,0.56481,0.05556,14.66667,1.43721,0.03645,46.16667
pomdp_style_belief_planner,short_self_occlusion,6,6,0.66667,0.02382,0.03620,0.02347,0.00000,0.00000,0.00000,0.03148,0.58519,0.00000,15.16667,1.44669,0.03648,48.66667
pomdp_style_belief_planner,short_self_occlusion,7,6,0.16667,0.03193,0.03982,0.02440,0.00000,0.00000,0.00000,0.00926,0.54630,0.05556,15.83333,1.53993,0.03592,45.33333
pomdp_style_belief_planner,stale_memory_trap,0,6,0.50000,0.08818,0.08551,0.05281,0.36709,0.08673,0.00000,0.20926,0.38889,45.00000,11.66667,1.44576,0.09983,61.66667
pomdp_style_belief_planner,stale_memory_trap,1,6,0.50000,0.08009,0.07832,0.03551,0.00278,0.04793,0.00000,0.12222,0.31296,0.11111,18.83333,1.64274,0.04093,53.83333
pomdp_style_belief_planner,stale_memory_trap,2,6,0.50000,0.05813,0.08376,0.04431,0.14984,0.01720,0.00000,0.16667,0.29629,15.33333,16.33333,1.56828,0.06366,56.66667
pomdp_style_belief_planner,stale_memory_trap,3,6,0.50000,0.08072,0.09247,0.06283,0.36370,0.15217,0.00000,0.10000,0.35926,30.00000,14.66667,1.52467,0.09312,63.00000
pomdp_style_belief_planner,stale_memory_trap,4,6,0.66667,0.05928,0.07698,0.03799,0.12667,0.06597,0.00000,0.12963,0.35370,15.11111,17.66667,1.52021,0.06623,58.16667
pomdp_style_belief_planner,stale_memory_trap,5,6,0.50000,0.06433,0.08485,0.03910,0.17672,0.03125,0.00000,0.07778,0.30370,0.11111,15.33333,1.55900,0.06392,56.33333
pomdp_style_belief_planner,stale_memory_trap,6,6,0.50000,0.04029,0.07204,0.04784,0.31478,0.01389,0.00000,0.02222,0.47593,30.05555,14.50000,1.46986,0.09524,61.33333
pomdp_style_belief_planner,stale_memory_trap,7,6,0.33333,0.08748,0.08822,0.04421,0.20749,0.04445,0.00000,0.10370,0.37593,15.00000,14.33333,1.59845,0.07659,57.00000
random_forest_occlusion_regressor,camera_dropout_burst,0,6,0.83333,0.05463,0.05664,0.06113,0.20739,0.03935,0.00000,0.13518,0.66852,75.00000,0.00000,1.00240,0.06720,70.50000
random_forest_occlusion_regressor,camera_dropout_burst,1,6,0.83333,0.05765,0.05764,0.05140,0.20140,0.04167,0.00000,0.06481,0.65556,75.00000,0.00000,1.04696,0.06778,70.16667
random_forest_occlusion_regressor,camera_dropout_burst,2,6,0.83333,0.05182,0.05857,0.05231,0.19982,0.01961,0.00000,0.00926,0.72037,75.00000,0.00000,1.10029,0.06630,67.66667
random_forest_occlusion_regressor,camera_dropout_burst,3,6,0.83333,0.05269,0.05648,0.04331,0.15863,0.17366,0.00000,0.14629,0.72963,60.00000,0.00000,1.07302,0.06454,68.83333
random_forest_occlusion_regressor,camera_dropout_burst,4,6,1.00000,0.05800,0.05572,0.05800,0.21446,0.00000,0.00000,0.00000,0.75741,90.00000,0.00000,1.03850,0.06488,68.83333
random_forest_occlusion_regressor,camera_dropout_burst,5,6,1.00000,0.02407,0.03658,0.02407,0.24079,0.10565,0.00000,0.21481,0.78704,90.00000,0.00000,0.96878,0.08267,71.16667
random_forest_occlusion_regressor,camera_dropout_burst,6,6,1.00000,0.05884,0.05908,0.04226,0.19710,0.12897,0.00000,0.14259,0.76667,75.00000,0.00000,0.96598,0.06852,70.66667
random_forest_occlusion_regressor,camera_dropout_burst,7,6,0.83333,0.05585,0.05178,0.05585,0.21406,0.12546,0.00000,0.00000,0.65000,90.00000,0.00000,1.13253,0.06802,68.16667
random_forest_occlusion_regressor,combined_extreme_stress,0,6,0.83333,0.07455,0.06769,0.07455,0.24907,0.21713,0.00000,0.25185,0.62778,90.00000,0.00000,0.99747,0.06798,72.00000
random_forest_occlusion_regressor,combined_extreme_stress,1,6,0.50000,0.06479,0.07772,0.06479,0.25029,0.10516,0.00000,0.16852,0.44074,90.00000,0.00000,1.00828,0.06564,72.16667
random_forest_occlusion_regressor,combined_extreme_stress,2,6,0.66667,0.07058,0.06671,0.07058,0.24932,0.12807,0.00000,0.24815,0.62407,90.00000,0.00000,1.01571,0.06474,71.33333
random_forest_occlusion_regressor,combined_extreme_stress,3,6,0.66667,0.07270,0.06126,0.07270,0.21475,0.07098,0.00000,0.03889,0.61667,90.00000,0.00000,1.12641,0.06544,68.83333
random_forest_occlusion_regressor,combined_extreme_stress,4,6,0.83333,0.06031,0.05843,0.06031,0.22350,0.01709,0.00000,0.07778,0.63333,90.00000,0.00000,1.07315,0.07116,69.66667
random_forest_occlusion_regressor,combined_extreme_stress,5,6,0.50000,0.06607,0.07418,0.06607,0.21850,0.11954,0.00000,0.22963,0.47408,90.00000,0.00000,1.10464,0.06267,69.16667
random_forest_occlusion_regressor,combined_extreme_stress,6,6,0.83333,0.07766,0.07526,0.06380,0.19006,0.22884,0.00000,0.10555,0.49815,75.00000,0.00000,1.14186,0.06729,69.16667
random_forest_occlusion_regressor,combined_extreme_stress,7,6,0.50000,0.08879,0.08485,0.08879,0.22550,0.21370,0.00000,0.02778,0.52407,90.00000,0.00000,1.06164,0.05363,69.66667
random_forest_occlusion_regressor,combined_stress,0,6,0.66667,0.06754,0.06866,0.06754,0.23109,0.01235,0.00000,0.13889,0.55926,90.00000,0.00000,1.04624,0.06221,69.83333
random_forest_occlusion_regressor,combined_stress,1,6,0.50000,0.07241,0.06827,0.07241,0.21521,0.00000,0.00000,0.00000,0.48704,90.00000,0.00000,1.11548,0.06600,68.66667
random_forest_occlusion_regressor,combined_stress,2,6,0.66667,0.07805,0.07353,0.07795,0.19336,0.05646,0.00000,0.23333,0.53148,75.00000,0.00000,1.06426,0.06300,69.83333
random_forest_occlusion_regressor,combined_stress,3,6,1.00000,0.06940,0.06708,0.06940,0.20769,0.07942,0.00000,0.03889,0.70926,90.00000,0.00000,1.14679,0.05829,68.16667
random_forest_occlusion_regressor,combined_stress,4,6,0.66667,0.10074,0.07706,0.10074,0.23287,0.36069,0.00000,0.22222,0.49259,90.00000,0.00000,1.11421,0.06490,69.83333
random_forest_occlusion_regressor,combined_stress,5,6,0.50000,0.07110,0.07684,0.07110,0.23555,0.07613,0.00000,0.22593,0.45185,90.00000,0.00000,1.03370,0.06297,70.50000
random_forest_occlusion_regressor,combined_stress,6,6,1.00000,0.05122,0.04374,0.05122,0.23722,0.09264,0.00000,0.12407,0.76481,90.00000,0.00000,1.03812,0.07648,70.83333
random_forest_occlusion_regressor,combined_stress,7,6,1.00000,0.04955,0.06384,0.04955,0.24388,0.05998,0.00000,0.24259,0.73333,90.00000,0.00000,1.03749,0.06580,71.50000
random_forest_occlusion_regressor,distractor_swap,0,6,1.00000,0.02789,0.04054,0.02789,0.20156,0.01754,0.00000,0.12593,0.75000,90.00000,0.00000,1.07105,0.06639,67.50000
random_forest_occlusion_regressor,distractor_swap,1,6,1.00000,0.04404,0.03975,0.04404,0.23167,0.00877,0.00000,0.00741,0.78148,90.00000,0.00000,1.02486,0.07221,70.33333
random_forest_occlusion_regressor,distractor_swap,2,6,1.00000,0.03438,0.04273,0.03438,0.21318,0.24504,0.00000,0.49815,0.76111,90.00000,0.00000,1.06299,0.06792,68.66667
random_forest_occlusion_regressor,distractor_swap,3,6,1.00000,0.05390,0.04809,0.05271,0.17881,0.09064,0.00000,0.31296,0.76111,75.00000,0.00000,1.06279,0.06299,68.66667
random_forest_occlusion_regressor,distractor_swap,4,6,1.00000,0.05006,0.04238,0.04500,0.19674,0.01754,0.00000,0.13519,0.78148,75.00000,0.00000,0.97446,0.06665,70.83333
random_forest_occlusion_regressor,distractor_swap,5,6,1.00000,0.02697,0.03500,0.02697,0.22169,0.00000,0.00000,0.00000,0.77222,90.00000,0.00000,0.99240,0.07365,69.50000
random_forest_occlusion_regressor,distractor_swap,6,6,1.00000,0.06056,0.05239,0.06056,0.23509,0.00000,0.00000,0.22963,0.68889,90.00000,0.00000,0.97545,0.06702,70.66667
random_forest_occlusion_regressor,distractor_swap,7,6,1.00000,0.05494,0.04103,0.05494,0.20345,0.06128,0.00000,0.19074,0.75185,90.00000,0.00000,1.09926,0.06866,67.83333
random_forest_occlusion_regressor,embodiment_control_shift,0,6,1.00000,0.02845,0.04623,0.02845,0.20930,0.03125,0.00000,0.00000,0.75185,90.00000,0.00000,1.08369,0.07019,68.16667
random_forest_occlusion_regressor,embodiment_control_shift,1,6,1.00000,0.05729,0.04365,0.05729,0.20756,0.00000,0.00000,0.11852,0.75000,90.00000,0.00000,1.05454,0.06846,68.33333
random_forest_occlusion_regressor,embodiment_control_shift,2,6,1.00000,0.03266,0.03853,0.03080,0.19278,0.05278,0.00000,0.00000,0.73704,75.00000,0.00000,0.98181,0.07070,69.83333
random_forest_occlusion_regressor,embodiment_control_shift,3,6,1.00000,0.05490,0.04244,0.05823,0.22576,0.06111,0.00000,0.15371,0.78889,75.00000,0.00000,0.88824,0.07651,72.50000
random_forest_occlusion_regressor,embodiment_control_shift,4,6,1.00000,0.06148,0.05168,0.06148,0.21825,0.00833,0.00000,0.00000,0.70926,90.00000,0.00000,1.03127,0.06580,69.16667
random_forest_occlusion_regressor,embodiment_control_shift,5,6,1.00000,0.03726,0.03840,0.03726,0.21409,0.14469,0.00000,0.35000,0.75556,90.00000,0.00000,1.05296,0.07178,68.83333
random_forest_occlusion_regressor,embodiment_control_shift,6,6,1.00000,0.06586,0.05754,0.06586,0.22373,0.23188,0.00000,0.22407,0.70370,90.00000,0.00000,1.02323,0.06306,69.66667
random_forest_occlusion_regressor,embodiment_control_shift,7,6,1.00000,0.07519,0.05472,0.07519,0.22201,0.24560,0.00000,0.19444,0.70741,90.00000,0.00000,1.01371,0.06229,69.33333
random_forest_occlusion_regressor,end_effector_occlusion,0,6,1.00000,0.05682,0.04285,0.05682,0.22592,0.00000,0.00000,0.00926,0.75370,90.00000,0.00000,1.03812,0.07116,69.66667
random_forest_occlusion_regressor,end_effector_occlusion,1,6,1.00000,0.03425,0.04412,0.03425,0.23059,0.00000,0.00000,0.12593,0.77037,90.00000,0.00000,1.04804,0.07303,70.33333
random_forest_occlusion_regressor,end_effector_occlusion,2,6,1.00000,0.02406,0.02934,0.02406,0.23778,0.00000,0.00000,0.00926,0.77963,90.00000,0.00000,0.95874,0.08183,71.00000
random_forest_occlusion_regressor,end_effector_occlusion,3,6,1.00000,0.04162,0.04152,0.04162,0.22000,0.02778,0.00000,0.00926,0.75000,90.00000,0.00000,1.02181,0.06883,69.33333
random_forest_occlusion_regressor,end_effector_occlusion,4,6,1.00000,0.06174,0.05280,0.06161,0.20377,0.16667,0.00000,0.14815,0.70741,75.00000,0.00000,0.99147,0.06478,71.50000
random_forest_occlusion_regressor,end_effector_occlusion,5,6,1.00000,0.05390,0.03971,0.05390,0.25671,0.16212,0.00000,0.14815,0.79630,90.00000,0.00000,0.92171,0.07868,72.66667
random_forest_occlusion_regressor,end_effector_occlusion,6,6,1.00000,0.04245,0.03851,0.04245,0.22527,0.00000,0.00000,0.04445,0.76667,90.00000,0.00000,1.04941,0.07193,69.83333
random_forest_occlusion_regressor,end_effector_occlusion,7,6,1.00000,0.04045,0.04077,0.04045,0.19397,0.01852,0.00000,0.13148,0.73333,90.00000,0.00000,1.12528,0.06504,67.00000
random_forest_occlusion_regressor,false_reappearance,0,6,0.83333,0.06595,0.06386,0.06595,0.23571,0.24648,0.00000,0.12222,0.73704,90.00000,0.00000,1.06262,0.06243,70.66667
random_forest_occlusion_regressor,false_reappearance,1,6,0.83333,0.04695,0.05666,0.04695,0.21626,0.04436,0.00000,0.14445,0.65555,90.00000,0.00000,1.09722,0.06493,69.00000
random_forest_occlusion_regressor,false_reappearance,2,6,0.83333,0.04241,0.05719,0.04241,0.22245,0.20998,0.00000,0.15370,0.69815,90.00000,0.00000,1.02855,0.06344,69.50000
random_forest_occlusion_regressor,false_reappearance,3,6,1.00000,0.05505,0.04461,0.05505,0.21833,0.11709,0.00000,0.31111,0.73518,90.00000,0.00000,1.10685,0.07105,69.16667
random_forest_occlusion_regressor,false_reappearance,4,6,0.66667,0.06093,0.06023,0.06093,0.23409,0.08424,0.00000,0.00000,0.71667,90.00000,0.00000,1.06398,0.06736,70.66667
random_forest_occlusion_regressor,false_reappearance,5,6,1.00000,0.05977,0.06001,0.06279,0.19529,0.08065,0.00000,0.08148,0.73889,75.16667,0.00000,1.01068,0.05990,70.50000
random_forest_occlusion_regressor,false_reappearance,6,6,0.83333,0.07668,0.05919,0.07668,0.24395,0.18750,0.00000,0.13518,0.67593,90.00000,0.00000,1.00348,0.06768,71.50000
random_forest_occlusion_regressor,false_reappearance,7,6,1.00000,0.04578,0.04158,0.04358,0.20731,0.04894,0.00000,0.17037,0.75556,75.00000,0.00000,1.02163,0.07416,70.50000
random_forest_occlusion_regressor,hidden_contact_drift,0,6,1.00000,0.04952,0.04586,0.05083,0.17212,0.01515,0.00000,0.24815,0.72778,75.00000,0.00000,1.05058,0.06308,68.83333
random_forest_occlusion_regressor,hidden_contact_drift,1,6,1.00000,0.04722,0.05410,0.04722,0.19920,0.00000,0.00000,0.00370,0.73518,90.00000,0.00000,1.12252,0.06216,67.50000
random_forest_occlusion_regressor,hidden_contact_drift,2,6,1.00000,0.07688,0.05998,0.07688,0.23727,0.11296,0.00000,0.14630,0.72963,90.00000,0.00000,1.00130,0.06405,70.83333
random_forest_occlusion_regressor,hidden_contact_drift,3,6,1.00000,0.03760,0.04575,0.04420,0.16013,0.00000,0.00000,0.00000,0.74074,60.00000,0.00000,1.04769,0.06407,68.66667
random_forest_occlusion_regressor,hidden_contact_drift,4,6,1.00000,0.03605,0.04901,0.03905,0.16275,0.02564,0.00000,0.00000,0.73519,60.00000,0.00000,0.98171,0.06612,70.66667
random_forest_occlusion_regressor,hidden_contact_drift,5,6,1.00000,0.05366,0.05208,0.05366,0.23090,0.00000,0.00000,0.00556,0.77222,90.00000,0.00000,1.03880,0.06672,70.33333
random_forest_occlusion_regressor,hidden_contact_drift,6,6,1.00000,0.05094,0.05296,0.05094,0.22669,0.08333,0.00000,0.09259,0.77222,90.00000,0.00000,1.03178,0.06482,70.00000
random_forest_occlusion_regressor,hidden_contact_drift,7,6,1.00000,0.05364,0.04611,0.05364,0.21874,0.10000,0.00000,0.10000,0.72593,90.00000,0.00000,1.04306,0.06740,69.00000
random_forest_occlusion_regressor,high_symmetry_layout,0,6,1.00000,0.04746,0.05029,0.04746,0.19442,0.07795,0.00000,0.17037,0.72037,90.00000,0.00000,1.17437,0.06283,66.83333
random_forest_occlusion_regressor,high_symmetry_layout,1,6,0.66667,0.05422,0.05555,0.05422,0.23782,0.09064,0.00000,0.35926,0.65741,90.00000,0.00000,1.00471,0.07030,70.66667
random_forest_occlusion_regressor,high_symmetry_layout,2,6,1.00000,0.03948,0.04518,0.03948,0.22799,0.02067,0.00000,0.12037,0.76852,90.00000,0.00000,0.96727,0.07023,70.00000
random_forest_occlusion_regressor,high_symmetry_layout,3,6,1.00000,0.06375,0.04902,0.06375,0.20949,0.14110,0.00000,0.12778,0.75000,90.00000,0.00000,1.15985,0.06590,68.33333
random_forest_occlusion_regressor,high_symmetry_layout,4,6,1.00000,0.04834,0.05577,0.04834,0.21872,0.16204,0.00000,0.23704,0.75370,90.00000,0.00000,1.02121,0.06321,69.00000
random_forest_occlusion_regressor,high_symmetry_layout,5,6,1.00000,0.04416,0.05601,0.03569,0.19085,0.04762,0.00000,0.01482,0.73333,75.00000,0.00000,1.05461,0.06115,69.16667
random_forest_occlusion_regressor,high_symmetry_layout,6,6,0.83333,0.06226,0.05358,0.06226,0.23136,0.06522,0.00000,0.12222,0.68704,90.00000,0.00000,1.08026,0.06733,70.33333
random_forest_occlusion_regressor,high_symmetry_layout,7,6,1.00000,0.05488,0.04171,0.05488,0.21189,0.08675,0.00000,0.15000,0.74815,90.00000,0.00000,1.08156,0.07266,68.33333
random_forest_occlusion_regressor,long_self_occlusion,0,6,0.83333,0.04606,0.05023,0.04606,0.25132,0.06667,0.00000,0.00000,0.68334,90.00000,0.00000,0.95351,0.07051,72.16667
random_forest_occlusion_regressor,long_self_occlusion,1,6,1.00000,0.05483,0.05727,0.05085,0.21099,0.00000,0.00000,0.00741,0.71852,75.00000,0.00000,0.98587,0.06688,72.00000
random_forest_occlusion_regressor,long_self_occlusion,2,6,1.00000,0.06633,0.04347,0.06633,0.22960,0.08333,0.00000,0.04630,0.76111,90.00000,0.00000,1.07235,0.07106,70.16667
random_forest_occlusion_regressor,long_self_occlusion,3,6,0.83333,0.06953,0.06166,0.06953,0.24581,0.09048,0.00000,0.00000,0.66852,90.00000,0.00000,1.00238,0.06257,71.66667
random_forest_occlusion_regressor,long_self_occlusion,4,6,1.00000,0.03246,0.03064,0.03246,0.23470,0.10000,0.00000,0.12593,0.77037,90.00000,0.00000,0.98437,0.07986,70.66667
random_forest_occlusion_regressor,long_self_occlusion,5,6,0.83333,0.04988,0.05300,0.04988,0.24160,0.18333,0.00000,0.01111,0.66852,90.00000,0.00000,1.04115,0.06819,70.83333
random_forest_occlusion_regressor,long_self_occlusion,6,6,1.00000,0.04555,0.04938,0.04555,0.25783,0.06410,0.00000,0.14259,0.79074,90.00000,0.00000,0.96598,0.07316,72.83333
random_forest_occlusion_regressor,long_self_occlusion,7,6,1.00000,0.03175,0.02874,0.03175,0.23293,0.08333,0.00000,0.07222,0.76296,90.00000,0.00000,0.99909,0.08043,70.50000
random_forest_occlusion_regressor,near_identical_distractors,0,6,0.83333,0.05470,0.04224,0.05470,0.22332,0.00926,0.00000,0.26852,0.77222,90.00000,0.00000,1.03119,0.07116,69.66667
random_forest_occlusion_regressor,near_identical_distractors,1,6,1.00000,0.05116,0.05078,0.05116,0.23700,0.10957,0.00000,0.24630,0.72222,90.00000,0.00000,0.96975,0.06979,70.83333
random_forest_occlusion_regressor,near_identical_distractors,2,6,1.00000,0.05090,0.05129,0.05090,0.20525,0.05769,0.00000,0.00185,0.75000,90.00000,0.00000,1.08187,0.06371,68.00000
random_forest_occlusion_regressor,near_identical_distractors,3,6,1.00000,0.04625,0.05120,0.05162,0.18399,0.17439,0.00000,0.14074,0.70741,75.16667,0.00000,1.10121,0.06100,68.83333
random_forest_occlusion_regressor,near_identical_distractors,4,6,1.00000,0.03374,0.03950,0.03299,0.17422,0.05136,0.00000,0.48333,0.73518,75.00000,0.00000,1.03326,0.06669,68.83333
random_forest_occlusion_regressor,near_identical_distractors,5,6,1.00000,0.05511,0.05263,0.05511,0.22940,0.14860,0.00000,0.07407,0.77592,90.00000,0.00000,0.99092,0.06685,70.16667
random_forest_occlusion_regressor,near_identical_distractors,6,6,1.00000,0.05172,0.04748,0.05172,0.21876,0.12684,0.00000,0.22037,0.76297,90.00000,0.00000,1.05715,0.06809,69.16667
random_forest_occlusion_regressor,near_identical_distractors,7,6,1.00000,0.03971,0.04913,0.03971,0.23194,0.00794,0.00000,0.12408,0.77778,90.00000,0.00000,1.01892,0.06886,70.33333
random_forest_occlusion_regressor,nominal,0,6,1.00000,0.01790,0.02055,0.01525,0.14454,0.00000,0.00000,0.00000,0.79815,60.00000,0.00000,0.88551,0.06786,67.66667
random_forest_occlusion_regressor,nominal,1,6,1.00000,0.01906,0.02205,0.01630,0.12479,0.16667,0.00000,0.15370,0.77963,60.00000,0.00000,0.97758,0.06032,65.00000
random_forest_occlusion_regressor,nominal,2,6,1.00000,0.02601,0.02374,0.01962,0.14610,0.00000,0.00000,0.00741,0.76296,75.00000,0.00000,1.04691,0.06181,62.00000
random_forest_occlusion_regressor,nominal,3,6,1.00000,0.01268,0.01788,0.01351,0.14477,0.00000,0.00000,0.02222,0.78519,60.00000,0.00000,0.95592,0.06544,64.66667
random_forest_occlusion_regressor,nominal,4,6,1.00000,0.02478,0.02878,0.02007,0.11237,0.00000,0.00000,0.02778,0.79074,45.00000,0.00000,0.92334,0.04798,64.50000
random_forest_occlusion_regressor,nominal,5,6,1.00000,0.02115,0.02479,0.01445,0.05838,0.00000,0.00000,0.00000,0.76667,30.00000,0.00000,1.03963,0.04881,61.66667
random_forest_occlusion_regressor,nominal,6,6,1.00000,0.01226,0.01623,0.01143,0.15509,0.04167,0.00000,0.26852,0.76667,75.00000,0.00000,1.03865,0.07106,65.33333
random_forest_occlusion_regressor,nominal,7,6,1.00000,0.02017,0.02303,0.01580,0.10091,0.00000,0.00000,0.10926,0.77407,45.00000,0.00000,0.98983,0.05421,65.33333
random_forest_occlusion_regressor,object_displacement,0,6,1.00000,0.05145,0.05280,0.05145,0.20391,0.00000,0.00000,0.00556,0.75371,90.00000,0.00000,1.08996,0.06101,67.66667
random_forest_occlusion_regressor,object_displacement,1,6,1.00000,0.06019,0.05417,0.05702,0.18231,0.06369,0.00000,0.01111,0.76481,75.00000,0.00000,1.02241,0.06062,68.66667
random_forest_occlusion_regressor,object_displacement,2,6,0.83333,0.04853,0.04509,0.04853,0.23705,0.05556,0.00000,0.14259,0.69815,90.00000,0.00000,0.92390,0.07098,70.83333
random_forest_occlusion_regressor,object_displacement,3,6,1.00000,0.03638,0.03695,0.03638,0.21615,0.02778,0.00000,0.09630,0.76667,90.00000,0.00000,1.08527,0.07469,69.00000
random_forest_occlusion_regressor,object_displacement,4,6,1.00000,0.03426,0.03938,0.03426,0.22381,0.05000,0.00000,0.14445,0.77407,90.00000,0.00000,0.99775,0.07251,69.66667
random_forest_occlusion_regressor,object_displacement,5,6,1.00000,0.05206,0.05255,0.04805,0.18276,0.00000,0.00000,0.00000,0.76297,75.00000,0.00000,1.03398,0.06268,68.00000
random_forest_occlusion_regressor,object_displacement,6,6,1.00000,0.04966,0.04257,0.04966,0.24011,0.00000,0.00000,0.00556,0.79074,90.00000,0.00000,0.99571,0.07416,71.16667
random_forest_occlusion_regressor,object_displacement,7,6,1.00000,0.03391,0.03662,0.03391,0.21508,0.10000,0.00000,0.11852,0.76482,90.00000,0.00000,1.04427,0.07449,68.83333
random_forest_occlusion_regressor,short_self_occlusion,0,6,1.00000,0.04576,0.03841,0.04576,0.21036,0.00000,0.00000,0.03148,0.76852,90.00000,0.00000,1.01809,0.07080,68.50000
random_forest_occlusion_regressor,short_self_occlusion,1,6,1.00000,0.03321,0.03668,0.03321,0.21399,0.00000,0.00000,0.11667,0.76667,90.00000,0.00000,1.04814,0.07063,68.83333
random_forest_occlusion_regressor,short_self_occlusion,2,6,1.00000,0.03053,0.03141,0.03053,0.21860,0.00000,0.00000,0.05741,0.77222,90.00000,0.00000,0.98285,0.07357,69.16667
random_forest_occlusion_regressor,short_self_occlusion,3,6,1.00000,0.03504,0.03170,0.03775,0.18758,0.00000,0.00000,0.00741,0.77593,75.00000,0.00000,0.97154,0.07043,69.16667
random_forest_occlusion_regressor,short_self_occlusion,4,6,1.00000,0.02732,0.02979,0.02732,0.23876,0.00000,0.00000,0.02222,0.79074,90.00000,0.00000,0.90949,0.07921,71.00000
random_forest_occlusion_regressor,short_self_occlusion,5,6,1.00000,0.03186,0.03816,0.03186,0.22735,0.00000,0.00000,0.00000,0.78333,90.00000,0.00000,0.99089,0.07246,70.00000
random_forest_occlusion_regressor,short_self_occlusion,6,6,1.00000,0.03936,0.03041,0.03554,0.20275,0.00000,0.00000,0.01296,0.78333,75.00000,0.00000,0.98763,0.07535,69.83333
random_forest_occlusion_regressor,short_self_occlusion,7,6,1.00000,0.04753,0.03401,0.04753,0.20496,0.00000,0.00000,0.00926,0.76111,90.00000,0.00000,1.04031,0.07096,68.00000
random_forest_occlusion_regressor,stale_memory_trap,0,6,0.83333,0.06390,0.06396,0.06390,0.23111,0.22082,0.00000,0.12407,0.61296,90.00000,0.00000,1.04791,0.06103,70.33333
random_forest_occlusion_regressor,stale_memory_trap,1,6,0.66667,0.06416,0.06608,0.06416,0.23513,0.09082,0.00000,0.12593,0.58333,90.00000,0.00000,1.07381,0.06244,70.50000
random_forest_occlusion_regressor,stale_memory_trap,2,6,1.00000,0.04112,0.04779,0.04112,0.23514,0.04167,0.00000,0.14630,0.73148,90.00000,0.00000,1.05650,0.06941,70.66667
random_forest_occlusion_regressor,stale_memory_trap,3,6,0.83333,0.05077,0.06195,0.05077,0.24216,0.05953,0.00000,0.14444,0.66296,90.00000,0.00000,1.06805,0.06426,71.33333
random_forest_occlusion_regressor,stale_memory_trap,4,6,0.83333,0.05128,0.05272,0.05128,0.24721,0.08849,0.00000,0.15555,0.66667,90.00000,0.00000,1.00262,0.07265,71.83333
random_forest_occlusion_regressor,stale_memory_trap,5,6,0.83333,0.05414,0.05667,0.05414,0.22454,0.07430,0.00000,0.21481,0.67222,90.00000,0.00000,1.05626,0.06608,69.50000
random_forest_occlusion_regressor,stale_memory_trap,6,6,0.83333,0.06985,0.05846,0.06985,0.24079,0.00000,0.00000,0.00000,0.66482,90.00000,0.00000,1.02492,0.06517,71.00000
random_forest_occlusion_regressor,stale_memory_trap,7,6,0.83333,0.03995,0.04313,0.03995,0.22754,0.12500,0.00000,0.00000,0.74074,90.00000,0.00000,1.13220,0.07474,69.33333
risk_averse_particle_planner,camera_dropout_burst,0,6,0.33333,0.02085,0.03487,0.03303,0.00794,0.00000,0.00000,0.13518,0.26852,0.23611,28.16667,1.39267,0.04982,41.16667
risk_averse_particle_planner,camera_dropout_burst,1,6,0.83333,0.03184,0.03558,0.03593,0.00000,0.00000,0.00000,0.23704,0.27593,0.23333,27.83333,1.40934,0.04926,41.00000
risk_averse_particle_planner,camera_dropout_burst,2,6,0.33333,0.03235,0.02791,0.03050,0.00000,0.00000,0.00000,0.22963,0.22963,0.20556,27.33333,1.44473,0.05254,38.33333
risk_averse_particle_planner,camera_dropout_burst,3,6,0.33333,0.03201,0.03932,0.03828,0.00000,0.00000,0.00000,0.15370,0.27963,0.13333,28.50000,1.45239,0.04600,41.16667
risk_averse_particle_planner,camera_dropout_burst,4,6,0.16667,0.04189,0.03359,0.03147,0.00397,0.00000,0.00000,0.00000,0.26852,0.30833,28.33333,1.46579,0.05160,40.50000
risk_averse_particle_planner,camera_dropout_burst,5,6,0.50000,0.03038,0.03496,0.03652,0.00000,0.00877,0.00000,0.15185,0.27222,0.25000,28.83333,1.38462,0.05101,42.66667
risk_averse_particle_planner,camera_dropout_burst,6,6,0.50000,0.03649,0.02761,0.03187,0.01449,0.00000,0.00000,0.32222,0.28889,0.19445,28.66667,1.36156,0.05471,41.83333
risk_averse_particle_planner,camera_dropout_burst,7,6,0.16667,0.02475,0.03663,0.03430,0.00775,0.00000,0.00000,0.00000,0.28518,0.16667,29.33333,1.50861,0.04913,41.83333
risk_averse_particle_planner,combined_extreme_stress,0,6,0.33333,0.06471,0.06583,0.05860,0.60241,0.06250,0.16667,0.20926,0.06481,0.12500,41.83333,1.34274,0.11895,53.33333
risk_averse_particle_planner,combined_extreme_stress,1,6,0.00000,0.06168,0.05314,0.05039,0.32320,0.05357,0.00000,0.12593,0.01481,0.16418,45.00000,1.22898,0.07573,45.33333
risk_averse_particle_planner,combined_extreme_stress,2,6,0.16667,0.08299,0.07408,0.06188,0.59200,0.09091,0.00000,0.29074,0.07037,0.09615,41.50000,1.28690,0.11587,54.66667
risk_averse_particle_planner,combined_extreme_stress,3,6,0.00000,0.06952,0.06955,0.05363,0.48818,0.01852,0.00000,0.13518,0.02037,0.40806,42.33333,1.36651,0.09265,48.16667
risk_averse_particle_planner,combined_extreme_stress,4,6,0.00000,0.07133,0.06517,0.05018,0.47946,0.08154,0.00000,0.07037,0.03519,0.15833,43.16667,1.42205,0.08582,46.50000
risk_averse_particle_planner,combined_extreme_stress,5,6,0.16667,0.08821,0.06182,0.05571,0.45497,0.05729,0.00000,0.10370,0.02037,0.17340,45.66667,1.31250,0.08678,48.33333
risk_averse_particle_planner,combined_extreme_stress,6,6,0.00000,0.05829,0.06489,0.05903,0.43501,0.01667,0.00000,0.12037,0.03148,0.13782,47.16667,1.31619,0.07785,47.50000
risk_averse_particle_planner,combined_extreme_stress,7,6,0.00000,0.05630,0.05862,0.05528,0.31206,0.00000,0.00000,0.00926,0.02222,0.15746,42.50000,1.31652,0.07041,42.50000
risk_averse_particle_planner,combined_stress,0,6,0.00000,0.04057,0.04063,0.03855,0.21254,0.00000,0.00000,0.20556,0.04815,0.16032,37.33333,1.36005,0.06591,44.50000
risk_averse_particle_planner,combined_stress,1,6,0.00000,0.04592,0.04177,0.04805,0.20005,0.00877,0.16667,0.10370,0.02963,0.11012,36.16667,1.42215,0.06394,42.83333
risk_averse_particle_planner,combined_stress,2,6,0.00000,0.03132,0.04050,0.04188,0.14207,0.00000,0.00000,0.27963,0.06667,0.09524,38.83333,1.34523,0.06368,45.33333
risk_averse_particle_planner,combined_stress,3,6,0.00000,0.03495,0.04211,0.04347,0.13355,0.00794,0.00000,0.15556,0.05185,0.04233,36.33333,1.43612,0.05910,42.16667
risk_averse_particle_planner,combined_stress,4,6,0.00000,0.05219,0.03474,0.04186,0.10971,0.00000,0.00000,0.00000,0.04815,0.13724,35.83333,1.36243,0.06216,42.66667
risk_averse_particle_planner,combined_stress,5,6,0.00000,0.03429,0.04395,0.04072,0.18352,0.02841,0.00000,0.01667,0.07037,0.17163,38.66667,1.35844,0.06508,46.00000
risk_averse_particle_planner,combined_stress,6,6,0.00000,0.04557,0.04066,0.04198,0.18527,0.00000,0.00000,0.24445,0.05556,0.22024,39.50000,1.36200,0.06701,46.16667
risk_averse_particle_planner,combined_stress,7,6,0.00000,0.04195,0.03882,0.03955,0.18502,0.00000,0.00000,0.49074,0.04815,0.08095,38.16667,1.35518,0.06613,45.33333
risk_averse_particle_planner,distractor_swap,0,6,1.00000,0.02995,0.02330,0.02995,0.25239,0.00000,0.00000,0.11667,0.75000,90.00000,2.00000,1.11640,0.09282,67.50000
risk_averse_particle_planner,distractor_swap,1,6,1.00000,0.04077,0.03427,0.03270,0.16472,0.00000,0.00000,0.11482,0.76482,75.00000,3.50000,1.11896,0.08013,68.83333
risk_averse_particle_planner,distractor_swap,2,6,0.83333,0.03288,0.02656,0.03487,0.20508,0.00000,0.00000,0.11111,0.73148,75.00000,4.00000,1.17768,0.08343,66.50000
risk_averse_particle_planner,distractor_swap,3,6,1.00000,0.03879,0.02683,0.03606,0.22940,0.00000,0.00000,0.28704,0.75185,75.00000,4.00000,1.18604,0.08748,68.33333
risk_averse_particle_planner,distractor_swap,4,6,1.00000,0.03092,0.02500,0.02778,0.20011,0.00000,0.00000,0.18704,0.76296,60.00000,4.16667,1.07047,0.08757,68.83333
risk_averse_particle_planner,distractor_swap,5,6,1.00000,0.03892,0.02566,0.03581,0.23121,0.00000,0.00000,0.01852,0.76482,75.00000,3.83333,1.11142,0.09100,69.00000
risk_averse_particle_planner,distractor_swap,6,6,1.00000,0.02176,0.01864,0.01633,0.21766,0.00000,0.00000,0.21481,0.77037,75.00000,2.50000,1.03550,0.09499,69.33333
risk_averse_particle_planner,distractor_swap,7,6,1.00000,0.02307,0.02065,0.02538,0.15684,0.00000,0.00000,0.02222,0.70741,60.08333,4.66667,1.23145,0.07983,64.00000
risk_averse_particle_planner,embodiment_control_shift,0,6,0.16667,0.03185,0.02736,0.02983,0.00000,0.00000,0.00000,0.00000,0.28704,0.13333,27.66667,1.44271,0.05116,40.16667
risk_averse_particle_planner,embodiment_control_shift,1,6,0.50000,0.02740,0.03233,0.02762,0.01042,0.00000,0.00000,0.22222,0.27222,0.06667,26.33333,1.43635,0.04646,39.66667
risk_averse_particle_planner,embodiment_control_shift,2,6,0.16667,0.03324,0.02784,0.02919,0.00000,0.00000,0.00000,0.12407,0.30556,0.11667,28.16667,1.37888,0.05124,40.33333
risk_averse_particle_planner,embodiment_control_shift,3,6,0.16667,0.02318,0.02719,0.02841,0.00000,0.00000,0.00000,0.08333,0.28889,0.06667,28.83333,1.26465,0.05175,41.83333
risk_averse_particle_planner,embodiment_control_shift,4,6,0.66667,0.03057,0.02545,0.02749,0.00000,0.00000,0.00000,0.21482,0.28148,0.06667,26.33333,1.40923,0.04964,39.33333
risk_averse_particle_planner,embodiment_control_shift,5,6,0.50000,0.03364,0.03619,0.03072,0.00890,0.01389,0.00000,0.30370,0.28519,0.03333,26.83333,1.48423,0.04491,39.00000
risk_averse_particle_planner,embodiment_control_shift,6,6,0.50000,0.01848,0.02948,0.02945,0.01190,0.00000,0.00000,0.12963,0.28519,0.18333,27.16667,1.45894,0.04918,39.83333
risk_averse_particle_planner,embodiment_control_shift,7,6,0.16667,0.02693,0.02700,0.02612,0.00417,0.00000,0.00000,0.25556,0.29074,0.00000,28.00000,1.44692,0.05031,39.50000
risk_averse_particle_planner,end_effector_occlusion,0,6,0.83333,0.02195,0.01928,0.02022,0.07927,0.00000,0.00000,0.08148,0.64259,15.00000,9.33333,1.32045,0.07064,62.33333
risk_averse_particle_planner,end_effector_occlusion,1,6,0.66667,0.02227,0.02276,0.02027,0.04975,0.00000,0.00000,0.06111,0.54444,15.05556,15.66667,1.47143,0.05469,57.33333
risk_averse_particle_planner,end_effector_occlusion,2,6,0.83333,0.02512,0.02743,0.02698,0.23720,0.00000,0.00000,0.00926,0.67222,60.00000,8.83333,1.21388,0.08068,65.00000
risk_averse_particle_planner,end_effector_occlusion,3,6,0.83333,0.02386,0.02328,0.02743,0.06637,0.00000,0.00000,0.06667,0.63889,15.00000,11.66667,1.38751,0.06600,62.33333
risk_averse_particle_planner,end_effector_occlusion,4,6,0.66667,0.01685,0.01745,0.02030,0.09048,0.00000,0.00000,0.25370,0.55556,15.00000,15.50000,1.41080,0.06345,56.50000
risk_averse_particle_planner,end_effector_occlusion,5,6,1.00000,0.02824,0.02549,0.02854,0.27431,0.00000,0.00000,0.04074,0.67407,45.00000,10.16667,1.23234,0.08668,65.83333
risk_averse_particle_planner,end_effector_occlusion,6,6,0.83333,0.03078,0.02315,0.02482,0.10487,0.00000,0.00000,0.07222,0.59445,30.13889,11.66667,1.40140,0.06535,60.83333
risk_averse_particle_planner,end_effector_occlusion,7,6,0.83333,0.03622,0.03376,0.03485,0.13930,0.00000,0.00000,0.02778,0.61111,30.00000,10.66667,1.46154,0.06400,60.33333
risk_averse_particle_planner,false_reappearance,0,6,0.00000,0.03155,0.02818,0.03122,0.00000,0.00000,0.00000,0.03519,0.27778,0.20833,31.83333,1.48793,0.05547,46.00000
risk_averse_particle_planner,false_reappearance,1,6,0.00000,0.03187,0.03128,0.03193,0.00000,0.00000,0.00000,0.25185,0.21667,0.03333,29.00000,1.50415,0.04910,43.33333
risk_averse_particle_planner,false_reappearance,2,6,0.16667,0.03009,0.02955,0.03516,0.00000,0.00000,0.00000,0.34259,0.23519,0.11667,28.66667,1.50648,0.05065,43.50000
risk_averse_particle_planner,false_reappearance,3,6,0.33333,0.02526,0.02919,0.03069,0.00000,0.00000,0.00000,0.21111,0.26111,0.03333,30.33333,1.59687,0.05258,43.16667
risk_averse_particle_planner,false_reappearance,4,6,0.00000,0.03012,0.03583,0.03218,0.00000,0.00000,0.00000,0.08518,0.25185,0.10000,29.33333,1.50050,0.04822,44.83333
risk_averse_particle_planner,false_reappearance,5,6,0.00000,0.02790,0.03105,0.02982,0.00000,0.00000,0.00000,0.10926,0.24074,0.00000,30.50000,1.44942,0.05091,44.50000
risk_averse_particle_planner,false_reappearance,6,6,0.50000,0.04312,0.03014,0.02882,0.00641,0.00000,0.00000,0.24815,0.24630,0.14167,30.66667,1.42572,0.05308,45.66667
risk_averse_particle_planner,false_reappearance,7,6,0.33333,0.03632,0.03428,0.03073,0.00355,0.00000,0.00000,0.22222,0.28333,0.11667,32.00000,1.48750,0.05198,46.33333
risk_averse_particle_planner,hidden_contact_drift,0,6,0.16667,0.01482,0.03017,0.03021,0.06705,0.00000,0.00000,0.16111,0.20370,0.07639,29.00000,1.37924,0.05267,37.00000
risk_averse_particle_planner,hidden_contact_drift,1,6,0.33333,0.03302,0.02985,0.03227,0.08152,0.00000,0.00000,0.21667,0.20000,0.07143,29.33333,1.44959,0.05313,36.50000
risk_averse_particle_planner,hidden_contact_drift,2,6,0.33333,0.02525,0.03488,0.03115,0.06580,0.00000,0.00000,0.10370,0.20185,0.04861,29.00000,1.34299,0.05133,37.83333
risk_averse_particle_planner,hidden_contact_drift,3,6,0.16667,0.02289,0.03210,0.03089,0.02411,0.00000,0.00000,0.11667,0.16297,0.06548,26.33333,1.31547,0.04839,34.50000
risk_averse_particle_planner,hidden_contact_drift,4,6,0.16667,0.01689,0.03221,0.02989,0.02269,0.00000,0.00000,0.07593,0.18519,0.07540,29.83333,1.27252,0.05089,37.33333
risk_averse_particle_planner,hidden_contact_drift,5,6,0.16667,0.03317,0.02694,0.03128,0.04481,0.00000,0.00000,0.00556,0.17037,0.02381,28.33333,1.29778,0.05096,36.16667
risk_averse_particle_planner,hidden_contact_drift,6,6,0.50000,0.02844,0.03901,0.03328,0.09795,0.00000,0.00000,0.00556,0.20185,0.04762,29.50000,1.38768,0.04960,36.83333
risk_averse_particle_planner,hidden_contact_drift,7,6,0.00000,0.03163,0.03450,0.03124,0.03568,0.00000,0.00000,0.22408,0.19074,0.02381,29.50000,1.37481,0.04945,37.83333
risk_averse_particle_planner,high_symmetry_layout,0,6,0.16667,0.02167,0.02783,0.02845,0.00388,0.00000,0.00000,0.15926,0.23333,0.04167,26.83333,1.59162,0.04949,39.16667
risk_averse_particle_planner,high_symmetry_layout,1,6,0.50000,0.03151,0.03302,0.02702,0.01477,0.00000,0.00000,0.40185,0.26852,0.10000,30.66667,1.46886,0.05205,44.66667
risk_averse_particle_planner,high_symmetry_layout,2,6,0.33333,0.02489,0.02732,0.03103,0.00000,0.00000,0.00000,0.11296,0.25370,0.03333,29.50000,1.39620,0.05197,42.50000
risk_averse_particle_planner,high_symmetry_layout,3,6,0.16667,0.02602,0.03585,0.03020,0.00725,0.00000,0.00000,0.00000,0.30741,0.00000,30.66667,1.56624,0.04926,43.33333
risk_averse_particle_planner,high_symmetry_layout,4,6,0.16667,0.03369,0.02897,0.03075,0.00834,0.00000,0.00000,0.23333,0.27222,0.11667,28.16667,1.45160,0.05019,42.00000
risk_averse_particle_planner,high_symmetry_layout,5,6,0.16667,0.03943,0.02795,0.03097,0.00000,0.00000,0.00000,0.27222,0.26111,0.03333,28.16667,1.47069,0.05030,41.50000
risk_averse_particle_planner,high_symmetry_layout,6,6,0.33333,0.01562,0.03126,0.02963,0.00000,0.00000,0.00000,0.15741,0.24630,0.03333,28.00000,1.48438,0.04846,40.50000
risk_averse_particle_planner,high_symmetry_layout,7,6,0.33333,0.02652,0.03644,0.03091,0.00407,0.00000,0.00000,0.30556,0.26482,0.12500,27.66667,1.54298,0.04634,41.83333
risk_averse_particle_planner,long_self_occlusion,0,6,1.00000,0.02688,0.01942,0.02047,0.00000,0.00000,0.00000,0.00000,0.43333,0.11111,21.16667,1.55758,0.05259,56.66667
risk_averse_particle_planner,long_self_occlusion,1,6,0.83333,0.02449,0.02007,0.01940,0.08260,0.00000,0.00000,0.01296,0.53333,15.05556,15.33333,1.41080,0.07046,62.50000
risk_averse_particle_planner,long_self_occlusion,2,6,0.66667,0.02453,0.02984,0.02791,0.08920,0.00000,0.00000,0.07407,0.40741,15.05556,19.00000,1.56298,0.05644,57.16667
risk_averse_particle_planner,long_self_occlusion,3,6,0.66667,0.02244,0.02236,0.02342,0.04975,0.00000,0.00000,0.06296,0.46667,0.00000,19.50000,1.55336,0.05598,57.33333
risk_averse_particle_planner,long_self_occlusion,4,6,0.83333,0.03458,0.02628,0.03537,0.26447,0.00000,0.00000,0.01482,0.57592,45.16667,13.33333,1.37302,0.08816,65.33333
risk_averse_particle_planner,long_self_occlusion,5,6,1.00000,0.02495,0.02144,0.02565,0.12355,0.00000,0.00000,0.04630,0.49444,15.00000,17.16667,1.53915,0.07124,60.00000
risk_averse_particle_planner,long_self_occlusion,6,6,0.83333,0.02997,0.02550,0.02335,0.12148,0.00000,0.00000,0.02593,0.50185,15.00000,17.83333,1.46257,0.06470,60.16667
risk_averse_particle_planner,long_self_occlusion,7,6,1.00000,0.04437,0.03306,0.03320,0.35545,0.00000,0.00000,0.17963,0.63704,45.00000,10.50000,1.34736,0.09511,67.83333
risk_averse_particle_planner,near_identical_distractors,0,6,0.66667,0.02125,0.02052,0.02664,0.00000,0.00000,0.00000,0.25555,0.47222,0.05556,18.00000,1.53010,0.04430,47.50000
risk_averse_particle_planner,near_identical_distractors,1,6,0.83333,0.02484,0.02434,0.02854,0.09193,0.00000,0.00000,0.32408,0.57778,15.05556,14.33333,1.36967,0.05958,55.00000
risk_averse_particle_planner,near_identical_distractors,2,6,0.66667,0.02237,0.02343,0.02408,0.00000,0.00000,0.00000,0.17037,0.47593,0.05556,18.33333,1.58431,0.04282,46.50000
risk_averse_particle_planner,near_identical_distractors,3,6,0.66667,0.01796,0.02079,0.02341,0.00000,0.00000,0.00000,0.10000,0.47407,0.00000,18.66667,1.58377,0.04440,47.16667
risk_averse_particle_planner,near_identical_distractors,4,6,0.50000,0.01915,0.02218,0.02179,0.00000,0.00000,0.00000,0.24259,0.48518,0.27778,18.83333,1.53183,0.04568,47.66667
risk_averse_particle_planner,near_identical_distractors,5,6,1.00000,0.02419,0.02676,0.02375,0.00000,0.00000,0.00000,0.00000,0.51296,0.08333,17.33333,1.47056,0.04253,49.00000
risk_averse_particle_planner,near_identical_distractors,6,6,0.83333,0.02678,0.01981,0.02339,0.00000,0.00000,0.00000,0.12037,0.48518,0.05556,17.83333,1.55990,0.04417,47.00000
risk_averse_particle_planner,near_identical_distractors,7,6,0.66667,0.02707,0.02948,0.02635,0.08102,0.00000,0.00000,0.11482,0.57408,15.00000,16.00000,1.44530,0.05703,55.66667
risk_averse_particle_planner,nominal,0,6,1.00000,0.01225,0.01037,0.01225,0.00000,0.00000,0.00000,0.00000,0.79815,90.00000,0.00000,0.85984,0.04813,68.50000
risk_averse_particle_planner,nominal,1,6,1.00000,0.01485,0.01157,0.01485,0.00000,0.00000,0.00000,0.24815,0.77963,90.00000,0.00000,0.95293,0.04756,67.33333
risk_averse_particle_planner,nominal,2,6,1.00000,0.01287,0.01153,0.01287,0.00000,0.00000,0.00000,0.00926,0.76111,90.00000,0.00000,1.03167,0.04548,65.50000
risk_averse_particle_planner,nominal,3,6,1.00000,0.01299,0.01079,0.01299,0.00000,0.00000,0.00000,0.02222,0.78704,90.00000,0.00000,0.92978,0.04698,67.66667
risk_averse_particle_planner,nominal,4,6,1.00000,0.01525,0.01139,0.01525,0.00000,0.00000,0.00000,0.13333,0.79259,90.00000,0.00000,0.88919,0.04656,68.33333
risk_averse_particle_planner,nominal,5,6,1.00000,0.01807,0.01237,0.01807,0.00000,0.00000,0.00000,0.00000,0.76852,90.00000,0.00000,1.00566,0.04571,66.16667
risk_averse_particle_planner,nominal,6,6,1.00000,0.01627,0.01164,0.01627,0.00000,0.00000,0.00000,0.26666,0.76667,90.00000,0.00000,1.02625,0.04638,65.83333
risk_averse_particle_planner,nominal,7,6,1.00000,0.01605,0.01243,0.01605,0.00000,0.00000,0.00000,0.05926,0.77222,90.00000,0.00000,0.96154,0.04729,66.50000
risk_averse_particle_planner,object_displacement,0,6,0.66667,0.02676,0.02225,0.02412,0.00000,0.00000,0.00000,0.00926,0.44259,0.00000,21.33333,1.52044,0.04534,38.00000
risk_averse_particle_planner,object_displacement,1,6,0.83333,0.03104,0.02292,0.02396,0.00000,0.00000,0.00000,0.01111,0.45000,0.10833,22.83333,1.43224,0.04642,39.50000
risk_averse_particle_planner,object_displacement,2,6,0.50000,0.02130,0.02736,0.02802,0.00000,0.00000,0.00000,0.23148,0.46852,0.00000,24.00000,1.36924,0.04489,40.16667
risk_averse_particle_planner,object_displacement,3,6,0.50000,0.02423,0.02708,0.02746,0.00000,0.00000,0.00000,0.13148,0.44444,0.08333,22.00000,1.50365,0.04277,38.66667
risk_averse_particle_planner,object_displacement,4,6,0.83333,0.02889,0.02595,0.02428,0.00000,0.00000,0.00000,0.06296,0.44629,0.00000,21.83333,1.44002,0.04379,39.00000
risk_averse_particle_planner,object_displacement,5,6,0.50000,0.02729,0.02680,0.02620,0.00000,0.00000,0.00000,0.02222,0.46111,0.14167,24.16667,1.45305,0.04556,39.66667
risk_averse_particle_planner,object_displacement,6,6,0.50000,0.02668,0.02559,0.02596,0.00000,0.00000,0.00000,0.22037,0.46296,0.07500,23.66667,1.42065,0.04565,40.16667
risk_averse_particle_planner,object_displacement,7,6,0.66667,0.01648,0.02306,0.02539,0.00000,0.00000,0.00000,0.09630,0.45741,0.00000,21.66667,1.47866,0.04493,38.83333
risk_averse_particle_planner,short_self_occlusion,0,6,1.00000,0.02346,0.02077,0.02346,0.00000,0.00000,0.00000,0.00000,0.76852,90.00000,0.00000,0.99765,0.07358,68.66667
risk_averse_particle_planner,short_self_occlusion,1,6,1.00000,0.02609,0.01920,0.02609,0.00000,0.00000,0.00000,0.14445,0.76667,90.00000,0.00000,1.00989,0.07596,68.66667
risk_averse_particle_planner,short_self_occlusion,2,6,1.00000,0.03042,0.02300,0.03042,0.00000,0.00000,0.00000,0.09630,0.77037,90.00000,0.00000,0.98132,0.07185,69.33333
risk_averse_particle_planner,short_self_occlusion,3,6,1.00000,0.02813,0.02135,0.02813,0.00000,0.00000,0.00000,0.00741,0.77593,90.00000,0.00000,0.95173,0.07427,69.00000
risk_averse_particle_planner,short_self_occlusion,4,6,1.00000,0.01999,0.01642,0.01999,0.00000,0.00000,0.00000,0.02222,0.79259,90.00000,0.00000,0.88875,0.08156,70.66667
risk_averse_particle_planner,short_self_occlusion,5,6,1.00000,0.02319,0.01745,0.02319,0.00000,0.00000,0.00000,0.00000,0.78518,90.00000,0.00000,0.95900,0.07987,70.16667
risk_averse_particle_planner,short_self_occlusion,6,6,1.00000,0.02755,0.02194,0.02755,0.00235,0.00000,0.00000,0.01111,0.78518,90.00000,0.00000,0.94874,0.07817,70.33333
risk_averse_particle_planner,short_self_occlusion,7,6,1.00000,0.01980,0.01575,0.01980,0.00000,0.00000,0.00000,0.00926,0.76111,90.00000,0.00000,1.03295,0.07805,68.00000
risk_averse_particle_planner,stale_memory_trap,0,6,0.00000,0.02818,0.03300,0.03685,0.18108,0.00000,0.00000,0.23519,0.06296,0.09623,38.33333,1.40493,0.06796,45.33333
risk_averse_particle_planner,stale_memory_trap,1,6,0.00000,0.03288,0.03502,0.03445,0.18345,0.00000,0.00000,0.11667,0.04815,0.17560,37.00000,1.36373,0.06648,44.00000
risk_averse_particle_planner,stale_memory_trap,2,6,0.00000,0.02554,0.03201,0.03379,0.15413,0.00000,0.00000,0.10000,0.05185,0.09226,37.50000,1.33601,0.06557,44.66667
risk_averse_particle_planner,stale_memory_trap,3,6,0.00000,0.02750,0.03481,0.03493,0.15614,0.00000,0.00000,0.01111,0.04815,0.09524,36.66667,1.36775,0.06339,43.66667
risk_averse_particle_planner,stale_memory_trap,4,6,0.00000,0.02701,0.03134,0.03253,0.14855,0.00000,0.00000,0.00741,0.04074,0.14286,38.66667,1.29071,0.06863,45.66667
risk_averse_particle_planner,stale_memory_trap,5,6,0.00000,0.02705,0.03251,0.03399,0.15690,0.00000,0.00000,0.12222,0.05000,0.17560,37.16667,1.35392,0.06791,43.83333
risk_averse_particle_planner,stale_memory_trap,6,6,0.16667,0.02765,0.03231,0.03398,0.18948,0.00000,0.00000,0.13519,0.06296,0.10318,38.50000,1.37721,0.06723,45.50000
risk_averse_particle_planner,stale_memory_trap,7,6,0.00000,0.03490,0.03209,0.03012,0.18718,0.00000,0.00000,0.10741,0.05926,0.14683,35.83333,1.43836,0.06654,43.33333
visibility_gated_kalman,camera_dropout_burst,0,6,0.83333,0.13155,0.22529,0.07874,0.00000,0.47329,0.00000,0.24074,0.25741,0.25000,0.00000,1.89234,0.08926,39.50000
visibility_gated_kalman,camera_dropout_burst,1,6,0.33333,0.12963,0.20430,0.06014,0.01212,0.60318,0.00000,0.31111,0.25926,0.04167,0.00000,1.85273,0.07874,44.66667
visibility_gated_kalman,camera_dropout_burst,2,6,0.33333,0.21401,0.24231,0.09003,0.01130,0.50487,0.00000,0.33889,0.25370,0.04167,0.00000,1.81898,0.10717,44.16667
visibility_gated_kalman,camera_dropout_burst,3,6,0.33333,0.20172,0.19260,0.08243,0.01787,0.64852,0.00000,0.29630,0.31111,0.31667,0.00000,1.78235,0.07777,44.00000
visibility_gated_kalman,camera_dropout_burst,4,6,0.16667,0.18685,0.21962,0.07650,0.00565,0.56310,0.00000,0.37037,0.21852,0.13889,0.00000,1.80317,0.08861,42.16667
visibility_gated_kalman,camera_dropout_burst,5,6,0.00000,0.29955,0.20103,0.13774,0.00714,0.60029,0.00000,0.47407,0.31482,15.09722,0.00000,1.81647,0.08849,54.83333
visibility_gated_kalman,camera_dropout_burst,6,6,0.50000,0.23912,0.20436,0.07869,0.00000,0.56425,0.00000,0.28704,0.35000,0.04167,0.00000,1.71829,0.08403,41.50000
visibility_gated_kalman,camera_dropout_burst,7,6,0.33333,0.16481,0.22091,0.08881,0.00000,0.65675,0.00000,0.35926,0.18334,15.08333,0.00000,1.89975,0.09592,49.83333
visibility_gated_kalman,combined_extreme_stress,0,6,0.16667,0.18421,0.18877,0.10751,0.00470,0.67958,0.00000,0.64815,0.11852,45.09722,0.00000,1.69074,0.09452,63.66667
visibility_gated_kalman,combined_extreme_stress,1,6,0.50000,0.10182,0.14929,0.10801,0.00219,0.68914,0.00000,0.65926,0.23703,60.08333,0.00000,1.56992,0.06856,67.00000
visibility_gated_kalman,combined_extreme_stress,2,6,0.16667,0.15209,0.18213,0.08296,0.00000,0.67774,0.00000,0.65000,0.15926,15.32500,0.00000,1.59880,0.09023,58.33333
visibility_gated_kalman,combined_extreme_stress,3,6,0.00000,0.11144,0.15809,0.06979,0.00000,0.68607,0.00000,0.60555,0.21852,15.00000,0.00000,1.66932,0.07575,64.50000
visibility_gated_kalman,combined_extreme_stress,4,6,0.16667,0.15154,0.17197,0.09795,0.00000,0.68121,0.00000,0.59815,0.17407,30.20833,0.00000,1.66031,0.08139,58.16667
visibility_gated_kalman,combined_extreme_stress,5,6,0.33333,0.20444,0.19463,0.08586,0.00000,0.68781,0.00000,0.55370,0.17037,0.12500,0.00000,1.77242,0.09213,58.16667
visibility_gated_kalman,combined_extreme_stress,6,6,0.33333,0.15276,0.19262,0.07603,0.00000,0.68055,0.00000,0.55926,0.11852,15.20833,0.00000,1.76023,0.09291,55.16667
visibility_gated_kalman,combined_extreme_stress,7,6,0.33333,0.19543,0.21859,0.10632,0.00000,0.65294,0.00000,0.46852,0.10000,0.61111,0.00000,1.74251,0.10284,43.00000
visibility_gated_kalman,combined_stress,0,6,0.16667,0.14044,0.20600,0.07388,0.00000,0.59137,0.00000,0.46482,0.16482,0.20833,0.00000,1.74184,0.08621,44.66667
visibility_gated_kalman,combined_stress,1,6,0.33333,0.25616,0.21158,0.07468,0.00000,0.59566,0.00000,0.35926,0.13889,0.04167,0.00000,1.84061,0.09050,47.83333
visibility_gated_kalman,combined_stress,2,6,0.16667,0.22732,0.19503,0.10186,0.00000,0.67546,0.00000,0.45185,0.26296,15.16667,0.00000,1.74617,0.08559,51.50000
visibility_gated_kalman,combined_stress,3,6,0.16667,0.14096,0.16163,0.05306,0.00000,0.64322,0.00000,0.59074,0.25555,15.00000,0.00000,1.67151,0.06716,53.83333
visibility_gated_kalman,combined_stress,4,6,0.00000,0.24492,0.23953,0.10464,0.00000,0.59029,0.00000,0.45555,0.09630,15.11667,0.00000,1.84233,0.10244,46.33333
visibility_gated_kalman,combined_stress,5,6,0.16667,0.07820,0.16490,0.06425,0.00498,0.67541,0.00000,0.65000,0.25185,45.00000,0.00000,1.66630,0.06700,64.50000
visibility_gated_kalman,combined_stress,6,6,0.16667,0.07519,0.16486,0.07102,0.00260,0.73406,0.00000,0.64259,0.22037,0.04167,0.00000,1.67203,0.07142,61.00000
visibility_gated_kalman,combined_stress,7,6,0.00000,0.18999,0.19479,0.13933,0.01170,0.67100,0.00000,0.59630,0.23148,15.08333,0.00000,1.77235,0.08979,56.00000
visibility_gated_kalman,distractor_swap,0,6,0.83333,0.13824,0.15836,0.04505,0.00000,0.57619,0.00000,0.51297,0.37593,0.08333,0.00000,1.61917,0.05751,43.33333
visibility_gated_kalman,distractor_swap,1,6,0.33333,0.07279,0.15852,0.04606,0.00807,0.70833,0.00000,0.50555,0.38889,0.03333,0.00000,1.59146,0.05892,46.33333
visibility_gated_kalman,distractor_swap,2,6,0.66667,0.16630,0.14207,0.04380,0.00000,0.66987,0.00000,0.72222,0.42963,0.00000,0.00000,1.52680,0.05307,47.50000
visibility_gated_kalman,distractor_swap,3,6,0.50000,0.08133,0.16474,0.05034,0.00000,0.62943,0.00000,0.47963,0.38889,0.04167,0.00000,1.66977,0.05820,41.83333
visibility_gated_kalman,distractor_swap,4,6,0.50000,0.10873,0.14129,0.05234,0.00909,0.64798,0.00000,0.50555,0.43889,0.08333,0.00000,1.54003,0.05225,49.50000
visibility_gated_kalman,distractor_swap,5,6,0.50000,0.17022,0.16180,0.05687,0.00000,0.64885,0.00000,0.50370,0.41852,0.04167,0.00000,1.49033,0.06267,40.16667
visibility_gated_kalman,distractor_swap,6,6,0.66667,0.12990,0.14748,0.09333,0.00000,0.62691,0.00000,0.59074,0.44815,15.00000,0.00000,1.46729,0.05411,48.83333
visibility_gated_kalman,distractor_swap,7,6,0.33333,0.13986,0.16186,0.04691,0.00347,0.66687,0.00000,0.44630,0.37222,0.00000,0.00000,1.66974,0.05833,42.66667
visibility_gated_kalman,embodiment_control_shift,0,6,0.00000,0.13373,0.22979,0.11075,0.00000,0.66246,0.00000,0.30926,0.20370,15.15278,0.00000,1.77075,0.09955,47.33333
visibility_gated_kalman,embodiment_control_shift,1,6,0.66667,0.08536,0.16477,0.06048,0.01568,0.66641,0.00000,0.41667,0.33333,0.22222,0.00000,1.76251,0.05975,46.50000
visibility_gated_kalman,embodiment_control_shift,2,6,0.50000,0.16182,0.17868,0.05751,0.00000,0.63700,0.00000,0.39630,0.29815,0.16667,0.00000,1.71314,0.07165,46.66667
visibility_gated_kalman,embodiment_control_shift,3,6,0.50000,0.18053,0.17908,0.06079,0.00000,0.58495,0.00000,0.41481,0.31852,0.15278,0.00000,1.55182,0.07105,46.50000
visibility_gated_kalman,embodiment_control_shift,4,6,0.33333,0.17016,0.20799,0.05503,0.00362,0.60152,0.00000,0.39074,0.25926,0.03333,0.00000,1.81572,0.08215,44.83333
visibility_gated_kalman,embodiment_control_shift,5,6,0.50000,0.06722,0.15723,0.05103,0.00000,0.53968,0.00000,0.50000,0.37037,0.05556,0.00000,1.67047,0.05623,45.83333
visibility_gated_kalman,embodiment_control_shift,6,6,0.33333,0.11408,0.17100,0.04732,0.01695,0.60219,0.00000,0.53333,0.30370,0.00000,0.00000,1.67788,0.06781,49.50000
visibility_gated_kalman,embodiment_control_shift,7,6,0.33333,0.09925,0.16775,0.05266,0.00000,0.55529,0.00000,0.45926,0.36667,0.07500,0.00000,1.64730,0.06018,43.50000
visibility_gated_kalman,end_effector_occlusion,0,6,0.50000,0.08085,0.18523,0.05122,0.00333,0.52129,0.00000,0.25370,0.33519,0.00000,0.00000,1.79554,0.06544,45.83333
visibility_gated_kalman,end_effector_occlusion,1,6,0.33333,0.07509,0.18187,0.04517,0.01003,0.27778,0.00000,0.21481,0.35000,0.00000,0.00000,1.85290,0.06486,47.66667
visibility_gated_kalman,end_effector_occlusion,2,6,0.00000,0.22133,0.21545,0.05563,0.03895,0.39405,0.00000,0.18333,0.25926,0.08333,0.00000,1.84676,0.09049,51.16667
visibility_gated_kalman,end_effector_occlusion,3,6,0.16667,0.16079,0.15592,0.04205,0.03030,0.46944,0.00000,0.28148,0.36852,0.04167,0.00000,1.69070,0.05340,46.16667
visibility_gated_kalman,end_effector_occlusion,4,6,0.50000,0.27001,0.17128,0.04617,0.08240,0.58691,0.00000,0.33148,0.39630,0.08333,0.00000,1.77064,0.06638,52.66667
visibility_gated_kalman,end_effector_occlusion,5,6,0.33333,0.07751,0.19517,0.04599,0.04944,0.51885,0.00000,0.40555,0.25370,0.00000,0.00000,1.72630,0.06998,48.50000
visibility_gated_kalman,end_effector_occlusion,6,6,0.16667,0.06322,0.18501,0.04525,0.00298,0.48237,0.00000,0.22037,0.29815,0.00000,0.00000,1.80858,0.06289,44.00000
visibility_gated_kalman,end_effector_occlusion,7,6,0.00000,0.06448,0.18636,0.05050,0.01972,0.55504,0.00000,0.32778,0.28704,0.05556,0.00000,1.84506,0.06229,44.33333
visibility_gated_kalman,false_reappearance,0,6,0.16667,0.19397,0.20434,0.10594,0.00000,0.72341,0.00000,0.56667,0.20741,15.00000,0.00000,1.60327,0.09772,52.33333
visibility_gated_kalman,false_reappearance,1,6,0.00000,0.09508,0.16924,0.05137,0.00000,0.71867,0.00000,0.61481,0.23148,0.00000,0.00000,1.64988,0.06931,51.66667
visibility_gated_kalman,false_reappearance,2,6,0.66667,0.15006,0.17474,0.06567,0.00000,0.70185,0.00000,0.56667,0.29074,0.04167,0.00000,1.57223,0.07428,45.83333
visibility_gated_kalman,false_reappearance,3,6,0.00000,0.15812,0.14903,0.06103,0.00000,0.74672,0.00000,0.65185,0.21111,0.12500,0.00000,1.57714,0.06436,56.16667
visibility_gated_kalman,false_reappearance,4,6,0.16667,0.21278,0.20384,0.09274,0.00000,0.72325,0.00000,0.41481,0.19815,15.00000,0.00000,1.66807,0.08658,49.16667
visibility_gated_kalman,false_reappearance,5,6,0.50000,0.15695,0.17969,0.06520,0.00000,0.65787,0.00000,0.58148,0.24260,0.04167,0.00000,1.59077,0.07409,46.50000
visibility_gated_kalman,false_reappearance,6,6,0.00000,0.16011,0.19605,0.10430,0.00000,0.75824,0.00000,0.64815,0.19815,15.00000,0.00000,1.54968,0.08991,54.66667
visibility_gated_kalman,false_reappearance,7,6,0.33333,0.15802,0.17277,0.05951,0.00000,0.60217,0.00000,0.53519,0.33148,0.16667,0.00000,1.62335,0.06971,48.33333
visibility_gated_kalman,hidden_contact_drift,0,6,0.16667,0.22427,0.20292,0.08316,0.01611,0.69059,0.00000,0.43889,0.31666,15.33333,0.00000,1.96405,0.09002,56.00000
visibility_gated_kalman,hidden_contact_drift,1,6,0.16667,0.10034,0.18602,0.05612,0.00901,0.55741,0.00000,0.22222,0.31296,0.00000,0.00000,1.80439,0.06686,40.83333
visibility_gated_kalman,hidden_contact_drift,2,6,0.50000,0.19782,0.21270,0.04801,0.01150,0.65541,0.00000,0.43148,0.27222,0.13889,0.00000,1.92955,0.09125,52.83333
visibility_gated_kalman,hidden_contact_drift,3,6,0.16667,0.14794,0.21936,0.06444,0.00000,0.58186,0.00000,0.10741,0.29259,0.13889,0.00000,1.86139,0.08102,38.16667
visibility_gated_kalman,hidden_contact_drift,4,6,0.33333,0.13537,0.19049,0.05905,0.00000,0.64689,0.00000,0.36296,0.31111,0.07500,0.00000,1.64193,0.07357,41.66667
visibility_gated_kalman,hidden_contact_drift,5,6,0.00000,0.14850,0.20609,0.05923,0.00585,0.63591,0.00000,0.30000,0.25185,0.08889,0.00000,1.78129,0.08400,48.66667
visibility_gated_kalman,hidden_contact_drift,6,6,0.33333,0.13579,0.17039,0.05347,0.00000,0.64127,0.00000,0.33333,0.32408,0.05556,0.00000,1.73789,0.06390,45.33333
visibility_gated_kalman,hidden_contact_drift,7,6,0.33333,0.15689,0.17358,0.05318,0.00000,0.62437,0.00000,0.45926,0.29630,0.04167,0.00000,1.71305,0.06111,43.33333
visibility_gated_kalman,high_symmetry_layout,0,6,0.16667,0.15437,0.18404,0.05624,0.00595,0.63388,0.00000,0.46667,0.25926,0.00000,0.00000,1.72573,0.06712,41.66667
visibility_gated_kalman,high_symmetry_layout,1,6,0.83333,0.17259,0.15466,0.04960,0.00000,0.62955,0.00000,0.48148,0.35000,0.05556,0.00000,1.67222,0.05899,49.66667
visibility_gated_kalman,high_symmetry_layout,2,6,0.00000,0.13444,0.17689,0.07770,0.00000,0.72259,0.00000,0.60371,0.21111,15.03333,0.00000,1.51910,0.07395,51.50000
visibility_gated_kalman,high_symmetry_layout,3,6,0.00000,0.14008,0.17320,0.05448,0.00000,0.72800,0.00000,0.52037,0.19074,0.00000,0.00000,1.70544,0.07150,53.66667
visibility_gated_kalman,high_symmetry_layout,4,6,0.50000,0.11533,0.18425,0.06419,0.00000,0.69459,0.00000,0.47408,0.28518,0.08333,0.00000,1.69738,0.07454,43.16667
visibility_gated_kalman,high_symmetry_layout,5,6,0.33333,0.13244,0.18759,0.05624,0.00000,0.70069,0.00000,0.51481,0.18704,0.03333,0.00000,1.61971,0.07991,48.16667
visibility_gated_kalman,high_symmetry_layout,6,6,0.33333,0.21503,0.17189,0.05384,0.00000,0.68333,0.00000,0.56111,0.26296,0.00000,0.00000,1.62628,0.06685,47.50000
visibility_gated_kalman,high_symmetry_layout,7,6,0.33333,0.16674,0.16944,0.05086,0.00000,0.63148,0.00000,0.49815,0.27778,0.00000,0.00000,1.67351,0.06397,46.83333
visibility_gated_kalman,long_self_occlusion,0,6,0.33333,0.13491,0.19824,0.04957,0.01784,0.62731,0.00000,0.14074,0.25741,0.04167,0.00000,1.82584,0.07891,47.66667
visibility_gated_kalman,long_self_occlusion,1,6,0.00000,0.14685,0.22861,0.05261,0.21919,0.59802,0.00000,0.08518,0.19259,0.05556,0.00000,1.92620,0.07625,52.50000
visibility_gated_kalman,long_self_occlusion,2,6,0.00000,0.08798,0.18725,0.05647,0.04727,0.58750,0.00000,0.14815,0.26852,0.09722,0.00000,1.89605,0.07347,48.00000
visibility_gated_kalman,long_self_occlusion,3,6,0.16667,0.24708,0.21854,0.04952,0.13575,0.55556,0.00000,0.21482,0.17963,0.00000,0.00000,1.76722,0.07963,52.16667
visibility_gated_kalman,long_self_occlusion,4,6,0.00000,0.15066,0.19229,0.04534,0.03282,0.57963,0.00000,0.35000,0.25370,0.00000,0.00000,1.90972,0.07069,52.83333
visibility_gated_kalman,long_self_occlusion,5,6,0.16667,0.24503,0.18095,0.04583,0.13714,0.36310,0.00000,0.18889,0.30000,0.00000,0.00000,1.87934,0.08257,51.50000
visibility_gated_kalman,long_self_occlusion,6,6,0.16667,0.05861,0.21757,0.04833,0.11761,0.45635,0.00000,0.29444,0.22963,0.08333,0.00000,1.91032,0.07727,49.66667
visibility_gated_kalman,long_self_occlusion,7,6,0.00000,0.17465,0.21466,0.04209,0.05341,0.59423,0.00000,0.30371,0.21111,0.00000,0.00000,2.02225,0.08614,55.50000
visibility_gated_kalman,near_identical_distractors,0,6,0.83333,0.17714,0.17176,0.05061,0.00000,0.57510,0.00000,0.45185,0.36111,0.05556,0.00000,1.62679,0.06306,44.00000
visibility_gated_kalman,near_identical_distractors,1,6,0.00000,0.07840,0.16499,0.05687,0.00000,0.66301,0.00000,0.45370,0.32407,15.00000,0.00000,1.52224,0.06428,49.16667
visibility_gated_kalman,near_identical_distractors,2,6,0.33333,0.11830,0.17529,0.05533,0.00000,0.66564,0.00000,0.47593,0.32593,0.15000,0.00000,1.64465,0.06590,41.33333
visibility_gated_kalman,near_identical_distractors,3,6,0.16667,0.05491,0.16799,0.05090,0.00000,0.70399,0.00000,0.50926,0.31296,0.00000,0.00000,1.58416,0.06315,43.83333
visibility_gated_kalman,near_identical_distractors,4,6,0.33333,0.09855,0.14650,0.06080,0.01389,0.68256,0.00000,0.58704,0.31482,0.16667,0.00000,1.57325,0.05459,55.00000
visibility_gated_kalman,near_identical_distractors,5,6,0.50000,0.16578,0.17908,0.05817,0.00000,0.67536,0.00000,0.46296,0.34445,0.04167,0.00000,1.59152,0.07034,39.83333
visibility_gated_kalman,near_identical_distractors,6,6,0.50000,0.15461,0.15873,0.10485,0.00000,0.70604,0.00000,0.59074,0.27037,30.15833,0.00000,1.50641,0.06007,49.83333
visibility_gated_kalman,near_identical_distractors,7,6,0.50000,0.11268,0.16765,0.05082,0.00000,0.65120,0.00000,0.52593,0.33333,0.10833,0.00000,1.59070,0.06498,45.33333
visibility_gated_kalman,nominal,0,6,0.66667,0.16926,0.08040,0.02020,0.09048,0.40278,0.00000,0.05370,0.70741,0.00000,0.00000,1.19108,0.04559,46.33333
visibility_gated_kalman,nominal,1,6,0.83333,0.02095,0.08111,0.01928,0.04736,0.08333,0.00000,0.07593,0.67592,0.00000,0.00000,1.28063,0.02878,41.83333
visibility_gated_kalman,nominal,2,6,0.83333,0.03665,0.06789,0.01884,0.09019,0.16667,0.00000,0.07593,0.69815,0.00000,0.00000,1.31423,0.03372,44.16667
visibility_gated_kalman,nominal,3,6,0.83333,0.03403,0.12443,0.01758,0.17983,0.25000,0.00000,0.09074,0.63333,0.00000,0.00000,1.40255,0.04360,45.66667
visibility_gated_kalman,nominal,4,6,0.83333,0.07254,0.08516,0.01930,0.06989,0.16667,0.00000,0.11111,0.67778,0.00000,0.00000,1.26673,0.02695,43.33333
visibility_gated_kalman,nominal,5,6,0.66667,0.05497,0.06711,0.01962,0.10227,0.00000,0.00000,0.03519,0.70741,0.00000,0.00000,1.25470,0.03327,44.66667
visibility_gated_kalman,nominal,6,6,0.83333,0.06434,0.07840,0.02067,0.08539,0.33333,0.00000,0.19444,0.69815,0.00000,0.00000,1.33822,0.03305,45.33333
visibility_gated_kalman,nominal,7,6,0.83333,0.05252,0.08524,0.02027,0.05537,0.08333,0.00000,0.15556,0.64629,0.00000,0.00000,1.29699,0.01939,42.66667
visibility_gated_kalman,object_displacement,0,6,0.83333,0.08196,0.17321,0.04645,0.02721,0.46528,0.00000,0.11667,0.37037,0.00000,0.00000,1.75489,0.05801,39.16667
visibility_gated_kalman,object_displacement,1,6,0.50000,0.13830,0.19144,0.04941,0.08433,0.58472,0.00000,0.11482,0.33148,0.05556,0.00000,1.75564,0.06127,42.83333
visibility_gated_kalman,object_displacement,2,6,0.50000,0.12099,0.17321,0.05317,0.02842,0.60370,0.00000,0.34259,0.42963,0.07500,0.00000,1.57744,0.06611,43.00000
visibility_gated_kalman,object_displacement,3,6,0.33333,0.17603,0.17679,0.05015,0.00000,0.45050,0.00000,0.17963,0.41296,0.00000,0.00000,1.77845,0.05917,37.66667
visibility_gated_kalman,object_displacement,4,6,0.66667,0.11949,0.16266,0.04335,0.00000,0.53175,0.00000,0.39444,0.40185,0.05556,0.00000,1.65794,0.05278,41.83333
visibility_gated_kalman,object_displacement,5,6,0.33333,0.04931,0.19043,0.05174,0.00000,0.55754,0.00000,0.12778,0.34630,0.00000,0.00000,1.71602,0.06517,37.33333
visibility_gated_kalman,object_displacement,6,6,0.50000,0.12632,0.20249,0.04786,0.02482,0.57083,0.00000,0.27222,0.36296,0.09722,0.00000,1.83845,0.07746,45.16667
visibility_gated_kalman,object_displacement,7,6,0.50000,0.04357,0.19002,0.05211,0.00000,0.46574,0.00000,0.19259,0.31482,0.00000,0.00000,1.76940,0.06523,39.66667
visibility_gated_kalman,short_self_occlusion,0,6,0.66667,0.09285,0.16848,0.04443,0.03662,0.32500,0.00000,0.10926,0.47778,0.08333,0.00000,1.76586,0.05596,42.33333
visibility_gated_kalman,short_self_occlusion,1,6,0.33333,0.05969,0.13626,0.03479,0.00775,0.41667,0.00000,0.16667,0.49259,0.00000,0.00000,1.60742,0.04051,43.50000
visibility_gated_kalman,short_self_occlusion,2,6,0.83333,0.07327,0.12258,0.03600,0.02899,0.27222,0.00000,0.28704,0.52222,0.00000,0.00000,1.50181,0.03652,44.50000
visibility_gated_kalman,short_self_occlusion,3,6,0.50000,0.18875,0.13893,0.03931,0.13020,0.34722,0.00000,0.10185,0.50370,0.00000,0.00000,1.56260,0.06146,44.16667
visibility_gated_kalman,short_self_occlusion,4,6,0.66667,0.12076,0.15644,0.03651,0.00962,0.28889,0.00000,0.06852,0.40185,0.00000,0.00000,1.62729,0.05113,44.16667
visibility_gated_kalman,short_self_occlusion,5,6,0.50000,0.10625,0.14532,0.03978,0.10702,0.25000,0.00000,0.06667,0.49630,0.00000,0.00000,1.59473,0.05390,45.66667
visibility_gated_kalman,short_self_occlusion,6,6,0.50000,0.09097,0.14759,0.03318,0.02830,0.40476,0.00000,0.16111,0.49815,0.00000,0.00000,1.66143,0.05141,45.83333
visibility_gated_kalman,short_self_occlusion,7,6,0.66667,0.11047,0.15388,0.03937,0.10714,0.30556,0.00000,0.08519,0.41852,0.08333,0.00000,1.78100,0.05524,45.50000
visibility_gated_kalman,stale_memory_trap,0,6,0.33333,0.13813,0.18920,0.05455,0.00340,0.61528,0.00000,0.47592,0.19259,0.04167,0.00000,1.77415,0.07312,48.00000
visibility_gated_kalman,stale_memory_trap,1,6,0.16667,0.14484,0.21816,0.06532,0.00000,0.62576,0.00000,0.26482,0.18889,0.08333,0.00000,1.92535,0.08889,43.50000
visibility_gated_kalman,stale_memory_trap,2,6,0.33333,0.21166,0.19315,0.13288,0.00235,0.66041,0.00000,0.53334,0.17593,45.06667,0.00000,1.83243,0.08442,61.66667
visibility_gated_kalman,stale_memory_trap,3,6,0.16667,0.22156,0.20222,0.07285,0.00000,0.62988,0.00000,0.39815,0.25185,15.11667,0.00000,1.78739,0.08314,49.16667
visibility_gated_kalman,stale_memory_trap,4,6,0.00000,0.19370,0.21916,0.06216,0.00000,0.61405,0.00000,0.50926,0.17222,0.03333,0.00000,1.74706,0.08943,48.16667
visibility_gated_kalman,stale_memory_trap,5,6,0.16667,0.21084,0.18600,0.06052,0.00000,0.66487,0.00000,0.51297,0.21296,0.15278,0.00000,1.72464,0.07429,47.50000
visibility_gated_kalman,stale_memory_trap,6,6,0.16667,0.25603,0.24230,0.08589,0.01667,0.72567,0.00000,0.51482,0.14259,15.00000,0.00000,1.87070,0.11276,54.83333
visibility_gated_kalman,stale_memory_trap,7,6,0.16667,0.19722,0.22706,0.07070,0.00485,0.63069,0.00000,0.38889,0.15556,0.00000,0.00000,1.92519,0.09819,54.16667
