method,split,seeds,episodes_per_seed,mean_success_rate,ci95_success_rate,mean_mean_final_belief_error,ci95_mean_final_belief_error,mean_mean_error_during_occlusion,ci95_mean_error_during_occlusion,mean_mean_error_after_occlusion,ci95_mean_error_after_occlusion,mean_false_disappearance_rate,ci95_false_disappearance_rate,mean_wrong_object_contact_rate,ci95_wrong_object_contact_rate,mean_wrong_contact_rate,ci95_wrong_contact_rate,mean_target_contact_rate,ci95_target_contact_rate,mean_mean_diagnostic_steps,ci95_mean_diagnostic_steps,mean_mean_path_length,ci95_mean_path_length,mean_mean_occluded_steps,ci95_mean_occluded_steps
ablate_no_branch_belief,combined_stress,7,10,0.85714,0.05829,0.06091,0.00472,0.05589,0.00590,0.05798,0.00732,0.61520,0.00927,0.00000,0.00000,0.15206,0.04094,0.66682,0.02940,0.00000,0.00000,1.02162,0.02080,70.62857,0.57017
ablate_no_contact_update,combined_stress,7,10,0.87143,0.07047,0.05655,0.00854,0.05523,0.00477,0.05696,0.00964,0.60095,0.02043,0.00000,0.00000,0.18175,0.04956,0.65873,0.04632,0.00000,0.00000,1.03028,0.01966,70.44286,0.50218
ablate_no_distractor_filter,combined_stress,7,10,0.87143,0.10224,0.06449,0.01409,0.05959,0.00543,0.06355,0.01297,0.60795,0.01448,0.00000,0.00000,0.21238,0.02417,0.70238,0.02295,0.00000,0.00000,1.06984,0.01866,70.30000,0.69626
ablate_no_self_mask,combined_stress,7,10,0.88571,0.05112,0.05497,0.00565,0.06191,0.00479,0.05418,0.00467,0.70566,0.00856,0.00000,0.00000,0.09286,0.04153,0.64047,0.04095,0.00000,0.00000,1.01765,0.01478,70.51429,0.44742
ablate_no_uncertainty_inflation,combined_stress,7,10,0.88571,0.09001,0.05840,0.00699,0.05346,0.00530,0.05771,0.00670,0.00000,0.00000,0.00000,0.00000,0.17302,0.04522,0.69318,0.03723,0.00000,0.00000,1.02037,0.02379,70.57143,0.58756
occlusion_full,combined_stress,7,10,0.91429,0.05112,0.05509,0.00647,0.05196,0.00420,0.05548,0.00629,0.60193,0.01668,0.00000,0.00000,0.12635,0.04731,0.68349,0.02799,3.17143,0.17486,1.13287,0.01348,70.45714,0.52183
