method,split,seed,episode,stress_level,success,success_step,final_reach_dist,final_belief_error,occluded_steps,visible_steps,false_detection_steps,mean_error_during_occlusion,mean_error_after_occlusion,false_disappearance_rate,identity_switch_rate,wrong_object_contact,wrong_contact_rate,target_contact_rate,reacquisition_latency,diagnostic_steps,path_length,calibration_error,final_covariance,final_wrong_dist,trajectory_samples
occlusion_full_v5,combined_stress,0,1000,,1,16,0.02377,0.02427,75,13,22,0.03145,0.02427,0.57333,0.00000,0,0.78889,0.82222,90.00000,0,0.85519,0.14520,0.30000,0.06303,0:-0.041:-0.480:b-0.338:0.075:occ0;12:-0.318:-0.054:b-0.376:0.066:occ0;24:-0.419:0.128:b-0.412:0.117:occ1;36:-0.408:0.129:b-0.429:0.106:occ1;48:-0.403:0.117:b-0.399:0.134:occ1;60:-0.402:0.115:b-0.399:0.117:occ1;72:-0.399:0.119:b-0.400:0.117:occ1;84:-0.402:0.115:b-0.397:0.116:occ1;89:-0.402:0.114:b-0.400:0.115:occ1
ablate_no_self_mask,combined_stress,0,1000,,1,16,0.03174,0.01995,76,12,39,0.03934,0.01995,0.69737,0.00000,0,0.27778,0.82222,90.00000,0,0.83457,0.16771,0.30000,0.10906,0:-0.041:-0.480:b-0.381:0.039:occ0;12:-0.344:-0.053:b-0.440:0.230:occ0;24:-0.427:0.098:b-0.399:0.094:occ1;36:-0.421:0.084:b-0.414:0.087:occ1;48:-0.421:0.066:b-0.426:0.060:occ1;60:-0.422:0.069:b-0.417:0.085:occ1;72:-0.421:0.067:b-0.426:0.060:occ1;84:-0.421:0.068:b-0.417:0.071:occ1;89:-0.421:0.070:b-0.414:0.083:occ1
ablate_no_branch_belief,combined_stress,0,1000,,0,16,0.10153,0.08174,75,11,29,0.09135,0.08174,0.56000,0.06897,0,0.12222,0.23333,90.00000,0,0.82956,0.10277,0.30000,0.12148,0:-0.041:-0.480:b-0.425:0.126:occ0;12:-0.302:-0.048:b-0.397:0.151:occ0;24:-0.323:0.128:b-0.303:0.114:occ1;36:-0.304:0.117:b-0.298:0.115:occ1;48:-0.299:0.112:b-0.292:0.112:occ1;60:-0.296:0.112:b-0.293:0.112:occ1;72:-0.300:0.113:b-0.300:0.113:occ1;84:-0.298:0.111:b-0.293:0.111:occ1;89:-0.298:0.112:b-0.318:0.113:occ1
ablate_no_contact_update,combined_stress,0,1000,,1,17,0.02392,0.02270,75,13,26,0.03406,0.02270,0.56000,0.00000,0,0.78889,0.81111,90.00000,0,0.85586,0.14311,0.30000,0.05606,0:-0.041:-0.480:b-0.336:0.093:occ0;12:-0.335:-0.067:b-0.419:0.139:occ0;24:-0.427:0.129:b-0.435:0.112:occ1;36:-0.417:0.134:b-0.409:0.132:occ1;48:-0.409:0.127:b-0.409:0.124:occ1;60:-0.411:0.123:b-0.407:0.124:occ1;72:-0.410:0.128:b-0.420:0.129:occ1;84:-0.412:0.123:b-0.406:0.129:occ1;89:-0.412:0.122:b-0.418:0.119:occ1
ablate_no_uncertainty_inflation,combined_stress,0,1000,,1,16,0.02616,0.03229,75,12,35,0.02313,0.03229,0.00000,0.00000,0,0.78889,0.82222,90.00000,0,0.84784,0.06269,0.14000,0.07347,0:-0.041:-0.480:b-0.318:0.125:occ0;12:-0.356:-0.056:b-0.397:0.146:occ0;24:-0.392:0.117:b-0.369:0.103:occ1;36:-0.375:0.118:b-0.378:0.121:occ1;48:-0.373:0.110:b-0.372:0.093:occ1;60:-0.372:0.104:b-0.372:0.097:occ1;72:-0.375:0.101:b-0.370:0.097:occ1;84:-0.374:0.108:b-0.371:0.101:occ1;89:-0.373:0.109:b-0.371:0.092:occ1
ablate_no_identity_filter,combined_stress,0,1000,,1,17,0.03622,0.05433,75,14,19,0.03902,0.05433,0.64000,0.00000,0,0.77778,0.81111,90.00000,0,0.84738,0.15253,0.30000,0.05485,0:-0.041:-0.480:b-0.362:0.096:occ0;12:-0.333:-0.068:b-0.468:0.076:occ0;24:-0.425:0.123:b-0.415:0.121:occ1;36:-0.413:0.125:b-0.405:0.121:occ1;48:-0.405:0.120:b-0.402:0.118:occ1;60:-0.403:0.122:b-0.404:0.128:occ1;72:-0.405:0.121:b-0.417:0.108:occ1;84:-0.404:0.120:b-0.401:0.141:occ1;89:-0.405:0.122:b-0.399:0.141:occ1
ablate_no_reacquisition_guard,combined_stress,0,1000,,1,16,0.03408,0.03802,75,14,37,0.04137,0.03802,0.56000,0.00000,0,0.78889,0.82222,90.00000,0,0.84558,0.13608,0.30000,0.05820,0:-0.041:-0.480:b-0.352:0.061:occ0;12:-0.334:-0.059:b-0.386:0.109:occ0;24:-0.429:0.128:b-0.425:0.118:occ1;36:-0.423:0.130:b-0.414:0.129:occ1;48:-0.416:0.122:b-0.412:0.128:occ1;60:-0.414:0.123:b-0.417:0.133:occ1;72:-0.415:0.122:b-0.425:0.111:occ1;84:-0.416:0.121:b-0.415:0.118:occ1;89:-0.417:0.121:b-0.424:0.114:occ1
ablate_no_tail_risk_objective,combined_stress,0,1000,,1,17,0.03230,0.03348,75,10,28,0.04274,0.03348,0.57333,0.03571,0,0.78889,0.77778,90.00000,0,1.02317,0.14116,0.30000,0.06367,0:-0.041:-0.480:b-0.373:0.128:occ0;12:-0.312:-0.059:b-0.428:0.160:occ0;24:-0.446:0.140:b-0.428:0.106:occ1;36:-0.415:0.125:b-0.416:0.117:occ1;48:-0.423:0.106:b-0.420:0.108:occ1;60:-0.417:0.121:b-0.413:0.122:occ1;72:-0.412:0.117:b-0.414:0.120:occ1;84:-0.419:0.122:b-0.413:0.122:occ1;89:-0.415:0.115:b-0.412:0.121:occ1
ablate_no_false_detection_rejection,combined_stress,0,1000,,1,16,0.04217,0.05472,75,15,20,0.04408,0.05472,0.56000,0.20000,0,0.78889,0.82222,90.00000,0,0.86179,0.13402,0.30000,0.05492,0:-0.041:-0.480:b-0.404:0.149:occ0;12:-0.312:-0.055:b-0.386:0.128:occ0;24:-0.413:0.135:b-0.414:0.125:occ1;36:-0.408:0.134:b-0.406:0.123:occ1;48:-0.405:0.121:b-0.403:0.117:occ1;60:-0.400:0.122:b-0.400:0.153:occ1;72:-0.405:0.123:b-0.404:0.118:occ1;84:-0.402:0.123:b-0.411:0.124:occ1;89:-0.403:0.122:b-0.407:0.134:occ1
ablate_no_distractor_filter,combined_stress,0,1000,,0,16,0.08253,0.09638,76,11,39,0.07905,0.09638,0.56579,0.05128,0,0.48889,0.32222,90.00000,0,0.89963,0.10725,0.30000,0.10020,0:-0.041:-0.480:b-0.388:0.155:occ0;12:-0.317:-0.044:b-0.358:0.193:occ0;24:-0.345:0.151:b-0.299:0.119:occ1;36:-0.310:0.135:b-0.296:0.116:occ1;48:-0.304:0.122:b-0.292:0.116:occ1;60:-0.309:0.121:b-0.306:0.121:occ1;72:-0.309:0.125:b-0.310:0.123:occ1;84:-0.309:0.126:b-0.348:0.160:occ1;89:-0.312:0.130:b-0.290:0.116:occ1
occlusion_aware_permanence_v4,combined_stress,0,1000,,1,16,0.02474,0.02323,74,14,35,0.06769,0.00987,0.27027,0.37143,0,0.80000,0.53333,0.00000,0,1.06842,0.08688,0.29400,0.06190,0:-0.041:-0.480:b-0.389:0.121:occ0;12:-0.329:-0.050:b-0.413:0.079:occ0;24:-0.328:0.198:b-0.307:0.210:occ1;36:-0.311:0.223:b-0.316:0.215:occ1;48:-0.358:0.158:b-0.407:0.113:occ1;60:-0.414:0.115:b-0.403:0.119:occ1;72:-0.409:0.117:b-0.402:0.116:occ1;84:-0.403:0.115:b-0.417:0.112:occ1;89:-0.404:0.115:b-0.403:0.114:occ1
learned_only_branch,combined_stress,0,1000,,1,17,0.03608,0.03908,75,14,39,0.04032,0.03908,0.28000,0.00000,0,0.77778,0.81111,90.00000,0,0.85232,0.08523,0.24200,0.05937,0:-0.041:-0.480:b-0.431:0.141:occ0;12:-0.341:-0.060:b-0.370:0.065:occ0;24:-0.421:0.121:b-0.410:0.124:occ1;36:-0.411:0.131:b-0.403:0.131:occ1;48:-0.410:0.118:b-0.403:0.120:occ1;60:-0.406:0.121:b-0.404:0.120:occ1;72:-0.404:0.123:b-0.403:0.120:occ1;84:-0.405:0.122:b-0.402:0.123:occ1;89:-0.408:0.118:b-0.403:0.126:occ1
occlusion_full_v5,combined_stress,0,1001,,1,25,0.05223,0.05332,67,19,31,0.04635,0.05332,0.50746,0.00000,0,0.11111,0.72222,90.00000,0,1.13362,0.11272,0.30000,0.11396,0:0.015:-0.480:b-0.399:0.449:occ0;12:-0.301:-0.007:b-0.327:0.436:occ0;24:-0.370:0.377:b-0.363:0.416:occ1;36:-0.382:0.441:b-0.383:0.429:occ1;48:-0.382:0.431:b-0.380:0.430:occ1;60:-0.378:0.428:b-0.373:0.425:occ1;72:-0.373:0.424:b-0.373:0.425:occ1;84:-0.372:0.424:b-0.371:0.422:occ1;89:-0.372:0.424:b-0.373:0.423:occ1
ablate_no_self_mask,combined_stress,0,1001,,1,24,0.05193,0.04521,67,17,27,0.05441,0.04521,0.67164,0.00000,0,0.07778,0.73333,90.00000,0,1.24142,0.13753,0.30000,0.21057,0:0.015:-0.480:b-0.413:0.471:occ0;12:-0.321:-0.007:b-0.295:0.440:occ0;24:-0.359:0.393:b-0.369:0.521:occ1;36:-0.361:0.521:b-0.358:0.518:occ1;48:-0.367:0.525:b-0.366:0.530:occ1;60:-0.365:0.514:b-0.368:0.534:occ1;72:-0.365:0.516:b-0.366:0.502:occ1;84:-0.366:0.521:b-0.372:0.497:occ1;89:-0.367:0.520:b-0.367:0.513:occ1
ablate_no_branch_belief,combined_stress,0,1001,,1,24,0.06089,0.05952,68,19,22,0.06399,0.05952,0.51471,0.00000,0,0.06667,0.70000,90.00000,0,1.24167,0.10760,0.30000,0.21149,0:0.015:-0.480:b-0.291:0.428:occ0;12:-0.316:-0.007:b-0.372:0.437:occ0;24:-0.374:0.423:b-0.342:0.528:occ1;36:-0.347:0.534:b-0.346:0.518:occ1;48:-0.344:0.522:b-0.340:0.520:occ1;60:-0.342:0.519:b-0.345:0.519:occ1;72:-0.343:0.519:b-0.345:0.519:occ1;84:-0.344:0.518:b-0.341:0.519:occ1;89:-0.344:0.518:b-0.346:0.518:occ1
ablate_no_contact_update,combined_stress,0,1001,,0,25,0.11352,0.11727,68,21,29,0.11544,0.11727,0.51471,1.00000,0,0.78889,0.10000,90.00000,0,1.14231,0.08211,0.30000,0.04158,0:0.015:-0.480:b-0.389:0.495:occ0;12:-0.311:-0.008:b-0.386:0.409:occ0;24:-0.371:0.378:b-0.404:0.345:occ1;36:-0.398:0.366:b-0.395:0.351:occ1;48:-0.400:0.348:b-0.396:0.353:occ1;60:-0.402:0.346:b-0.395:0.349:occ1;72:-0.401:0.346:b-0.398:0.343:occ1;84:-0.398:0.347:b-0.391:0.352:occ1;89:-0.395:0.349:b-0.397:0.346:occ1
ablate_no_uncertainty_inflation,combined_stress,0,1001,,1,24,0.04124,0.04313,68,22,28,0.04545,0.04313,0.00000,0.00000,0,0.07778,0.73333,90.00000,0,1.17859,0.04675,0.14000,0.15918,0:0.015:-0.480:b-0.434:0.405:occ0;12:-0.312:-0.008:b-0.354:0.534:occ0;24:-0.386:0.399:b-0.407:0.467:occ1;36:-0.407:0.481:b-0.406:0.467:occ1;48:-0.405:0.471:b-0.403:0.472:occ1;60:-0.402:0.470:b-0.399:0.471:occ1;72:-0.400:0.468:b-0.402:0.466:occ1;84:-0.400:0.468:b-0.401:0.468:occ1;89:-0.400:0.468:b-0.402:0.465:occ1
ablate_no_identity_filter,combined_stress,0,1001,,0,23,0.10579,0.10643,68,19,26,0.10404,0.10643,0.61765,0.00000,0,0.06667,0.08889,90.00000,0,1.23072,0.09614,0.30000,0.20738,0:0.015:-0.480:b-0.339:0.452:occ0;12:-0.296:-0.007:b-0.340:0.481:occ0;24:-0.386:0.423:b-0.435:0.487:occ1;36:-0.442:0.512:b-0.441:0.490:occ1;48:-0.454:0.499:b-0.459:0.499:occ1;60:-0.460:0.502:b-0.460:0.503:occ1;72:-0.459:0.502:b-0.459:0.500:occ1;84:-0.459:0.501:b-0.458:0.502:occ1;89:-0.459:0.502:b-0.459:0.504:occ1
ablate_no_reacquisition_guard,combined_stress,0,1001,,1,24,0.05898,0.06398,68,16,32,0.05510,0.06398,0.52941,0.00000,0,0.06667,0.73333,90.00000,0,1.18208,0.10797,0.30000,0.18116,0:0.015:-0.480:b-0.335:0.442:occ0;12:-0.295:-0.007:b-0.322:0.448:occ0;24:-0.334:0.408:b-0.319:0.493:occ1;36:-0.324:0.497:b-0.324:0.483:occ1;48:-0.325:0.485:b-0.331:0.483:occ1;60:-0.321:0.482:b-0.318:0.482:occ1;72:-0.322:0.482:b-0.318:0.482:occ1;84:-0.322:0.482:b-0.327:0.481:occ1;89:-0.323:0.482:b-0.318:0.483:occ1
ablate_no_tail_risk_objective,combined_stress,0,1001,,1,24,0.05591,0.05510,68,18,26,0.05656,0.05510,0.51471,0.03846,0,0.07778,0.73333,90.00000,0,1.24626,0.11280,0.30000,0.12717,0:0.015:-0.480:b-0.364:0.431:occ0;12:-0.299:-0.007:b-0.399:0.475:occ0;24:-0.387:0.397:b-0.416:0.430:occ1;36:-0.416:0.443:b-0.419:0.442:occ1;48:-0.416:0.438:b-0.415:0.434:occ1;60:-0.415:0.438:b-0.414:0.440:occ1;72:-0.411:0.437:b-0.411:0.437:occ1;84:-0.412:0.435:b-0.410:0.436:occ1;89:-0.409:0.434:b-0.415:0.439:occ1
ablate_no_false_detection_rejection,combined_stress,0,1001,,1,25,0.06334,0.05365,67,21,25,0.06926,0.05365,0.50746,0.12000,0,0.10000,0.72222,90.00000,0,1.18138,0.09594,0.30000,0.12502,0:0.015:-0.480:b-0.327:0.463:occ0;12:-0.290:-0.007:b-0.309:0.492:occ0;24:-0.376:0.384:b-0.433:0.426:occ1;36:-0.414:0.441:b-0.406:0.402:occ1;48:-0.415:0.418:b-0.413:0.428:occ1;60:-0.413:0.428:b-0.397:0.419:occ1;72:-0.409:0.427:b-0.411:0.447:occ1;84:-0.408:0.432:b-0.404:0.386:occ1;89:-0.408:0.432:b-0.388:0.426:occ1
ablate_no_distractor_filter,combined_stress,0,1001,,1,24,0.05657,0.07466,67,20,25,0.05374,0.07466,0.50746,0.12000,0,0.08889,0.73333,90.00000,0,1.26437,0.10465,0.30000,0.17170,0:0.015:-0.480:b-0.382:0.408:occ0;12:-0.303:-0.007:b-0.347:0.476:occ0;24:-0.364:0.393:b-0.304:0.491:occ1;36:-0.331:0.482:b-0.362:0.422:occ1;48:-0.326:0.467:b-0.328:0.448:occ1;60:-0.326:0.452:b-0.322:0.457:occ1;72:-0.327:0.452:b-0.313:0.480:occ1;84:-0.322:0.464:b-0.315:0.478:occ1;89:-0.317:0.470:b-0.302:0.453:occ1
occlusion_aware_permanence_v4,combined_stress,0,1001,,0,25,0.09730,0.09120,68,18,27,0.09162,0.09120,0.63235,0.00000,0,0.11111,0.16667,90.00000,0,1.14335,0.10689,0.30000,0.11624,0:0.015:-0.480:b-0.357:0.404:occ0;12:-0.294:-0.007:b-0.376:0.467:occ0;24:-0.347:0.370:b-0.300:0.411:occ1;36:-0.298:0.408:b-0.305:0.398:occ1;48:-0.298:0.398:b-0.305:0.396:occ1;60:-0.303:0.395:b-0.291:0.390:occ1;72:-0.298:0.393:b-0.304:0.396:occ1;84:-0.295:0.392:b-0.301:0.393:occ1;89:-0.299:0.393:b-0.306:0.395:occ1
learned_only_branch,combined_stress,0,1001,,1,24,0.07176,0.07447,68,19,31,0.06420,0.07447,0.20588,0.00000,0,0.07778,0.73333,90.00000,0,1.22568,0.05850,0.22100,0.17730,0:0.015:-0.480:b-0.341:0.341:occ0;12:-0.310:-0.007:b-0.333:0.573:occ0;24:-0.387:0.410:b-0.317:0.473:occ1;36:-0.320:0.489:b-0.311:0.472:occ1;48:-0.311:0.475:b-0.318:0.474:occ1;60:-0.312:0.473:b-0.308:0.473:occ1;72:-0.311:0.473:b-0.317:0.474:occ1;84:-0.312:0.473:b-0.317:0.473:occ1;89:-0.311:0.473:b-0.308:0.473:occ1
occlusion_full_v5,combined_stress,0,1002,,1,20,0.02777,0.02309,72,15,27,0.02310,0.02309,0.55556,0.00000,0,0.00000,0.77778,90.00000,0,0.86788,0.14432,0.30000,0.28882,0:-0.026:-0.480:b0.045:0.255:occ0;12:0.048:-0.025:b0.076:0.239:occ0;24:0.079:0.242:b0.079:0.246:occ1;36:0.075:0.255:b0.067:0.258:occ1;48:0.071:0.249:b0.072:0.242:occ1;60:0.074:0.243:b0.067:0.247:occ1;72:0.075:0.247:b0.081:0.245:occ1;84:0.074:0.249:b0.072:0.254:occ1;89:0.074:0.247:b0.080:0.247:occ1
ablate_no_self_mask,combined_stress,0,1002,,1,19,0.03431,0.01858,72,16,21,0.05214,0.01858,0.69444,0.00000,0,0.00000,0.78889,90.00000,0,0.93682,0.15105,0.30000,0.32935,0:-0.027:-0.480:b0.029:0.215:occ0;12:0.049:-0.022:b0.081:0.220:occ0;24:0.111:0.262:b0.140:0.245:occ1;36:0.138:0.253:b0.148:0.239:occ1;48:0.134:0.244:b0.142:0.242:occ1;60:0.125:0.247:b0.141:0.244:occ1;72:0.128:0.248:b0.138:0.244:occ1;84:0.123:0.246:b0.140:0.243:occ1;89:0.115:0.249:b0.094:0.248:occ1
ablate_no_branch_belief,combined_stress,0,1002,,1,20,0.06844,0.07259,72,14,37,0.07285,0.07259,0.54167,0.00000,0,0.00000,0.77778,90.00000,0,0.82039,0.11207,0.30000,0.32898,0:-0.028:-0.480:b-0.023:0.237:occ0;12:0.058:-0.025:b0.104:0.258:occ0;24:0.090:0.201:b0.097:0.166:occ1;36:0.101:0.174:b0.099:0.165:occ1;48:0.100:0.166:b0.102:0.164:occ1;60:0.100:0.167:b0.100:0.163:occ1;72:0.099:0.166:b0.100:0.163:occ1;84:0.100:0.165:b0.098:0.170:occ1;89:0.100:0.166:b0.100:0.161:occ1
ablate_no_contact_update,combined_stress,0,1002,,0,19,0.08390,0.07701,72,14,27,0.07857,0.07701,0.55556,0.00000,0,0.00000,0.44444,90.00000,0,0.94637,0.11027,0.30000,0.25665,0:-0.027:-0.480:b0.016:0.194:occ0;12:0.043:-0.029:b0.063:0.159:occ0;24:0.061:0.288:b0.023:0.305:occ1;36:0.039:0.316:b0.056:0.303:occ1;48:0.042:0.306:b0.054:0.306:occ1;60:0.049:0.308:b0.053:0.310:occ1;72:0.041:0.310:b0.047:0.311:occ1;84:0.035:0.312:b0.036:0.309:occ1;89:0.038:0.311:b0.054:0.310:occ1
ablate_no_uncertainty_inflation,combined_stress,0,1002,,1,19,0.05830,0.07724,72,18,24,0.05206,0.07724,0.00000,0.00000,0,0.00000,0.78889,90.00000,0,0.88939,0.03684,0.14000,0.26181,0:-0.028:-0.480:b-0.009:0.233:occ0;12:0.056:-0.027:b0.029:0.215:occ0;24:0.057:0.259:b0.046:0.256:occ1;36:0.039:0.268:b0.047:0.260:occ1;48:0.045:0.263:b0.038:0.265:occ1;60:0.043:0.269:b0.044:0.265:occ1;72:0.046:0.266:b0.038:0.270:occ1;84:0.047:0.266:b0.050:0.265:occ1;89:0.047:0.269:b0.038:0.286:occ1
ablate_no_identity_filter,combined_stress,0,1002,,1,20,0.04241,0.04049,72,15,38,0.03490,0.04049,0.62500,0.00000,0,0.00000,0.77778,90.00000,0,0.86950,0.14554,0.30000,0.25875,0:-0.025:-0.480:b0.086:0.202:occ0;12:0.064:-0.021:b0.030:0.267:occ0;24:0.062:0.233:b0.041:0.259:occ1;36:0.043:0.246:b0.046:0.240:occ1;48:0.046:0.235:b0.050:0.234:occ1;60:0.046:0.237:b0.054:0.235:occ1;72:0.047:0.234:b0.039:0.231:occ1;84:0.044:0.244:b0.047:0.231:occ1;89:0.044:0.244:b0.048:0.247:occ1
ablate_no_reacquisition_guard,combined_stress,0,1002,,1,20,0.04403,0.04796,72,16,36,0.04938,0.04796,0.54167,0.00000,0,0.00000,0.77778,90.00000,0,0.81785,0.12308,0.30000,0.31138,0:-0.026:-0.480:b0.049:0.293:occ0;12:0.073:-0.026:b0.058:0.283:occ0;24:0.079:0.205:b0.084:0.186:occ1;36:0.087:0.190:b0.087:0.180:occ1;48:0.087:0.181:b0.087:0.182:occ1;60:0.086:0.178:b0.085:0.183:occ1;72:0.086:0.180:b0.084:0.182:occ1;84:0.086:0.179:b0.087:0.176:occ1;89:0.086:0.180:b0.087:0.177:occ1
ablate_no_tail_risk_objective,combined_stress,0,1002,,1,21,0.07374,0.07616,71,16,19,0.07330,0.07616,0.53521,0.00000,0,0.00000,0.72222,90.00000,0,0.99585,0.10238,0.30000,0.23199,0:-0.024:-0.480:b0.115:0.208:occ0;12:0.046:-0.023:b0.111:0.271:occ0;24:0.021:0.250:b0.012:0.252:occ1;36:0.020:0.244:b0.012:0.263:occ1;48:0.010:0.248:b0.012:0.249:occ1;60:0.016:0.244:b0.012:0.260:occ1;72:0.019:0.242:b0.018:0.246:occ1;84:0.014:0.247:b0.014:0.251:occ1;89:0.017:0.245:b0.014:0.245:occ1
ablate_no_false_detection_rejection,combined_stress,0,1002,,1,20,0.06056,0.04767,72,15,23,0.05736,0.04767,0.54167,0.00000,0,0.00000,0.77778,90.00000,0,0.91327,0.11593,0.30000,0.23583,0:-0.026:-0.480:b0.061:0.246:occ0;12:0.070:-0.021:b0.141:0.245:occ0;24:0.054:0.236:b0.026:0.231:occ1;36:0.025:0.244:b0.029:0.237:occ1;48:0.029:0.231:b0.029:0.230:occ1;60:0.023:0.229:b0.009:0.224:occ1;72:0.005:0.233:b-0.007:0.223:occ1;84:0.009:0.234:b0.031:0.228:occ1;89:0.019:0.233:b0.032:0.233:occ1
ablate_no_distractor_filter,combined_stress,0,1002,,0,19,0.08676,0.03534,72,16,32,0.06170,0.03534,0.54167,0.00000,0,0.00000,0.67778,90.00000,0,0.93666,0.10997,0.30000,0.20251,0:-0.025:-0.480:b0.077:0.210:occ0;12:0.065:-0.020:b0.108:0.280:occ0;24:0.055:0.247:b0.035:0.240:occ1;36:0.026:0.253:b0.029:0.237:occ1;48:0.021:0.241:b0.007:0.246:occ1;60:0.017:0.241:b-0.006:0.257:occ1;72:0.014:0.244:b0.033:0.239:occ1;84:-0.013:0.246:b-0.029:0.236:occ1;89:-0.013:0.243:b0.040:0.241:occ1
occlusion_aware_permanence_v4,combined_stress,0,1002,,1,20,0.07996,0.09258,72,13,26,0.08121,0.09258,0.62500,0.00000,0,0.00000,0.32222,90.00000,0,0.91072,0.11969,0.30000,0.21938,0:-0.026:-0.480:b0.040:0.204:occ0;12:0.054:-0.036:b0.016:0.097:occ0;24:0.012:0.245:b-0.006:0.242:occ1;36:-0.010:0.256:b-0.002:0.244:occ1;48:-0.003:0.247:b0.011:0.231:occ1;60:0.007:0.238:b0.011:0.234:occ1;72:0.004:0.242:b-0.005:0.241:occ1;84:0.001:0.245:b0.012:0.233:occ1;89:0.004:0.240:b-0.007:0.254:occ1
learned_only_branch,combined_stress,0,1002,,0,19,0.10653,0.10138,73,15,21,0.09689,0.10138,0.26027,0.00000,0,0.00000,0.11111,90.00000,0,0.93678,0.04691,0.23600,0.24476,0:-0.025:-0.480:b0.089:0.180:occ0;12:0.052:-0.025:b0.145:0.248:occ0;24:0.043:0.293:b0.007:0.298:occ1;36:0.021:0.316:b0.032:0.311:occ1;48:0.022:0.310:b0.007:0.308:occ1;60:0.027:0.315:b0.007:0.325:occ1;72:0.030:0.318:b0.010:0.310:occ1;84:0.028:0.317:b-0.006:0.333:occ1;89:0.025:0.316:b0.035:0.316:occ1
occlusion_full_v5,combined_stress,0,1003,,1,17,0.02279,0.03108,75,13,36,0.01653,0.03108,0.56000,0.00000,0,0.07778,0.81111,90.00000,0,0.80832,0.15365,0.30000,0.14388,0:0.095:-0.480:b-0.161:0.114:occ0;12:-0.133:-0.045:b-0.133:0.160:occ0;24:-0.180:0.139:b-0.174:0.130:occ1;36:-0.165:0.132:b-0.161:0.126:occ1;48:-0.159:0.124:b-0.158:0.127:occ1;60:-0.159:0.126:b-0.158:0.125:occ1;72:-0.163:0.126:b-0.159:0.127:occ1;84:-0.161:0.126:b-0.169:0.125:occ1;89:-0.162:0.126:b-0.175:0.125:occ1
ablate_no_self_mask,combined_stress,0,1003,,1,18,0.04323,0.05046,74,15,25,0.05733,0.05046,0.68919,0.00000,0,0.07778,0.80000,90.00000,0,0.84137,0.15023,0.30000,0.17309,0:0.094:-0.480:b-0.174:0.142:occ0;12:-0.142:-0.052:b-0.109:0.059:occ0;24:-0.129:0.128:b-0.083:0.120:occ1;36:-0.090:0.123:b-0.084:0.121:occ1;48:-0.090:0.121:b-0.088:0.123:occ1;60:-0.099:0.118:b-0.089:0.123:occ1;72:-0.098:0.120:b-0.098:0.121:occ1;84:-0.098:0.119:b-0.089:0.124:occ1;89:-0.097:0.118:b-0.090:0.122:occ1
ablate_no_branch_belief,combined_stress,0,1003,,1,17,0.04554,0.04899,75,11,35,0.03380,0.04899,0.60000,0.00000,0,0.06667,0.81111,90.00000,0,0.85614,0.14893,0.30000,0.15612,0:0.095:-0.480:b-0.157:0.134:occ0;12:-0.129:-0.055:b-0.266:0.144:occ0;24:-0.196:0.156:b-0.169:0.141:occ1;36:-0.164:0.150:b-0.162:0.139:occ1;48:-0.160:0.140:b-0.163:0.144:occ1;60:-0.167:0.140:b-0.169:0.138:occ1;72:-0.165:0.142:b-0.163:0.143:occ1;84:-0.167:0.141:b-0.175:0.136:occ1;89:-0.167:0.141:b-0.162:0.144:occ1
ablate_no_contact_update,combined_stress,0,1003,,1,17,0.05734,0.07450,75,11,36,0.05982,0.07450,0.56000,0.00000,0,0.06667,0.81111,90.00000,0,0.91349,0.12569,0.30000,0.20345,0:0.094:-0.480:b-0.230:0.070:occ0;12:-0.167:-0.042:b-0.161:0.102:occ0;24:-0.145:0.171:b-0.100:0.174:occ1;36:-0.116:0.168:b-0.121:0.156:occ1;48:-0.114:0.160:b-0.098:0.172:occ1;60:-0.107:0.167:b-0.118:0.160:occ1;72:-0.116:0.161:b-0.108:0.163:occ1;84:-0.105:0.167:b-0.118:0.160:occ1;89:-0.109:0.165:b-0.092:0.174:occ1
ablate_no_uncertainty_inflation,combined_stress,0,1003,,1,18,0.02052,0.02233,74,13,34,0.02174,0.02233,0.00000,0.00000,0,0.07778,0.80000,90.00000,0,0.83104,0.06080,0.14000,0.16202,0:0.094:-0.480:b-0.198:0.071:occ0;12:-0.139:-0.058:b-0.112:0.077:occ0;24:-0.186:0.153:b-0.175:0.154:occ1;36:-0.171:0.155:b-0.163:0.151:occ1;48:-0.166:0.147:b-0.165:0.151:occ1;60:-0.170:0.147:b-0.176:0.145:occ1;72:-0.170:0.147:b-0.177:0.141:occ1;84:-0.169:0.148:b-0.167:0.150:occ1;89:-0.170:0.148:b-0.165:0.151:occ1
ablate_no_identity_filter,combined_stress,0,1003,,1,17,0.05714,0.03109,74,12,36,0.05399,0.03109,0.63514,0.00000,0,0.06667,0.81111,90.00000,0,0.86071,0.13788,0.30000,0.18832,0:0.095:-0.480:b-0.145:0.204:occ0;12:-0.135:-0.060:b-0.171:0.067:occ0;24:-0.146:0.149:b-0.122:0.137:occ1;36:-0.117:0.146:b-0.101:0.143:occ1;48:-0.118:0.137:b-0.111:0.143:occ1;60:-0.109:0.143:b-0.112:0.144:occ1;72:-0.114:0.142:b-0.121:0.138:occ1;84:-0.107:0.145:b-0.103:0.148:occ1;89:-0.106:0.146:b-0.129:0.133:occ1
ablate_no_reacquisition_guard,combined_stress,0,1003,,0,16,0.11330,0.11330,75,11,31,0.10252,0.11330,0.56000,0.00000,0,0.05556,0.08889,90.00000,0,0.85255,0.09316,0.30000,0.17230,0:0.094:-0.480:b-0.178:0.088:occ0;12:-0.141:-0.049:b-0.178:0.221:occ0;24:-0.247:0.172:b-0.249:0.158:occ1;36:-0.255:0.166:b-0.251:0.158:occ1;48:-0.252:0.159:b-0.253:0.161:occ1;60:-0.254:0.160:b-0.253:0.160:occ1;72:-0.254:0.161:b-0.254:0.161:occ1;84:-0.254:0.160:b-0.254:0.161:occ1;89:-0.254:0.160:b-0.254:0.160:occ1
ablate_no_tail_risk_objective,combined_stress,0,1003,,0,17,0.09595,0.09180,75,14,33,0.07900,0.09180,0.56000,0.00000,0,0.05556,0.32222,90.00000,0,1.05634,0.10783,0.30000,0.19592,0:0.094:-0.480:b-0.172:0.108:occ0;12:-0.142:-0.050:b-0.140:0.084:occ0;24:-0.202:0.210:b-0.199:0.183:occ1;36:-0.201:0.172:b-0.202:0.181:occ1;48:-0.195:0.177:b-0.200:0.181:occ1;60:-0.192:0.179:b-0.195:0.182:occ1;72:-0.189:0.181:b-0.200:0.182:occ1;84:-0.194:0.179:b-0.205:0.182:occ1;89:-0.200:0.188:b-0.197:0.185:occ1
ablate_no_false_detection_rejection,combined_stress,0,1003,,1,17,0.02777,0.02867,75,12,29,0.02598,0.02867,0.56000,0.00000,0,0.07778,0.81111,90.00000,0,0.83555,0.14523,0.30000,0.13062,0:0.095:-0.480:b-0.149:0.137:occ0;12:-0.127:-0.046:b-0.206:0.151:occ0;24:-0.201:0.132:b-0.206:0.105:occ1;36:-0.185:0.113:b-0.170:0.121:occ1;48:-0.182:0.108:b-0.183:0.110:occ1;60:-0.185:0.102:b-0.185:0.120:occ1;72:-0.180:0.110:b-0.174:0.120:occ1;84:-0.175:0.117:b-0.174:0.119:occ1;89:-0.176:0.117:b-0.176:0.119:occ1
ablate_no_distractor_filter,combined_stress,0,1003,,1,17,0.03219,0.03093,75,13,22,0.03026,0.03093,0.56000,0.00000,0,0.06667,0.81111,90.00000,0,0.87347,0.14207,0.30000,0.15646,0:0.095:-0.480:b-0.146:0.131:occ0;12:-0.146:-0.049:b-0.183:0.132:occ0;24:-0.165:0.153:b-0.147:0.127:occ1;36:-0.151:0.139:b-0.188:0.065:occ1;48:-0.153:0.132:b-0.154:0.141:occ1;60:-0.156:0.138:b-0.161:0.127:occ1;72:-0.156:0.135:b-0.194:0.100:occ1;84:-0.160:0.134:b-0.142:0.151:occ1;89:-0.156:0.137:b-0.150:0.134:occ1
occlusion_aware_permanence_v4,combined_stress,0,1003,,1,17,0.02374,0.02057,75,14,27,0.01751,0.02057,0.64000,0.00000,0,0.06667,0.81111,90.00000,0,0.82030,0.16629,0.30000,0.14245,0:0.094:-0.480:b-0.191:0.187:occ0;12:-0.137:-0.042:b-0.158:0.105:occ0;24:-0.176:0.142:b-0.163:0.133:occ1;36:-0.158:0.135:b-0.154:0.126:occ1;48:-0.155:0.124:b-0.153:0.122:occ1;60:-0.159:0.124:b-0.164:0.124:occ1;72:-0.160:0.125:b-0.153:0.125:occ1;84:-0.158:0.125:b-0.171:0.122:occ1;89:-0.161:0.124:b-0.154:0.124:occ1
learned_only_branch,combined_stress,0,1003,,1,17,0.01369,0.01440,75,11,27,0.01333,0.01440,0.28000,0.00000,0,0.04444,0.81111,90.00000,0,0.80144,0.10265,0.24200,0.14431,0:0.096:-0.480:b-0.120:0.137:occ0;12:-0.115:-0.043:b-0.095:0.165:occ0;24:-0.165:0.146:b-0.158:0.131:occ1;36:-0.158:0.132:b-0.164:0.125:occ1;48:-0.155:0.123:b-0.166:0.122:occ1;60:-0.156:0.123:b-0.153:0.124:occ1;72:-0.156:0.123:b-0.153:0.124:occ1;84:-0.157:0.124:b-0.153:0.124:occ1;89:-0.156:0.124:b-0.165:0.124:occ1
occlusion_full_v5,combined_stress,1,1000,,1,18,0.04732,0.05567,74,15,27,0.05348,0.05567,0.56757,0.00000,0,0.00000,0.80000,90.00000,0,0.88586,0.12900,0.30000,0.18991,0:-0.062:-0.480:b-0.368:0.171:occ0;12:-0.310:-0.046:b-0.412:0.102:occ0;24:-0.331:0.191:b-0.310:0.186:occ1;36:-0.316:0.198:b-0.305:0.190:occ1;48:-0.320:0.194:b-0.310:0.189:occ1;60:-0.319:0.193:b-0.309:0.191:occ1;72:-0.320:0.194:b-0.327:0.192:occ1;84:-0.324:0.193:b-0.329:0.193:occ1;89:-0.322:0.194:b-0.309:0.191:occ1
ablate_no_self_mask,combined_stress,1,1000,,1,18,0.07519,0.07547,73,15,31,0.07720,0.07547,0.68493,0.00000,0,0.00000,0.68889,90.00000,0,0.94160,0.13416,0.30000,0.19193,0:-0.062:-0.480:b-0.402:0.210:occ0;12:-0.314:-0.043:b-0.406:0.098:occ0;24:-0.359:0.210:b-0.328:0.242:occ1;36:-0.347:0.245:b-0.368:0.230:occ1;48:-0.340:0.236:b-0.337:0.233:occ1;60:-0.342:0.233:b-0.367:0.233:occ1;72:-0.337:0.237:b-0.338:0.236:occ1;84:-0.338:0.236:b-0.330:0.237:occ1;89:-0.339:0.237:b-0.340:0.237:occ1
ablate_no_branch_belief,combined_stress,1,1000,,1,18,0.07221,0.07230,74,15,26,0.08111,0.07230,0.55405,0.00000,0,0.00000,0.62222,90.00000,0,0.90502,0.11391,0.30000,0.21797,0:-0.060:-0.480:b-0.292:0.179:occ0;12:-0.343:-0.043:b-0.361:0.100:occ0;24:-0.321:0.153:b-0.274:0.138:occ1;36:-0.277:0.141:b-0.284:0.130:occ1;48:-0.282:0.136:b-0.295:0.135:occ1;60:-0.282:0.138:b-0.279:0.139:occ1;72:-0.281:0.139:b-0.287:0.132:occ1;84:-0.286:0.136:b-0.292:0.130:occ1;89:-0.285:0.136:b-0.283:0.141:occ1
ablate_no_contact_update,combined_stress,1,1000,,1,18,0.06261,0.06188,74,15,28,0.05808,0.06188,0.55405,0.03571,0,0.76667,0.80000,90.00000,0,0.88825,0.12137,0.30000,0.08963,0:-0.062:-0.480:b-0.404:0.250:occ0;12:-0.329:-0.044:b-0.328:0.138:occ0;24:-0.420:0.164:b-0.421:0.165:occ1;36:-0.416:0.178:b-0.406:0.181:occ1;48:-0.411:0.168:b-0.405:0.177:occ1;60:-0.412:0.165:b-0.405:0.177:occ1;72:-0.414:0.164:b-0.403:0.178:occ1;84:-0.416:0.161:b-0.423:0.147:occ1;89:-0.416:0.160:b-0.416:0.159:occ1
ablate_no_uncertainty_inflation,combined_stress,1,1000,,0,17,0.08897,0.08200,74,12,28,0.09528,0.08200,0.00000,0.03571,0,0.00000,0.08889,90.00000,0,0.96487,0.04213,0.14000,0.21255,0:-0.062:-0.480:b-0.333:0.188:occ0;12:-0.332:-0.037:b-0.384:0.130:occ0;24:-0.355:0.243:b-0.333:0.258:occ1;36:-0.329:0.267:b-0.319:0.256:occ1;48:-0.324:0.256:b-0.319:0.258:occ1;60:-0.327:0.255:b-0.320:0.259:occ1;72:-0.324:0.259:b-0.321:0.259:occ1;84:-0.326:0.257:b-0.338:0.253:occ1;89:-0.328:0.257:b-0.337:0.251:occ1
ablate_no_identity_filter,combined_stress,1,1000,,1,17,0.07634,0.08179,74,12,26,0.08319,0.08179,0.63514,0.00000,0,0.00000,0.55556,90.00000,0,0.90904,0.12306,0.30000,0.22658,0:-0.062:-0.480:b-0.411:0.168:occ0;12:-0.319:-0.038:b-0.393:0.225:occ0;24:-0.317:0.190:b-0.270:0.180:occ1;36:-0.277:0.189:b-0.280:0.181:occ1;48:-0.277:0.183:b-0.283:0.181:occ1;60:-0.281:0.182:b-0.286:0.180:occ1;72:-0.281:0.182:b-0.275:0.182:occ1;84:-0.281:0.183:b-0.286:0.190:occ1;89:-0.281:0.185:b-0.275:0.181:occ1
ablate_no_reacquisition_guard,combined_stress,1,1000,,1,19,0.04752,0.06567,73,15,30,0.04594,0.06567,0.54795,0.03333,0,0.31111,0.78889,90.00000,0,0.89067,0.12812,0.30000,0.11203,0:-0.062:-0.480:b-0.394:0.094:occ0;12:-0.324:-0.051:b-0.443:0.108:occ0;24:-0.409:0.161:b-0.391:0.168:occ1;36:-0.403:0.160:b-0.414:0.144:occ1;48:-0.394:0.154:b-0.394:0.155:occ1;60:-0.393:0.155:b-0.404:0.143:occ1;72:-0.400:0.150:b-0.385:0.166:occ1;84:-0.394:0.156:b-0.387:0.163:occ1;89:-0.393:0.157:b-0.408:0.140:occ1
ablate_no_tail_risk_objective,combined_stress,1,1000,,1,17,0.03391,0.06580,74,14,23,0.04658,0.06580,0.55405,0.00000,0,0.28889,0.81111,90.00000,0,1.03444,0.12824,0.30000,0.12507,0:-0.062:-0.480:b-0.397:0.101:occ0;12:-0.330:-0.039:b-0.439:0.232:occ0;24:-0.408:0.156:b-0.382:0.134:occ1;36:-0.387:0.133:b-0.389:0.130:occ1;48:-0.402:0.116:b-0.404:0.115:occ1;60:-0.381:0.128:b-0.378:0.136:occ1;72:-0.393:0.121:b-0.401:0.114:occ1;84:-0.390:0.127:b-0.398:0.120:occ1;89:-0.378:0.134:b-0.404:0.115:occ1
ablate_no_false_detection_rejection,combined_stress,1,1000,,1,17,0.05305,0.03958,74,16,26,0.04923,0.03958,0.55405,0.26923,0,0.32222,0.81111,90.00000,0,0.95049,0.12161,0.30000,0.11306,0:-0.062:-0.480:b-0.422:0.188:occ0;12:-0.329:-0.037:b-0.375:0.131:occ0;24:-0.407:0.177:b-0.405:0.171:occ1;36:-0.386:0.176:b-0.376:0.168:occ1;48:-0.401:0.163:b-0.406:0.158:occ1;60:-0.409:0.155:b-0.368:0.171:occ1;72:-0.393:0.161:b-0.412:0.178:occ1;84:-0.402:0.158:b-0.382:0.167:occ1;89:-0.393:0.162:b-0.379:0.166:occ1
ablate_no_distractor_filter,combined_stress,1,1000,,0,18,0.09037,0.09572,74,15,24,0.10443,0.09572,0.55405,0.00000,0,0.00000,0.08889,90.00000,0,0.98518,0.10321,0.30000,0.22803,0:-0.062:-0.480:b-0.429:0.153:occ0;12:-0.315:-0.043:b-0.398:0.174:occ0;24:-0.308:0.199:b-0.249:0.197:occ1;36:-0.260:0.206:b-0.251:0.195:occ1;48:-0.274:0.188:b-0.250:0.197:occ1;60:-0.265:0.192:b-0.253:0.197:occ1;72:-0.266:0.191:b-0.282:0.185:occ1;84:-0.278:0.193:b-0.270:0.199:occ1;89:-0.282:0.193:b-0.275:0.191:occ1
occlusion_aware_permanence_v4,combined_stress,1,1000,,1,17,0.05632,0.07048,74,13,27,0.04335,0.07048,0.63514,0.00000,0,0.00000,0.81111,90.00000,0,0.87118,0.14531,0.30000,0.10983,0:-0.062:-0.480:b-0.360:0.138:occ0;12:-0.335:-0.040:b-0.233:0.189:occ0;24:-0.392:0.154:b-0.378:0.135:occ1;36:-0.389:0.134:b-0.380:0.131:occ1;48:-0.385:0.124:b-0.374:0.132:occ1;60:-0.381:0.127:b-0.396:0.115:occ1;72:-0.381:0.131:b-0.375:0.129:occ1;84:-0.385:0.125:b-0.395:0.116:occ1;89:-0.395:0.118:b-0.407:0.110:occ1
learned_only_branch,combined_stress,1,1000,,1,18,0.06194,0.05521,74,16,24,0.05824,0.05521,0.27027,0.00000,0,0.00000,0.80000,90.00000,0,0.83214,0.06818,0.23900,0.13206,0:-0.062:-0.480:b-0.362:0.185:occ0;12:-0.316:-0.040:b-0.357:0.071:occ0;24:-0.381:0.132:b-0.367:0.112:occ1;36:-0.378:0.120:b-0.367:0.110:occ1;48:-0.374:0.107:b-0.366:0.107:occ1;60:-0.373:0.108:b-0.366:0.107:occ1;72:-0.372:0.107:b-0.367:0.108:occ1;84:-0.376:0.108:b-0.367:0.109:occ1;89:-0.373:0.110:b-0.389:0.139:occ1
occlusion_full_v5,combined_stress,1,1001,,1,17,0.01964,0.01830,74,13,24,0.07100,0.07489,0.12162,0.54167,0,0.55556,0.40000,0.00000,0,0.95578,0.06013,0.17200,0.12793,0:0.014:-0.480:b0.204:0.123:occ0;12:0.161:-0.051:b0.155:0.052:occ0;24:0.111:0.140:b0.096:0.131:occ1;36:0.084:0.137:b0.092:0.136:occ1;48:0.093:0.129:b0.085:0.135:occ1;60:0.118:0.117:b0.219:0.122:occ1;72:0.220:0.101:b0.223:0.105:occ1;84:0.229:0.102:b0.225:0.106:occ1;89:0.227:0.103:b0.226:0.102:occ1
ablate_no_self_mask,combined_stress,1,1001,,1,18,0.05808,0.05061,75,9,34,0.07358,0.05061,0.72000,0.00000,0,0.00000,0.62222,90.00000,0,0.76965,0.14681,0.30000,0.18096,0:0.013:-0.480:b0.173:0.173:occ0;12:0.172:-0.059:b0.211:0.090:occ0;24:0.250:0.081:b0.255:0.053:occ1;36:0.259:0.052:b0.255:0.047:occ1;48:0.255:0.048:b0.263:0.054:occ1;60:0.257:0.047:b0.269:0.037:occ1;72:0.251:0.055:b0.269:0.036:occ1;84:0.250:0.055:b0.248:0.068:occ1;89:0.253:0.052:b0.242:0.055:occ1
ablate_no_branch_belief,combined_stress,1,1001,,1,16,0.03979,0.03984,75,12,30,0.02600,0.03984,0.56000,0.00000,0,0.77778,0.82222,90.00000,0,0.76242,0.14855,0.30000,0.08528,0:0.014:-0.480:b0.176:0.112:occ0;12:0.178:-0.043:b0.217:0.083:occ0;24:0.192:0.130:b0.184:0.108:occ1;36:0.186:0.121:b0.185:0.113:occ1;48:0.184:0.109:b0.183:0.112:occ1;60:0.178:0.108:b0.173:0.113:occ1;72:0.175:0.109:b0.175:0.109:occ1;84:0.174:0.109:b0.174:0.112:occ1;89:0.174:0.110:b0.174:0.110:occ1
ablate_no_contact_update,combined_stress,1,1001,,1,17,0.04195,0.04055,75,12,31,0.02955,0.04055,0.56000,0.03226,0,0.77778,0.81111,90.00000,0,0.75757,0.14179,0.30000,0.07933,0:0.014:-0.480:b0.186:0.101:occ0;12:0.133:-0.046:b0.180:0.120:occ0;24:0.183:0.130:b0.180:0.121:occ1;36:0.182:0.123:b0.181:0.114:occ1;48:0.178:0.112:b0.176:0.110:occ1;60:0.169:0.113:b0.164:0.116:occ1;72:0.166:0.115:b0.166:0.117:occ1;84:0.166:0.115:b0.168:0.110:occ1;89:0.167:0.113:b0.168:0.111:occ1
ablate_no_uncertainty_inflation,combined_stress,1,1001,,0,17,0.12788,0.12285,74,13,31,0.11753,0.12285,0.00000,0.96774,0,0.77778,0.11111,90.00000,0,0.86127,0.04174,0.14000,0.04037,0:0.016:-0.480:b0.262:0.072:occ0;12:0.199:-0.065:b0.261:0.083:occ0;24:0.131:0.155:b0.106:0.157:occ1;36:0.092:0.163:b0.084:0.159:occ1;48:0.093:0.156:b0.110:0.152:occ1;60:0.098:0.153:b0.100:0.150:occ1;72:0.098:0.153:b0.092:0.152:occ1;84:0.098:0.153:b0.105:0.154:occ1;89:0.096:0.153:b0.101:0.152:occ1
ablate_no_identity_filter,combined_stress,1,1001,,0,17,0.11726,0.03815,74,14,23,0.11625,0.06390,0.60811,1.00000,0,0.78889,0.08889,0.00000,0,0.86444,0.09788,0.02400,0.03876,0:0.013:-0.480:b0.171:0.143:occ0;12:0.181:-0.050:b0.234:0.064:occ0;24:0.118:0.163:b0.087:0.161:occ1;36:0.091:0.164:b0.126:0.148:occ1;48:0.101:0.154:b0.100:0.155:occ1;60:0.098:0.155:b0.102:0.154:occ1;72:0.100:0.153:b0.123:0.150:occ1;84:0.096:0.155:b0.099:0.153:occ1;89:0.105:0.148:b0.176:0.113:occ1
ablate_no_reacquisition_guard,combined_stress,1,1001,,1,17,0.00886,0.01476,75,13,25,0.01798,0.01476,0.56000,0.00000,0,0.00000,0.81111,90.00000,0,0.75195,0.15222,0.30000,0.11889,0:0.014:-0.480:b0.183:0.151:occ0;12:0.153:-0.050:b0.204:0.194:occ0;24:0.217:0.120:b0.217:0.104:occ1;36:0.222:0.107:b0.221:0.099:occ1;48:0.221:0.102:b0.221:0.099:occ1;60:0.215:0.102:b0.214:0.101:occ1;72:0.213:0.105:b0.214:0.099:occ1;84:0.214:0.102:b0.214:0.100:occ1;89:0.214:0.101:b0.213:0.108:occ1
ablate_no_tail_risk_objective,combined_stress,1,1001,,1,16,0.04477,0.04277,75,14,36,0.02860,0.04277,0.56000,0.00000,0,0.78889,0.82222,90.00000,0,0.87919,0.14315,0.30000,0.07734,0:0.014:-0.480:b0.196:0.210:occ0;12:0.175:-0.047:b0.211:0.106:occ0;24:0.182:0.143:b0.184:0.125:occ1;36:0.186:0.122:b0.185:0.119:occ1;48:0.183:0.121:b0.179:0.119:occ1;60:0.171:0.117:b0.173:0.114:occ1;72:0.172:0.118:b0.174:0.111:occ1;84:0.173:0.114:b0.172:0.112:occ1;89:0.172:0.118:b0.172:0.115:occ1
ablate_no_false_detection_rejection,combined_stress,1,1001,,0,17,0.09709,0.10972,75,14,25,0.10423,0.10972,0.56000,0.12000,0,0.00000,0.05556,90.00000,0,0.91726,0.10565,0.30000,0.10938,0:0.013:-0.480:b0.165:0.059:occ0;12:0.180:-0.049:b0.276:0.129:occ0;24:0.264:0.207:b0.274:0.199:occ1;36:0.253:0.211:b0.271:0.200:occ1;48:0.249:0.197:b0.267:0.203:occ1;60:0.255:0.200:b0.268:0.204:occ1;72:0.254:0.206:b0.259:0.198:occ1;84:0.257:0.205:b0.214:0.218:occ1;89:0.233:0.205:b0.205:0.217:occ1
ablate_no_distractor_filter,combined_stress,1,1001,,1,17,0.05342,0.05560,75,11,34,0.04135,0.05560,0.56000,0.08824,0,0.78889,0.81111,90.00000,0,0.79095,0.13298,0.30000,0.07351,0:0.013:-0.480:b0.160:0.076:occ0;12:0.165:-0.053:b0.151:0.149:occ0;24:0.174:0.131:b0.178:0.116:occ1;36:0.166:0.126:b0.178:0.109:occ1;48:0.171:0.120:b0.161:0.126:occ1;60:0.164:0.113:b0.169:0.103:occ1;72:0.162:0.115:b0.169:0.103:occ1;84:0.162:0.113:b0.169:0.105:occ1;89:0.159:0.115:b0.157:0.115:occ1
occlusion_aware_permanence_v4,combined_stress,1,1001,,1,18,0.04143,0.04072,74,15,27,0.02774,0.04072,0.63514,0.00000,0,0.76667,0.80000,90.00000,0,0.75035,0.15689,0.30000,0.08813,0:0.014:-0.480:b0.201:0.103:occ0;12:0.165:-0.064:b0.161:0.136:occ0;24:0.185:0.120:b0.185:0.113:occ1;36:0.185:0.118:b0.186:0.111:occ1;48:0.183:0.106:b0.179:0.101:occ1;60:0.174:0.104:b0.172:0.105:occ1;72:0.170:0.104:b0.171:0.102:occ1;84:0.170:0.105:b0.170:0.103:occ1;89:0.171:0.105:b0.172:0.105:occ1
learned_only_branch,combined_stress,1,1001,,1,17,0.05779,0.05520,75,11,31,0.06363,0.05520,0.28000,0.00000,0,0.04444,0.76667,90.00000,0,0.81080,0.07553,0.24200,0.13693,0:0.013:-0.480:b0.168:0.217:occ0;12:0.131:-0.049:b0.189:0.110:occ0;24:0.238:0.151:b0.253:0.154:occ1;36:0.263:0.154:b0.254:0.158:occ1;48:0.257:0.151:b0.257:0.154:occ1;60:0.259:0.148:b0.259:0.157:occ1;72:0.259:0.149:b0.261:0.142:occ1;84:0.259:0.147:b0.260:0.141:occ1;89:0.259:0.148:b0.260:0.141:occ1
occlusion_full_v5,combined_stress,1,1002,,1,19,0.02984,0.04205,73,15,29,0.04733,0.04205,0.54795,0.00000,0,0.00000,0.78889,90.00000,0,0.82148,0.13098,0.30000,0.19661,0:0.028:-0.480:b0.100:0.100:occ0;12:0.103:-0.036:b0.100:0.238:occ0;24:0.072:0.168:b0.050:0.142:occ1;36:0.057:0.149:b0.086:0.127:occ1;48:0.059:0.140:b0.045:0.155:occ1;60:0.060:0.146:b0.060:0.147:occ1;72:0.058:0.146:b0.071:0.134:occ1;84:0.064:0.143:b0.038:0.158:occ1;89:0.063:0.142:b0.035:0.162:occ1
ablate_no_self_mask,combined_stress,1,1002,,1,18,0.05722,0.05062,72,18,26,0.07764,0.05764,0.50000,0.00000,0,0.00000,0.62222,0.00000,0,0.92682,0.12429,0.30000,0.24205,0:0.028:-0.480:b0.115:0.155:occ0;12:0.080:-0.023:b0.067:0.278:occ0;24:0.004:0.153:b-0.037:0.118:occ1;36:0.010:0.191:b0.030:0.225:occ1;48:0.032:0.227:b0.028:0.225:occ1;60:0.048:0.224:b0.043:0.223:occ1;72:0.044:0.225:b0.029:0.229:occ1;84:0.042:0.227:b0.061:0.226:occ1;89:0.044:0.227:b0.048:0.223:occ1
ablate_no_branch_belief,combined_stress,1,1002,,1,18,0.01161,0.00294,74,14,29,0.02199,0.00294,0.55405,0.00000,0,0.00000,0.80000,90.00000,0,0.84537,0.14721,0.30000,0.19179,0:0.031:-0.480:b0.204:0.161:occ0;12:0.090:-0.031:b0.084:0.208:occ0;24:0.076:0.199:b0.066:0.186:occ1;36:0.079:0.187:b0.082:0.180:occ1;48:0.079:0.177:b0.092:0.173:occ1;60:0.068:0.182:b0.056:0.187:occ1;72:0.073:0.179:b0.080:0.177:occ1;84:0.077:0.179:b0.084:0.177:occ1;89:0.077:0.179:b0.086:0.174:occ1
ablate_no_contact_update,combined_stress,1,1002,,0,19,0.08766,0.08511,73,14,27,0.08104,0.08511,0.54795,0.00000,0,0.00000,0.35556,90.00000,0,0.81892,0.10453,0.30000,0.11640,0:0.027:-0.480:b0.075:0.192:occ0;12:0.095:-0.030:b0.109:0.167:occ0;24:0.152:0.190:b0.165:0.175:occ1;36:0.167:0.182:b0.157:0.175:occ1;48:0.160:0.175:b0.157:0.176:occ1;60:0.163:0.175:b0.164:0.175:occ1;72:0.161:0.176:b0.160:0.178:occ1;84:0.162:0.176:b0.157:0.176:occ1;89:0.159:0.176:b0.157:0.176:occ1
ablate_no_uncertainty_inflation,combined_stress,1,1002,,1,18,0.03457,0.02082,73,16,26,0.03817,0.02082,0.00000,0.00000,0,0.00000,0.80000,90.00000,0,0.86790,0.05154,0.14000,0.21996,0:0.029:-0.480:b0.145:0.156:occ0;12:0.090:-0.035:b0.156:0.172:occ0;24:0.076:0.205:b0.065:0.192:occ1;36:0.047:0.200:b0.030:0.194:occ1;48:0.045:0.192:b0.063:0.192:occ1;60:0.063:0.192:b0.027:0.193:occ1;72:0.057:0.192:b0.062:0.198:occ1;84:0.053:0.192:b0.030:0.192:occ1;89:0.052:0.192:b0.067:0.190:occ1
ablate_no_identity_filter,combined_stress,1,1002,,1,18,0.05745,0.07016,74,13,36,0.05635,0.07016,0.63514,0.00000,0,0.00000,0.80000,90.00000,0,0.93379,0.13627,0.30000,0.23226,0:0.026:-0.480:b0.056:0.098:occ0;12:0.072:-0.032:b0.144:0.233:occ0;24:0.100:0.234:b0.102:0.231:occ1;36:0.087:0.241:b0.083:0.231:occ1;48:0.068:0.235:b0.045:0.240:occ1;60:0.066:0.236:b0.107:0.229:occ1;72:0.074:0.236:b0.086:0.240:occ1;84:0.069:0.236:b0.048:0.240:occ1;89:0.061:0.238:b0.041:0.241:occ1
ablate_no_reacquisition_guard,combined_stress,1,1002,,1,19,0.02873,0.04132,73,16,27,0.04369,0.04132,0.54795,0.00000,0,0.00000,0.78889,90.00000,0,0.84289,0.12680,0.30000,0.19890,0:0.026:-0.480:b0.064:0.121:occ0;12:0.092:-0.034:b0.125:0.144:occ0;24:0.075:0.177:b0.068:0.163:occ1;36:0.049:0.170:b0.035:0.167:occ1;48:0.057:0.157:b0.042:0.169:occ1;60:0.055:0.161:b0.044:0.166:occ1;72:0.055:0.163:b0.043:0.167:occ1;84:0.062:0.158:b0.080:0.160:occ1;89:0.063:0.158:b0.044:0.166:occ1
ablate_no_tail_risk_objective,combined_stress,1,1002,,1,18,0.03478,0.02966,73,17,26,0.04161,0.02966,0.54795,0.00000,0,0.00000,0.80000,90.00000,0,0.98208,0.13062,0.30000,0.18718,0:0.027:-0.480:b0.093:0.124:occ0;12:0.100:-0.033:b0.006:0.234:occ0;24:0.062:0.177:b0.089:0.150:occ1;36:0.088:0.141:b0.050:0.166:occ1;48:0.071:0.152:b0.082:0.148:occ1;60:0.059:0.156:b0.057:0.159:occ1;72:0.077:0.152:b0.064:0.154:occ1;84:0.063:0.160:b0.059:0.155:occ1;89:0.073:0.146:b0.075:0.151:occ1
ablate_no_false_detection_rejection,combined_stress,1,1002,,1,18,0.03989,0.04792,73,14,39,0.05779,0.04792,0.54795,0.05128,0,0.00000,0.80000,90.00000,0,0.99725,0.11820,0.30000,0.18641,0:0.026:-0.480:b0.049:0.188:occ0;12:0.108:-0.036:b0.153:0.176:occ0;24:0.113:0.229:b0.057:0.235:occ1;36:0.080:0.242:b0.057:0.239:occ1;48:0.112:0.212:b0.042:0.249:occ1;60:0.086:0.227:b0.102:0.222:occ1;72:0.101:0.218:b0.116:0.201:occ1;84:0.098:0.222:b0.126:0.209:occ1;89:0.104:0.220:b0.099:0.231:occ1
ablate_no_distractor_filter,combined_stress,1,1002,,1,19,0.03148,0.02957,73,13,31,0.04852,0.02957,0.56164,0.09677,0,0.00000,0.78889,90.00000,0,0.86920,0.13070,0.30000,0.17346,0:0.029:-0.480:b0.128:0.141:occ0;12:0.100:-0.033:b0.220:0.095:occ0;24:0.103:0.166:b0.053:0.157:occ1;36:0.083:0.157:b0.080:0.145:occ1;48:0.092:0.145:b0.069:0.153:occ1;60:0.097:0.148:b0.067:0.156:occ1;72:0.100:0.153:b0.058:0.153:occ1;84:0.089:0.146:b0.103:0.149:occ1;89:0.087:0.148:b0.057:0.155:occ1
occlusion_aware_permanence_v4,combined_stress,1,1002,,1,19,0.01511,0.02409,73,15,32,0.03591,0.02409,0.63014,0.00000,0,0.00000,0.78889,90.00000,0,0.80379,0.14876,0.30000,0.19032,0:0.028:-0.480:b0.101:0.181:occ0;12:0.083:-0.029:b0.105:0.172:occ0;24:0.101:0.159:b0.093:0.143:occ1;36:0.078:0.151:b0.078:0.146:occ1;48:0.076:0.146:b0.064:0.155:occ1;60:0.073:0.146:b0.086:0.149:occ1;72:0.082:0.143:b0.059:0.157:occ1;84:0.072:0.149:b0.059:0.155:occ1;89:0.070:0.150:b0.079:0.139:occ1
learned_only_branch,combined_stress,1,1002,,1,18,0.05859,0.07377,73,15,32,0.06332,0.07377,0.26027,0.00000,0,0.00000,0.80000,90.00000,0,0.89772,0.06471,0.23600,0.19883,0:0.028:-0.480:b0.108:0.195:occ0;12:0.089:-0.035:b0.068:0.199:occ0;24:0.118:0.232:b0.098:0.248:occ1;36:0.127:0.253:b0.150:0.237:occ1;48:0.111:0.246:b0.097:0.247:occ1;60:0.122:0.242:b0.144:0.238:occ1;72:0.122:0.242:b0.149:0.237:occ1;84:0.111:0.244:b0.099:0.246:occ1;89:0.108:0.244:b0.147:0.237:occ1
occlusion_full_v5,combined_stress,1,1003,,0,27,0.09701,0.09075,66,23,31,0.08327,0.09075,0.50000,0.00000,0,0.00000,0.35556,90.00000,0,1.23122,0.08871,0.30000,0.15920,0:0.020:-0.480:b0.252:0.533:occ0;12:0.293:-0.007:b0.276:0.549:occ0;24:0.350:0.412:b0.382:0.438:occ1;36:0.393:0.496:b0.419:0.491:occ1;48:0.385:0.479:b0.394:0.444:occ1;60:0.389:0.475:b0.414:0.492:occ1;72:0.379:0.485:b0.380:0.471:occ1;84:0.384:0.462:b0.390:0.449:occ1;89:0.385:0.461:b0.385:0.469:occ1
ablate_no_self_mask,combined_stress,1,1003,,0,25,0.08269,0.07508,66,23,22,0.08852,0.07508,0.65152,0.81818,0,0.66667,0.14444,90.00000,0,1.28714,0.11279,0.30000,0.04972,0:0.021:-0.480:b0.289:0.555:occ0;12:0.286:-0.007:b0.315:0.540:occ0;24:0.333:0.430:b0.336:0.606:occ1;36:0.341:0.611:b0.340:0.608:occ1;48:0.345:0.608:b0.347:0.607:occ1;60:0.341:0.598:b0.342:0.590:occ1;72:0.340:0.601:b0.339:0.603:occ1;84:0.340:0.603:b0.336:0.593:occ1;89:0.340:0.601:b0.345:0.592:occ1
ablate_no_branch_belief,combined_stress,1,1003,,1,26,0.04518,0.04861,66,18,27,0.04611,0.04861,0.51515,0.03704,0,0.00000,0.71111,90.00000,0,1.22331,0.12028,0.30000,0.16936,0:0.022:-0.480:b0.298:0.510:occ0;12:0.270:-0.007:b0.365:0.507:occ0;24:0.375:0.425:b0.221:0.386:occ1;36:0.305:0.497:b0.296:0.490:occ1;48:0.290:0.479:b0.295:0.481:occ1;60:0.292:0.477:b0.291:0.481:occ1;72:0.293:0.478:b0.289:0.466:occ1;84:0.291:0.480:b0.274:0.503:occ1;89:0.289:0.482:b0.293:0.472:occ1
ablate_no_contact_update,combined_stress,1,1003,,1,26,0.04922,0.05046,66,24,26,0.05005,0.05046,0.50000,0.00000,0,0.00000,0.71111,90.00000,0,1.20942,0.10650,0.30000,0.16447,0:0.021:-0.480:b0.288:0.451:occ0;12:0.283:-0.007:b0.362:0.521:occ0;24:0.336:0.422:b0.281:0.538:occ1;36:0.295:0.504:b0.291:0.482:occ1;48:0.289:0.484:b0.293:0.468:occ1;60:0.288:0.483:b0.290:0.498:occ1;72:0.289:0.489:b0.294:0.485:occ1;84:0.292:0.489:b0.288:0.466:occ1;89:0.289:0.487:b0.293:0.481:occ1
ablate_no_uncertainty_inflation,combined_stress,1,1003,,1,26,0.06134,0.05531,66,22,20,0.05367,0.05531,0.00000,0.00000,0,0.00000,0.71111,90.00000,0,1.23359,0.03597,0.14000,0.16241,0:0.021:-0.480:b0.279:0.497:occ0;12:0.305:-0.007:b0.365:0.589:occ0;24:0.351:0.426:b0.284:0.485:occ1;36:0.299:0.508:b0.294:0.478:occ1;48:0.290:0.490:b0.296:0.474:occ1;60:0.294:0.489:b0.293:0.482:occ1;72:0.293:0.490:b0.296:0.477:occ1;84:0.295:0.486:b0.297:0.503:occ1;89:0.295:0.486:b0.296:0.492:occ1
ablate_no_identity_filter,combined_stress,1,1003,,1,25,0.04379,0.01668,66,24,25,0.04188,0.01668,0.59091,0.00000,0,0.00000,0.72222,90.00000,0,1.22092,0.12491,0.30000,0.14528,0:0.022:-0.480:b0.364:0.473:occ0;12:0.284:-0.007:b0.274:0.506:occ0;24:0.341:0.434:b0.286:0.522:occ1;36:0.310:0.507:b0.322:0.525:occ1;48:0.310:0.495:b0.307:0.475:occ1;60:0.313:0.495:b0.309:0.489:occ1;72:0.312:0.494:b0.305:0.472:occ1;84:0.311:0.492:b0.310:0.491:occ1;89:0.312:0.495:b0.325:0.523:occ1
ablate_no_reacquisition_guard,combined_stress,1,1003,,1,26,0.01731,0.01690,66,22,21,0.02231,0.01690,0.50000,0.00000,0,0.00000,0.71111,90.00000,0,1.22518,0.12121,0.30000,0.12160,0:0.022:-0.480:b0.308:0.502:occ0;12:0.299:-0.007:b0.376:0.492:occ0;24:0.343:0.420:b0.351:0.518:occ1;36:0.340:0.520:b0.339:0.498:occ1;48:0.345:0.504:b0.357:0.521:occ1;60:0.348:0.500:b0.340:0.489:occ1;72:0.348:0.499:b0.369:0.524:occ1;84:0.349:0.502:b0.346:0.501:occ1;89:0.350:0.504:b0.345:0.500:occ1
ablate_no_tail_risk_objective,combined_stress,1,1003,,1,25,0.02797,0.03794,66,21,23,0.02882,0.03794,0.50000,0.00000,0,0.06667,0.72222,90.00000,0,1.37450,0.12102,0.30000,0.12653,0:0.022:-0.480:b0.378:0.531:occ0;12:0.297:-0.007:b0.351:0.563:occ0;24:0.348:0.430:b0.339:0.485:occ1;36:0.344:0.511:b0.342:0.492:occ1;48:0.352:0.503:b0.339:0.509:occ1;60:0.347:0.501:b0.342:0.491:occ1;72:0.347:0.493:b0.365:0.517:occ1;84:0.347:0.495:b0.375:0.529:occ1;89:0.347:0.500:b0.342:0.487:occ1
ablate_no_false_detection_rejection,combined_stress,1,1003,,1,26,0.04587,0.04652,66,24,27,0.04601,0.04652,0.50000,0.00000,0,0.00000,0.71111,90.00000,0,1.21217,0.10790,0.30000,0.15064,0:0.022:-0.480:b0.339:0.560:occ0;12:0.287:-0.007:b0.369:0.592:occ0;24:0.356:0.423:b0.358:0.484:occ1;36:0.338:0.493:b0.355:0.484:occ1;48:0.345:0.494:b0.352:0.481:occ1;60:0.345:0.479:b0.353:0.480:occ1;72:0.339:0.472:b0.332:0.459:occ1;84:0.339:0.479:b0.348:0.483:occ1;89:0.339:0.477:b0.337:0.476:occ1
ablate_no_distractor_filter,combined_stress,1,1003,,1,26,0.04162,0.04708,66,20,23,0.04412,0.04708,0.50000,0.04348,0,0.06667,0.71111,90.00000,0,1.22695,0.11164,0.30000,0.12357,0:0.022:-0.480:b0.306:0.561:occ0;12:0.315:-0.007:b0.447:0.509:occ0;24:0.358:0.417:b0.350:0.522:occ1;36:0.361:0.521:b0.356:0.513:occ1;48:0.366:0.505:b0.372:0.479:occ1;60:0.370:0.494:b0.369:0.479:occ1;72:0.369:0.489:b0.368:0.485:occ1;84:0.370:0.494:b0.367:0.481:occ1;89:0.372:0.497:b0.362:0.477:occ1
occlusion_aware_permanence_v4,combined_stress,1,1003,,1,25,0.05993,0.05714,67,21,24,0.06071,0.05714,0.61194,0.00000,0,0.07778,0.72222,90.00000,0,1.22730,0.11927,0.30000,0.12135,0:0.022:-0.480:b0.328:0.544:occ0;12:0.281:-0.007:b0.344:0.479:occ0;24:0.346:0.435:b0.378:0.470:occ1;36:0.384:0.517:b0.377:0.522:occ1;48:0.381:0.493:b0.377:0.506:occ1;60:0.382:0.496:b0.402:0.519:occ1;72:0.383:0.496:b0.399:0.507:occ1;84:0.385:0.502:b0.378:0.502:occ1;89:0.381:0.499:b0.377:0.499:occ1
learned_only_branch,combined_stress,1,1003,,1,26,0.07036,0.07651,65,22,34,0.08689,0.03660,0.00000,0.00000,0,0.00000,0.52222,0.00000,0,1.40917,0.04478,0.14900,0.13876,0:0.022:-0.480:b0.385:0.499:occ0;12:0.276:-0.007:b0.313:0.481:occ0;24:0.334:0.417:b0.211:0.430:occ1;36:0.234:0.465:b0.207:0.441:occ1;48:0.252:0.462:b0.379:0.503:occ1;60:0.380:0.489:b0.379:0.469:occ1;72:0.384:0.488:b0.371:0.505:occ1;84:0.381:0.486:b0.371:0.505:occ1;89:0.382:0.481:b0.377:0.468:occ1
occlusion_full_v5,combined_stress,2,1000,,0,18,0.09794,0.09788,74,13,27,0.09061,0.09788,0.55405,0.03704,0,0.00000,0.11111,90.00000,0,0.89844,0.10053,0.30000,0.17998,0:0.037:-0.480:b-0.027:0.116:occ0;12:-0.107:-0.035:b-0.101:0.187:occ0;24:-0.106:0.257:b-0.080:0.262:occ1;36:-0.081:0.273:b-0.081:0.262:occ1;48:-0.079:0.261:b-0.078:0.260:occ1;60:-0.080:0.259:b-0.080:0.260:occ1;72:-0.081:0.259:b-0.081:0.259:occ1;84:-0.080:0.259:b-0.081:0.259:occ1;89:-0.080:0.259:b-0.080:0.259:occ1
ablate_no_self_mask,combined_stress,2,1000,,1,19,0.06069,0.07719,73,15,33,0.07309,0.07719,0.68493,0.00000,0,0.00000,0.65556,90.00000,0,0.94040,0.13758,0.30000,0.25173,0:0.032:-0.480:b-0.166:0.238:occ0;12:-0.100:-0.037:b-0.095:0.155:occ0;24:-0.167:0.245:b-0.199:0.281:occ1;36:-0.178:0.274:b-0.179:0.254:occ1;48:-0.172:0.260:b-0.165:0.255:occ1;60:-0.173:0.262:b-0.196:0.277:occ1;72:-0.178:0.268:b-0.192:0.274:occ1;84:-0.175:0.263:b-0.176:0.265:occ1;89:-0.175:0.263:b-0.190:0.273:occ1
ablate_no_branch_belief,combined_stress,2,1000,,0,18,0.08013,0.07478,73,15,26,0.07366,0.07478,0.54795,0.00000,0,0.00000,0.53333,90.00000,0,0.86598,0.10699,0.30000,0.11640,0:0.032:-0.480:b-0.166:0.243:occ0;12:-0.102:-0.030:b-0.142:0.203:occ0;24:-0.096:0.193:b-0.086:0.180:occ1;36:-0.075:0.179:b-0.075:0.170:occ1;48:-0.067:0.164:b-0.078:0.178:occ1;60:-0.077:0.170:b-0.066:0.164:occ1;72:-0.074:0.169:b-0.071:0.166:occ1;84:-0.071:0.166:b-0.079:0.174:occ1;89:-0.074:0.169:b-0.078:0.172:occ1
ablate_no_contact_update,combined_stress,2,1000,,1,19,0.07033,0.07267,73,14,27,0.05721,0.07267,0.54795,0.00000,0,0.00000,0.78889,90.00000,0,0.84639,0.11871,0.30000,0.13512,0:0.033:-0.480:b-0.127:0.098:occ0;12:-0.133:-0.039:b-0.190:0.217:occ0;24:-0.126:0.189:b-0.104:0.181:occ1;36:-0.097:0.179:b-0.096:0.169:occ1;48:-0.096:0.169:b-0.093:0.171:occ1;60:-0.095:0.170:b-0.095:0.170:occ1;72:-0.094:0.170:b-0.096:0.169:occ1;84:-0.094:0.170:b-0.095:0.170:occ1;89:-0.094:0.170:b-0.091:0.172:occ1
ablate_no_uncertainty_inflation,combined_stress,2,1000,,0,19,0.09712,0.09742,74,13,27,0.08978,0.09742,0.00000,0.00000,0,0.00000,0.24444,90.00000,0,0.80107,0.03915,0.14000,0.14343,0:0.036:-0.480:b-0.056:0.206:occ0;12:-0.112:-0.035:b-0.106:0.276:occ0;24:-0.103:0.156:b-0.112:0.108:occ1;36:-0.106:0.124:b-0.108:0.121:occ1;48:-0.109:0.119:b-0.102:0.128:occ1;60:-0.108:0.120:b-0.115:0.111:occ1;72:-0.110:0.119:b-0.114:0.111:occ1;84:-0.113:0.115:b-0.108:0.122:occ1;89:-0.113:0.115:b-0.115:0.114:occ1
ablate_no_identity_filter,combined_stress,2,1000,,1,19,0.03119,0.03108,73,15,30,0.02840,0.03108,0.63014,0.03333,0,0.00000,0.78889,90.00000,0,0.84788,0.15560,0.30000,0.19757,0:0.036:-0.480:b-0.039:0.231:occ0;12:-0.079:-0.035:b-0.160:0.189:occ0;24:-0.146:0.219:b-0.140:0.227:occ1;36:-0.140:0.235:b-0.136:0.225:occ1;48:-0.135:0.225:b-0.136:0.225:occ1;60:-0.136:0.223:b-0.137:0.224:occ1;72:-0.137:0.224:b-0.137:0.223:occ1;84:-0.137:0.223:b-0.137:0.223:occ1;89:-0.137:0.223:b-0.137:0.223:occ1
ablate_no_reacquisition_guard,combined_stress,2,1000,,1,18,0.04701,0.04699,73,14,32,0.04559,0.04699,0.54795,0.00000,0,0.00000,0.80000,90.00000,0,0.86386,0.12691,0.30000,0.19128,0:0.036:-0.480:b-0.054:0.198:occ0;12:-0.120:-0.032:b-0.145:0.276:occ0;24:-0.129:0.231:b-0.120:0.239:occ1;36:-0.120:0.250:b-0.118:0.241:occ1;48:-0.118:0.241:b-0.116:0.239:occ1;60:-0.119:0.237:b-0.119:0.237:occ1;72:-0.120:0.236:b-0.120:0.236:occ1;84:-0.120:0.236:b-0.120:0.236:occ1;89:-0.120:0.236:b-0.120:0.236:occ1
ablate_no_tail_risk_objective,combined_stress,2,1000,,0,19,0.09678,0.08408,73,16,30,0.07451,0.08408,0.54795,0.00000,0,0.00000,0.51111,90.00000,0,1.05177,0.10375,0.30000,0.12115,0:0.032:-0.480:b-0.178:0.216:occ0;12:-0.110:-0.033:b-0.094:0.227:occ0;24:-0.082:0.205:b-0.070:0.166:occ1;36:-0.080:0.166:b-0.073:0.165:occ1;48:-0.079:0.171:b-0.084:0.176:occ1;60:-0.094:0.190:b-0.081:0.173:occ1;72:-0.083:0.174:b-0.093:0.186:occ1;84:-0.074:0.167:b-0.076:0.168:occ1;89:-0.079:0.170:b-0.088:0.182:occ1
ablate_no_false_detection_rejection,combined_stress,2,1000,,1,19,0.04836,0.05105,72,17,29,0.08675,0.06897,0.12500,0.13793,0,0.00000,0.35556,0.00000,0,1.03149,0.04828,0.16200,0.22653,0:0.034:-0.480:b-0.119:0.169:occ0;12:-0.100:-0.036:b-0.155:0.193:occ0;24:-0.075:0.229:b-0.022:0.230:occ1;36:-0.031:0.245:b-0.037:0.242:occ1;48:-0.033:0.236:b-0.041:0.242:occ1;60:-0.040:0.226:b-0.173:0.290:occ1;72:-0.137:0.254:b-0.152:0.263:occ1;84:-0.148:0.258:b-0.153:0.262:occ1;89:-0.148:0.258:b-0.149:0.261:occ1
ablate_no_distractor_filter,combined_stress,2,1000,,1,19,0.04954,0.07764,73,14,35,0.05049,0.07764,0.54795,0.02857,0,0.00000,0.78889,90.00000,0,0.91556,0.12070,0.30000,0.15859,0:0.034:-0.480:b-0.119:0.220:occ0;12:-0.122:-0.039:b-0.099:0.225:occ0;24:-0.149:0.188:b-0.116:0.165:occ1;36:-0.110:0.161:b-0.071:0.165:occ1;48:-0.125:0.164:b-0.147:0.170:occ1;60:-0.135:0.163:b-0.151:0.170:occ1;72:-0.112:0.158:b-0.116:0.165:occ1;84:-0.117:0.164:b-0.109:0.164:occ1;89:-0.121:0.166:b-0.080:0.160:occ1
occlusion_aware_permanence_v4,combined_stress,2,1000,,1,19,0.06256,0.06528,73,15,30,0.04465,0.06528,0.63014,0.00000,0,0.00000,0.78889,90.00000,0,0.81023,0.13819,0.30000,0.15051,0:0.034:-0.480:b-0.094:0.186:occ0;12:-0.082:-0.036:b-0.133:0.127:occ0;24:-0.116:0.189:b-0.114:0.180:occ1;36:-0.114:0.185:b-0.107:0.177:occ1;48:-0.110:0.174:b-0.104:0.178:occ1;60:-0.109:0.178:b-0.109:0.175:occ1;72:-0.108:0.177:b-0.110:0.176:occ1;84:-0.108:0.177:b-0.108:0.183:occ1;89:-0.108:0.177:b-0.107:0.175:occ1
learned_only_branch,combined_stress,2,1000,,0,19,0.08490,0.08499,73,15,30,0.07548,0.08499,0.26027,0.00000,0,0.00000,0.42222,90.00000,0,0.90051,0.05927,0.23600,0.14553,0:0.033:-0.480:b-0.147:0.124:occ0;12:-0.131:-0.036:b-0.129:0.246:occ0;24:-0.107:0.222:b-0.070:0.231:occ1;36:-0.067:0.238:b-0.068:0.224:occ1;48:-0.068:0.223:b-0.071:0.219:occ1;60:-0.074:0.216:b-0.074:0.215:occ1;72:-0.075:0.216:b-0.074:0.215:occ1;84:-0.076:0.217:b-0.076:0.217:occ1;89:-0.076:0.217:b-0.076:0.217:occ1
occlusion_full_v5,combined_stress,2,1001,,1,20,0.01805,0.01743,72,15,23,0.03831,0.01743,0.55556,0.00000,0,0.00000,0.77778,90.00000,0,0.90348,0.13600,0.30000,0.21557,0:-0.029:-0.480:b-0.136:0.276:occ0;12:-0.180:-0.024:b-0.231:0.246:occ0;24:-0.256:0.257:b-0.262:0.265:occ1;36:-0.265:0.275:b-0.263:0.262:occ1;48:-0.263:0.264:b-0.260:0.261:occ1;60:-0.261:0.263:b-0.262:0.260:occ1;72:-0.260:0.265:b-0.258:0.274:occ1;84:-0.260:0.266:b-0.259:0.272:occ1;89:-0.260:0.266:b-0.262:0.260:occ1
ablate_no_self_mask,combined_stress,2,1001,,1,20,0.01659,0.03196,72,17,24,0.02008,0.03196,0.68056,0.00000,0,0.00000,0.77778,90.00000,0,0.92557,0.16937,0.30000,0.17897,0:-0.033:-0.480:b-0.263:0.242:occ0;12:-0.175:-0.020:b-0.185:0.275:occ0;24:-0.207:0.268:b-0.171:0.295:occ1;36:-0.207:0.289:b-0.183:0.291:occ1;48:-0.202:0.282:b-0.215:0.268:occ1;60:-0.204:0.279:b-0.212:0.271:occ1;72:-0.208:0.275:b-0.213:0.271:occ1;84:-0.210:0.275:b-0.199:0.278:occ1;89:-0.209:0.275:b-0.197:0.285:occ1
ablate_no_branch_belief,combined_stress,2,1001,,1,45,0.05178,0.05673,72,14,20,0.07134,0.05673,0.55556,0.00000,0,0.00000,0.50000,90.00000,0,0.87633,0.11593,0.30000,0.26215,0:-0.032:-0.480:b-0.228:0.347:occ0;12:-0.191:-0.019:b-0.276:0.278:occ0;24:-0.275:0.218:b-0.278:0.227:occ1;36:-0.280:0.226:b-0.277:0.200:occ1;48:-0.276:0.220:b-0.277:0.222:occ1;60:-0.277:0.217:b-0.277:0.208:occ1;72:-0.277:0.216:b-0.278:0.211:occ1;84:-0.277:0.218:b-0.278:0.214:occ1;89:-0.277:0.220:b-0.277:0.215:occ1
ablate_no_contact_update,combined_stress,2,1001,,1,20,0.06721,0.06511,72,18,30,0.06312,0.06511,0.54167,0.00000,0,0.00000,0.77778,90.00000,0,0.93466,0.11225,0.30000,0.17569,0:-0.033:-0.480:b-0.254:0.270:occ0;12:-0.192:-0.020:b-0.154:0.326:occ0;24:-0.177:0.268:b-0.149:0.282:occ1;36:-0.146:0.267:b-0.156:0.278:occ1;48:-0.150:0.261:b-0.147:0.245:occ1;60:-0.152:0.260:b-0.151:0.244:occ1;72:-0.155:0.262:b-0.159:0.281:occ1;84:-0.154:0.259:b-0.155:0.262:occ1;89:-0.154:0.259:b-0.157:0.262:occ1
ablate_no_uncertainty_inflation,combined_stress,2,1001,,1,20,0.06245,0.06643,72,16,24,0.05848,0.06643,0.00000,0.00000,0,0.00000,0.77778,90.00000,0,0.95007,0.03673,0.14000,0.16102,0:-0.030:-0.480:b-0.170:0.239:occ0;12:-0.184:-0.019:b-0.200:0.284:occ0;24:-0.185:0.264:b-0.153:0.271:occ1;36:-0.157:0.297:b-0.155:0.284:occ1;48:-0.154:0.284:b-0.152:0.269:occ1;60:-0.156:0.276:b-0.167:0.287:occ1;72:-0.161:0.282:b-0.152:0.264:occ1;84:-0.158:0.277:b-0.154:0.266:occ1;89:-0.157:0.275:b-0.154:0.262:occ1
ablate_no_identity_filter,combined_stress,2,1001,,1,20,0.00821,0.00897,72,15,30,0.02519,0.00897,0.62500,0.00000,0,0.00000,0.77778,90.00000,0,0.90832,0.15266,0.30000,0.19096,0:-0.030:-0.480:b-0.170:0.222:occ0;12:-0.165:-0.024:b-0.262:0.268:occ0;24:-0.235:0.266:b-0.234:0.291:occ1;36:-0.240:0.296:b-0.243:0.286:occ1;48:-0.242:0.285:b-0.238:0.291:occ1;60:-0.241:0.286:b-0.243:0.279:occ1;72:-0.243:0.284:b-0.242:0.289:occ1;84:-0.242:0.284:b-0.241:0.287:occ1;89:-0.242:0.283:b-0.245:0.280:occ1
ablate_no_reacquisition_guard,combined_stress,2,1001,,1,20,0.02535,0.03133,72,17,28,0.03462,0.03133,0.54167,0.00000,0,0.00000,0.77778,90.00000,0,0.91329,0.12901,0.30000,0.18976,0:-0.032:-0.480:b-0.232:0.255:occ0;12:-0.179:-0.026:b-0.172:0.230:occ0;24:-0.227:0.273:b-0.243:0.281:occ1;36:-0.246:0.295:b-0.244:0.292:occ1;48:-0.248:0.287:b-0.245:0.287:occ1;60:-0.246:0.286:b-0.244:0.289:occ1;72:-0.244:0.286:b-0.242:0.293:occ1;84:-0.245:0.287:b-0.244:0.288:occ1;89:-0.245:0.287:b-0.242:0.294:occ1
ablate_no_tail_risk_objective,combined_stress,2,1001,,1,20,0.02634,0.01794,72,16,26,0.02436,0.01794,0.54167,0.00000,0,0.00000,0.77778,90.00000,0,1.06150,0.14208,0.30000,0.20833,0:-0.031:-0.480:b-0.216:0.362:occ0;12:-0.160:-0.026:b-0.235:0.225:occ0;24:-0.220:0.265:b-0.218:0.236:occ1;36:-0.212:0.231:b-0.210:0.248:occ1;48:-0.219:0.243:b-0.224:0.237:occ1;60:-0.217:0.258:b-0.212:0.269:occ1;72:-0.227:0.238:b-0.219:0.256:occ1;84:-0.216:0.259:b-0.209:0.270:occ1;89:-0.223:0.249:b-0.223:0.260:occ1
ablate_no_false_detection_rejection,combined_stress,2,1001,,1,20,0.05537,0.03886,72,17,26,0.05904,0.03886,0.54167,0.15385,0,0.00000,0.77778,90.00000,0,1.00614,0.11676,0.30000,0.14567,0:-0.030:-0.480:b-0.186:0.251:occ0;12:-0.200:-0.021:b-0.147:0.321:occ0;24:-0.214:0.287:b-0.219:0.303:occ1;36:-0.204:0.332:b-0.198:0.327:occ1;48:-0.194:0.327:b-0.197:0.330:occ1;60:-0.204:0.326:b-0.201:0.331:occ1;72:-0.208:0.319:b-0.209:0.332:occ1;84:-0.208:0.319:b-0.223:0.305:occ1;89:-0.211:0.316:b-0.224:0.303:occ1
ablate_no_distractor_filter,combined_stress,2,1001,,1,20,0.02014,0.02396,71,14,31,0.03935,0.02396,0.53521,0.06452,0,0.00000,0.77778,90.00000,0,1.02384,0.13018,0.30000,0.16044,0:-0.034:-0.480:b-0.280:0.282:occ0;12:-0.221:-0.024:b-0.218:0.254:occ0;24:-0.232:0.280:b-0.213:0.335:occ1;36:-0.210:0.322:b-0.224:0.281:occ1;48:-0.212:0.306:b-0.183:0.309:occ1;60:-0.216:0.301:b-0.212:0.304:occ1;72:-0.204:0.318:b-0.203:0.315:occ1;84:-0.216:0.306:b-0.215:0.307:occ1;89:-0.218:0.303:b-0.213:0.306:occ1
occlusion_aware_permanence_v4,combined_stress,2,1001,,0,20,0.08643,0.08744,72,17,23,0.07367,0.08744,0.62500,0.00000,0,0.00000,0.56667,90.00000,0,0.89180,0.12047,0.30000,0.21235,0:-0.031:-0.480:b-0.212:0.279:occ0;12:-0.157:-0.023:b-0.268:0.251:occ0;24:-0.180:0.243:b-0.161:0.227:occ1;36:-0.156:0.237:b-0.154:0.234:occ1;48:-0.154:0.225:b-0.156:0.232:occ1;60:-0.157:0.227:b-0.158:0.220:occ1;72:-0.163:0.228:b-0.161:0.225:occ1;84:-0.160:0.225:b-0.158:0.222:occ1;89:-0.158:0.223:b-0.158:0.221:occ1
learned_only_branch,combined_stress,2,1001,,1,20,0.04044,0.05345,72,16,25,0.03020,0.05345,0.26389,0.00000,0,0.00000,0.77778,90.00000,0,0.90911,0.08739,0.23600,0.18908,0:-0.031:-0.480:b-0.192:0.213:occ0;12:-0.187:-0.021:b-0.250:0.262:occ0;24:-0.201:0.256:b-0.198:0.247:occ1;36:-0.195:0.266:b-0.184:0.282:occ1;48:-0.198:0.254:b-0.191:0.281:occ1;60:-0.207:0.258:b-0.195:0.281:occ1;72:-0.207:0.260:b-0.212:0.251:occ1;84:-0.207:0.262:b-0.212:0.250:occ1;89:-0.206:0.262:b-0.195:0.281:occ1
occlusion_full_v5,combined_stress,2,1002,,1,21,0.07307,0.05816,70,19,33,0.04847,0.05816,0.52857,0.06061,0,0.11111,0.76667,90.00000,0,1.03017,0.11563,0.30000,0.10248,0:0.007:-0.480:b-0.138:0.296:occ0;12:-0.115:-0.012:b-0.152:0.365:occ0;24:-0.178:0.317:b-0.181:0.338:occ1;36:-0.177:0.347:b-0.189:0.357:occ1;48:-0.171:0.335:b-0.158:0.326:occ1;60:-0.176:0.334:b-0.169:0.330:occ1;72:-0.162:0.329:b-0.191:0.359:occ1;84:-0.186:0.344:b-0.184:0.335:occ1;89:-0.184:0.345:b-0.180:0.327:occ1
ablate_no_self_mask,combined_stress,2,1002,,1,22,0.02062,0.02134,68,22,19,0.05656,0.05858,0.44118,0.00000,0,0.00000,0.58889,0.00000,0,1.02133,0.11970,0.30000,0.15647,0:0.006:-0.480:b-0.194:0.260:occ0;12:-0.134:-0.010:b-0.253:0.399:occ0;24:-0.153:0.247:b-0.104:0.182:occ1;36:-0.108:0.205:b-0.178:0.334:occ0;48:-0.152:0.267:b-0.138:0.257:occ1;60:-0.155:0.272:b-0.164:0.285:occ1;72:-0.161:0.277:b-0.145:0.266:occ1;84:-0.157:0.272:b-0.167:0.289:occ1;89:-0.154:0.271:b-0.148:0.267:occ1
ablate_no_branch_belief,combined_stress,2,1002,,1,22,0.01859,0.01898,71,16,28,0.03972,0.01898,0.54930,0.00000,0,0.00000,0.75556,90.00000,0,0.93595,0.13057,0.30000,0.17219,0:0.007:-0.480:b-0.147:0.270:occ0;12:-0.137:-0.015:b-0.173:0.329:occ0;24:-0.148:0.273:b-0.141:0.277:occ1;36:-0.132:0.270:b-0.138:0.272:occ1;48:-0.138:0.268:b-0.134:0.264:occ1;60:-0.132:0.260:b-0.129:0.257:occ1;72:-0.134:0.262:b-0.155:0.292:occ1;84:-0.139:0.267:b-0.127:0.253:occ1;89:-0.138:0.267:b-0.144:0.273:occ1
ablate_no_contact_update,combined_stress,2,1002,,1,21,0.03340,0.02753,71,18,29,0.03065,0.02753,0.53521,0.00000,0,0.00000,0.76667,90.00000,0,1.01513,0.13219,0.30000,0.14037,0:0.006:-0.480:b-0.177:0.324:occ0;12:-0.150:-0.017:b-0.152:0.265:occ0;24:-0.151:0.320:b-0.137:0.329:occ1;36:-0.155:0.351:b-0.182:0.357:occ1;48:-0.160:0.340:b-0.141:0.329:occ1;60:-0.161:0.343:b-0.161:0.352:occ1;72:-0.156:0.336:b-0.137:0.328:occ1;84:-0.143:0.330:b-0.157:0.343:occ1;89:-0.147:0.336:b-0.140:0.326:occ1
ablate_no_uncertainty_inflation,combined_stress,2,1002,,1,21,0.07654,0.07627,71,18,21,0.07214,0.07627,0.00000,0.00000,0,0.46667,0.76667,90.00000,0,0.95095,0.03283,0.14000,0.10182,0:0.006:-0.480:b-0.176:0.348:occ0;12:-0.127:-0.017:b-0.123:0.238:occ0;24:-0.186:0.292:b-0.206:0.284:occ1;36:-0.207:0.294:b-0.206:0.288:occ1;48:-0.203:0.280:b-0.205:0.287:occ1;60:-0.210:0.283:b-0.213:0.281:occ1;72:-0.214:0.284:b-0.213:0.283:occ1;84:-0.213:0.285:b-0.213:0.287:occ1;89:-0.213:0.284:b-0.212:0.282:occ1
ablate_no_identity_filter,combined_stress,2,1002,,0,22,0.09535,0.08456,71,17,30,0.09499,0.08456,0.61972,0.20000,0,0.71111,0.08889,90.00000,0,0.94494,0.11012,0.30000,0.09249,0:0.007:-0.480:b-0.164:0.246:occ0;12:-0.124:-0.017:b-0.140:0.364:occ0;24:-0.209:0.282:b-0.223:0.264:occ1;36:-0.238:0.282:b-0.224:0.266:occ1;48:-0.235:0.273:b-0.231:0.270:occ1;60:-0.234:0.274:b-0.255:0.286:occ1;72:-0.239:0.276:b-0.242:0.274:occ1;84:-0.240:0.276:b-0.231:0.272:occ1;89:-0.238:0.275:b-0.227:0.270:occ1
ablate_no_reacquisition_guard,combined_stress,2,1002,,1,21,0.01108,0.00949,71,15,27,0.02037,0.00949,0.54930,0.00000,0,0.00000,0.76667,90.00000,0,0.97151,0.14615,0.30000,0.15230,0:0.008:-0.480:b-0.110:0.314:occ0;12:-0.126:-0.014:b-0.188:0.308:occ0;24:-0.143:0.303:b-0.135:0.288:occ1;36:-0.150:0.316:b-0.152:0.293:occ1;48:-0.142:0.294:b-0.147:0.308:occ1;60:-0.141:0.293:b-0.137:0.290:occ1;72:-0.147:0.298:b-0.152:0.306:occ1;84:-0.146:0.299:b-0.156:0.292:occ1;89:-0.145:0.297:b-0.135:0.290:occ1
ablate_no_tail_risk_objective,combined_stress,2,1002,,1,21,0.03615,0.04076,71,17,30,0.03199,0.04076,0.53521,0.03333,0,0.00000,0.76667,90.00000,0,1.14676,0.13077,0.30000,0.15337,0:0.007:-0.480:b-0.166:0.373:occ0;12:-0.127:-0.017:b-0.135:0.243:occ0;24:-0.142:0.337:b-0.130:0.327:occ1;36:-0.139:0.323:b-0.140:0.325:occ1;48:-0.148:0.337:b-0.142:0.331:occ1;60:-0.147:0.329:b-0.155:0.331:occ1;72:-0.143:0.325:b-0.150:0.343:occ1;84:-0.136:0.329:b-0.128:0.326:occ1;89:-0.136:0.324:b-0.150:0.330:occ1
ablate_no_false_detection_rejection,combined_stress,2,1002,,1,22,0.02330,0.05300,71,18,26,0.03659,0.05300,0.53521,0.00000,0,0.00000,0.75556,90.00000,0,0.97610,0.12977,0.30000,0.18011,0:0.008:-0.480:b-0.117:0.245:occ0;12:-0.143:-0.014:b-0.164:0.371:occ0;24:-0.154:0.284:b-0.120:0.260:occ1;36:-0.141:0.292:b-0.189:0.323:occ1;48:-0.141:0.278:b-0.211:0.317:occ1;60:-0.148:0.281:b-0.134:0.277:occ1;72:-0.136:0.275:b-0.149:0.274:occ1;84:-0.126:0.271:b-0.116:0.258:occ1;89:-0.127:0.271:b-0.194:0.294:occ1
ablate_no_distractor_filter,combined_stress,2,1002,,1,21,0.01617,0.02696,71,16,27,0.04142,0.02696,0.53521,0.00000,0,0.00000,0.76667,90.00000,0,0.99289,0.12827,0.30000,0.15380,0:0.009:-0.480:b-0.080:0.236:occ0;12:-0.137:-0.015:b-0.138:0.343:occ0;24:-0.136:0.289:b-0.160:0.278:occ1;36:-0.146:0.280:b-0.127:0.262:occ1;48:-0.149:0.272:b-0.133:0.267:occ1;60:-0.157:0.292:b-0.132:0.276:occ1;72:-0.151:0.286:b-0.155:0.294:occ1;84:-0.157:0.289:b-0.133:0.262:occ1;89:-0.151:0.282:b-0.158:0.274:occ1
occlusion_aware_permanence_v4,combined_stress,2,1002,,1,22,0.03914,0.03293,70,18,31,0.04043,0.03293,0.61429,0.00000,0,0.00000,0.75556,90.00000,0,0.94051,0.13653,0.30000,0.15614,0:0.007:-0.480:b-0.144:0.225:occ0;12:-0.129:-0.011:b-0.186:0.369:occ0;24:-0.169:0.285:b-0.148:0.260:occ1;36:-0.154:0.285:b-0.156:0.280:occ1;48:-0.151:0.271:b-0.161:0.285:occ1;60:-0.159:0.277:b-0.153:0.263:occ1;72:-0.156:0.272:b-0.155:0.270:occ1;84:-0.156:0.272:b-0.149:0.258:occ1;89:-0.155:0.270:b-0.161:0.284:occ1
learned_only_branch,combined_stress,2,1002,,1,22,0.05805,0.07254,70,20,26,0.06814,0.07254,0.22857,0.00000,0,0.00000,0.72222,90.00000,0,0.97925,0.06739,0.22700,0.22190,0:0.007:-0.480:b-0.167:0.307:occ0;12:-0.126:-0.015:b-0.162:0.308:occ0;24:-0.138:0.276:b-0.063:0.273:occ1;36:-0.074:0.293:b-0.106:0.315:occ1;48:-0.075:0.287:b-0.059:0.275:occ1;60:-0.082:0.292:b-0.063:0.276:occ1;72:-0.078:0.289:b-0.060:0.275:occ1;84:-0.074:0.284:b-0.060:0.275:occ1;89:-0.076:0.284:b-0.063:0.276:occ1
occlusion_full_v5,combined_stress,2,1003,,1,26,0.03512,0.03509,66,23,29,0.02867,0.03509,0.50000,0.00000,0,0.00000,0.71111,90.00000,0,1.16262,0.12180,0.30000,0.13297,0:-0.127:-0.480:b-0.437:0.458:occ0;12:-0.348:-0.007:b-0.323:0.444:occ0;24:-0.418:0.405:b-0.381:0.496:occ1;36:-0.393:0.507:b-0.388:0.492:occ1;48:-0.382:0.498:b-0.377:0.501:occ1;60:-0.378:0.499:b-0.383:0.495:occ1;72:-0.381:0.497:b-0.380:0.499:occ1;84:-0.381:0.497:b-0.382:0.497:occ1;89:-0.381:0.497:b-0.379:0.497:occ1
ablate_no_self_mask,combined_stress,2,1003,,0,26,0.08707,0.09025,67,19,21,0.08732,0.09025,0.65672,0.00000,0,0.00000,0.42222,90.00000,0,1.16073,0.11910,0.30000,0.19465,0:-0.127:-0.480:b-0.415:0.415:occ0;12:-0.377:-0.007:b-0.361:0.482:occ0;24:-0.386:0.400:b-0.423:0.373:occ1;36:-0.416:0.402:b-0.419:0.372:occ1;48:-0.425:0.395:b-0.431:0.411:occ1;60:-0.425:0.387:b-0.444:0.407:occ1;72:-0.425:0.392:b-0.421:0.384:occ1;84:-0.422:0.387:b-0.419:0.376:occ1;89:-0.420:0.380:b-0.419:0.376:occ1
ablate_no_branch_belief,combined_stress,2,1003,,1,25,0.00292,0.00272,67,23,18,0.00877,0.00272,0.50746,0.00000,0,0.00000,0.72222,90.00000,0,1.12886,0.13560,0.30000,0.15705,0:-0.127:-0.480:b-0.402:0.423:occ0;12:-0.359:-0.007:b-0.383:0.514:occ0;24:-0.391:0.413:b-0.409:0.452:occ1;36:-0.387:0.476:b-0.385:0.456:occ1;48:-0.383:0.460:b-0.381:0.460:occ1;60:-0.380:0.459:b-0.377:0.457:occ1;72:-0.380:0.456:b-0.381:0.456:occ1;84:-0.381:0.456:b-0.381:0.456:occ1;89:-0.380:0.456:b-0.380:0.456:occ1
ablate_no_contact_update,combined_stress,2,1003,,1,26,0.07868,0.07939,66,20,30,0.07200,0.07939,0.50000,0.03333,0,0.63333,0.58889,90.00000,0,1.15901,0.09844,0.30000,0.08293,0:-0.124:-0.480:b-0.323:0.518:occ0;12:-0.329:-0.009:b-0.384:0.466:occ0;24:-0.379:0.399:b-0.466:0.511:occ1;36:-0.436:0.493:b-0.440:0.480:occ1;48:-0.446:0.485:b-0.457:0.485:occ1;60:-0.456:0.488:b-0.457:0.490:occ1;72:-0.453:0.490:b-0.453:0.490:occ1;84:-0.453:0.489:b-0.454:0.489:occ1;89:-0.453:0.489:b-0.454:0.489:occ1
ablate_no_uncertainty_inflation,combined_stress,2,1003,,1,25,0.01038,0.00944,67,19,33,0.01482,0.00944,0.00000,0.00000,0,0.00000,0.72222,90.00000,0,1.13770,0.06220,0.14000,0.13799,0:-0.127:-0.480:b-0.402:0.517:occ0;12:-0.360:-0.007:b-0.419:0.457:occ0;24:-0.412:0.411:b-0.411:0.472:occ1;36:-0.401:0.478:b-0.402:0.456:occ1;48:-0.399:0.463:b-0.401:0.468:occ1;60:-0.399:0.466:b-0.402:0.462:occ1;72:-0.402:0.461:b-0.401:0.461:occ1;84:-0.400:0.462:b-0.402:0.462:occ1;89:-0.400:0.462:b-0.398:0.464:occ1
ablate_no_identity_filter,combined_stress,2,1003,,1,25,0.02160,0.02284,67,21,32,0.01837,0.02284,0.61194,0.00000,0,0.00000,0.72222,90.00000,0,1.13671,0.14809,0.30000,0.15162,0:-0.126:-0.480:b-0.378:0.465:occ0;12:-0.350:-0.007:b-0.348:0.465:occ0;24:-0.403:0.418:b-0.376:0.462:occ1;36:-0.385:0.484:b-0.385:0.465:occ1;48:-0.382:0.469:b-0.379:0.471:occ1;60:-0.379:0.469:b-0.373:0.468:occ1;72:-0.378:0.467:b-0.380:0.466:occ1;84:-0.378:0.467:b-0.380:0.466:occ1;89:-0.378:0.467:b-0.375:0.467:occ1
ablate_no_reacquisition_guard,combined_stress,2,1003,,1,25,0.01705,0.01888,66,21,24,0.05880,0.00632,0.12121,0.00000,0,0.00000,0.48889,0.00000,0,1.35494,0.06793,0.21700,0.16719,0:-0.125:-0.480:b-0.341:0.560:occ0;12:-0.336:-0.007:b-0.349:0.511:occ0;24:-0.363:0.418:b-0.258:0.486:occ1;36:-0.283:0.497:b-0.232:0.470:occ1;48:-0.260:0.478:b-0.377:0.458:occ0;60:-0.380:0.441:b-0.400:0.445:occ1;72:-0.402:0.433:b-0.389:0.443:occ1;84:-0.391:0.435:b-0.389:0.431:occ1;89:-0.388:0.433:b-0.386:0.429:occ1
ablate_no_tail_risk_objective,combined_stress,2,1003,,1,25,0.01711,0.01614,67,21,25,0.01716,0.01614,0.50746,0.00000,0,0.00000,0.72222,90.00000,0,1.29001,0.13177,0.30000,0.14060,0:-0.125:-0.480:b-0.338:0.433:occ0;12:-0.362:-0.007:b-0.425:0.496:occ0;24:-0.419:0.424:b-0.397:0.443:occ1;36:-0.389:0.464:b-0.396:0.461:occ1;48:-0.375:0.477:b-0.385:0.469:occ1;60:-0.388:0.465:b-0.395:0.467:occ1;72:-0.389:0.467:b-0.390:0.467:occ1;84:-0.395:0.465:b-0.393:0.465:occ1;89:-0.393:0.466:b-0.393:0.465:occ1
ablate_no_false_detection_rejection,combined_stress,2,1003,,1,26,0.03317,0.03649,66,23,22,0.02944,0.03649,0.50000,0.04545,0,0.00000,0.71111,90.00000,0,1.19198,0.12112,0.30000,0.12489,0:-0.126:-0.480:b-0.369:0.515:occ0;12:-0.341:-0.008:b-0.413:0.418:occ0;24:-0.391:0.399:b-0.397:0.476:occ1;36:-0.393:0.496:b-0.387:0.478:occ1;48:-0.391:0.486:b-0.434:0.497:occ1;60:-0.405:0.497:b-0.377:0.480:occ1;72:-0.401:0.492:b-0.409:0.493:occ1;84:-0.391:0.486:b-0.383:0.483:occ1;89:-0.393:0.492:b-0.397:0.494:occ1
ablate_no_distractor_filter,combined_stress,2,1003,,1,25,0.01359,0.00809,67,22,28,0.03793,0.00809,0.50746,0.00000,0,0.00000,0.72222,90.00000,0,1.18170,0.12248,0.30000,0.16416,0:-0.125:-0.480:b-0.334:0.441:occ0;12:-0.347:-0.007:b-0.388:0.545:occ0;24:-0.368:0.414:b-0.465:0.440:occ1;36:-0.395:0.453:b-0.377:0.406:occ1;48:-0.386:0.433:b-0.374:0.420:occ1;60:-0.375:0.428:b-0.366:0.414:occ1;72:-0.384:0.442:b-0.380:0.446:occ1;84:-0.387:0.442:b-0.362:0.417:occ1;89:-0.384:0.441:b-0.380:0.444:occ1
occlusion_aware_permanence_v4,combined_stress,2,1003,,1,25,0.07055,0.06458,67,21,28,0.07095,0.06458,0.59701,0.00000,0,0.00000,0.72222,90.00000,0,1.16057,0.11211,0.30000,0.20224,0:-0.126:-0.480:b-0.368:0.473:occ0;12:-0.369:-0.009:b-0.397:0.397:occ0;24:-0.384:0.410:b-0.313:0.458:occ1;36:-0.323:0.475:b-0.326:0.460:occ1;48:-0.322:0.461:b-0.329:0.468:occ1;60:-0.320:0.460:b-0.315:0.455:occ1;72:-0.320:0.462:b-0.326:0.470:occ1;84:-0.321:0.463:b-0.318:0.463:occ1;89:-0.321:0.463:b-0.326:0.460:occ1
learned_only_branch,combined_stress,2,1003,,1,25,0.02835,0.03515,67,20,28,0.03530,0.03515,0.19403,0.00000,0,0.00000,0.72222,90.00000,0,1.10484,0.07669,0.21800,0.15855,0:-0.127:-0.480:b-0.483:0.420:occ0;12:-0.345:-0.007:b-0.404:0.501:occ0;24:-0.400:0.407:b-0.404:0.446:occ1;36:-0.407:0.451:b-0.407:0.448:occ1;48:-0.406:0.439:b-0.403:0.436:occ1;60:-0.400:0.440:b-0.397:0.451:occ1;72:-0.396:0.439:b-0.397:0.432:occ1;84:-0.396:0.437:b-0.397:0.433:occ1;89:-0.396:0.437:b-0.396:0.430:occ1
occlusion_full_v5,combined_stress,3,1000,,1,19,0.05020,0.05006,73,17,23,0.05539,0.05006,0.54795,0.00000,0,0.07778,0.78889,90.00000,0,0.80335,0.12083,0.30000,0.13206,0:-0.042:-0.480:b-0.094:0.248:occ0;12:-0.066:-0.036:b-0.043:0.209:occ0;24:-0.030:0.176:b-0.026:0.163:occ1;36:-0.013:0.162:b-0.009:0.150:occ1;48:-0.014:0.151:b-0.013:0.157:occ1;60:-0.016:0.153:b-0.022:0.148:occ1;72:-0.021:0.151:b-0.012:0.151:occ1;84:-0.017:0.152:b-0.013:0.154:occ1;89:-0.016:0.153:b-0.018:0.150:occ1
ablate_no_self_mask,combined_stress,3,1000,,1,18,0.04717,0.04011,74,15,27,0.06318,0.04011,0.68919,0.00000,0,0.06667,0.80000,90.00000,0,0.84859,0.14793,0.30000,0.17429,0:-0.041:-0.480:b-0.054:0.254:occ0;12:-0.041:-0.029:b-0.026:0.235:occ0;24:-0.008:0.197:b0.011:0.180:occ1;36:0.027:0.190:b0.032:0.186:occ1;48:0.024:0.182:b0.019:0.185:occ1;60:0.014:0.181:b0.034:0.188:occ1;72:0.017:0.182:b0.032:0.189:occ1;84:0.019:0.184:b0.015:0.183:occ1;89:0.015:0.182:b0.004:0.171:occ1
ablate_no_branch_belief,combined_stress,3,1000,,0,20,0.11150,0.11319,73,16,22,0.10235,0.11319,0.54795,0.95455,0,0.84444,0.14444,90.00000,0,0.76988,0.09003,0.30000,0.04712,0:-0.040:-0.480:b-0.049:0.204:occ0;12:-0.041:-0.036:b-0.000:0.139:occ0;24:-0.072:0.138:b-0.085:0.106:occ1;36:-0.090:0.111:b-0.090:0.107:occ1;48:-0.090:0.108:b-0.085:0.108:occ1;60:-0.089:0.110:b-0.090:0.116:occ1;72:-0.090:0.109:b-0.094:0.105:occ1;84:-0.092:0.108:b-0.093:0.110:occ1;89:-0.092:0.108:b-0.092:0.106:occ1
ablate_no_contact_update,combined_stress,3,1000,,1,18,0.06419,0.05761,74,12,31,0.05651,0.05761,0.55405,0.00000,0,0.06667,0.80000,90.00000,0,0.86902,0.12118,0.30000,0.15594,0:-0.040:-0.480:b-0.044:0.180:occ0;12:-0.075:-0.034:b-0.050:0.237:occ0;24:-0.085:0.234:b-0.074:0.231:occ1;36:-0.080:0.238:b-0.089:0.226:occ1;48:-0.078:0.228:b-0.104:0.216:occ1;60:-0.090:0.220:b-0.106:0.218:occ1;72:-0.086:0.222:b-0.096:0.222:occ1;84:-0.088:0.222:b-0.075:0.225:occ1;89:-0.088:0.221:b-0.078:0.222:occ1
ablate_no_uncertainty_inflation,combined_stress,3,1000,,1,19,0.04599,0.04790,73,16,31,0.05198,0.04790,0.00000,0.00000,0,0.07778,0.78889,90.00000,0,0.86910,0.04322,0.14000,0.17900,0:-0.041:-0.480:b-0.057:0.111:occ0;12:-0.068:-0.040:b-0.066:0.159:occ0;24:-0.058:0.220:b-0.009:0.238:occ1;36:-0.030:0.243:b-0.020:0.232:occ1;48:-0.024:0.231:b-0.041:0.228:occ1;60:-0.031:0.226:b-0.021:0.227:occ1;72:-0.033:0.226:b-0.016:0.228:occ1;84:-0.039:0.225:b-0.018:0.228:occ1;89:-0.034:0.226:b-0.047:0.226:occ1
ablate_no_identity_filter,combined_stress,3,1000,,0,19,0.11291,0.11370,73,17,30,0.10570,0.11370,0.63014,0.96667,0,0.84444,0.15556,90.00000,0,0.77245,0.10161,0.30000,0.03604,0:-0.041:-0.480:b-0.071:0.197:occ0;12:-0.062:-0.035:b-0.034:0.156:occ0;24:-0.088:0.139:b-0.093:0.098:occ1;36:-0.100:0.104:b-0.099:0.106:occ1;48:-0.103:0.102:b-0.100:0.100:occ1;60:-0.101:0.103:b-0.108:0.095:occ1;72:-0.104:0.099:b-0.100:0.098:occ1;84:-0.102:0.100:b-0.099:0.099:occ1;89:-0.100:0.100:b-0.100:0.098:occ1
ablate_no_reacquisition_guard,combined_stress,3,1000,,1,19,0.07532,0.09297,73,13,30,0.06600,0.09297,0.54795,0.10000,0,0.84444,0.78889,90.00000,0,0.78422,0.10908,0.30000,0.07709,0:-0.041:-0.480:b-0.061:0.183:occ0;12:-0.078:-0.042:b-0.084:0.205:occ0;24:-0.090:0.165:b-0.098:0.140:occ1;36:-0.089:0.149:b-0.103:0.140:occ1;48:-0.091:0.141:b-0.086:0.144:occ1;60:-0.089:0.144:b-0.083:0.146:occ1;72:-0.091:0.143:b-0.090:0.144:occ1;84:-0.096:0.143:b-0.085:0.145:occ1;89:-0.096:0.142:b-0.113:0.134:occ1
ablate_no_tail_risk_objective,combined_stress,3,1000,,1,18,0.05024,0.05102,73,14,29,0.04899,0.05102,0.54795,0.00000,0,0.06667,0.80000,90.00000,0,1.05788,0.12181,0.30000,0.17438,0:-0.041:-0.480:b-0.066:0.134:occ0;12:-0.078:-0.036:b-0.061:0.260:occ0;24:-0.055:0.248:b-0.038:0.232:occ1;36:-0.072:0.216:b-0.082:0.219:occ1;48:-0.046:0.229:b-0.044:0.225:occ1;60:-0.075:0.220:b-0.068:0.218:occ1;72:-0.055:0.221:b-0.061:0.220:occ1;84:-0.061:0.223:b-0.061:0.222:occ1;89:-0.042:0.225:b-0.046:0.225:occ1
ablate_no_false_detection_rejection,combined_stress,3,1000,,1,19,0.03941,0.09996,73,14,26,0.03711,0.09996,0.54795,0.15385,0,0.36667,0.78889,90.00000,0,0.80936,0.13532,0.30000,0.09965,0:-0.041:-0.480:b-0.070:0.130:occ0;12:-0.078:-0.043:b-0.090:0.196:occ0;24:-0.069:0.164:b-0.031:0.169:occ1;36:-0.047:0.156:b-0.036:0.153:occ1;48:-0.037:0.152:b-0.038:0.156:occ1;60:-0.046:0.146:b-0.028:0.156:occ1;72:-0.052:0.143:b-0.035:0.152:occ1;84:-0.052:0.149:b-0.034:0.152:occ1;89:-0.055:0.145:b-0.104:0.111:occ1
ablate_no_distractor_filter,combined_stress,3,1000,,1,19,0.07576,0.06852,73,16,18,0.09182,0.06852,0.54795,0.00000,0,0.07778,0.20000,90.00000,0,0.86153,0.10542,0.30000,0.17740,0:-0.042:-0.480:b-0.102:0.190:occ0;12:-0.069:-0.031:b-0.027:0.252:occ0;24:-0.009:0.173:b0.060:0.165:occ1;36:0.044:0.165:b-0.006:0.133:occ1;48:0.043:0.155:b0.012:0.150:occ1;60:0.047:0.158:b0.033:0.150:occ1;72:0.043:0.158:b0.048:0.159:occ1;84:0.037:0.158:b0.058:0.159:occ1;89:0.037:0.156:b0.027:0.151:occ1
occlusion_aware_permanence_v4,combined_stress,3,1000,,1,18,0.05432,0.06495,74,13,36,0.05952,0.06495,0.66216,0.00000,0,0.05556,0.77778,90.00000,0,0.86923,0.13796,0.30000,0.19060,0:-0.040:-0.480:b-0.048:0.243:occ0;12:-0.060:-0.032:b-0.069:0.204:occ0;24:-0.019:0.227:b-0.018:0.227:occ1;36:-0.005:0.236:b0.011:0.223:occ1;48:-0.006:0.220:b-0.010:0.218:occ1;60:-0.009:0.220:b0.008:0.225:occ1;72:-0.009:0.221:b-0.022:0.218:occ1;84:-0.007:0.221:b-0.014:0.219:occ1;89:-0.004:0.221:b0.008:0.223:occ1
learned_only_branch,combined_stress,3,1000,,1,19,0.06069,0.05100,73,17,28,0.05296,0.05100,0.26027,0.00000,0,0.68889,0.78889,90.00000,0,0.80386,0.07095,0.23600,0.10058,0:-0.045:-0.480:b-0.178:0.166:occ0;12:-0.075:-0.038:b-0.113:0.165:occ0;24:-0.095:0.179:b-0.126:0.155:occ1;36:-0.102:0.173:b-0.091:0.167:occ1;48:-0.100:0.163:b-0.088:0.169:occ1;60:-0.094:0.167:b-0.088:0.168:occ1;72:-0.098:0.164:b-0.122:0.150:occ1;84:-0.098:0.164:b-0.088:0.171:occ1;89:-0.098:0.166:b-0.088:0.168:occ1
occlusion_full_v5,combined_stress,3,1001,,0,23,0.08999,0.09481,70,18,24,0.10003,0.09481,0.52857,0.00000,0,0.00000,0.08889,90.00000,0,0.91513,0.09612,0.30000,0.22759,0:-0.038:-0.480:b-0.151:0.297:occ0;12:-0.131:-0.013:b-0.180:0.366:occ0;24:-0.158:0.264:b-0.161:0.232:occ1;36:-0.149:0.228:b-0.155:0.224:occ1;48:-0.146:0.214:b-0.146:0.213:occ1;60:-0.155:0.218:b-0.153:0.215:occ1;72:-0.149:0.213:b-0.160:0.220:occ1;84:-0.147:0.213:b-0.144:0.210:occ1;89:-0.149:0.213:b-0.145:0.209:occ1
ablate_no_self_mask,combined_stress,3,1001,,1,22,0.03814,0.05252,70,19,33,0.05388,0.05252,0.67143,0.00000,0,0.00000,0.75556,90.00000,0,0.94567,0.14323,0.30000,0.21308,0:-0.038:-0.480:b-0.150:0.316:occ0;12:-0.132:-0.012:b-0.188:0.342:occ0;24:-0.162:0.288:b-0.158:0.262:occ1;36:-0.139:0.260:b-0.120:0.221:occ1;48:-0.133:0.249:b-0.125:0.231:occ1;60:-0.133:0.250:b-0.135:0.253:occ1;72:-0.136:0.250:b-0.123:0.229:occ1;84:-0.133:0.246:b-0.126:0.233:occ1;89:-0.131:0.241:b-0.124:0.229:occ1
ablate_no_branch_belief,combined_stress,3,1001,,1,22,0.06173,0.07871,70,19,25,0.06992,0.07871,0.52857,0.00000,0,0.00000,0.75556,90.00000,0,0.94809,0.10633,0.30000,0.19704,0:-0.039:-0.480:b-0.160:0.319:occ0;12:-0.127:-0.017:b-0.185:0.310:occ0;24:-0.167:0.285:b-0.162:0.270:occ1;36:-0.152:0.262:b-0.155:0.263:occ1;48:-0.146:0.243:b-0.141:0.237:occ1;60:-0.153:0.250:b-0.162:0.257:occ1;72:-0.152:0.246:b-0.148:0.245:occ1;84:-0.149:0.245:b-0.149:0.244:occ1;89:-0.152:0.247:b-0.142:0.231:occ1
ablate_no_contact_update,combined_stress,3,1001,,1,22,0.07118,0.06584,70,17,20,0.08329,0.06584,0.52857,0.00000,0,0.00000,0.53333,90.00000,0,0.93949,0.10343,0.30000,0.22155,0:-0.040:-0.480:b-0.211:0.338:occ0;12:-0.156:-0.014:b-0.191:0.326:occ0;24:-0.147:0.276:b-0.137:0.242:occ1;36:-0.132:0.250:b-0.110:0.232:occ1;48:-0.124:0.235:b-0.115:0.231:occ1;60:-0.131:0.237:b-0.143:0.241:occ1;72:-0.132:0.237:b-0.145:0.242:occ1;84:-0.123:0.233:b-0.122:0.232:occ1;89:-0.126:0.234:b-0.139:0.239:occ1
ablate_no_uncertainty_inflation,combined_stress,3,1001,,1,22,0.01696,0.02778,70,16,27,0.03474,0.02778,0.00000,0.00000,0,0.00000,0.75556,90.00000,0,0.97107,0.05562,0.14000,0.17625,0:-0.038:-0.480:b-0.158:0.334:occ0;12:-0.119:-0.018:b-0.220:0.303:occ0;24:-0.156:0.300:b-0.140:0.300:occ1;36:-0.139:0.301:b-0.120:0.268:occ1;48:-0.136:0.284:b-0.157:0.313:occ1;60:-0.131:0.278:b-0.145:0.293:occ1;72:-0.138:0.283:b-0.120:0.266:occ1;84:-0.137:0.282:b-0.162:0.309:occ1;89:-0.137:0.283:b-0.125:0.271:occ1
ablate_no_identity_filter,combined_stress,3,1001,,1,22,0.03285,0.01686,70,19,31,0.03111,0.01686,0.61429,0.00000,0,0.00000,0.75556,90.00000,0,0.99688,0.14120,0.30000,0.12804,0:-0.036:-0.480:b-0.094:0.339:occ0;12:-0.129:-0.012:b-0.206:0.366:occ0;24:-0.162:0.312:b-0.170:0.347:occ1;36:-0.165:0.351:b-0.160:0.332:occ1;48:-0.165:0.336:b-0.143:0.314:occ1;60:-0.161:0.328:b-0.143:0.312:occ1;72:-0.166:0.339:b-0.162:0.327:occ1;84:-0.162:0.340:b-0.162:0.338:occ1;89:-0.158:0.331:b-0.149:0.317:occ1
ablate_no_reacquisition_guard,combined_stress,3,1001,,1,22,0.06251,0.05987,70,20,24,0.04852,0.05987,0.52857,0.00000,0,0.00000,0.75556,90.00000,0,1.00243,0.11532,0.30000,0.12878,0:-0.040:-0.480:b-0.198:0.343:occ0;12:-0.132:-0.018:b-0.130:0.272:occ0;24:-0.138:0.324:b-0.129:0.342:occ1;36:-0.141:0.366:b-0.136:0.343:occ1;48:-0.147:0.354:b-0.127:0.345:occ1;60:-0.147:0.361:b-0.156:0.381:occ1;72:-0.141:0.356:b-0.131:0.349:occ1;84:-0.143:0.357:b-0.132:0.351:occ1;89:-0.139:0.356:b-0.131:0.350:occ1
ablate_no_tail_risk_objective,combined_stress,3,1001,,1,21,0.00660,0.01895,70,19,32,0.03006,0.01895,0.52857,0.00000,0,0.00000,0.76667,90.00000,0,1.16326,0.13099,0.30000,0.14984,0:-0.038:-0.480:b-0.136:0.274:occ0;12:-0.143:-0.012:b-0.129:0.397:occ0;24:-0.150:0.315:b-0.121:0.267:occ1;36:-0.145:0.290:b-0.133:0.282:occ1;48:-0.143:0.297:b-0.146:0.301:occ1;60:-0.124:0.276:b-0.123:0.273:occ1;72:-0.156:0.306:b-0.164:0.317:occ1;84:-0.127:0.287:b-0.138:0.292:occ1;89:-0.152:0.306:b-0.152:0.318:occ1
ablate_no_false_detection_rejection,combined_stress,3,1001,,1,22,0.03151,0.03575,70,18,32,0.05815,0.03575,0.52857,0.00000,0,0.00000,0.75556,90.00000,0,0.97431,0.11794,0.30000,0.18187,0:-0.036:-0.480:b-0.089:0.333:occ0;12:-0.122:-0.013:b-0.166:0.343:occ0;24:-0.143:0.282:b-0.121:0.249:occ1;36:-0.134:0.270:b-0.139:0.267:occ1;48:-0.150:0.273:b-0.141:0.258:occ1;60:-0.144:0.268:b-0.119:0.240:occ1;72:-0.149:0.276:b-0.137:0.264:occ1;84:-0.144:0.267:b-0.137:0.252:occ1;89:-0.144:0.270:b-0.158:0.266:occ1
ablate_no_distractor_filter,combined_stress,3,1001,,1,21,0.02778,0.01329,70,18,30,0.03319,0.01329,0.54286,0.13333,0,0.00000,0.76667,90.00000,0,1.06383,0.13044,0.30000,0.13436,0:-0.036:-0.480:b-0.077:0.296:occ0;12:-0.130:-0.014:b-0.094:0.351:occ0;24:-0.150:0.331:b-0.127:0.308:occ1;36:-0.138:0.336:b-0.130:0.313:occ1;48:-0.165:0.354:b-0.120:0.309:occ1;60:-0.150:0.328:b-0.156:0.335:occ1;72:-0.155:0.332:b-0.169:0.349:occ1;84:-0.150:0.335:b-0.165:0.334:occ1;89:-0.149:0.332:b-0.130:0.312:occ1
occlusion_aware_permanence_v4,combined_stress,3,1001,,1,24,0.07605,0.07123,70,18,27,0.08290,0.07123,0.61429,0.00000,0,0.00000,0.40000,90.00000,0,0.90367,0.11368,0.30000,0.18606,0:-0.038:-0.480:b-0.156:0.415:occ0;12:-0.138:-0.013:b-0.164:0.347:occ0;24:-0.176:0.267:b-0.179:0.245:occ1;36:-0.181:0.257:b-0.179:0.261:occ1;48:-0.180:0.243:b-0.181:0.230:occ1;60:-0.184:0.238:b-0.186:0.231:occ1;72:-0.187:0.239:b-0.181:0.243:occ1;84:-0.188:0.243:b-0.186:0.232:occ1;89:-0.187:0.242:b-0.188:0.248:occ1
learned_only_branch,combined_stress,3,1001,,0,22,0.10229,0.10162,70,15,28,0.10459,0.10162,0.22857,0.00000,0,0.00000,0.08889,90.00000,0,0.95328,0.05282,0.22700,0.14636,0:-0.039:-0.480:b-0.161:0.270:occ0;12:-0.146:-0.008:b-0.167:0.408:occ0;24:-0.191:0.283:b-0.234:0.260:occ1;36:-0.239:0.278:b-0.237:0.262:occ1;48:-0.239:0.265:b-0.236:0.262:occ1;60:-0.239:0.266:b-0.262:0.280:occ1;72:-0.238:0.268:b-0.237:0.262:occ1;84:-0.238:0.268:b-0.237:0.262:occ1;89:-0.241:0.269:b-0.237:0.262:occ1
occlusion_full_v5,combined_stress,3,1002,,1,23,0.07755,0.07534,69,21,21,0.06797,0.07534,0.52174,0.00000,0,0.00000,0.74444,90.00000,0,1.05478,0.10095,0.30000,0.10621,0:-0.050:-0.480:b-0.206:0.374:occ0;12:-0.233:-0.011:b-0.305:0.366:occ0;24:-0.285:0.357:b-0.299:0.411:occ1;36:-0.304:0.430:b-0.306:0.414:occ1;48:-0.304:0.417:b-0.305:0.416:occ1;60:-0.304:0.415:b-0.302:0.415:occ1;72:-0.303:0.416:b-0.302:0.416:occ1;84:-0.304:0.416:b-0.305:0.417:occ1;89:-0.304:0.416:b-0.302:0.415:occ1
ablate_no_self_mask,combined_stress,3,1002,,1,23,0.03072,0.01627,69,15,29,0.04312,0.01627,0.68116,0.06897,0,0.00000,0.74444,90.00000,0,1.05126,0.15450,0.30000,0.18060,0:-0.053:-0.480:b-0.293:0.371:occ0;12:-0.244:-0.011:b-0.254:0.421:occ0;24:-0.248:0.337:b-0.239:0.356:occ1;36:-0.208:0.361:b-0.225:0.355:occ1;48:-0.218:0.349:b-0.223:0.351:occ1;60:-0.219:0.351:b-0.215:0.352:occ1;72:-0.225:0.351:b-0.210:0.348:occ1;84:-0.221:0.351:b-0.238:0.358:occ1;89:-0.221:0.352:b-0.237:0.365:occ1
ablate_no_branch_belief,combined_stress,3,1002,,1,23,0.02089,0.01817,68,21,29,0.06461,0.05554,0.08824,0.41379,0,0.37778,0.45556,0.00000,0,1.20202,0.06526,0.20700,0.15977,0:-0.054:-0.480:b-0.338:0.336:occ0;12:-0.227:-0.008:b-0.189:0.434:occ0;24:-0.316:0.330:b-0.371:0.320:occ1;36:-0.383:0.341:b-0.402:0.331:occ1;48:-0.384:0.333:b-0.375:0.335:occ1;60:-0.271:0.380:b-0.246:0.386:occ1;72:-0.237:0.384:b-0.233:0.380:occ1;84:-0.242:0.382:b-0.237:0.382:occ1;89:-0.241:0.382:b-0.246:0.382:occ1
ablate_no_contact_update,combined_stress,3,1002,,1,22,0.01215,0.04591,69,18,30,0.01968,0.04591,0.52174,0.00000,0,0.00000,0.75556,90.00000,0,1.06422,0.13516,0.30000,0.13849,0:-0.052:-0.480:b-0.264:0.337:occ0;12:-0.224:-0.009:b-0.275:0.436:occ0;24:-0.275:0.350:b-0.264:0.361:occ1;36:-0.270:0.380:b-0.277:0.364:occ1;48:-0.262:0.359:b-0.275:0.363:occ1;60:-0.263:0.358:b-0.238:0.356:occ1;72:-0.262:0.356:b-0.269:0.354:occ1;84:-0.261:0.358:b-0.244:0.354:occ1;89:-0.263:0.359:b-0.297:0.365:occ1
ablate_no_uncertainty_inflation,combined_stress,3,1002,,0,23,0.11475,0.07990,69,20,28,0.11556,0.07990,0.00000,0.00000,0,0.00000,0.06667,90.00000,0,1.11135,0.04718,0.14000,0.25072,0:-0.050:-0.480:b-0.197:0.434:occ0;12:-0.252:-0.009:b-0.308:0.477:occ0;24:-0.232:0.328:b-0.143:0.328:occ1;36:-0.151:0.351:b-0.142:0.334:occ1;48:-0.164:0.351:b-0.155:0.336:occ1;60:-0.151:0.334:b-0.154:0.335:occ1;72:-0.152:0.337:b-0.136:0.325:occ1;84:-0.150:0.334:b-0.136:0.328:occ1;89:-0.152:0.339:b-0.184:0.365:occ1
ablate_no_identity_filter,combined_stress,3,1002,,1,22,0.02461,0.01376,68,22,27,0.05846,0.03558,0.32353,0.14815,0,0.26667,0.57778,0.00000,0,1.23239,0.09202,0.30000,0.16635,0:-0.052:-0.480:b-0.260:0.394:occ0;12:-0.223:-0.009:b-0.268:0.386:occ0;24:-0.310:0.343:b-0.373:0.335:occ1;36:-0.385:0.351:b-0.382:0.342:occ1;48:-0.291:0.344:b-0.231:0.344:occ1;60:-0.236:0.347:b-0.242:0.350:occ1;72:-0.233:0.347:b-0.234:0.348:occ1;84:-0.226:0.344:b-0.273:0.358:occ1;89:-0.236:0.347:b-0.250:0.354:occ1
ablate_no_reacquisition_guard,combined_stress,3,1002,,0,22,0.08843,0.08909,69,20,23,0.09799,0.08909,0.52174,0.00000,0,0.00000,0.11111,90.00000,0,1.15660,0.09281,0.30000,0.22960,0:-0.053:-0.480:b-0.298:0.415:occ0;12:-0.239:-0.010:b-0.263:0.385:occ0;24:-0.265:0.367:b-0.183:0.406:occ1;36:-0.176:0.419:b-0.153:0.393:occ1;48:-0.159:0.400:b-0.185:0.410:occ1;60:-0.168:0.402:b-0.191:0.415:occ1;72:-0.167:0.404:b-0.160:0.402:occ1;84:-0.178:0.410:b-0.155:0.397:occ1;89:-0.174:0.406:b-0.174:0.408:occ1
ablate_no_tail_risk_objective,combined_stress,3,1002,,1,22,0.01155,0.00444,69,18,27,0.01148,0.00444,0.55072,0.03704,0,0.00000,0.75556,90.00000,0,1.19341,0.14864,0.30000,0.14616,0:-0.053:-0.480:b-0.313:0.344:occ0;12:-0.239:-0.014:b-0.220:0.326:occ0;24:-0.290:0.371:b-0.253:0.369:occ1;36:-0.261:0.365:b-0.268:0.371:occ1;48:-0.256:0.368:b-0.249:0.365:occ1;60:-0.265:0.369:b-0.262:0.368:occ1;72:-0.268:0.371:b-0.272:0.372:occ1;84:-0.253:0.364:b-0.249:0.364:occ1;89:-0.255:0.367:b-0.264:0.367:occ1
ablate_no_false_detection_rejection,combined_stress,3,1002,,1,22,0.02459,0.10318,69,21,28,0.03833,0.10318,0.52174,0.07143,0,0.00000,0.75556,90.00000,0,1.11420,0.11911,0.30000,0.16719,0:-0.053:-0.480:b-0.295:0.326:occ0;12:-0.236:-0.012:b-0.243:0.338:occ0;24:-0.275:0.351:b-0.264:0.355:occ1;36:-0.245:0.375:b-0.248:0.350:occ1;48:-0.240:0.355:b-0.290:0.354:occ1;60:-0.235:0.351:b-0.303:0.371:occ1;72:-0.234:0.353:b-0.210:0.349:occ1;84:-0.220:0.349:b-0.208:0.345:occ1;89:-0.235:0.352:b-0.350:0.380:occ1
ablate_no_distractor_filter,combined_stress,3,1002,,0,22,0.09457,0.11762,69,18,37,0.09400,0.11762,0.52174,0.02703,0,0.00000,0.10000,90.00000,0,1.21718,0.09230,0.30000,0.16984,0:-0.053:-0.480:b-0.301:0.388:occ0;12:-0.246:-0.013:b-0.214:0.342:occ0;24:-0.266:0.382:b-0.245:0.451:occ1;36:-0.260:0.471:b-0.249:0.455:occ1;48:-0.271:0.444:b-0.265:0.470:occ1;60:-0.268:0.447:b-0.247:0.457:occ1;72:-0.232:0.461:b-0.210:0.464:occ1;84:-0.241:0.460:b-0.259:0.446:occ1;89:-0.253:0.457:b-0.340:0.433:occ1
occlusion_aware_permanence_v4,combined_stress,3,1002,,1,23,0.03492,0.03882,69,20,33,0.04174,0.03882,0.60870,0.00000,0,0.00000,0.74444,90.00000,0,1.02685,0.13824,0.30000,0.14194,0:-0.050:-0.480:b-0.193:0.306:occ0;12:-0.244:-0.010:b-0.189:0.408:occ0;24:-0.273:0.335:b-0.244:0.338:occ1;36:-0.266:0.349:b-0.258:0.334:occ1;48:-0.257:0.336:b-0.266:0.335:occ1;60:-0.266:0.336:b-0.265:0.334:occ1;72:-0.258:0.335:b-0.237:0.330:occ1;84:-0.263:0.336:b-0.263:0.333:occ1;89:-0.263:0.336:b-0.285:0.344:occ1
learned_only_branch,combined_stress,3,1002,,1,24,0.05481,0.06420,69,18,33,0.05311,0.06420,0.23188,0.00000,0,0.00000,0.73333,90.00000,0,1.00099,0.06805,0.22700,0.10783,0:-0.053:-0.480:b-0.308:0.329:occ0;12:-0.253:-0.012:b-0.265:0.427:occ0;24:-0.288:0.321:b-0.309:0.348:occ1;36:-0.297:0.345:b-0.312:0.350:occ1;48:-0.300:0.337:b-0.310:0.339:occ1;60:-0.296:0.335:b-0.307:0.343:occ1;72:-0.291:0.332:b-0.302:0.345:occ1;84:-0.298:0.337:b-0.308:0.351:occ1;89:-0.298:0.338:b-0.308:0.339:occ1
occlusion_full_v5,combined_stress,3,1003,,1,24,0.04609,0.04505,67,23,24,0.04812,0.04505,0.50746,0.00000,0,0.00000,0.73333,90.00000,0,1.19915,0.10985,0.30000,0.11791,0:-0.026:-0.480:b-0.336:0.398:occ0;12:-0.356:-0.008:b-0.391:0.428:occ0;24:-0.430:0.398:b-0.453:0.499:occ1;36:-0.439:0.500:b-0.433:0.485:occ1;48:-0.440:0.492:b-0.449:0.493:occ1;60:-0.448:0.495:b-0.448:0.496:occ1;72:-0.448:0.495:b-0.448:0.494:occ1;84:-0.447:0.494:b-0.446:0.495:occ1;89:-0.447:0.494:b-0.446:0.495:occ1
ablate_no_self_mask,combined_stress,3,1003,,1,24,0.04104,0.04167,68,18,19,0.05106,0.04167,0.66176,0.00000,0,0.00000,0.71111,90.00000,0,1.25088,0.13687,0.30000,0.15847,0:-0.026:-0.480:b-0.442:0.461:occ0;12:-0.359:-0.007:b-0.331:0.440:occ0;24:-0.424:0.410:b-0.437:0.516:occ1;36:-0.407:0.535:b-0.403:0.524:occ1;48:-0.408:0.522:b-0.412:0.515:occ1;60:-0.412:0.517:b-0.399:0.523:occ1;72:-0.410:0.517:b-0.406:0.517:occ1;84:-0.411:0.519:b-0.403:0.522:occ1;89:-0.407:0.521:b-0.402:0.522:occ1
ablate_no_branch_belief,combined_stress,3,1003,,1,25,0.05147,0.04796,67,21,27,0.05336,0.04796,0.50746,0.00000,0,0.00000,0.72222,90.00000,0,1.20979,0.10774,0.30000,0.19898,0:-0.026:-0.480:b-0.417:0.455:occ0;12:-0.358:-0.008:b-0.433:0.412:occ0;24:-0.412:0.391:b-0.375:0.496:occ1;36:-0.374:0.502:b-0.372:0.491:occ1;48:-0.367:0.495:b-0.367:0.493:occ1;60:-0.364:0.492:b-0.363:0.490:occ1;72:-0.364:0.490:b-0.362:0.490:occ1;84:-0.365:0.490:b-0.366:0.487:occ1;89:-0.366:0.489:b-0.369:0.486:occ1
ablate_no_contact_update,combined_stress,3,1003,,1,25,0.02879,0.02622,67,20,31,0.03287,0.02622,0.50746,0.00000,0,0.00000,0.72222,90.00000,0,1.19702,0.12177,0.30000,0.19530,0:-0.026:-0.480:b-0.487:0.548:occ0;12:-0.345:-0.007:b-0.449:0.455:occ0;24:-0.431:0.392:b-0.372:0.493:occ1;36:-0.383:0.484:b-0.375:0.474:occ1;48:-0.373:0.477:b-0.374:0.477:occ1;60:-0.370:0.476:b-0.377:0.471:occ1;72:-0.371:0.473:b-0.368:0.473:occ1;84:-0.370:0.473:b-0.373:0.473:occ1;89:-0.372:0.473:b-0.374:0.468:occ1
ablate_no_uncertainty_inflation,combined_stress,3,1003,,1,25,0.04342,0.04578,67,18,29,0.03206,0.04578,0.00000,0.00000,0,0.00000,0.72222,90.00000,0,1.14780,0.04984,0.14000,0.17163,0:-0.026:-0.480:b-0.369:0.464:occ0;12:-0.351:-0.007:b-0.496:0.434:occ0;24:-0.405:0.378:b-0.410:0.420:occ1;36:-0.412:0.448:b-0.418:0.448:occ1;48:-0.416:0.444:b-0.413:0.445:occ1;60:-0.413:0.443:b-0.416:0.456:occ1;72:-0.409:0.442:b-0.409:0.447:occ1;84:-0.407:0.439:b-0.404:0.435:occ1;89:-0.406:0.438:b-0.405:0.435:occ1
ablate_no_identity_filter,combined_stress,3,1003,,1,24,0.03027,0.03309,68,16,25,0.02131,0.03309,0.61765,0.04000,0,0.00000,0.73333,90.00000,0,1.17671,0.15052,0.30000,0.17881,0:-0.026:-0.480:b-0.419:0.447:occ0;12:-0.372:-0.007:b-0.378:0.620:occ0;24:-0.428:0.393:b-0.401:0.455:occ1;36:-0.409:0.455:b-0.410:0.438:occ1;48:-0.403:0.448:b-0.401:0.442:occ1;60:-0.398:0.447:b-0.396:0.444:occ1;72:-0.395:0.445:b-0.395:0.452:occ1;84:-0.395:0.449:b-0.396:0.442:occ1;89:-0.395:0.446:b-0.396:0.443:occ1
ablate_no_reacquisition_guard,combined_stress,3,1003,,1,25,0.00461,0.00390,67,22,25,0.01642,0.00390,0.50746,0.00000,0,0.00000,0.72222,90.00000,0,1.19246,0.13248,0.30000,0.16865,0:-0.026:-0.480:b-0.335:0.479:occ0;12:-0.344:-0.007:b-0.418:0.487:occ0;24:-0.424:0.390:b-0.399:0.509:occ1;36:-0.401:0.496:b-0.398:0.483:occ1;48:-0.397:0.488:b-0.399:0.491:occ1;60:-0.397:0.488:b-0.396:0.484:occ1;72:-0.398:0.485:b-0.395:0.486:occ1;84:-0.397:0.483:b-0.396:0.484:occ1;89:-0.397:0.484:b-0.398:0.485:occ1
ablate_no_tail_risk_objective,combined_stress,3,1003,,1,25,0.03832,0.03494,67,21,29,0.04247,0.03494,0.50746,0.00000,0,0.00000,0.72222,90.00000,0,1.35067,0.11196,0.30000,0.11580,0:-0.026:-0.480:b-0.447:0.507:occ0;12:-0.359:-0.007:b-0.399:0.431:occ0;24:-0.434:0.394:b-0.442:0.499:occ1;36:-0.435:0.494:b-0.437:0.487:occ1;48:-0.452:0.497:b-0.450:0.493:occ1;60:-0.450:0.499:b-0.447:0.496:occ1;72:-0.446:0.494:b-0.448:0.493:occ1;84:-0.446:0.491:b-0.449:0.494:occ1;89:-0.449:0.497:b-0.447:0.490:occ1
ablate_no_false_detection_rejection,combined_stress,3,1003,,1,24,0.03195,0.04298,68,19,28,0.03106,0.04298,0.51471,0.00000,0,0.00000,0.73333,90.00000,0,1.20888,0.12253,0.30000,0.15747,0:-0.026:-0.480:b-0.524:0.497:occ0;12:-0.363:-0.007:b-0.364:0.456:occ0;24:-0.413:0.396:b-0.423:0.454:occ1;36:-0.420:0.460:b-0.411:0.453:occ1;48:-0.428:0.453:b-0.402:0.445:occ1;60:-0.415:0.453:b-0.413:0.456:occ1;72:-0.410:0.448:b-0.390:0.441:occ1;84:-0.406:0.449:b-0.390:0.440:occ1;89:-0.416:0.452:b-0.427:0.446:occ1
ablate_no_distractor_filter,combined_stress,3,1003,,0,24,0.10003,0.07709,68,19,26,0.09799,0.07709,0.51471,0.03846,0,0.00000,0.11111,90.00000,0,1.22762,0.09191,0.30000,0.25908,0:-0.026:-0.480:b-0.384:0.457:occ0;12:-0.349:-0.009:b-0.420:0.392:occ0;24:-0.389:0.390:b-0.300:0.420:occ1;36:-0.314:0.436:b-0.314:0.424:occ1;48:-0.312:0.425:b-0.302:0.414:occ1;60:-0.322:0.422:b-0.323:0.416:occ1;72:-0.330:0.421:b-0.302:0.412:occ1;84:-0.322:0.416:b-0.301:0.413:occ1;89:-0.321:0.416:b-0.343:0.424:occ1
occlusion_aware_permanence_v4,combined_stress,3,1003,,1,25,0.03475,0.03599,67,19,30,0.03948,0.03599,0.59701,0.03333,0,0.00000,0.72222,90.00000,0,1.23769,0.13657,0.30000,0.14213,0:-0.026:-0.480:b-0.474:0.473:occ0;12:-0.358:-0.008:b-0.379:0.413:occ0;24:-0.459:0.408:b-0.417:0.511:occ1;36:-0.416:0.513:b-0.412:0.501:occ1;48:-0.414:0.507:b-0.422:0.509:occ1;60:-0.421:0.510:b-0.424:0.510:occ1;72:-0.423:0.510:b-0.422:0.510:occ1;84:-0.423:0.509:b-0.422:0.510:occ1;89:-0.423:0.509:b-0.423:0.512:occ1
learned_only_branch,combined_stress,3,1003,,1,24,0.03485,0.03144,68,22,25,0.03707,0.03144,0.20588,0.00000,0,0.00000,0.73333,90.00000,0,1.19021,0.07462,0.22100,0.19852,0:-0.026:-0.480:b-0.446:0.365:occ0;12:-0.341:-0.007:b-0.413:0.435:occ0;24:-0.412:0.401:b-0.372:0.477:occ1;36:-0.378:0.489:b-0.369:0.476:occ1;48:-0.368:0.480:b-0.373:0.478:occ1;60:-0.368:0.477:b-0.366:0.477:occ1;72:-0.369:0.475:b-0.366:0.477:occ1;84:-0.368:0.475:b-0.366:0.477:occ1;89:-0.368:0.475:b-0.372:0.474:occ1
occlusion_full_v5,combined_stress,4,1000,,0,21,0.09089,0.10670,72,18,20,0.08219,0.10670,0.54167,0.00000,0,0.00000,0.27778,90.00000,0,0.99236,0.09716,0.30000,0.19519,0:-0.045:-0.480:b0.363:0.287:occ0;12:0.309:-0.022:b0.340:0.224:occ0;24:0.368:0.223:b0.340:0.213:occ1;36:0.347:0.208:b0.348:0.190:occ1;48:0.345:0.194:b0.340:0.209:occ1;60:0.346:0.195:b0.351:0.187:occ1;72:0.347:0.198:b0.343:0.214:occ1;84:0.345:0.204:b0.353:0.181:occ1;89:0.346:0.200:b0.352:0.184:occ1
ablate_no_self_mask,combined_stress,4,1000,,1,20,0.02353,0.02830,72,16,34,0.02994,0.02830,0.68056,0.02941,0,0.00000,0.77778,90.00000,0,1.04342,0.16067,0.30000,0.11954,0:-0.045:-0.480:b0.359:0.268:occ0;12:0.290:-0.022:b0.333:0.248:occ0;24:0.375:0.277:b0.354:0.305:occ1;36:0.361:0.318:b0.360:0.312:occ1;48:0.357:0.305:b0.360:0.312:occ1;60:0.362:0.305:b0.364:0.303:occ1;72:0.360:0.305:b0.364:0.309:occ1;84:0.364:0.305:b0.368:0.304:occ1;89:0.363:0.306:b0.368:0.304:occ1
ablate_no_branch_belief,combined_stress,4,1000,,0,20,0.08654,0.10175,72,14,33,0.09606,0.10175,0.54167,0.60606,0,0.72222,0.07778,90.00000,0,1.10755,0.10406,0.30000,0.06506,0:-0.045:-0.480:b0.396:0.251:occ0;12:0.290:-0.026:b0.317:0.268:occ0;24:0.355:0.326:b0.333:0.386:occ1;36:0.336:0.389:b0.331:0.386:occ1;48:0.332:0.378:b0.332:0.366:occ1;60:0.332:0.372:b0.332:0.370:occ1;72:0.334:0.372:b0.338:0.373:occ1;84:0.334:0.375:b0.331:0.380:occ1;89:0.333:0.377:b0.328:0.392:occ1
ablate_no_contact_update,combined_stress,4,1000,,1,21,0.06822,0.07054,71,18,25,0.09026,0.04679,0.14085,0.12000,0,0.36667,0.52222,0.00000,0,1.15831,0.05827,0.22700,0.05485,0:-0.045:-0.480:b0.379:0.290:occ0;12:0.267:-0.021:b0.316:0.185:occ0;24:0.371:0.196:b0.368:0.131:occ1;36:0.372:0.150:b0.370:0.159:occ1;48:0.360:0.177:b0.300:0.361:occ1;60:0.314:0.331:b0.312:0.338:occ1;72:0.311:0.350:b0.313:0.343:occ1;84:0.312:0.345:b0.313:0.346:occ1;89:0.312:0.346:b0.312:0.349:occ1
ablate_no_uncertainty_inflation,combined_stress,4,1000,,1,20,0.06763,0.07139,72,16,34,0.05561,0.07139,0.00000,0.00000,0,0.00000,0.77778,90.00000,0,1.03631,0.03607,0.14000,0.16382,0:-0.045:-0.480:b0.337:0.350:occ0;12:0.302:-0.021:b0.405:0.254:occ0;24:0.405:0.270:b0.388:0.269:occ1;36:0.397:0.271:b0.399:0.249:occ1;48:0.393:0.260:b0.392:0.268:occ1;60:0.390:0.272:b0.389:0.277:occ1;72:0.391:0.274:b0.393:0.272:occ1;84:0.392:0.272:b0.391:0.274:occ1;89:0.392:0.272:b0.394:0.268:occ1
ablate_no_identity_filter,combined_stress,4,1000,,1,20,0.04175,0.02978,72,17,25,0.03551,0.02978,0.62500,0.00000,0,0.00000,0.77778,90.00000,0,1.01492,0.14601,0.30000,0.14397,0:-0.045:-0.480:b0.357:0.216:occ0;12:0.285:-0.020:b0.343:0.284:occ0;24:0.384:0.274:b0.376:0.290:occ1;36:0.381:0.292:b0.379:0.280:occ1;48:0.377:0.286:b0.378:0.288:occ1;60:0.378:0.288:b0.381:0.282:occ1;72:0.378:0.289:b0.374:0.303:occ1;84:0.379:0.287:b0.379:0.287:occ1;89:0.379:0.287:b0.374:0.303:occ1
ablate_no_reacquisition_guard,combined_stress,4,1000,,1,20,0.05041,0.05211,72,17,26,0.04138,0.05211,0.54167,0.00000,0,0.00000,0.77778,90.00000,0,1.02172,0.12590,0.30000,0.14611,0:-0.045:-0.480:b0.373:0.250:occ0;12:0.293:-0.025:b0.337:0.141:occ0;24:0.372:0.271:b0.375:0.283:occ1;36:0.379:0.289:b0.379:0.266:occ1;48:0.376:0.283:b0.377:0.283:occ1;60:0.377:0.283:b0.378:0.279:occ1;72:0.377:0.285:b0.375:0.298:occ1;84:0.377:0.286:b0.379:0.280:occ1;89:0.378:0.283:b0.378:0.279:occ1
ablate_no_tail_risk_objective,combined_stress,4,1000,,1,20,0.02928,0.05348,72,16,24,0.05520,0.05348,0.54167,0.00000,0,0.66667,0.72222,90.00000,0,1.25004,0.11784,0.30000,0.10541,0:-0.045:-0.480:b0.306:0.286:occ0;12:0.298:-0.023:b0.393:0.234:occ0;24:0.364:0.321:b0.352:0.326:occ1;36:0.352:0.316:b0.349:0.331:occ1;48:0.347:0.339:b0.351:0.322:occ1;60:0.351:0.326:b0.352:0.320:occ1;72:0.352:0.338:b0.352:0.323:occ1;84:0.350:0.333:b0.352:0.323:occ1;89:0.352:0.316:b0.346:0.343:occ1
ablate_no_false_detection_rejection,combined_stress,4,1000,,1,20,0.02990,0.03537,72,17,20,0.03042,0.03537,0.55556,0.00000,0,0.00000,0.77778,90.00000,0,1.05474,0.13743,0.30000,0.14192,0:-0.045:-0.480:b0.352:0.203:occ0;12:0.287:-0.022:b0.339:0.269:occ0;24:0.371:0.280:b0.378:0.289:occ1;36:0.373:0.301:b0.384:0.269:occ1;48:0.370:0.285:b0.383:0.280:occ1;60:0.366:0.292:b0.378:0.284:occ1;72:0.364:0.298:b0.377:0.285:occ1;84:0.375:0.288:b0.377:0.285:occ1;89:0.375:0.287:b0.380:0.283:occ1
ablate_no_distractor_filter,combined_stress,4,1000,,1,21,0.03473,0.05910,71,18,23,0.03526,0.05910,0.53521,0.00000,0,0.00000,0.76667,90.00000,0,1.04362,0.12711,0.30000,0.14510,0:-0.045:-0.480:b0.301:0.255:occ0;12:0.298:-0.023:b0.323:0.258:occ0;24:0.386:0.258:b0.379:0.252:occ1;36:0.374:0.273:b0.324:0.280:occ1;48:0.373:0.257:b0.378:0.256:occ1;60:0.371:0.265:b0.356:0.310:occ1;72:0.373:0.266:b0.379:0.257:occ1;84:0.370:0.274:b0.356:0.295:occ1;89:0.370:0.276:b0.379:0.253:occ1
occlusion_aware_permanence_v4,combined_stress,4,1000,,1,20,0.01239,0.01504,72,16,27,0.01907,0.01504,0.62500,0.00000,0,0.00000,0.77778,90.00000,0,1.02859,0.15771,0.30000,0.12076,0:-0.045:-0.480:b0.286:0.243:occ0;12:0.280:-0.018:b0.394:0.337:occ0;24:0.362:0.264:b0.333:0.256:occ1;36:0.332:0.281:b0.322:0.270:occ1;48:0.330:0.275:b0.336:0.276:occ1;60:0.332:0.280:b0.327:0.285:occ1;72:0.332:0.273:b0.328:0.280:occ1;84:0.330:0.276:b0.337:0.274:occ1;89:0.332:0.277:b0.329:0.277:occ1
learned_only_branch,combined_stress,4,1000,,1,19,0.06860,0.06954,72,15,32,0.08563,0.06954,0.27778,0.71875,0,0.73333,0.47778,90.00000,0,1.10096,0.07337,0.23900,0.03154,0:-0.045:-0.480:b0.359:0.290:occ0;12:0.291:-0.026:b0.441:0.268:occ0;24:0.314:0.320:b0.267:0.341:occ1;36:0.270:0.354:b0.275:0.347:occ1;48:0.276:0.350:b0.278:0.349:occ1;60:0.286:0.348:b0.289:0.346:occ1;72:0.282:0.348:b0.278:0.361:occ1;84:0.281:0.349:b0.279:0.349:occ1;89:0.281:0.350:b0.278:0.349:occ1
occlusion_full_v5,combined_stress,4,1001,,1,16,0.06998,0.09524,75,13,25,0.07327,0.09524,0.56000,0.00000,0,0.00000,0.70000,90.00000,0,0.82710,0.11451,0.30000,0.27519,0:-0.005:-0.480:b0.100:0.149:occ0;12:0.123:-0.049:b0.127:0.051:occ0;24:0.090:0.143:b0.101:0.107:occ1;36:0.076:0.137:b0.051:0.157:occ1;48:0.066:0.141:b0.074:0.134:occ1;60:0.060:0.147:b0.055:0.151:occ1;72:0.065:0.143:b0.055:0.152:occ1;84:0.074:0.134:b0.050:0.157:occ1;89:0.071:0.137:b0.053:0.154:occ1
ablate_no_self_mask,combined_stress,4,1001,,1,16,0.06149,0.07639,75,12,28,0.07285,0.07639,0.69333,0.00000,0,0.00000,0.75556,90.00000,0,0.76345,0.14286,0.30000,0.23197,0:-0.003:-0.480:b0.145:0.049:occ0;12:0.086:-0.052:b0.171:0.134:occ0;24:0.098:0.071:b0.106:0.045:occ1;36:0.080:0.036:b0.078:0.033:occ1;48:0.089:0.039:b0.107:0.052:occ1;60:0.091:0.039:b0.077:0.037:occ1;72:0.081:0.037:b0.098:0.036:occ1;84:0.097:0.044:b0.074:0.035:occ1;89:0.092:0.043:b0.076:0.037:occ1
ablate_no_branch_belief,combined_stress,4,1001,,1,17,0.06981,0.06925,75,13,32,0.07347,0.06925,0.56000,0.03125,0,0.00000,0.74444,90.00000,0,0.74366,0.11483,0.30000,0.13720,0:-0.004:-0.480:b0.131:0.128:occ0;12:0.113:-0.049:b0.190:0.092:occ0;24:0.193:0.103:b0.205:0.083:occ1;36:0.207:0.090:b0.206:0.087:occ1;48:0.207:0.085:b0.207:0.087:occ1;60:0.202:0.086:b0.201:0.085:occ1;72:0.200:0.085:b0.200:0.085:occ1;84:0.200:0.085:b0.199:0.085:occ1;89:0.199:0.085:b0.199:0.085:occ1
ablate_no_contact_update,combined_stress,4,1001,,1,17,0.03370,0.03137,75,14,33,0.03819,0.03137,0.56000,0.00000,0,0.00000,0.81111,90.00000,0,0.75261,0.13677,0.30000,0.18071,0:-0.004:-0.480:b0.126:0.026:occ0;12:0.099:-0.048:b0.127:0.074:occ0;24:0.163:0.119:b0.170:0.116:occ1;36:0.176:0.120:b0.175:0.114:occ1;48:0.174:0.108:b0.171:0.107:occ1;60:0.166:0.108:b0.161:0.108:occ1;72:0.161:0.108:b0.164:0.109:occ1;84:0.163:0.109:b0.164:0.108:occ1;89:0.163:0.109:b0.160:0.108:occ1
ablate_no_uncertainty_inflation,combined_stress,4,1001,,1,17,0.03317,0.03077,75,12,34,0.04050,0.03077,0.00000,0.05882,0,0.00000,0.81111,90.00000,0,0.74239,0.05839,0.14000,0.17101,0:-0.003:-0.480:b0.168:0.095:occ0;12:0.141:-0.046:b0.158:0.131:occ0;24:0.182:0.116:b0.179:0.104:occ1;36:0.183:0.109:b0.179:0.103:occ1;48:0.179:0.099:b0.175:0.098:occ1;60:0.172:0.099:b0.168:0.099:occ1;72:0.171:0.100:b0.166:0.099:occ1;84:0.169:0.100:b0.166:0.100:occ1;89:0.169:0.100:b0.167:0.099:occ1
ablate_no_identity_filter,combined_stress,4,1001,,1,16,0.03416,0.03391,75,14,25,0.03151,0.03391,0.64000,0.00000,0,0.00000,0.82222,90.00000,0,0.75740,0.15411,0.30000,0.19896,0:-0.004:-0.480:b0.134:0.055:occ0;12:0.109:-0.051:b0.067:0.116:occ0;24:0.145:0.132:b0.154:0.116:occ1;36:0.155:0.123:b0.152:0.118:occ1;48:0.154:0.112:b0.150:0.113:occ1;60:0.146:0.114:b0.144:0.116:occ1;72:0.146:0.115:b0.147:0.114:occ1;84:0.146:0.115:b0.143:0.116:occ1;89:0.145:0.115:b0.147:0.114:occ1
ablate_no_reacquisition_guard,combined_stress,4,1001,,1,17,0.03256,0.04861,75,15,34,0.03381,0.04861,0.56000,0.00000,0,0.00000,0.81111,90.00000,0,0.78866,0.14021,0.30000,0.23903,0:-0.004:-0.480:b0.113:0.069:occ0;12:0.146:-0.051:b0.159:0.128:occ0;24:0.117:0.133:b0.105:0.110:occ1;36:0.099:0.121:b0.106:0.109:occ1;48:0.102:0.113:b0.090:0.122:occ1;60:0.099:0.115:b0.086:0.125:occ1;72:0.101:0.115:b0.087:0.123:occ1;84:0.102:0.114:b0.112:0.106:occ1;89:0.101:0.114:b0.088:0.124:occ1
ablate_no_tail_risk_objective,combined_stress,4,1001,,1,17,0.07908,0.08329,75,12,38,0.06045,0.08329,0.56000,0.02632,0,0.00000,0.81111,90.00000,0,0.90008,0.11985,0.30000,0.27912,0:-0.003:-0.480:b0.173:0.127:occ0;12:0.111:-0.057:b0.052:0.120:occ0;24:0.078:0.128:b0.077:0.113:occ1;36:0.071:0.124:b0.056:0.131:occ1;48:0.078:0.118:b0.072:0.120:occ1;60:0.074:0.117:b0.073:0.114:occ1;72:0.078:0.112:b0.076:0.116:occ1;84:0.068:0.125:b0.060:0.130:occ1;89:0.063:0.127:b0.060:0.130:occ1
ablate_no_false_detection_rejection,combined_stress,4,1001,,1,17,0.02441,0.01976,75,14,38,0.05030,0.01976,0.56000,0.00000,0,0.00000,0.81111,90.00000,0,0.83176,0.13041,0.30000,0.22929,0:-0.003:-0.480:b0.169:0.102:occ0;12:0.095:-0.064:b0.105:0.089:occ0;24:0.083:0.117:b0.073:0.106:occ1;36:0.080:0.112:b0.077:0.109:occ1;48:0.090:0.105:b0.098:0.102:occ1;60:0.105:0.101:b0.198:0.091:occ1;72:0.092:0.107:b0.099:0.102:occ1;84:0.107:0.099:b0.105:0.102:occ1;89:0.107:0.101:b0.117:0.107:occ1
ablate_no_distractor_filter,combined_stress,4,1001,,1,17,0.06395,0.08730,75,12,24,0.06383,0.08730,0.56000,0.08333,0,0.00000,0.81111,90.00000,0,0.84031,0.12257,0.30000,0.25815,0:-0.003:-0.480:b0.174:0.100:occ0;12:0.118:-0.060:b0.246:-0.012:occ0;24:0.105:0.153:b0.062:0.158:occ1;36:0.096:0.153:b0.104:0.134:occ1;48:0.084:0.146:b0.070:0.157:occ1;60:0.100:0.139:b0.115:0.127:occ1;72:0.090:0.144:b0.103:0.140:occ1;84:0.097:0.142:b0.074:0.151:occ1;89:0.094:0.145:b0.067:0.155:occ1
occlusion_aware_permanence_v4,combined_stress,4,1001,,0,17,0.09743,0.09575,75,12,30,0.09215,0.09575,0.64000,0.06667,0,0.00000,0.10000,90.00000,0,0.79187,0.11280,0.30000,0.19425,0:-0.004:-0.480:b0.132:0.175:occ0;12:0.132:-0.053:b0.258:0.068:occ0;24:0.185:0.160:b0.177:0.159:occ1;36:0.183:0.167:b0.192:0.156:occ1;48:0.187:0.156:b0.185:0.157:occ1;60:0.187:0.157:b0.185:0.157:occ1;72:0.183:0.158:b0.183:0.158:occ1;84:0.183:0.157:b0.177:0.158:occ1;89:0.180:0.158:b0.177:0.158:occ1
learned_only_branch,combined_stress,4,1001,,1,17,0.06022,0.07036,75,14,27,0.05782,0.07036,0.28000,0.00000,0,0.00000,0.81111,90.00000,0,0.74534,0.07210,0.24200,0.26122,0:-0.002:-0.480:b0.178:0.066:occ0;12:0.102:-0.054:b0.097:0.058:occ0;24:0.097:0.125:b0.095:0.112:occ1;36:0.082:0.129:b0.076:0.131:occ1;48:0.079:0.125:b0.074:0.128:occ1;60:0.078:0.125:b0.094:0.112:occ1;72:0.083:0.120:b0.073:0.129:occ1;84:0.082:0.121:b0.094:0.111:occ1;89:0.080:0.122:b0.073:0.129:occ1
occlusion_full_v5,combined_stress,4,1002,,1,22,0.02301,0.02318,70,17,30,0.03385,0.02318,0.52857,0.00000,0,0.00000,0.75556,90.00000,0,1.03862,0.12916,0.30000,0.39428,0:0.002:-0.480:b-0.349:0.280:occ0;12:-0.270:-0.012:b-0.356:0.324:occ0;24:-0.372:0.320:b-0.384:0.332:occ1;36:-0.391:0.349:b-0.387:0.336:occ1;48:-0.388:0.337:b-0.387:0.336:occ1;60:-0.385:0.335:b-0.381:0.336:occ1;72:-0.382:0.336:b-0.382:0.336:occ1;84:-0.381:0.336:b-0.381:0.336:occ1;89:-0.381:0.336:b-0.382:0.336:occ1
ablate_no_self_mask,combined_stress,4,1002,,1,63,0.07035,0.07744,68,22,26,0.09833,0.03037,0.50000,0.00000,0,0.00000,0.30000,0.00000,0,1.06831,0.10755,0.30000,0.41267,0:0.002:-0.480:b-0.354:0.301:occ0;12:-0.306:-0.012:b-0.415:0.386:occ0;24:-0.389:0.262:b-0.446:0.222:occ1;36:-0.432:0.273:b-0.450:0.309:occ1;48:-0.445:0.311:b-0.445:0.311:occ1;60:-0.444:0.313:b-0.441:0.312:occ1;72:-0.441:0.312:b-0.441:0.312:occ1;84:-0.437:0.310:b-0.446:0.315:occ1;89:-0.434:0.306:b-0.443:0.315:occ1
ablate_no_branch_belief,combined_stress,4,1002,,1,22,0.06590,0.06713,70,17,27,0.08287,0.06713,0.52857,0.00000,0,0.00000,0.46667,90.00000,0,1.02128,0.10507,0.30000,0.35902,0:0.002:-0.480:b-0.322:0.332:occ0;12:-0.303:-0.012:b-0.355:0.337:occ0;24:-0.384:0.289:b-0.403:0.252:occ1;36:-0.408:0.269:b-0.406:0.261:occ1;48:-0.403:0.259:b-0.402:0.260:occ1;60:-0.400:0.262:b-0.399:0.267:occ1;72:-0.399:0.266:b-0.400:0.268:occ1;84:-0.399:0.266:b-0.400:0.269:occ1;89:-0.398:0.265:b-0.397:0.263:occ1
ablate_no_contact_update,combined_stress,4,1002,,0,22,0.11980,0.11979,69,16,32,0.11683,0.11979,0.52174,0.00000,0,0.00000,0.07778,90.00000,0,1.12130,0.08766,0.30000,0.45190,0:0.002:-0.480:b-0.391:0.437:occ0;12:-0.265:-0.016:b-0.315:0.257:occ0;24:-0.331:0.346:b-0.328:0.444:occ1;36:-0.327:0.461:b-0.326:0.446:occ1;48:-0.324:0.451:b-0.323:0.448:occ1;60:-0.323:0.447:b-0.322:0.448:occ1;72:-0.322:0.448:b-0.322:0.448:occ1;84:-0.322:0.448:b-0.322:0.448:occ1;89:-0.322:0.448:b-0.322:0.448:occ1
ablate_no_uncertainty_inflation,combined_stress,4,1002,,1,21,0.02576,0.02650,70,20,32,0.04044,0.02650,0.00000,0.00000,0,0.00000,0.76667,90.00000,0,1.04154,0.05139,0.14000,0.39790,0:0.002:-0.480:b-0.344:0.303:occ0;12:-0.294:-0.013:b-0.361:0.369:occ0;24:-0.372:0.322:b-0.396:0.329:occ1;36:-0.398:0.343:b-0.396:0.331:occ1;48:-0.397:0.331:b-0.395:0.331:occ1;60:-0.395:0.330:b-0.393:0.331:occ1;72:-0.393:0.331:b-0.393:0.330:occ1;84:-0.392:0.331:b-0.392:0.330:occ1;89:-0.392:0.331:b-0.393:0.331:occ1
ablate_no_identity_filter,combined_stress,4,1002,,1,23,0.06535,0.06513,69,19,24,0.05762,0.06513,0.60870,0.00000,0,0.00000,0.74444,90.00000,0,1.03017,0.12369,0.30000,0.33002,0:0.002:-0.480:b-0.385:0.299:occ0;12:-0.293:-0.013:b-0.350:0.343:occ0;24:-0.354:0.289:b-0.295:0.298:occ1;36:-0.302:0.315:b-0.299:0.310:occ1;48:-0.298:0.314:b-0.300:0.316:occ1;60:-0.302:0.316:b-0.302:0.318:occ1;72:-0.301:0.318:b-0.300:0.319:occ1;84:-0.301:0.318:b-0.300:0.318:occ1;89:-0.301:0.318:b-0.301:0.318:occ1
ablate_no_reacquisition_guard,combined_stress,4,1002,,0,21,0.10372,0.10322,70,19,35,0.10053,0.10322,0.52857,0.00000,0,0.00000,0.08889,90.00000,0,1.11037,0.08863,0.30000,0.46334,0:0.002:-0.480:b-0.315:0.329:occ0;12:-0.296:-0.009:b-0.295:0.446:occ0;24:-0.369:0.359:b-0.397:0.407:occ1;36:-0.403:0.423:b-0.405:0.413:occ1;48:-0.406:0.417:b-0.404:0.417:occ1;60:-0.401:0.417:b-0.395:0.414:occ1;72:-0.395:0.414:b-0.395:0.414:occ1;84:-0.395:0.414:b-0.396:0.415:occ1;89:-0.396:0.414:b-0.395:0.414:occ1
ablate_no_tail_risk_objective,combined_stress,4,1002,,1,22,0.04169,0.04220,70,18,27,0.03097,0.04220,0.52857,0.00000,0,0.00000,0.75556,90.00000,0,1.14608,0.12564,0.30000,0.34838,0:0.002:-0.480:b-0.363:0.290:occ0;12:-0.277:-0.008:b-0.368:0.432:occ0;24:-0.337:0.328:b-0.330:0.323:occ1;36:-0.333:0.315:b-0.329:0.322:occ1;48:-0.330:0.321:b-0.330:0.324:occ1;60:-0.326:0.324:b-0.328:0.323:occ1;72:-0.331:0.320:b-0.330:0.322:occ1;84:-0.326:0.325:b-0.328:0.323:occ1;89:-0.330:0.320:b-0.329:0.322:occ1
ablate_no_false_detection_rejection,combined_stress,4,1002,,1,22,0.03650,0.03734,70,18,25,0.05326,0.03734,0.52857,0.00000,0,0.00000,0.75556,90.00000,0,1.08328,0.11578,0.30000,0.41277,0:0.002:-0.480:b-0.345:0.340:occ0;12:-0.294:-0.019:b-0.380:0.365:occ0;24:-0.388:0.328:b-0.405:0.350:occ1;36:-0.408:0.369:b-0.406:0.355:occ1;48:-0.407:0.355:b-0.405:0.355:occ1;60:-0.403:0.355:b-0.397:0.355:occ1;72:-0.393:0.350:b-0.401:0.358:occ1;84:-0.396:0.354:b-0.398:0.356:occ1;89:-0.393:0.351:b-0.394:0.351:occ1
ablate_no_distractor_filter,combined_stress,4,1002,,0,22,0.08625,0.08509,70,18,25,0.07103,0.08509,0.52857,0.00000,0,0.00000,0.43333,90.00000,0,1.09622,0.10499,0.30000,0.36551,0:0.003:-0.480:b-0.245:0.297:occ0;12:-0.298:-0.011:b-0.316:0.487:occ0;24:-0.341:0.328:b-0.302:0.371:occ1;36:-0.306:0.387:b-0.309:0.375:occ1;48:-0.308:0.377:b-0.310:0.376:occ1;60:-0.306:0.374:b-0.304:0.374:occ1;72:-0.301:0.368:b-0.308:0.378:occ1;84:-0.301:0.369:b-0.288:0.349:occ1;89:-0.296:0.363:b-0.306:0.377:occ1
occlusion_aware_permanence_v4,combined_stress,4,1002,,1,22,0.02284,0.02354,70,18,25,0.01598,0.02354,0.61429,0.00000,0,0.00000,0.75556,90.00000,0,1.01686,0.15385,0.30000,0.36249,0:0.002:-0.480:b-0.320:0.316:occ0;12:-0.289:-0.016:b-0.316:0.332:occ0;24:-0.351:0.309:b-0.351:0.326:occ1;36:-0.351:0.340:b-0.351:0.329:occ1;48:-0.350:0.328:b-0.347:0.328:occ1;60:-0.348:0.326:b-0.346:0.326:occ1;72:-0.347:0.325:b-0.347:0.325:occ1;84:-0.347:0.324:b-0.346:0.324:occ1;89:-0.347:0.324:b-0.346:0.324:occ1
learned_only_branch,combined_stress,4,1002,,1,23,0.07736,0.07852,70,19,29,0.07363,0.07852,0.22857,0.00000,0,0.00000,0.74444,90.00000,0,0.99091,0.05551,0.22700,0.30981,0:0.002:-0.480:b-0.392:0.286:occ0;12:-0.286:-0.012:b-0.262:0.377:occ0;24:-0.338:0.284:b-0.310:0.275:occ1;36:-0.313:0.285:b-0.316:0.274:occ1;48:-0.312:0.275:b-0.312:0.277:occ1;60:-0.314:0.278:b-0.314:0.279:occ1;72:-0.315:0.281:b-0.315:0.281:occ1;84:-0.315:0.282:b-0.315:0.280:occ1;89:-0.315:0.282:b-0.315:0.280:occ1
occlusion_full_v5,combined_stress,4,1003,,1,20,0.03006,0.02956,72,16,27,0.04597,0.02956,0.54167,0.03704,0,0.71111,0.77778,90.00000,0,1.06419,0.12681,0.30000,0.08294,0:0.084:-0.480:b-0.259:0.288:occ0;12:-0.291:-0.026:b-0.317:0.300:occ0;24:-0.344:0.269:b-0.298:0.291:occ1;36:-0.300:0.297:b-0.306:0.282:occ1;48:-0.302:0.284:b-0.304:0.283:occ1;60:-0.305:0.286:b-0.306:0.287:occ1;72:-0.306:0.287:b-0.307:0.288:occ1;84:-0.307:0.287:b-0.307:0.289:occ1;89:-0.307:0.288:b-0.307:0.288:occ1
ablate_no_self_mask,combined_stress,4,1003,,1,19,0.06591,0.06486,72,15,33,0.07783,0.06486,0.68056,0.09091,0,0.75556,0.55556,90.00000,0,1.09277,0.13006,0.30000,0.08278,0:0.084:-0.480:b-0.280:0.253:occ0;12:-0.293:-0.023:b-0.350:0.231:occ0;24:-0.327:0.286:b-0.276:0.293:occ1;36:-0.278:0.313:b-0.276:0.293:occ1;48:-0.278:0.301:b-0.280:0.314:occ1;60:-0.281:0.304:b-0.286:0.297:occ1;72:-0.283:0.304:b-0.279:0.313:occ1;84:-0.281:0.309:b-0.280:0.306:occ1;89:-0.280:0.308:b-0.275:0.294:occ1
ablate_no_branch_belief,combined_stress,4,1003,,1,19,0.01991,0.02135,72,16,33,0.01346,0.02135,0.54167,0.03030,0,0.00000,0.78889,90.00000,0,1.02722,0.14787,0.30000,0.11409,0:0.084:-0.480:b-0.323:0.270:occ0;12:-0.292:-0.024:b-0.349:0.267:occ0;24:-0.370:0.261:b-0.364:0.256:occ1;36:-0.359:0.267:b-0.353:0.256:occ1;48:-0.352:0.254:b-0.354:0.259:occ1;60:-0.353:0.264:b-0.353:0.260:occ1;72:-0.352:0.266:b-0.350:0.265:occ1;84:-0.353:0.267:b-0.354:0.267:occ1;89:-0.353:0.266:b-0.355:0.265:occ1
ablate_no_contact_update,combined_stress,4,1003,,1,20,0.01482,0.01599,72,17,31,0.02700,0.01599,0.54167,0.00000,0,0.68889,0.77778,90.00000,0,1.03193,0.13744,0.30000,0.07814,0:0.084:-0.480:b-0.373:0.325:occ0;12:-0.283:-0.027:b-0.490:0.202:occ0;24:-0.354:0.251:b-0.315:0.257:occ1;36:-0.316:0.266:b-0.319:0.254:occ1;48:-0.315:0.254:b-0.313:0.252:occ1;60:-0.317:0.256:b-0.316:0.259:occ1;72:-0.317:0.259:b-0.316:0.258:occ1;84:-0.317:0.259:b-0.319:0.264:occ1;89:-0.318:0.259:b-0.317:0.263:occ1
ablate_no_uncertainty_inflation,combined_stress,4,1003,,1,20,0.03128,0.03259,72,14,31,0.02287,0.03259,0.00000,0.00000,0,0.00000,0.77778,90.00000,0,1.01642,0.05818,0.14000,0.11971,0:0.084:-0.480:b-0.374:0.239:occ0;12:-0.283:-0.025:b-0.278:0.196:occ0;24:-0.379:0.253:b-0.374:0.247:occ1;36:-0.369:0.264:b-0.361:0.245:occ1;48:-0.361:0.253:b-0.360:0.259:occ1;60:-0.361:0.254:b-0.363:0.255:occ1;72:-0.361:0.253:b-0.361:0.253:occ1;84:-0.361:0.258:b-0.357:0.258:occ1;89:-0.361:0.259:b-0.361:0.262:occ1
ablate_no_identity_filter,combined_stress,4,1003,,1,20,0.03551,0.03795,72,16,28,0.03407,0.03795,0.62500,0.00000,0,0.00000,0.77778,90.00000,0,1.01982,0.15042,0.30000,0.13718,0:0.084:-0.480:b-0.388:0.208:occ0;12:-0.264:-0.024:b-0.204:0.194:occ0;24:-0.387:0.243:b-0.400:0.247:occ1;36:-0.397:0.258:b-0.374:0.245:occ1;48:-0.379:0.248:b-0.381:0.243:occ1;60:-0.380:0.254:b-0.375:0.254:occ1;72:-0.378:0.260:b-0.375:0.266:occ1;84:-0.378:0.260:b-0.379:0.255:occ1;89:-0.379:0.259:b-0.381:0.260:occ1
ablate_no_reacquisition_guard,combined_stress,4,1003,,1,20,0.05022,0.04733,72,18,26,0.06578,0.04733,0.54167,0.15385,0,0.75556,0.60000,90.00000,0,1.07475,0.11625,0.30000,0.07650,0:0.084:-0.480:b-0.358:0.255:occ0;12:-0.285:-0.028:b-0.317:0.247:occ0;24:-0.326:0.270:b-0.273:0.289:occ1;36:-0.276:0.298:b-0.286:0.286:occ1;48:-0.285:0.286:b-0.291:0.285:occ1;60:-0.293:0.287:b-0.291:0.290:occ1;72:-0.293:0.290:b-0.296:0.295:occ1;84:-0.293:0.292:b-0.293:0.292:occ1;89:-0.293:0.292:b-0.295:0.290:occ1
ablate_no_tail_risk_objective,combined_stress,4,1003,,1,20,0.03493,0.03739,71,18,27,0.04920,0.05100,0.35211,0.14815,0,0.21111,0.66667,0.00000,0,1.31168,0.10210,0.30000,0.13146,0:0.084:-0.480:b-0.397:0.283:occ0;12:-0.284:-0.028:b-0.415:0.229:occ0;24:-0.290:0.235:b-0.247:0.225:occ1;36:-0.307:0.243:b-0.374:0.265:occ1;48:-0.383:0.276:b-0.373:0.275:occ1;60:-0.371:0.275:b-0.371:0.271:occ1;72:-0.364:0.277:b-0.366:0.278:occ1;84:-0.370:0.287:b-0.369:0.283:occ1;89:-0.368:0.277:b-0.368:0.281:occ1
ablate_no_false_detection_rejection,combined_stress,4,1003,,1,20,0.03270,0.04101,72,16,28,0.02754,0.04101,0.54167,0.00000,0,0.00000,0.77778,90.00000,0,1.06676,0.13575,0.30000,0.11355,0:0.084:-0.480:b-0.331:0.263:occ0;12:-0.276:-0.024:b-0.412:0.216:occ0;24:-0.384:0.255:b-0.379:0.256:occ1;36:-0.365:0.265:b-0.374:0.263:occ1;48:-0.353:0.254:b-0.373:0.262:occ1;60:-0.348:0.253:b-0.356:0.279:occ1;72:-0.355:0.261:b-0.360:0.251:occ1;84:-0.361:0.260:b-0.348:0.251:occ1;89:-0.353:0.264:b-0.357:0.276:occ1
ablate_no_distractor_filter,combined_stress,4,1003,,1,20,0.04930,0.04969,72,16,29,0.06041,0.04969,0.54167,0.31034,0,0.74444,0.77778,90.00000,0,1.06247,0.11783,0.30000,0.05776,0:0.084:-0.480:b-0.379:0.288:occ0;12:-0.283:-0.023:b-0.254:0.157:occ0;24:-0.335:0.249:b-0.286:0.256:occ1;36:-0.287:0.257:b-0.296:0.255:occ1;48:-0.285:0.248:b-0.285:0.246:occ1;60:-0.296:0.255:b-0.296:0.257:occ1;72:-0.292:0.254:b-0.294:0.254:occ1;84:-0.298:0.256:b-0.287:0.256:occ1;89:-0.296:0.257:b-0.303:0.242:occ1
occlusion_aware_permanence_v4,combined_stress,4,1003,,1,20,0.04189,0.04291,72,16,26,0.05450,0.04291,0.62500,0.07692,0,0.77778,0.77778,90.00000,0,0.99479,0.13594,0.30000,0.04767,0:0.084:-0.480:b-0.313:0.290:occ0;12:-0.275:-0.022:b-0.323:0.227:occ0;24:-0.324:0.241:b-0.292:0.232:occ1;36:-0.292:0.241:b-0.291:0.229:occ1;48:-0.289:0.234:b-0.290:0.236:occ1;60:-0.291:0.239:b-0.290:0.238:occ1;72:-0.291:0.240:b-0.290:0.239:occ1;84:-0.291:0.240:b-0.293:0.245:occ1;89:-0.291:0.240:b-0.291:0.238:occ1
learned_only_branch,combined_stress,4,1003,,1,21,0.04551,0.04271,71,17,25,0.04268,0.04271,0.23944,0.00000,0,0.00000,0.76667,90.00000,0,1.00549,0.07539,0.23000,0.13688,0:0.084:-0.480:b-0.330:0.239:occ0;12:-0.293:-0.023:b-0.374:0.263:occ0;24:-0.388:0.227:b-0.387:0.241:occ1;36:-0.390:0.244:b-0.378:0.233:occ1;48:-0.378:0.231:b-0.383:0.232:occ1;60:-0.381:0.236:b-0.381:0.243:occ1;72:-0.380:0.241:b-0.381:0.243:occ1;84:-0.381:0.243:b-0.377:0.252:occ1;89:-0.380:0.244:b-0.378:0.245:occ1
occlusion_full_v5,combined_stress,5,1000,,0,23,0.11694,0.11319,69,17,26,0.12134,0.11319,0.52174,0.88462,0,0.68889,0.05556,90.00000,0,1.25907,0.08146,0.30000,0.06798,0:-0.087:-0.480:b0.259:0.445:occ0;12:0.266:-0.010:b0.319:0.362:occ0;24:0.363:0.375:b0.402:0.448:occ1;36:0.411:0.459:b0.421:0.461:occ1;48:0.418:0.451:b0.428:0.474:occ1;60:0.416:0.446:b0.417:0.445:occ1;72:0.414:0.455:b0.396:0.462:occ1;84:0.409:0.443:b0.404:0.432:occ1;89:0.410:0.438:b0.406:0.436:occ1
ablate_no_self_mask,combined_stress,5,1000,,0,23,0.11513,0.11816,69,18,30,0.12310,0.11816,0.66667,0.96667,0,0.70000,0.05556,90.00000,0,1.23610,0.10714,0.30000,0.05291,0:-0.087:-0.480:b0.351:0.380:occ0;12:0.251:-0.012:b0.288:0.297:occ0;24:0.360:0.388:b0.401:0.497:occ1;36:0.404:0.509:b0.401:0.488:occ1;48:0.401:0.502:b0.400:0.502:occ1;60:0.397:0.499:b0.395:0.502:occ1;72:0.396:0.495:b0.402:0.494:occ1;84:0.397:0.495:b0.390:0.495:occ1;89:0.396:0.496:b0.396:0.500:occ1
ablate_no_branch_belief,combined_stress,5,1000,,1,23,0.03824,0.05082,69,16,34,0.03643,0.05082,0.52174,0.02941,0,0.00000,0.74444,90.00000,0,1.15958,0.12548,0.30000,0.19813,0:-0.087:-0.480:b0.319:0.382:occ0;12:0.257:-0.009:b0.319:0.369:occ0;24:0.324:0.353:b0.283:0.383:occ1;36:0.276:0.396:b0.278:0.382:occ1;48:0.279:0.388:b0.263:0.393:occ1;60:0.287:0.388:b0.266:0.392:occ1;72:0.284:0.388:b0.284:0.388:occ1;84:0.283:0.388:b0.289:0.388:occ1;89:0.281:0.388:b0.267:0.390:occ1
ablate_no_contact_update,combined_stress,5,1000,,1,24,0.05616,0.06223,68,18,25,0.05494,0.06223,0.51471,0.00000,0,0.00000,0.73333,90.00000,0,1.11638,0.10889,0.30000,0.21179,0:-0.087:-0.480:b0.304:0.371:occ0;12:0.260:-0.007:b0.331:0.450:occ0;24:0.316:0.334:b0.265:0.369:occ1;36:0.273:0.375:b0.296:0.361:occ1;48:0.272:0.370:b0.289:0.368:occ1;60:0.271:0.370:b0.289:0.366:occ1;72:0.277:0.369:b0.283:0.369:occ1;84:0.278:0.369:b0.302:0.366:occ1;89:0.278:0.369:b0.265:0.371:occ1
ablate_no_uncertainty_inflation,combined_stress,5,1000,,0,24,0.11539,0.09621,69,16,31,0.11396,0.09621,0.00000,0.90323,0,0.70000,0.03333,90.00000,0,1.25708,0.05129,0.14000,0.04766,0:-0.087:-0.480:b0.298:0.350:occ0;12:0.289:-0.008:b0.387:0.432:occ0;24:0.375:0.386:b0.414:0.490:occ1;36:0.400:0.473:b0.397:0.451:occ1;48:0.407:0.470:b0.427:0.496:occ1;60:0.402:0.467:b0.395:0.475:occ1;72:0.399:0.469:b0.397:0.432:occ1;84:0.404:0.474:b0.393:0.453:occ1;89:0.406:0.473:b0.402:0.440:occ1
ablate_no_identity_filter,combined_stress,5,1000,,0,23,0.10394,0.11305,69,18,27,0.09140,0.11305,0.60870,0.00000,0,0.00000,0.17778,90.00000,0,1.16794,0.09986,0.30000,0.24692,0:-0.087:-0.480:b0.282:0.386:occ0;12:0.253:-0.011:b0.288:0.322:occ0;24:0.295:0.359:b0.242:0.393:occ1;36:0.237:0.402:b0.242:0.391:occ1;48:0.232:0.389:b0.245:0.392:occ1;60:0.235:0.385:b0.244:0.389:occ1;72:0.236:0.385:b0.246:0.389:occ1;84:0.229:0.381:b0.222:0.378:occ1;89:0.229:0.381:b0.221:0.377:occ1
ablate_no_reacquisition_guard,combined_stress,5,1000,,0,23,0.10606,0.09383,69,18,31,0.11341,0.09383,0.52174,0.87097,0,0.70000,0.05556,90.00000,0,1.24773,0.08946,0.30000,0.06035,0:-0.087:-0.480:b0.281:0.373:occ0;12:0.250:-0.009:b0.222:0.387:occ0;24:0.367:0.379:b0.420:0.448:occ1;36:0.418:0.471:b0.424:0.469:occ1;48:0.419:0.454:b0.403:0.427:occ1;60:0.412:0.449:b0.419:0.441:occ1;72:0.409:0.454:b0.406:0.431:occ1;84:0.415:0.445:b0.406:0.438:occ1;89:0.414:0.445:b0.404:0.433:occ1
ablate_no_tail_risk_objective,combined_stress,5,1000,,1,23,0.03025,0.02807,69,14,29,0.03292,0.02807,0.53623,0.00000,0,0.00000,0.74444,90.00000,0,1.27013,0.13627,0.30000,0.14991,0:-0.087:-0.480:b0.366:0.332:occ0;12:0.261:-0.007:b0.385:0.430:occ0;24:0.345:0.376:b0.345:0.389:occ1;36:0.349:0.393:b0.349:0.398:occ1;48:0.350:0.398:b0.346:0.397:occ1;60:0.346:0.399:b0.348:0.398:occ1;72:0.345:0.397:b0.342:0.392:occ1;84:0.343:0.405:b0.339:0.401:occ1;89:0.342:0.389:b0.342:0.392:occ1
ablate_no_false_detection_rejection,combined_stress,5,1000,,1,22,0.05207,0.05848,69,18,24,0.05808,0.05848,0.53623,0.00000,0,0.00000,0.75556,90.00000,0,1.22350,0.11778,0.30000,0.17145,0:-0.088:-0.480:b0.175:0.367:occ0;12:0.233:-0.009:b0.318:0.383:occ0;24:0.310:0.395:b0.316:0.453:occ1;36:0.285:0.477:b0.274:0.462:occ1;48:0.296:0.461:b0.299:0.458:occ1;60:0.285:0.458:b0.272:0.459:occ1;72:0.278:0.458:b0.281:0.463:occ1;84:0.281:0.458:b0.273:0.459:occ1;89:0.280:0.460:b0.293:0.475:occ1
ablate_no_distractor_filter,combined_stress,5,1000,,1,23,0.04401,0.04856,69,21,25,0.04458,0.04856,0.52174,0.00000,0,0.00000,0.74444,90.00000,0,1.20695,0.11581,0.30000,0.19903,0:-0.087:-0.480:b0.389:0.446:occ0;12:0.267:-0.008:b0.345:0.462:occ0;24:0.304:0.356:b0.252:0.372:occ1;36:0.268:0.390:b0.284:0.372:occ1;48:0.308:0.390:b0.304:0.398:occ1;60:0.290:0.384:b0.257:0.369:occ1;72:0.281:0.382:b0.268:0.379:occ1;84:0.283:0.384:b0.260:0.376:occ1;89:0.284:0.383:b0.282:0.378:occ1
occlusion_aware_permanence_v4,combined_stress,5,1000,,1,23,0.06563,0.05695,69,20,27,0.06521,0.05695,0.60870,0.11111,0,0.26667,0.74444,90.00000,0,1.21958,0.12050,0.30000,0.10186,0:-0.087:-0.480:b0.324:0.349:occ0;12:0.253:-0.008:b0.312:0.446:occ0;24:0.347:0.387:b0.335:0.446:occ1;36:0.348:0.466:b0.338:0.447:occ1;48:0.349:0.455:b0.347:0.455:occ1;60:0.345:0.450:b0.371:0.469:occ1;72:0.353:0.453:b0.371:0.488:occ1;84:0.358:0.465:b0.332:0.439:occ1;89:0.353:0.459:b0.352:0.443:occ1
learned_only_branch,combined_stress,5,1000,,1,23,0.06376,0.06996,69,18,19,0.06382,0.06996,0.21739,0.05263,0,0.00000,0.74444,90.00000,0,1.13009,0.05863,0.22400,0.21603,0:-0.087:-0.480:b0.227:0.382:occ0;12:0.244:-0.008:b0.292:0.416:occ0;24:0.316:0.345:b0.254:0.357:occ1;36:0.270:0.371:b0.254:0.358:occ1;48:0.266:0.362:b0.263:0.366:occ1;60:0.269:0.364:b0.262:0.366:occ1;72:0.274:0.364:b0.263:0.365:occ1;84:0.277:0.364:b0.263:0.365:occ1;89:0.276:0.363:b0.263:0.365:occ1
occlusion_full_v5,combined_stress,5,1001,,1,18,0.04653,0.05025,74,14,28,0.04661,0.05025,0.55405,0.00000,0,0.00000,0.80000,90.00000,0,0.78345,0.12864,0.30000,0.14405,0:-0.047:-0.480:b-0.146:0.145:occ0;12:-0.096:-0.039:b-0.163:0.125:occ0;24:-0.111:0.135:b-0.100:0.088:occ1;36:-0.098:0.121:b-0.099:0.095:occ1;48:-0.100:0.103:b-0.103:0.097:occ1;60:-0.105:0.105:b-0.103:0.097:occ1;72:-0.101:0.116:b-0.118:0.124:occ1;84:-0.103:0.108:b-0.099:0.135:occ1;89:-0.104:0.113:b-0.109:0.141:occ1
ablate_no_self_mask,combined_stress,5,1001,,1,17,0.02036,0.01583,74,15,28,0.03608,0.01583,0.68919,0.00000,0,0.00000,0.81111,90.00000,0,0.78152,0.16305,0.30000,0.13613,0:-0.046:-0.480:b-0.110:0.094:occ0;12:-0.082:-0.041:b-0.060:0.151:occ0;24:-0.065:0.152:b-0.047:0.113:occ1;36:-0.049:0.132:b-0.064:0.162:occ1;48:-0.052:0.125:b-0.053:0.124:occ1;60:-0.055:0.127:b-0.047:0.115:occ1;72:-0.052:0.121:b-0.061:0.132:occ1;84:-0.053:0.126:b-0.052:0.139:occ1;89:-0.055:0.130:b-0.063:0.140:occ1
ablate_no_branch_belief,combined_stress,5,1001,,0,17,0.09254,0.09693,74,15,35,0.08055,0.09693,0.55405,0.02857,0,0.11111,0.33333,90.00000,0,0.80179,0.10507,0.30000,0.12032,0:-0.047:-0.480:b-0.156:0.092:occ0;12:-0.090:-0.036:b-0.128:0.198:occ0;24:-0.156:0.176:b-0.167:0.162:occ1;36:-0.159:0.160:b-0.155:0.150:occ1;48:-0.154:0.150:b-0.159:0.151:occ1;60:-0.157:0.150:b-0.157:0.151:occ1;72:-0.159:0.151:b-0.155:0.149:occ1;84:-0.160:0.151:b-0.154:0.151:occ1;89:-0.159:0.151:b-0.164:0.151:occ1
ablate_no_contact_update,combined_stress,5,1001,,1,17,0.04316,0.03764,74,15,30,0.03394,0.03764,0.55405,0.00000,0,0.76667,0.81111,90.00000,0,0.81722,0.13838,0.30000,0.09320,0:-0.048:-0.480:b-0.178:0.172:occ0;12:-0.097:-0.046:b-0.067:0.101:occ0;24:-0.120:0.190:b-0.107:0.176:occ1;36:-0.115:0.177:b-0.121:0.163:occ1;48:-0.111:0.161:b-0.106:0.172:occ1;60:-0.108:0.161:b-0.104:0.160:occ1;72:-0.106:0.161:b-0.125:0.166:occ1;84:-0.104:0.166:b-0.102:0.158:occ1;89:-0.107:0.164:b-0.103:0.160:occ1
ablate_no_uncertainty_inflation,combined_stress,5,1001,,1,18,0.03407,0.03499,74,13,22,0.03029,0.03499,0.00000,0.00000,0,0.00000,0.80000,90.00000,0,0.76097,0.05675,0.14000,0.12431,0:-0.042:-0.480:b0.015:0.145:occ0;12:-0.077:-0.046:b-0.142:0.139:occ0;24:-0.100:0.146:b-0.097:0.120:occ1;36:-0.103:0.144:b-0.096:0.149:occ1;48:-0.099:0.127:b-0.097:0.125:occ1;60:-0.097:0.134:b-0.098:0.135:occ1;72:-0.099:0.131:b-0.099:0.122:occ1;84:-0.101:0.135:b-0.102:0.140:occ1;89:-0.101:0.133:b-0.099:0.124:occ1
ablate_no_identity_filter,combined_stress,5,1001,,1,18,0.03937,0.04893,74,12,34,0.03723,0.04893,0.63514,0.02941,0,0.00000,0.80000,90.00000,0,0.77267,0.15017,0.30000,0.14192,0:-0.048:-0.480:b-0.189:0.137:occ0;12:-0.092:-0.041:b-0.040:0.208:occ0;24:-0.085:0.143:b-0.088:0.122:occ1;36:-0.094:0.123:b-0.107:0.128:occ1;48:-0.100:0.122:b-0.113:0.143:occ1;60:-0.096:0.119:b-0.097:0.110:occ1;72:-0.096:0.123:b-0.096:0.135:occ1;84:-0.095:0.116:b-0.090:0.117:occ1;89:-0.096:0.115:b-0.092:0.103:occ1
ablate_no_reacquisition_guard,combined_stress,5,1001,,1,19,0.06451,0.06994,74,15,25,0.05952,0.06994,0.55405,0.00000,0,0.00000,0.78889,90.00000,0,0.74077,0.12016,0.30000,0.15014,0:-0.046:-0.480:b-0.135:0.104:occ0;12:-0.100:-0.050:b-0.182:0.153:occ0;24:-0.135:0.130:b-0.140:0.110:occ1;36:-0.135:0.121:b-0.136:0.117:occ1;48:-0.132:0.110:b-0.136:0.106:occ1;60:-0.133:0.115:b-0.138:0.104:occ1;72:-0.134:0.113:b-0.138:0.105:occ1;84:-0.136:0.111:b-0.138:0.105:occ1;89:-0.135:0.111:b-0.138:0.105:occ1
ablate_no_tail_risk_objective,combined_stress,5,1001,,1,18,0.07468,0.06934,74,15,31,0.07489,0.06934,0.55405,0.00000,0,0.11111,0.67778,90.00000,0,1.08094,0.11367,0.30000,0.12321,0:-0.044:-0.480:b-0.056:0.097:occ0;12:-0.081:-0.042:b-0.095:0.170:occ0;24:-0.014:0.197:b-0.015:0.177:occ1;36:-0.019:0.143:b-0.009:0.142:occ1;48:-0.031:0.189:b-0.029:0.184:occ1;60:-0.008:0.136:b-0.015:0.165:occ1;72:-0.022:0.164:b-0.020:0.163:occ1;84:-0.033:0.188:b-0.032:0.185:occ1;89:-0.017:0.169:b-0.013:0.153:occ1
ablate_no_false_detection_rejection,combined_stress,5,1001,,1,18,0.05926,0.02538,74,15,29,0.03793,0.02538,0.55405,0.06897,0,0.08889,0.80000,90.00000,0,0.81722,0.13244,0.30000,0.09373,0:-0.045:-0.480:b-0.108:0.177:occ0;12:-0.101:-0.043:b-0.063:0.199:occ0;24:-0.102:0.150:b-0.095:0.116:occ1;36:-0.107:0.146:b-0.110:0.137:occ1;48:-0.104:0.128:b-0.097:0.116:occ1;60:-0.103:0.139:b-0.101:0.132:occ1;72:-0.101:0.133:b-0.103:0.116:occ1;84:-0.106:0.158:b-0.111:0.158:occ1;89:-0.108:0.164:b-0.100:0.119:occ1
ablate_no_distractor_filter,combined_stress,5,1001,,1,20,0.05119,0.09290,74,12,29,0.07928,0.09290,0.55405,0.00000,0,0.00000,0.55556,90.00000,0,0.82833,0.12217,0.30000,0.15842,0:-0.046:-0.480:b-0.118:0.163:occ0;12:-0.057:-0.047:b-0.144:0.133:occ0;24:-0.023:0.125:b0.007:0.090:occ1;36:-0.004:0.109:b-0.013:0.106:occ1;48:-0.026:0.124:b0.004:0.082:occ1;60:-0.012:0.102:b-0.002:0.087:occ1;72:-0.009:0.100:b-0.026:0.114:occ1;84:-0.019:0.115:b-0.017:0.125:occ1;89:-0.021:0.122:b0.005:0.080:occ1
occlusion_aware_permanence_v4,combined_stress,5,1001,,1,18,0.04053,0.02750,74,16,24,0.04404,0.02750,0.63514,0.00000,0,0.00000,0.80000,90.00000,0,0.75433,0.14522,0.30000,0.15700,0:-0.045:-0.480:b-0.083:0.077:occ0;12:-0.100:-0.044:b-0.122:0.157:occ0;24:-0.096:0.127:b-0.093:0.118:occ1;36:-0.087:0.112:b-0.109:0.136:occ1;48:-0.087:0.107:b-0.087:0.095:occ1;60:-0.089:0.102:b-0.087:0.094:occ1;72:-0.089:0.099:b-0.097:0.111:occ1;84:-0.090:0.103:b-0.091:0.118:occ1;89:-0.089:0.101:b-0.091:0.115:occ1
learned_only_branch,combined_stress,5,1001,,1,18,0.04351,0.04421,72,18,28,0.05725,0.03140,0.06944,0.00000,0,0.58889,0.66667,0.00000,0,0.98492,0.07056,0.19400,0.08870,0:-0.044:-0.480:b-0.055:0.158:occ0;12:-0.085:-0.038:b-0.175:0.171:occ0;24:-0.002:0.175:b0.043:0.170:occ1;36:-0.043:0.175:b-0.109:0.159:occ1;48:-0.118:0.164:b-0.110:0.162:occ1;60:-0.121:0.166:b-0.108:0.161:occ1;72:-0.108:0.165:b-0.117:0.180:occ1;84:-0.112:0.169:b-0.100:0.169:occ1;89:-0.110:0.169:b-0.106:0.175:occ1
occlusion_full_v5,combined_stress,5,1002,,1,20,0.06901,0.05911,71,16,31,0.07405,0.05911,0.53521,0.00000,0,0.00000,0.68889,90.00000,0,0.94124,0.10869,0.30000,0.17419,0:-0.036:-0.480:b-0.244:0.379:occ0;12:-0.147:-0.017:b-0.146:0.270:occ0;24:-0.118:0.259:b-0.079:0.250:occ1;36:-0.084:0.262:b-0.079:0.240:occ1;48:-0.076:0.247:b-0.093:0.255:occ1;60:-0.080:0.249:b-0.097:0.263:occ1;72:-0.093:0.256:b-0.066:0.239:occ1;84:-0.085:0.252:b-0.070:0.242:occ1;89:-0.087:0.252:b-0.096:0.254:occ1
ablate_no_self_mask,combined_stress,5,1002,,1,21,0.06793,0.05887,71,16,25,0.07141,0.05887,0.67606,0.04000,0,0.00000,0.76667,90.00000,0,0.90587,0.13444,0.30000,0.13650,0:-0.034:-0.480:b-0.170:0.260:occ0;12:-0.124:-0.017:b-0.125:0.296:occ0;24:-0.164:0.233:b-0.193:0.198:occ1;36:-0.200:0.216:b-0.190:0.188:occ1;48:-0.197:0.200:b-0.205:0.222:occ1;60:-0.195:0.209:b-0.193:0.194:occ1;72:-0.197:0.209:b-0.199:0.206:occ1;84:-0.197:0.205:b-0.192:0.195:occ1;89:-0.195:0.203:b-0.195:0.213:occ1
ablate_no_branch_belief,combined_stress,5,1002,,1,20,0.05877,0.05579,72,15,39,0.06395,0.05579,0.54167,0.02564,0,0.00000,0.77778,90.00000,0,0.90042,0.11591,0.30000,0.17169,0:-0.032:-0.480:b-0.099:0.325:occ0;12:-0.137:-0.018:b-0.159:0.280:occ0;24:-0.151:0.241:b-0.129:0.221:occ1;36:-0.112:0.224:b-0.119:0.218:occ1;48:-0.116:0.214:b-0.129:0.217:occ1;60:-0.121:0.214:b-0.134:0.216:occ1;72:-0.125:0.213:b-0.113:0.209:occ1;84:-0.117:0.212:b-0.120:0.208:occ1;89:-0.118:0.212:b-0.120:0.214:occ1
ablate_no_contact_update,combined_stress,5,1002,,0,20,0.08564,0.08484,71,17,26,0.07983,0.08484,0.53521,0.11538,0,0.65556,0.18889,90.00000,0,0.98083,0.10070,0.30000,0.09964,0:-0.032:-0.480:b-0.117:0.324:occ0;12:-0.162:-0.020:b-0.110:0.301:occ0;24:-0.147:0.305:b-0.129:0.329:occ1;36:-0.143:0.350:b-0.177:0.380:occ1;48:-0.145:0.339:b-0.155:0.335:occ1;60:-0.142:0.335:b-0.132:0.330:occ1;72:-0.135:0.330:b-0.153:0.332:occ1;84:-0.143:0.334:b-0.149:0.331:occ1;89:-0.142:0.333:b-0.132:0.331:occ1
ablate_no_uncertainty_inflation,combined_stress,5,1002,,1,21,0.06598,0.06270,71,16,37,0.07085,0.06270,0.00000,0.02703,0,0.00000,0.76667,90.00000,0,0.95870,0.03772,0.14000,0.16771,0:-0.035:-0.480:b-0.195:0.304:occ0;12:-0.154:-0.020:b-0.167:0.257:occ0;24:-0.117:0.264:b-0.099:0.255:occ1;36:-0.079:0.278:b-0.063:0.258:occ1;48:-0.085:0.278:b-0.084:0.275:occ1;60:-0.087:0.272:b-0.058:0.258:occ1;72:-0.079:0.267:b-0.069:0.262:occ1;84:-0.078:0.266:b-0.115:0.298:occ1;89:-0.085:0.272:b-0.096:0.286:occ1
ablate_no_identity_filter,combined_stress,5,1002,,1,20,0.03004,0.04040,72,14,25,0.02867,0.04040,0.62500,0.00000,0,0.73333,0.77778,90.00000,0,0.92512,0.15057,0.30000,0.08737,0:-0.034:-0.480:b-0.174:0.250:occ0;12:-0.152:-0.020:b-0.145:0.279:occ0;24:-0.168:0.274:b-0.176:0.289:occ1;36:-0.178:0.264:b-0.181:0.263:occ1;48:-0.178:0.253:b-0.180:0.251:occ1;60:-0.185:0.260:b-0.186:0.254:occ1;72:-0.187:0.257:b-0.186:0.254:occ1;84:-0.185:0.263:b-0.185:0.249:occ1;89:-0.186:0.264:b-0.193:0.274:occ1
ablate_no_reacquisition_guard,combined_stress,5,1002,,1,21,0.06523,0.07652,72,17,29,0.07016,0.07652,0.54167,0.00000,0,0.00000,0.76667,90.00000,0,0.89421,0.11270,0.30000,0.18783,0:-0.035:-0.480:b-0.212:0.282:occ0;12:-0.132:-0.016:b-0.135:0.291:occ0;24:-0.122:0.237:b-0.110:0.214:occ1;36:-0.098:0.219:b-0.086:0.209:occ1;48:-0.103:0.209:b-0.102:0.210:occ1;60:-0.101:0.208:b-0.088:0.204:occ1;72:-0.106:0.210:b-0.111:0.213:occ1;84:-0.103:0.207:b-0.086:0.206:occ1;89:-0.101:0.207:b-0.090:0.203:occ1
ablate_no_tail_risk_objective,combined_stress,5,1002,,1,20,0.06091,0.05831,71,18,31,0.05466,0.05831,0.53521,0.00000,0,0.70000,0.77778,90.00000,0,1.08330,0.11683,0.30000,0.09919,0:-0.034:-0.480:b-0.156:0.337:occ0;12:-0.141:-0.020:b-0.010:0.272:occ0;24:-0.196:0.266:b-0.203:0.252:occ1;36:-0.192:0.238:b-0.203:0.253:occ1;48:-0.198:0.249:b-0.205:0.250:occ1;60:-0.207:0.240:b-0.211:0.233:occ1;72:-0.207:0.256:b-0.217:0.246:occ1;84:-0.207:0.255:b-0.211:0.239:occ1;89:-0.209:0.238:b-0.206:0.238:occ1
ablate_no_false_detection_rejection,combined_stress,5,1002,,1,21,0.07655,0.05461,71,15,29,0.07211,0.05461,0.54930,0.03448,0,0.52222,0.76667,90.00000,0,0.93358,0.11097,0.30000,0.10843,0:-0.032:-0.480:b-0.100:0.238:occ0;12:-0.140:-0.014:b-0.082:0.330:occ0;24:-0.199:0.244:b-0.217:0.215:occ1;36:-0.218:0.239:b-0.221:0.223:occ1;48:-0.217:0.242:b-0.221:0.218:occ1;60:-0.219:0.227:b-0.223:0.257:occ1;72:-0.216:0.235:b-0.220:0.215:occ1;84:-0.224:0.225:b-0.223:0.212:occ1;89:-0.224:0.224:b-0.212:0.273:occ1
ablate_no_distractor_filter,combined_stress,5,1002,,1,20,0.07026,0.09506,72,16,33,0.07689,0.09506,0.54167,0.00000,0,0.00000,0.67778,90.00000,0,1.05068,0.10617,0.30000,0.14951,0:-0.032:-0.480:b-0.122:0.283:occ0;12:-0.132:-0.021:b-0.150:0.302:occ0;24:-0.124:0.289:b-0.058:0.267:occ1;36:-0.089:0.296:b-0.069:0.279:occ1;48:-0.116:0.297:b-0.093:0.272:occ1;60:-0.090:0.284:b-0.059:0.272:occ1;72:-0.098:0.290:b-0.129:0.307:occ1;84:-0.104:0.292:b-0.107:0.284:occ1;89:-0.099:0.287:b-0.070:0.276:occ1
occlusion_aware_permanence_v4,combined_stress,5,1002,,1,21,0.01504,0.02660,71,16,24,0.02061,0.02660,0.61972,0.00000,0,0.00000,0.76667,90.00000,0,0.88802,0.15384,0.30000,0.12504,0:-0.031:-0.480:b-0.078:0.330:occ0;12:-0.141:-0.024:b-0.246:0.179:occ0;24:-0.155:0.257:b-0.138:0.239:occ1;36:-0.148:0.260:b-0.139:0.238:occ1;48:-0.147:0.249:b-0.151:0.251:occ1;60:-0.151:0.252:b-0.146:0.243:occ1;72:-0.150:0.248:b-0.154:0.252:occ1;84:-0.148:0.246:b-0.157:0.262:occ1;89:-0.148:0.248:b-0.143:0.237:occ1
learned_only_branch,combined_stress,5,1002,,1,20,0.02143,0.03022,71,18,29,0.02486,0.03022,0.23944,0.00000,0,0.20000,0.77778,90.00000,0,0.93641,0.08746,0.23000,0.11065,0:-0.033:-0.480:b-0.154:0.208:occ0;12:-0.146:-0.029:b-0.173:0.170:occ0;24:-0.157:0.281:b-0.140:0.272:occ1;36:-0.148:0.300:b-0.138:0.271:occ1;48:-0.141:0.277:b-0.137:0.273:occ1;60:-0.143:0.280:b-0.142:0.270:occ1;72:-0.148:0.282:b-0.140:0.270:occ1;84:-0.145:0.276:b-0.140:0.270:occ1;89:-0.145:0.277:b-0.158:0.290:occ1
occlusion_full_v5,combined_stress,5,1003,,1,22,0.06646,0.06464,70,17,25,0.06213,0.06464,0.52857,0.00000,0,0.00000,0.75556,90.00000,0,1.02379,0.10575,0.30000,0.24880,0:0.021:-0.480:b0.216:0.342:occ0;12:0.188:-0.011:b0.188:0.364:occ0;24:0.187:0.356:b0.166:0.373:occ1;36:0.168:0.378:b0.169:0.362:occ1;48:0.161:0.368:b0.160:0.368:occ1;60:0.166:0.364:b0.170:0.362:occ1;72:0.167:0.367:b0.162:0.371:occ1;84:0.167:0.364:b0.167:0.366:occ1;89:0.168:0.364:b0.169:0.366:occ1
ablate_no_self_mask,combined_stress,5,1003,,0,23,0.08886,0.09485,69,20,25,0.09683,0.09485,0.66667,0.12000,0,0.63333,0.07778,90.00000,0,1.08913,0.11871,0.30000,0.09347,0:0.023:-0.480:b0.280:0.398:occ0;12:0.188:-0.011:b0.337:0.354:occ0;24:0.255:0.343:b0.335:0.422:occ1;36:0.319:0.436:b0.318:0.427:occ1;48:0.322:0.428:b0.322:0.421:occ1;60:0.317:0.422:b0.317:0.426:occ1;72:0.321:0.423:b0.317:0.426:occ1;84:0.319:0.424:b0.322:0.417:occ1;89:0.319:0.423:b0.326:0.420:occ1
ablate_no_branch_belief,combined_stress,5,1003,,1,22,0.06495,0.06288,70,17,28,0.06991,0.06288,0.52857,0.00000,0,0.00000,0.62222,90.00000,0,1.09043,0.11086,0.30000,0.18763,0:0.020:-0.480:b0.198:0.337:occ0;12:0.182:-0.014:b0.208:0.269:occ0;24:0.223:0.383:b0.233:0.442:occ1;36:0.233:0.462:b0.249:0.449:occ1;48:0.226:0.452:b0.223:0.449:occ1;60:0.219:0.448:b0.213:0.446:occ1;72:0.222:0.448:b0.245:0.450:occ1;84:0.227:0.450:b0.231:0.448:occ1;89:0.228:0.450:b0.231:0.448:occ1
ablate_no_contact_update,combined_stress,5,1003,,0,23,0.08835,0.09297,69,19,28,0.07903,0.09297,0.52174,0.00000,0,0.00000,0.24444,90.00000,0,1.02236,0.09433,0.30000,0.25710,0:0.021:-0.480:b0.233:0.398:occ0;12:0.188:-0.015:b0.243:0.283:occ0;24:0.203:0.328:b0.168:0.351:occ1;36:0.163:0.370:b0.152:0.363:occ1;48:0.159:0.358:b0.163:0.356:occ1;60:0.162:0.355:b0.166:0.359:occ1;72:0.163:0.362:b0.155:0.368:occ1;84:0.159:0.363:b0.155:0.367:occ1;89:0.159:0.363:b0.153:0.366:occ1
ablate_no_uncertainty_inflation,combined_stress,5,1003,,1,23,0.04850,0.05272,69,20,28,0.04074,0.05272,0.00000,0.00000,0,0.00000,0.74444,90.00000,0,1.03120,0.04336,0.14000,0.20059,0:0.021:-0.480:b0.210:0.323:occ0;12:0.200:-0.012:b0.292:0.331:occ0;24:0.220:0.344:b0.220:0.390:occ1;36:0.210:0.411:b0.213:0.402:occ1;48:0.210:0.405:b0.219:0.398:occ1;60:0.212:0.405:b0.211:0.406:occ1;72:0.213:0.407:b0.211:0.402:occ1;84:0.214:0.406:b0.205:0.407:occ1;89:0.211:0.407:b0.207:0.407:occ1
ablate_no_identity_filter,combined_stress,5,1003,,1,23,0.04444,0.04871,69,19,29,0.03855,0.04871,0.60870,0.00000,0,0.00000,0.74444,90.00000,0,1.01885,0.13427,0.30000,0.22096,0:0.022:-0.480:b0.256:0.392:occ0;12:0.191:-0.010:b0.188:0.393:occ0;24:0.216:0.330:b0.199:0.382:occ1;36:0.199:0.393:b0.195:0.383:occ1;48:0.192:0.384:b0.188:0.381:occ1;60:0.193:0.382:b0.190:0.386:occ1;72:0.196:0.384:b0.187:0.387:occ1;84:0.193:0.385:b0.193:0.386:occ1;89:0.192:0.385:b0.188:0.386:occ1
ablate_no_reacquisition_guard,combined_stress,5,1003,,1,22,0.04804,0.05112,69,21,27,0.03964,0.05112,0.52174,0.00000,0,0.00000,0.75556,90.00000,0,1.02419,0.11594,0.30000,0.22067,0:0.022:-0.480:b0.250:0.356:occ0;12:0.201:-0.010:b0.190:0.364:occ0;24:0.205:0.348:b0.198:0.379:occ1;36:0.197:0.394:b0.197:0.376:occ1;48:0.193:0.381:b0.199:0.380:occ1;60:0.195:0.377:b0.187:0.382:occ1;72:0.193:0.382:b0.191:0.383:occ1;84:0.194:0.382:b0.195:0.378:occ1;89:0.193:0.381:b0.190:0.383:occ1
ablate_no_tail_risk_objective,combined_stress,5,1003,,1,23,0.05326,0.05724,69,18,28,0.05520,0.05724,0.52174,0.03571,0,0.00000,0.74444,90.00000,0,1.21304,0.11199,0.30000,0.17937,0:0.021:-0.480:b0.208:0.443:occ0;12:0.209:-0.011:b0.179:0.376:occ0;24:0.224:0.329:b0.217:0.324:occ1;36:0.253:0.326:b0.227:0.323:occ1;48:0.233:0.322:b0.260:0.339:occ1;60:0.238:0.324:b0.248:0.332:occ1;72:0.270:0.347:b0.251:0.332:occ1;84:0.233:0.323:b0.234:0.325:occ1;89:0.250:0.334:b0.251:0.330:occ1
ablate_no_false_detection_rejection,combined_stress,5,1003,,1,22,0.05914,0.10365,69,18,26,0.06489,0.10365,0.52174,0.15385,0,0.00000,0.64444,90.00000,0,1.11254,0.11178,0.30000,0.12633,0:0.021:-0.480:b0.234:0.351:occ0;12:0.199:-0.008:b0.186:0.456:occ0;24:0.258:0.355:b0.284:0.402:occ1;36:0.300:0.412:b0.280:0.401:occ1;48:0.290:0.406:b0.290:0.409:occ1;60:0.276:0.403:b0.265:0.408:occ1;72:0.275:0.403:b0.269:0.406:occ1;84:0.286:0.410:b0.269:0.406:occ1;89:0.285:0.406:b0.335:0.380:occ1
ablate_no_distractor_filter,combined_stress,5,1003,,1,22,0.02810,0.06523,69,19,34,0.04963,0.06523,0.52174,0.00000,0,0.00000,0.75556,90.00000,0,1.12618,0.11917,0.30000,0.17036,0:0.021:-0.480:b0.233:0.364:occ0;12:0.184:-0.011:b0.208:0.360:occ0;24:0.224:0.365:b0.240:0.430:occ1;36:0.232:0.443:b0.212:0.435:occ1;48:0.232:0.431:b0.250:0.424:occ1;60:0.228:0.428:b0.205:0.432:occ1;72:0.240:0.425:b0.221:0.426:occ1;84:0.242:0.424:b0.230:0.420:occ1;89:0.242:0.422:b0.305:0.412:occ1
occlusion_aware_permanence_v4,combined_stress,5,1003,,1,22,0.07270,0.07780,69,19,21,0.07601,0.07780,0.60870,0.00000,0,0.00000,0.62222,90.00000,0,1.07839,0.11394,0.30000,0.21214,0:0.020:-0.480:b0.196:0.399:occ0;12:0.166:-0.008:b0.200:0.422:occ0;24:0.226:0.366:b0.209:0.453:occ1;36:0.209:0.460:b0.200:0.452:occ1;48:0.202:0.453:b0.196:0.451:occ1;60:0.202:0.450:b0.203:0.448:occ1;72:0.201:0.451:b0.211:0.458:occ1;84:0.203:0.450:b0.201:0.449:occ1;89:0.203:0.449:b0.195:0.451:occ1
learned_only_branch,combined_stress,5,1003,,0,22,0.09713,0.10046,70,17,31,0.09203,0.10046,0.22857,0.00000,0,0.00000,0.17778,90.00000,0,1.04777,0.04824,0.22700,0.27088,0:0.021:-0.480:b0.233:0.302:occ0;12:0.202:-0.014:b0.222:0.312:occ0;24:0.198:0.340:b0.148:0.348:occ1;36:0.148:0.358:b0.140:0.348:occ1;48:0.145:0.341:b0.141:0.349:occ1;60:0.146:0.349:b0.142:0.355:occ1;72:0.148:0.348:b0.141:0.353:occ1;84:0.149:0.345:b0.155:0.340:occ1;89:0.149:0.345:b0.142:0.355:occ1
occlusion_full_v5,combined_stress,6,1000,,1,17,0.01952,0.01661,74,13,30,0.02002,0.01661,0.55405,0.00000,0,0.00000,0.81111,90.00000,0,0.80535,0.14712,0.30000,0.13728,0:0.021:-0.480:b-0.066:0.147:occ0;12:-0.087:-0.040:b-0.037:0.192:occ0;24:-0.098:0.165:b-0.104:0.149:occ1;36:-0.113:0.160:b-0.122:0.155:occ1;48:-0.112:0.148:b-0.100:0.144:occ1;60:-0.109:0.146:b-0.102:0.145:occ1;72:-0.108:0.145:b-0.120:0.159:occ1;84:-0.121:0.153:b-0.115:0.148:occ1;89:-0.118:0.150:b-0.122:0.153:occ1
ablate_no_self_mask,combined_stress,6,1000,,1,35,0.06255,0.06049,71,17,28,0.07171,0.09957,0.54930,0.21429,0,0.21111,0.61111,0.00000,0,0.93630,0.12795,0.30000,0.12792,0:0.019:-0.480:b-0.122:0.062:occ0;12:-0.108:-0.038:b-0.289:0.164:occ0;24:-0.237:0.168:b-0.266:0.161:occ1;36:-0.162:0.125:b-0.134:0.117:occ1;48:-0.128:0.120:b-0.151:0.110:occ1;60:-0.133:0.119:b-0.131:0.123:occ1;72:-0.133:0.120:b-0.135:0.106:occ1;84:-0.135:0.118:b-0.126:0.119:occ1;89:-0.134:0.119:b-0.128:0.119:occ1
ablate_no_branch_belief,combined_stress,6,1000,,1,18,0.05071,0.05224,74,12,33,0.05070,0.05224,0.55405,0.00000,0,0.44444,0.80000,90.00000,0,0.81543,0.12438,0.30000,0.10587,0:0.022:-0.480:b-0.038:0.174:occ0;12:-0.081:-0.042:b-0.121:0.189:occ0;24:-0.138:0.166:b-0.151:0.171:occ1;36:-0.154:0.165:b-0.153:0.161:occ1;48:-0.150:0.152:b-0.155:0.169:occ1;60:-0.150:0.152:b-0.158:0.160:occ1;72:-0.153:0.159:b-0.154:0.160:occ1;84:-0.152:0.155:b-0.149:0.152:occ1;89:-0.149:0.156:b-0.148:0.152:occ1
ablate_no_contact_update,combined_stress,6,1000,,1,18,0.06943,0.08000,74,15,33,0.06723,0.08000,0.55405,0.00000,0,0.00000,0.80000,90.00000,0,0.84584,0.11390,0.30000,0.20413,0:0.019:-0.480:b-0.106:0.207:occ0;12:-0.096:-0.045:b-0.136:0.083:occ0;24:-0.070:0.182:b-0.039:0.183:occ1;36:-0.045:0.185:b-0.050:0.165:occ1;48:-0.050:0.172:b-0.047:0.178:occ1;60:-0.052:0.174:b-0.047:0.158:occ1;72:-0.051:0.173:b-0.055:0.161:occ1;84:-0.053:0.171:b-0.054:0.157:occ1;89:-0.051:0.168:b-0.041:0.168:occ1
ablate_no_uncertainty_inflation,combined_stress,6,1000,,1,17,0.00178,0.00807,74,12,34,0.01867,0.00807,0.00000,0.00000,0,0.00000,0.81111,90.00000,0,0.82677,0.06655,0.14000,0.12648,0:0.020:-0.480:b-0.086:0.203:occ0;12:-0.098:-0.037:b-0.073:0.157:occ0;24:-0.127:0.193:b-0.123:0.186:occ1;36:-0.125:0.189:b-0.128:0.176:occ1;48:-0.124:0.178:b-0.128:0.172:occ1;60:-0.121:0.179:b-0.133:0.177:occ1;72:-0.126:0.180:b-0.121:0.182:occ1;84:-0.129:0.177:b-0.127:0.174:occ1;89:-0.130:0.177:b-0.131:0.184:occ1
ablate_no_identity_filter,combined_stress,6,1000,,1,18,0.05255,0.06245,74,16,32,0.06982,0.06245,0.63514,0.00000,0,0.00000,0.62222,90.00000,0,0.91441,0.13068,0.30000,0.15528,0:0.020:-0.480:b-0.103:0.158:occ0;12:-0.084:-0.047:b-0.087:0.058:occ0;24:-0.107:0.223:b-0.083:0.245:occ1;36:-0.103:0.247:b-0.082:0.245:occ1;48:-0.110:0.233:b-0.104:0.230:occ1;60:-0.103:0.229:b-0.088:0.236:occ1;72:-0.102:0.230:b-0.111:0.226:occ1;84:-0.117:0.225:b-0.135:0.217:occ1;89:-0.114:0.226:b-0.110:0.235:occ1
ablate_no_reacquisition_guard,combined_stress,6,1000,,1,18,0.06619,0.06766,74,12,25,0.07391,0.06766,0.55405,0.08000,0,0.74444,0.64444,90.00000,0,0.83504,0.11708,0.30000,0.07443,0:0.017:-0.480:b-0.185:0.125:occ0;12:-0.112:-0.039:b-0.038:0.171:occ0;24:-0.166:0.182:b-0.189:0.184:occ1;36:-0.188:0.187:b-0.178:0.177:occ1;48:-0.179:0.174:b-0.184:0.168:occ1;60:-0.181:0.174:b-0.180:0.175:occ1;72:-0.183:0.173:b-0.182:0.172:occ1;84:-0.183:0.173:b-0.180:0.176:occ1;89:-0.182:0.173:b-0.182:0.168:occ1
ablate_no_tail_risk_objective,combined_stress,6,1000,,0,17,0.09496,0.08720,75,14,31,0.10124,0.08720,0.56000,0.00000,0,0.00000,0.05556,90.00000,0,1.08876,0.10378,0.30000,0.19627,0:0.017:-0.480:b-0.171:0.165:occ0;12:-0.086:-0.037:b-0.087:0.193:occ0;24:-0.091:0.286:b-0.075:0.270:occ1;36:-0.102:0.257:b-0.098:0.263:occ1;48:-0.109:0.263:b-0.122:0.255:occ1;60:-0.099:0.265:b-0.122:0.255:occ1;72:-0.085:0.277:b-0.084:0.270:occ1;84:-0.084:0.265:b-0.074:0.272:occ1;89:-0.090:0.267:b-0.102:0.261:occ1
ablate_no_false_detection_rejection,combined_stress,6,1000,,1,18,0.05141,0.04935,74,14,31,0.05041,0.04935,0.55405,0.00000,0,0.00000,0.80000,90.00000,0,0.82437,0.12421,0.30000,0.17018,0:0.018:-0.480:b-0.155:0.172:occ0;12:-0.100:-0.045:b-0.073:0.146:occ0;24:-0.097:0.138:b-0.074:0.116:occ1;36:-0.090:0.123:b-0.076:0.120:occ1;48:-0.099:0.117:b-0.071:0.122:occ1;60:-0.109:0.119:b-0.092:0.141:occ1;72:-0.097:0.121:b-0.101:0.131:occ1;84:-0.089:0.124:b-0.070:0.116:occ1;89:-0.089:0.124:b-0.091:0.125:occ1
ablate_no_distractor_filter,combined_stress,6,1000,,1,18,0.06554,0.07533,74,14,34,0.06271,0.07533,0.55405,0.00000,0,0.00000,0.80000,90.00000,0,0.82575,0.11531,0.30000,0.12198,0:0.019:-0.480:b-0.120:0.162:occ0;12:-0.098:-0.045:b-0.074:0.170:occ0;24:-0.111:0.133:b-0.128:0.142:occ1;36:-0.137:0.131:b-0.119:0.113:occ1;48:-0.134:0.120:b-0.133:0.122:occ1;60:-0.129:0.120:b-0.134:0.125:occ1;72:-0.128:0.115:b-0.144:0.121:occ1;84:-0.145:0.119:b-0.141:0.131:occ1;89:-0.140:0.121:b-0.113:0.105:occ1
occlusion_aware_permanence_v4,combined_stress,6,1000,,1,17,0.06308,0.05482,74,15,29,0.06505,0.05482,0.63514,0.00000,0,0.00000,0.81111,90.00000,0,0.85042,0.13141,0.30000,0.20256,0:0.019:-0.480:b-0.121:0.137:occ0;12:-0.067:-0.045:b-0.157:0.203:occ0;24:-0.068:0.194:b-0.071:0.184:occ1;36:-0.055:0.201:b-0.054:0.195:occ1;48:-0.053:0.191:b-0.054:0.176:occ1;60:-0.045:0.178:b-0.042:0.177:occ1;72:-0.052:0.187:b-0.057:0.189:occ1;84:-0.052:0.183:b-0.041:0.176:occ1;89:-0.054:0.184:b-0.064:0.192:occ1
learned_only_branch,combined_stress,6,1000,,1,18,0.07084,0.07595,74,15,24,0.06349,0.07595,0.27027,0.00000,0,0.00000,0.80000,90.00000,0,0.82244,0.06498,0.23900,0.20275,0:0.020:-0.480:b-0.095:0.086:occ0;12:-0.094:-0.045:b-0.206:0.168:occ0;24:-0.085:0.159:b-0.060:0.170:occ1;36:-0.052:0.158:b-0.046:0.145:occ1;48:-0.052:0.149:b-0.066:0.163:occ1;60:-0.053:0.145:b-0.047:0.144:occ1;72:-0.054:0.150:b-0.066:0.164:occ1;84:-0.053:0.147:b-0.048:0.143:occ1;89:-0.053:0.144:b-0.047:0.144:occ1
occlusion_full_v5,combined_stress,6,1001,,1,19,0.02840,0.02963,73,13,31,0.03493,0.02963,0.56164,0.00000,0,0.00000,0.78889,90.00000,0,0.92322,0.14174,0.30000,0.13166,0:0.098:-0.480:b-0.103:0.240:occ0;12:-0.081:-0.022:b-0.131:0.314:occ0;24:-0.136:0.278:b-0.124:0.274:occ1;36:-0.125:0.286:b-0.124:0.277:occ1;48:-0.124:0.276:b-0.130:0.291:occ1;60:-0.126:0.275:b-0.125:0.274:occ1;72:-0.126:0.274:b-0.127:0.274:occ1;84:-0.126:0.274:b-0.126:0.274:occ1;89:-0.126:0.274:b-0.126:0.276:occ1
ablate_no_self_mask,combined_stress,6,1001,,1,20,0.03162,0.03668,72,17,25,0.03201,0.03668,0.68056,0.00000,0,0.66667,0.77778,90.00000,0,0.90065,0.16147,0.30000,0.08406,0:0.099:-0.480:b-0.088:0.284:occ0;12:-0.090:-0.035:b-0.234:0.243:occ0;24:-0.140:0.219:b-0.102:0.210:occ1;36:-0.103:0.227:b-0.097:0.222:occ1;48:-0.102:0.218:b-0.106:0.214:occ1;60:-0.105:0.216:b-0.108:0.218:occ1;72:-0.105:0.216:b-0.105:0.219:occ1;84:-0.105:0.218:b-0.101:0.215:occ1;89:-0.104:0.217:b-0.104:0.212:occ1
ablate_no_branch_belief,combined_stress,6,1001,,1,20,0.06335,0.06091,72,16,31,0.06479,0.06091,0.54167,0.03226,0,0.72222,0.77778,90.00000,0,0.89650,0.11226,0.30000,0.06390,0:0.096:-0.480:b-0.226:0.230:occ0;12:-0.112:-0.027:b-0.147:0.252:occ0;24:-0.126:0.206:b-0.097:0.185:occ1;36:-0.088:0.190:b-0.085:0.179:occ1;48:-0.086:0.181:b-0.089:0.185:occ1;60:-0.087:0.183:b-0.094:0.186:occ1;72:-0.089:0.185:b-0.085:0.181:occ1;84:-0.087:0.186:b-0.086:0.182:occ1;89:-0.087:0.184:b-0.087:0.187:occ1
ablate_no_contact_update,combined_stress,6,1001,,1,19,0.04642,0.04590,72,16,30,0.04004,0.04590,0.54167,0.00000,0,0.00000,0.78889,90.00000,0,0.91759,0.12853,0.30000,0.13561,0:0.097:-0.480:b-0.127:0.271:occ0;12:-0.108:-0.030:b-0.175:0.208:occ0;24:-0.148:0.259:b-0.136:0.266:occ1;36:-0.137:0.278:b-0.134:0.269:occ1;48:-0.134:0.268:b-0.135:0.267:occ1;60:-0.135:0.267:b-0.135:0.267:occ1;72:-0.136:0.268:b-0.136:0.268:occ1;84:-0.136:0.269:b-0.135:0.267:occ1;89:-0.136:0.268:b-0.136:0.267:occ1
ablate_no_uncertainty_inflation,combined_stress,6,1001,,0,19,0.09716,0.09626,72,18,23,0.08625,0.09626,0.00000,0.00000,0,0.00000,0.30000,90.00000,0,0.87773,0.02825,0.14000,0.13774,0:0.097:-0.480:b-0.138:0.258:occ0;12:-0.110:-0.026:b-0.098:0.257:occ0;24:-0.159:0.205:b-0.162:0.173:occ1;36:-0.158:0.176:b-0.154:0.166:occ1;48:-0.155:0.166:b-0.160:0.168:occ1;60:-0.162:0.168:b-0.160:0.168:occ1;72:-0.162:0.168:b-0.159:0.166:occ1;84:-0.160:0.167:b-0.153:0.167:occ1;89:-0.159:0.168:b-0.158:0.168:occ1
ablate_no_identity_filter,combined_stress,6,1001,,0,20,0.08831,0.08948,72,13,24,0.10075,0.08948,0.62500,0.62500,0,0.78889,0.08889,90.00000,0,0.94035,0.11720,0.30000,0.06404,0:0.098:-0.480:b-0.117:0.183:occ0;12:-0.084:-0.032:b-0.177:0.237:occ0;24:-0.070:0.243:b-0.023:0.256:occ1;36:-0.020:0.265:b-0.006:0.259:occ1;48:-0.011:0.257:b-0.012:0.254:occ1;60:-0.017:0.254:b-0.016:0.255:occ1;72:-0.018:0.254:b-0.015:0.254:occ1;84:-0.016:0.256:b-0.014:0.254:occ1;89:-0.015:0.255:b-0.014:0.254:occ1
ablate_no_reacquisition_guard,combined_stress,6,1001,,1,19,0.04120,0.04244,73,15,23,0.04998,0.04244,0.54795,0.00000,0,0.75556,0.78889,90.00000,0,0.90337,0.12619,0.30000,0.05982,0:0.097:-0.480:b-0.134:0.200:occ0;12:-0.105:-0.018:b-0.136:0.264:occ0;24:-0.112:0.228:b-0.078:0.212:occ1;36:-0.078:0.220:b-0.078:0.210:occ1;48:-0.077:0.207:b-0.083:0.209:occ1;60:-0.081:0.205:b-0.081:0.204:occ1;72:-0.081:0.204:b-0.080:0.204:occ1;84:-0.082:0.205:b-0.081:0.207:occ1;89:-0.082:0.205:b-0.080:0.204:occ1
ablate_no_tail_risk_objective,combined_stress,6,1001,,1,19,0.03796,0.03531,73,16,32,0.04819,0.03531,0.54795,0.00000,0,0.77778,0.78889,90.00000,0,1.06057,0.13024,0.30000,0.05668,0:0.096:-0.480:b-0.176:0.184:occ0;12:-0.111:-0.031:b-0.096:0.217:occ0;24:-0.083:0.251:b-0.068:0.229:occ1;36:-0.077:0.222:b-0.073:0.225:occ1;48:-0.075:0.220:b-0.074:0.221:occ1;60:-0.072:0.220:b-0.074:0.219:occ1;72:-0.078:0.224:b-0.076:0.215:occ1;84:-0.076:0.220:b-0.076:0.218:occ1;89:-0.072:0.220:b-0.075:0.221:occ1
ablate_no_false_detection_rejection,combined_stress,6,1001,,1,21,0.06822,0.04677,72,15,28,0.06502,0.04677,0.54167,0.00000,0,0.00000,0.76667,90.00000,0,0.94370,0.11146,0.30000,0.13313,0:0.099:-0.480:b-0.063:0.209:occ0;12:-0.115:-0.033:b-0.190:0.198:occ0;24:-0.176:0.211:b-0.167:0.197:occ1;36:-0.169:0.205:b-0.160:0.190:occ1;48:-0.151:0.184:b-0.173:0.198:occ1;60:-0.160:0.195:b-0.176:0.199:occ1;72:-0.168:0.203:b-0.159:0.193:occ1;84:-0.158:0.199:b-0.177:0.196:occ1;89:-0.156:0.196:b-0.108:0.190:occ1
ablate_no_distractor_filter,combined_stress,6,1001,,1,20,0.03515,0.03586,72,17,25,0.02623,0.03586,0.55556,0.00000,0,0.28889,0.77778,90.00000,0,0.92937,0.13957,0.30000,0.11297,0:0.098:-0.480:b-0.117:0.205:occ0;12:-0.100:-0.025:b-0.096:0.199:occ0;24:-0.152:0.226:b-0.128:0.225:occ1;36:-0.122:0.230:b-0.126:0.230:occ1;48:-0.120:0.219:b-0.132:0.227:occ1;60:-0.129:0.221:b-0.123:0.217:occ1;72:-0.121:0.223:b-0.135:0.224:occ1;84:-0.135:0.223:b-0.133:0.211:occ1;89:-0.133:0.220:b-0.137:0.225:occ1
occlusion_aware_permanence_v4,combined_stress,6,1001,,1,19,0.06647,0.06817,73,16,28,0.05663,0.06817,0.63014,0.00000,0,0.00000,0.78889,90.00000,0,0.88416,0.13357,0.30000,0.13319,0:0.096:-0.480:b-0.200:0.273:occ0;12:-0.123:-0.023:b-0.100:0.282:occ0;24:-0.160:0.221:b-0.161:0.200:occ1;36:-0.154:0.203:b-0.148:0.191:occ1;48:-0.152:0.193:b-0.155:0.197:occ1;60:-0.157:0.196:b-0.157:0.196:occ1;72:-0.158:0.196:b-0.158:0.196:occ1;84:-0.156:0.196:b-0.156:0.196:occ1;89:-0.156:0.196:b-0.158:0.195:occ1
learned_only_branch,combined_stress,6,1001,,1,21,0.03624,0.03639,72,16,27,0.04824,0.03639,0.25000,0.00000,0,0.72222,0.76667,90.00000,0,0.93311,0.07916,0.23300,0.06450,0:0.097:-0.480:b-0.133:0.270:occ0;12:-0.116:-0.023:b-0.199:0.255:occ0;24:-0.123:0.221:b-0.068:0.239:occ1;36:-0.068:0.247:b-0.070:0.237:occ1;48:-0.067:0.236:b-0.069:0.235:occ1;60:-0.074:0.231:b-0.074:0.232:occ1;72:-0.075:0.231:b-0.074:0.231:occ1;84:-0.075:0.231:b-0.074:0.231:occ1;89:-0.075:0.231:b-0.074:0.231:occ1
occlusion_full_v5,combined_stress,6,1002,,0,17,0.13226,0.13227,75,15,27,0.11731,0.13227,0.56000,0.00000,0,0.00000,0.08889,90.00000,0,0.88153,0.08189,0.30000,0.21085,0:-0.044:-0.480:b-0.288:0.090:occ0;12:-0.292:-0.050:b-0.274:0.142:occ0;24:-0.311:0.209:b-0.300:0.210:occ1;36:-0.299:0.218:b-0.298:0.208:occ1;48:-0.298:0.210:b-0.298:0.214:occ1;60:-0.298:0.214:b-0.298:0.214:occ1;72:-0.298:0.214:b-0.298:0.214:occ1;84:-0.298:0.214:b-0.298:0.214:occ1;89:-0.298:0.214:b-0.298:0.214:occ1
ablate_no_self_mask,combined_stress,6,1002,,1,17,0.04533,0.04437,75,13,34,0.05070,0.04437,0.69333,0.00000,0,0.00000,0.81111,90.00000,0,0.80107,0.15315,0.30000,0.13401,0:-0.045:-0.480:b-0.361:0.151:occ0;12:-0.294:-0.046:b-0.299:0.131:occ0;24:-0.309:0.106:b-0.314:0.075:occ1;36:-0.297:0.082:b-0.296:0.076:occ1;48:-0.298:0.079:b-0.310:0.078:occ1;60:-0.302:0.080:b-0.303:0.078:occ1;72:-0.303:0.080:b-0.298:0.069:occ1;84:-0.303:0.080:b-0.312:0.078:occ1;89:-0.302:0.080:b-0.298:0.086:occ1
ablate_no_branch_belief,combined_stress,6,1002,,1,16,0.03309,0.03129,75,11,37,0.03455,0.03129,0.56000,0.02703,0,0.00000,0.82222,90.00000,0,0.79692,0.14232,0.30000,0.16220,0:-0.045:-0.480:b-0.389:0.057:occ0;12:-0.288:-0.037:b-0.414:0.263:occ0;24:-0.349:0.115:b-0.335:0.081:occ1;36:-0.335:0.088:b-0.332:0.085:occ1;48:-0.331:0.084:b-0.326:0.083:occ1;60:-0.330:0.084:b-0.332:0.085:occ1;72:-0.330:0.084:b-0.328:0.084:occ1;84:-0.331:0.084:b-0.327:0.084:occ1;89:-0.330:0.084:b-0.332:0.085:occ1
ablate_no_contact_update,combined_stress,6,1002,,1,17,0.01408,0.01377,75,14,23,0.02447,0.01377,0.56000,0.00000,0,0.00000,0.81111,90.00000,0,0.79478,0.14702,0.30000,0.20102,0:-0.045:-0.480:b-0.324:0.076:occ0;12:-0.294:-0.044:b-0.424:0.140:occ0;24:-0.376:0.118:b-0.368:0.103:occ1;36:-0.370:0.106:b-0.367:0.101:occ1;48:-0.367:0.101:b-0.367:0.096:occ1;60:-0.367:0.100:b-0.366:0.099:occ1;72:-0.366:0.099:b-0.367:0.099:occ1;84:-0.366:0.100:b-0.364:0.104:occ1;89:-0.366:0.100:b-0.366:0.099:occ1
ablate_no_uncertainty_inflation,combined_stress,6,1002,,1,17,0.02952,0.02936,75,14,33,0.03649,0.02936,0.00000,0.00000,0,0.00000,0.81111,90.00000,0,0.79715,0.05514,0.14000,0.20150,0:-0.044:-0.480:b-0.280:0.127:occ0;12:-0.280:-0.046:b-0.319:0.180:occ0;24:-0.370:0.117:b-0.370:0.098:occ1;36:-0.372:0.102:b-0.368:0.096:occ1;48:-0.368:0.094:b-0.369:0.094:occ1;60:-0.368:0.094:b-0.368:0.095:occ1;72:-0.368:0.095:b-0.367:0.095:occ1;84:-0.368:0.095:b-0.367:0.095:occ1;89:-0.368:0.095:b-0.368:0.095:occ1
ablate_no_identity_filter,combined_stress,6,1002,,1,17,0.02337,0.02213,75,13,35,0.02549,0.02213,0.64000,0.00000,0,0.00000,0.81111,90.00000,0,0.84024,0.16737,0.30000,0.15166,0:-0.045:-0.480:b-0.401:0.095:occ0;12:-0.345:-0.051:b-0.347:0.139:occ0;24:-0.341:0.122:b-0.317:0.100:occ1;36:-0.313:0.106:b-0.307:0.096:occ1;48:-0.311:0.100:b-0.311:0.101:occ1;60:-0.311:0.101:b-0.312:0.101:occ1;72:-0.312:0.101:b-0.312:0.101:occ1;84:-0.313:0.101:b-0.315:0.102:occ1;89:-0.313:0.101:b-0.315:0.102:occ1
ablate_no_reacquisition_guard,combined_stress,6,1002,,1,17,0.05277,0.05179,75,14,32,0.05577,0.05179,0.56000,0.00000,0,0.00000,0.81111,90.00000,0,0.79466,0.12244,0.30000,0.12011,0:-0.044:-0.480:b-0.272:0.164:occ0;12:-0.288:-0.049:b-0.325:0.087:occ0;24:-0.305:0.116:b-0.278:0.099:occ1;36:-0.280:0.105:b-0.279:0.100:occ1;48:-0.278:0.100:b-0.276:0.102:occ1;60:-0.277:0.101:b-0.279:0.102:occ1;72:-0.278:0.101:b-0.274:0.100:occ1;84:-0.277:0.101:b-0.280:0.102:occ1;89:-0.278:0.102:b-0.279:0.102:occ1
ablate_no_tail_risk_objective,combined_stress,6,1002,,1,17,0.07058,0.07038,75,14,28,0.06905,0.07038,0.56000,0.00000,0,0.00000,0.73333,90.00000,0,1.03289,0.11743,0.30000,0.23438,0:-0.045:-0.480:b-0.345:0.166:occ0;12:-0.293:-0.045:b-0.284:0.068:occ0;24:-0.422:0.129:b-0.403:0.107:occ1;36:-0.390:0.119:b-0.398:0.110:occ1;48:-0.393:0.118:b-0.399:0.115:occ1;60:-0.400:0.111:b-0.398:0.108:occ1;72:-0.400:0.104:b-0.397:0.108:occ1;84:-0.396:0.105:b-0.395:0.110:occ1;89:-0.396:0.116:b-0.398:0.110:occ1
ablate_no_false_detection_rejection,combined_stress,6,1002,,1,17,0.06362,0.02781,75,13,32,0.05989,0.02781,0.57333,0.00000,0,0.00000,0.81111,90.00000,0,0.92163,0.12917,0.30000,0.22624,0:-0.045:-0.480:b-0.305:0.120:occ0;12:-0.299:-0.051:b-0.408:0.093:occ0;24:-0.408:0.135:b-0.407:0.116:occ1;36:-0.402:0.122:b-0.400:0.116:occ1;48:-0.389:0.114:b-0.322:0.109:occ1;60:-0.376:0.116:b-0.376:0.104:occ1;72:-0.356:0.104:b-0.311:0.109:occ1;84:-0.382:0.111:b-0.405:0.112:occ1;89:-0.389:0.111:b-0.344:0.110:occ1
ablate_no_distractor_filter,combined_stress,6,1002,,1,16,0.03215,0.03790,75,12,27,0.03779,0.03790,0.56000,0.00000,0,0.00000,0.82222,90.00000,0,0.88534,0.13624,0.30000,0.15216,0:-0.044:-0.480:b-0.270:0.100:occ0;12:-0.324:-0.038:b-0.286:0.170:occ0;24:-0.325:0.140:b-0.296:0.106:occ1;36:-0.299:0.120:b-0.310:0.119:occ1;48:-0.299:0.115:b-0.311:0.121:occ1;60:-0.293:0.113:b-0.262:0.103:occ1;72:-0.292:0.117:b-0.308:0.120:occ1;84:-0.303:0.120:b-0.301:0.111:occ1;89:-0.306:0.119:b-0.298:0.114:occ1
occlusion_aware_permanence_v4,combined_stress,6,1002,,0,17,0.10765,0.10755,75,15,24,0.09839,0.10755,0.64000,0.00000,0,0.00000,0.08889,90.00000,0,0.88896,0.11110,0.30000,0.23458,0:-0.045:-0.480:b-0.416:0.204:occ0;12:-0.293:-0.053:b-0.350:0.132:occ0;24:-0.354:0.207:b-0.347:0.210:occ1;36:-0.346:0.216:b-0.341:0.205:occ1;48:-0.341:0.206:b-0.341:0.206:occ1;60:-0.341:0.207:b-0.341:0.207:occ1;72:-0.341:0.208:b-0.341:0.209:occ1;84:-0.341:0.208:b-0.341:0.208:occ1;89:-0.341:0.208:b-0.342:0.207:occ1
learned_only_branch,combined_stress,6,1002,,1,17,0.07785,0.07740,75,14,27,0.07010,0.07740,0.28000,0.00000,0,0.00000,0.81111,90.00000,0,0.84055,0.06370,0.24200,0.12154,0:-0.044:-0.480:b-0.278:0.093:occ0;12:-0.305:-0.048:b-0.362:0.138:occ0;24:-0.312:0.129:b-0.274:0.113:occ1;36:-0.271:0.118:b-0.273:0.113:occ1;48:-0.271:0.113:b-0.267:0.114:occ1;60:-0.273:0.113:b-0.269:0.113:occ1;72:-0.273:0.112:b-0.274:0.113:occ1;84:-0.274:0.113:b-0.274:0.113:occ1;89:-0.274:0.112:b-0.274:0.113:occ1
occlusion_full_v5,combined_stress,6,1003,,1,25,0.06295,0.05750,67,18,27,0.06348,0.05750,0.50746,0.00000,0,0.54444,0.72222,90.00000,0,1.11274,0.10456,0.30000,0.09809,0:0.000:-0.480:b0.115:0.464:occ0;12:0.154:-0.007:b0.225:0.543:occ0;24:0.239:0.416:b0.262:0.428:occ1;36:0.258:0.460:b0.254:0.443:occ1;48:0.262:0.442:b0.254:0.444:occ1;60:0.262:0.441:b0.257:0.443:occ1;72:0.265:0.447:b0.257:0.442:occ1;84:0.262:0.441:b0.262:0.439:occ1;89:0.262:0.443:b0.257:0.445:occ1
ablate_no_self_mask,combined_stress,6,1003,,1,25,0.04100,0.05879,67,21,30,0.04612,0.05879,0.65672,0.03333,0,0.00000,0.72222,90.00000,0,1.16956,0.14103,0.30000,0.20140,0:0.003:-0.480:b0.194:0.435:occ0;12:0.204:-0.007:b0.219:0.504:occ0;24:0.215:0.417:b0.136:0.462:occ1;36:0.168:0.482:b0.160:0.466:occ1;48:0.158:0.467:b0.178:0.465:occ1;60:0.162:0.466:b0.138:0.464:occ1;72:0.159:0.466:b0.170:0.468:occ1;84:0.157:0.465:b0.188:0.464:occ1;89:0.161:0.465:b0.142:0.466:occ1
ablate_no_branch_belief,combined_stress,6,1003,,0,25,0.11392,0.11512,67,18,33,0.10874,0.11512,0.50746,0.78788,0,0.64444,0.12222,90.00000,0,1.15743,0.08056,0.30000,0.07187,0:0.005:-0.480:b0.273:0.501:occ0;12:0.189:-0.007:b0.092:0.530:occ0;24:0.226:0.419:b0.319:0.473:occ1;36:0.283:0.470:b0.286:0.439:occ1;48:0.292:0.450:b0.299:0.461:occ1;60:0.287:0.443:b0.291:0.441:occ1;72:0.286:0.444:b0.300:0.459:occ1;84:0.289:0.444:b0.295:0.438:occ1;89:0.289:0.444:b0.288:0.440:occ1
ablate_no_contact_update,combined_stress,6,1003,,1,25,0.06409,0.05012,66,22,22,0.05479,0.05012,0.50000,0.00000,0,0.00000,0.72222,90.00000,0,1.13161,0.09984,0.30000,0.11503,0:0.002:-0.480:b0.177:0.513:occ0;12:0.192:-0.007:b0.256:0.500:occ0;24:0.235:0.417:b0.231:0.485:occ1;36:0.237:0.482:b0.245:0.460:occ1;48:0.239:0.465:b0.234:0.463:occ1;60:0.243:0.461:b0.236:0.463:occ1;72:0.244:0.462:b0.250:0.463:occ1;84:0.250:0.459:b0.236:0.463:occ1;89:0.248:0.459:b0.236:0.464:occ1
ablate_no_uncertainty_inflation,combined_stress,6,1003,,1,25,0.06021,0.05596,66,20,26,0.08440,0.04319,0.00000,0.50000,0,0.44444,0.42222,0.00000,0,1.26995,0.04634,0.09200,0.11006,0:0.002:-0.480:b0.177:0.532:occ0;12:0.194:-0.007:b0.202:0.551:occ0;24:0.243:0.427:b0.338:0.460:occ1;36:0.322:0.499:b0.329:0.473:occ1;48:0.328:0.474:b0.327:0.472:occ1;60:0.263:0.454:b0.244:0.454:occ1;72:0.254:0.449:b0.269:0.445:occ1;84:0.254:0.450:b0.263:0.445:occ1;89:0.252:0.451:b0.248:0.453:occ1
ablate_no_identity_filter,combined_stress,6,1003,,0,25,0.11062,0.11113,67,22,29,0.11213,0.11113,0.59701,0.00000,0,0.00000,0.10000,90.00000,0,1.17149,0.09450,0.30000,0.25255,0:0.006:-0.480:b0.307:0.533:occ0;12:0.184:-0.007:b0.222:0.442:occ0;24:0.199:0.426:b0.097:0.419:occ1;36:0.117:0.461:b0.116:0.439:occ1;48:0.104:0.440:b0.108:0.442:occ1;60:0.105:0.441:b0.106:0.441:occ1;72:0.106:0.441:b0.099:0.439:occ1;84:0.107:0.441:b0.106:0.440:occ1;89:0.107:0.441:b0.105:0.443:occ1
ablate_no_reacquisition_guard,combined_stress,6,1003,,1,26,0.04795,0.05076,66,22,26,0.05449,0.05076,0.50000,0.00000,0,0.00000,0.71111,90.00000,0,1.13589,0.10878,0.30000,0.19397,0:0.003:-0.480:b0.197:0.540:occ0;12:0.183:-0.007:b0.271:0.518:occ0;24:0.242:0.405:b0.142:0.403:occ1;36:0.173:0.454:b0.161:0.441:occ1;48:0.163:0.442:b0.155:0.441:occ1;60:0.164:0.442:b0.160:0.443:occ1;72:0.169:0.440:b0.163:0.442:occ1;84:0.166:0.443:b0.158:0.445:occ1;89:0.166:0.443:b0.164:0.441:occ1
ablate_no_tail_risk_objective,combined_stress,6,1003,,1,25,0.03591,0.03914,66,20,26,0.03523,0.03914,0.50000,0.00000,0,0.00000,0.72222,90.00000,0,1.28310,0.11614,0.30000,0.20803,0:0.004:-0.480:b0.230:0.498:occ0;12:0.186:-0.007:b0.248:0.492:occ0;24:0.196:0.417:b0.174:0.497:occ1;36:0.156:0.495:b0.160:0.497:occ1;48:0.172:0.490:b0.160:0.497:occ1;60:0.169:0.490:b0.173:0.495:occ1;72:0.182:0.479:b0.179:0.486:occ1;84:0.170:0.490:b0.155:0.497:occ1;89:0.163:0.497:b0.160:0.496:occ1
ablate_no_false_detection_rejection,combined_stress,6,1003,,1,25,0.05219,0.05858,67,21,34,0.06699,0.05858,0.50746,0.14706,0,0.00000,0.72222,90.00000,0,1.19185,0.10017,0.30000,0.15641,0:0.002:-0.480:b0.165:0.482:occ0;12:0.188:-0.007:b0.196:0.515:occ0;24:0.234:0.420:b0.296:0.420:occ1;36:0.221:0.453:b0.261:0.433:occ1;48:0.215:0.438:b0.256:0.452:occ1;60:0.230:0.433:b0.176:0.432:occ1;72:0.245:0.440:b0.302:0.455:occ1;84:0.214:0.439:b0.190:0.433:occ1;89:0.203:0.437:b0.223:0.435:occ1
ablate_no_distractor_filter,combined_stress,6,1003,,1,26,0.04038,0.04167,66,22,29,0.04852,0.04167,0.50000,0.06897,0,0.00000,0.71111,90.00000,0,1.17918,0.10998,0.30000,0.16135,0:0.003:-0.480:b0.190:0.444:occ0;12:0.175:-0.007:b0.189:0.462:occ0;24:0.216:0.406:b0.239:0.444:occ1;36:0.220:0.459:b0.217:0.443:occ1;48:0.206:0.446:b0.210:0.437:occ1;60:0.202:0.449:b0.172:0.442:occ1;72:0.227:0.445:b0.186:0.449:occ1;84:0.200:0.444:b0.177:0.445:occ1;89:0.199:0.442:b0.175:0.443:occ1
occlusion_aware_permanence_v4,combined_stress,6,1003,,1,26,0.06802,0.06816,66,21,27,0.06904,0.06816,0.59091,0.03704,0,0.48889,0.71111,90.00000,0,1.13277,0.11030,0.30000,0.10338,0:0.003:-0.480:b0.212:0.501:occ0;12:0.198:-0.007:b0.232:0.447:occ0;24:0.236:0.414:b0.258:0.431:occ1;36:0.255:0.463:b0.259:0.433:occ1;48:0.257:0.443:b0.260:0.438:occ1;60:0.257:0.441:b0.250:0.446:occ1;72:0.258:0.442:b0.262:0.436:occ1;84:0.259:0.445:b0.258:0.434:occ1;89:0.257:0.444:b0.255:0.441:occ1
learned_only_branch,combined_stress,6,1003,,1,25,0.07629,0.08587,66,22,36,0.07192,0.08587,0.18182,0.00000,0,0.00000,0.72222,90.00000,0,1.18243,0.05043,0.21500,0.23498,0:0.002:-0.480:b0.181:0.483:occ0;12:0.193:-0.007:b0.235:0.506:occ0;24:0.223:0.415:b0.156:0.506:occ1;36:0.155:0.518:b0.163:0.517:occ1;48:0.145:0.508:b0.124:0.499:occ1;60:0.140:0.503:b0.126:0.500:occ1;72:0.138:0.503:b0.126:0.500:occ1;84:0.136:0.502:b0.126:0.500:occ1;89:0.136:0.503:b0.126:0.500:occ1
occlusion_full_v5,combined_stress,7,1000,,1,22,0.05448,0.05489,70,17,24,0.04663,0.05489,0.54286,0.00000,0,0.08889,0.75556,90.00000,0,0.99858,0.11849,0.30000,0.11456,0:-0.110:-0.480:b-0.121:0.402:occ0;12:-0.060:-0.011:b-0.092:0.370:occ0;24:-0.073:0.356:b-0.096:0.394:occ1;36:-0.094:0.404:b-0.094:0.392:occ1;48:-0.094:0.391:b-0.095:0.392:occ1;60:-0.093:0.392:b-0.091:0.393:occ1;72:-0.093:0.394:b-0.097:0.392:occ1;84:-0.094:0.394:b-0.091:0.395:occ1;89:-0.094:0.394:b-0.095:0.394:occ1
ablate_no_self_mask,combined_stress,7,1000,,1,23,0.07655,0.08339,69,19,24,0.08398,0.08339,0.66667,0.00000,0,0.00000,0.54444,90.00000,0,0.96271,0.11999,0.30000,0.14278,0:-0.109:-0.480:b-0.109:0.400:occ0;12:-0.079:-0.011:b-0.072:0.353:occ0;24:-0.080:0.316:b-0.076:0.276:occ1;36:-0.085:0.294:b-0.096:0.263:occ1;48:-0.087:0.270:b-0.094:0.270:occ1;60:-0.087:0.278:b-0.095:0.268:occ1;72:-0.089:0.277:b-0.086:0.283:occ1;84:-0.089:0.277:b-0.094:0.270:occ1;89:-0.090:0.274:b-0.095:0.269:occ1
ablate_no_branch_belief,combined_stress,7,1000,,1,22,0.04141,0.04473,70,18,22,0.03809,0.04473,0.52857,0.04545,0,0.00000,0.75556,90.00000,0,0.98692,0.12606,0.30000,0.11825,0:-0.107:-0.480:b-0.030:0.417:occ0;12:-0.074:-0.008:b0.056:0.423:occ0;24:-0.098:0.360:b-0.095:0.375:occ1;36:-0.099:0.395:b-0.097:0.384:occ1;48:-0.097:0.383:b-0.099:0.383:occ1;60:-0.098:0.382:b-0.101:0.382:occ1;72:-0.099:0.382:b-0.100:0.382:occ1;84:-0.101:0.381:b-0.101:0.379:occ1;89:-0.100:0.379:b-0.101:0.383:occ1
ablate_no_contact_update,combined_stress,7,1000,,1,22,0.02223,0.02190,70,19,29,0.02797,0.02190,0.52857,0.00000,0,0.06667,0.75556,90.00000,0,0.97875,0.13180,0.30000,0.11346,0:-0.109:-0.480:b-0.107:0.335:occ0;12:-0.078:-0.009:b-0.075:0.415:occ0;24:-0.079:0.340:b-0.094:0.347:occ1;36:-0.093:0.362:b-0.088:0.361:occ1;48:-0.092:0.351:b-0.095:0.340:occ1;60:-0.092:0.348:b-0.088:0.361:occ1;72:-0.092:0.347:b-0.097:0.336:occ1;84:-0.094:0.343:b-0.091:0.352:occ1;89:-0.093:0.344:b-0.091:0.349:occ1
ablate_no_uncertainty_inflation,combined_stress,7,1000,,1,23,0.02135,0.02289,69,20,25,0.03503,0.02289,0.00000,0.00000,0,0.00000,0.74444,90.00000,0,0.95296,0.05642,0.14000,0.12483,0:-0.109:-0.480:b-0.093:0.394:occ0;12:-0.088:-0.008:b-0.001:0.399:occ0;24:-0.090:0.330:b-0.102:0.323:occ1;36:-0.097:0.343:b-0.103:0.313:occ1;48:-0.098:0.328:b-0.096:0.340:occ1;60:-0.100:0.324:b-0.100:0.324:occ1;72:-0.100:0.324:b-0.097:0.337:occ1;84:-0.100:0.323:b-0.095:0.335:occ1;89:-0.100:0.325:b-0.101:0.324:occ1
ablate_no_identity_filter,combined_stress,7,1000,,1,42,0.05300,0.05569,68,20,25,0.07167,0.02885,0.36765,0.04000,0,0.62222,0.53333,0.00000,0,1.05946,0.09283,0.30000,0.06057,0:-0.108:-0.480:b-0.073:0.359:occ0;12:-0.058:-0.011:b-0.084:0.366:occ0;24:-0.053:0.292:b-0.023:0.233:occ1;36:-0.023:0.255:b-0.020:0.231:occ1;48:-0.032:0.368:b-0.036:0.394:occ1;60:-0.037:0.397:b-0.039:0.385:occ1;72:-0.038:0.392:b-0.039:0.391:occ1;84:-0.039:0.391:b-0.039:0.385:occ1;89:-0.039:0.391:b-0.038:0.393:occ1
ablate_no_reacquisition_guard,combined_stress,7,1000,,1,23,0.05930,0.05745,69,21,32,0.05306,0.05745,0.52174,0.00000,0,0.74444,0.74444,90.00000,0,1.00136,0.10762,0.30000,0.05834,0:-0.108:-0.480:b-0.079:0.342:occ0;12:-0.079:-0.014:b-0.074:0.344:occ0;24:-0.050:0.350:b-0.030:0.383:occ1;36:-0.030:0.408:b-0.032:0.395:occ1;48:-0.034:0.394:b-0.036:0.391:occ1;60:-0.034:0.397:b-0.035:0.399:occ1;72:-0.033:0.399:b-0.035:0.397:occ1;84:-0.033:0.399:b-0.035:0.396:occ1;89:-0.033:0.397:b-0.035:0.395:occ1
ablate_no_tail_risk_objective,combined_stress,7,1000,,1,23,0.01477,0.01435,69,19,21,0.02339,0.01435,0.52174,0.00000,0,0.01111,0.74444,90.00000,0,1.08428,0.13531,0.30000,0.11105,0:-0.110:-0.480:b-0.125:0.239:occ0;12:-0.067:-0.019:b-0.225:0.249:occ0;24:-0.083:0.342:b-0.097:0.346:occ1;36:-0.092:0.347:b-0.099:0.352:occ1;48:-0.097:0.343:b-0.094:0.346:occ1;60:-0.090:0.351:b-0.096:0.338:occ1;72:-0.096:0.341:b-0.096:0.344:occ1;84:-0.091:0.348:b-0.092:0.343:occ1;89:-0.092:0.347:b-0.090:0.349:occ1
ablate_no_false_detection_rejection,combined_stress,7,1000,,0,23,0.10938,0.10778,69,17,31,0.09799,0.10778,0.52174,0.70968,0,0.74444,0.11111,90.00000,0,1.06915,0.08842,0.30000,0.06238,0:-0.112:-0.480:b-0.178:0.368:occ0;12:-0.089:-0.011:b-0.012:0.393:occ0;24:-0.036:0.339:b-0.016:0.422:occ1;36:-0.011:0.437:b0.012:0.404:occ1;48:-0.004:0.425:b-0.014:0.384:occ1;60:-0.018:0.423:b-0.014:0.422:occ1;72:-0.016:0.426:b-0.019:0.443:occ1;84:-0.018:0.425:b0.007:0.406:occ1;89:-0.011:0.424:b-0.031:0.433:occ1
ablate_no_distractor_filter,combined_stress,7,1000,,0,22,0.08938,0.09628,69,19,23,0.08543,0.09628,0.52174,0.91304,0,0.74444,0.24444,90.00000,0,1.03541,0.09885,0.30000,0.02445,0:-0.110:-0.480:b-0.118:0.354:occ0;12:-0.091:-0.010:b-0.082:0.357:occ0;24:-0.037:0.340:b0.013:0.334:occ1;36:0.016:0.354:b0.012:0.337:occ1;48:0.015:0.345:b0.010:0.367:occ1;60:0.010:0.344:b-0.019:0.380:occ1;72:0.005:0.347:b0.012:0.339:occ1;84:0.015:0.342:b0.012:0.334:occ1;89:0.016:0.344:b0.023:0.338:occ1
occlusion_aware_permanence_v4,combined_stress,7,1000,,1,22,0.02564,0.02682,69,19,29,0.02972,0.02682,0.60870,0.03448,0,0.05556,0.75556,90.00000,0,0.98974,0.14244,0.30000,0.12821,0:-0.107:-0.480:b-0.034:0.384:occ0;12:-0.058:-0.012:b-0.134:0.349:occ0;24:-0.076:0.350:b-0.107:0.361:occ1;36:-0.109:0.382:b-0.102:0.379:occ1;48:-0.111:0.370:b-0.111:0.369:occ1;60:-0.110:0.369:b-0.114:0.369:occ1;72:-0.110:0.370:b-0.114:0.369:occ1;84:-0.111:0.370:b-0.113:0.369:occ1;89:-0.111:0.369:b-0.113:0.369:occ1
learned_only_branch,combined_stress,7,1000,,0,22,0.08180,0.08884,70,16,32,0.08536,0.08884,0.22857,0.00000,0,0.75556,0.33333,90.00000,0,0.99112,0.05900,0.22700,0.07223,0:-0.108:-0.480:b-0.061:0.282:occ0;12:-0.075:-0.012:b-0.047:0.316:occ0;24:-0.033:0.330:b-0.021:0.324:occ1;36:-0.007:0.319:b-0.002:0.289:occ1;48:-0.003:0.295:b-0.000:0.288:occ1;60:-0.003:0.300:b0.002:0.289:occ1;72:0.000:0.298:b-0.002:0.312:occ1;84:-0.000:0.300:b0.003:0.287:occ1;89:0.001:0.298:b0.003:0.287:occ1
occlusion_full_v5,combined_stress,7,1001,,1,24,0.06036,0.06098,68,20,36,0.05532,0.06098,0.51471,0.00000,0,0.00000,0.73333,90.00000,0,1.09086,0.10782,0.30000,0.20841,0:0.053:-0.480:b-0.013:0.459:occ0;12:-0.006:-0.010:b-0.015:0.382:occ0;24:-0.020:0.392:b0.016:0.471:occ1;36:0.015:0.476:b0.025:0.456:occ1;48:0.023:0.458:b0.021:0.453:occ1;60:0.023:0.451:b0.022:0.447:occ1;72:0.021:0.447:b0.022:0.448:occ1;84:0.021:0.448:b0.023:0.450:occ1;89:0.021:0.447:b0.022:0.447:occ1
ablate_no_self_mask,combined_stress,7,1001,,1,24,0.06588,0.07209,68,20,27,0.08198,0.07209,0.66176,0.00000,0,0.00000,0.51111,90.00000,0,1.11589,0.12613,0.30000,0.14572,0:0.054:-0.480:b-0.007:0.398:occ0;12:-0.011:-0.007:b-0.040:0.549:occ0;24:-0.042:0.394:b-0.125:0.460:occ1;36:-0.118:0.480:b-0.125:0.481:occ1;48:-0.122:0.470:b-0.121:0.480:occ1;60:-0.119:0.469:b-0.120:0.469:occ1;72:-0.119:0.472:b-0.121:0.480:occ1;84:-0.119:0.466:b-0.120:0.456:occ1;89:-0.118:0.466:b-0.122:0.479:occ1
ablate_no_branch_belief,combined_stress,7,1001,,1,25,0.03927,0.04014,67,21,35,0.03134,0.04014,0.52239,0.00000,0,0.00000,0.72222,90.00000,0,1.04630,0.12164,0.30000,0.16891,0:0.053:-0.480:b-0.029:0.468:occ0;12:-0.008:-0.007:b-0.025:0.438:occ0;24:-0.009:0.378:b-0.011:0.433:occ1;36:-0.016:0.449:b-0.017:0.428:occ1;48:-0.018:0.430:b-0.017:0.428:occ1;60:-0.017:0.427:b-0.015:0.432:occ1;72:-0.016:0.431:b-0.018:0.429:occ1;84:-0.017:0.431:b-0.015:0.432:occ1;89:-0.017:0.431:b-0.019:0.428:occ1
ablate_no_contact_update,combined_stress,7,1001,,1,24,0.03515,0.02919,68,21,29,0.03571,0.02919,0.51471,0.00000,0,0.00000,0.73333,90.00000,0,1.07951,0.11985,0.30000,0.20244,0:0.052:-0.480:b-0.068:0.463:occ0;12:-0.009:-0.008:b-0.028:0.419:occ0;24:-0.024:0.392:b-0.017:0.469:occ1;36:-0.010:0.487:b-0.009:0.470:occ1;48:-0.006:0.475:b-0.007:0.473:occ1;60:-0.003:0.472:b-0.000:0.472:occ1;72:-0.005:0.470:b-0.011:0.469:occ1;84:-0.007:0.469:b-0.005:0.470:occ1;89:-0.007:0.470:b-0.013:0.468:occ1
ablate_no_uncertainty_inflation,combined_stress,7,1001,,0,25,0.09240,0.09882,68,18,29,0.08274,0.09882,0.00000,0.00000,0,0.00000,0.26667,90.00000,0,1.02546,0.02899,0.14000,0.13443,0:0.053:-0.480:b-0.019:0.424:occ0;12:-0.034:-0.007:b-0.061:0.481:occ0;24:-0.025:0.373:b-0.006:0.380:occ1;36:-0.019:0.395:b-0.017:0.381:occ1;48:-0.020:0.378:b-0.024:0.372:occ1;60:-0.019:0.377:b-0.025:0.375:occ1;72:-0.022:0.373:b-0.026:0.388:occ1;84:-0.023:0.377:b-0.024:0.376:occ1;89:-0.023:0.375:b-0.030:0.366:occ1
ablate_no_identity_filter,combined_stress,7,1001,,0,25,0.08094,0.08916,68,21,20,0.07368,0.08916,0.60294,0.00000,0,0.00000,0.34444,90.00000,0,1.03057,0.11085,0.30000,0.14110,0:0.052:-0.480:b-0.045:0.386:occ0;12:-0.005:-0.009:b-0.044:0.436:occ0;24:-0.000:0.375:b-0.019:0.370:occ1;36:-0.012:0.400:b-0.015:0.380:occ1;48:-0.015:0.381:b-0.008:0.382:occ1;60:-0.008:0.383:b-0.008:0.384:occ1;72:-0.009:0.383:b-0.007:0.383:occ1;84:-0.015:0.380:b-0.019:0.374:occ1;89:-0.017:0.380:b-0.015:0.372:occ1
ablate_no_reacquisition_guard,combined_stress,7,1001,,1,24,0.05214,0.05084,68,18,26,0.04590,0.05084,0.51471,0.00000,0,0.00000,0.73333,90.00000,0,1.08724,0.11203,0.30000,0.20026,0:0.054:-0.480:b0.016:0.502:occ0;12:0.017:-0.009:b0.019:0.386:occ0;24:-0.025:0.397:b0.008:0.467:occ1;36:-0.002:0.477:b0.003:0.445:occ1;48:0.007:0.454:b0.006:0.449:occ1;60:0.010:0.449:b0.012:0.451:occ1;72:0.011:0.449:b0.008:0.445:occ1;84:0.010:0.448:b0.010:0.448:occ1;89:0.010:0.448:b0.009:0.446:occ1
ablate_no_tail_risk_objective,combined_stress,7,1001,,1,24,0.05198,0.05454,68,16,26,0.05529,0.05454,0.51471,0.00000,0,0.00000,0.73333,90.00000,0,1.16196,0.10858,0.30000,0.13369,0:0.054:-0.480:b0.005:0.411:occ0;12:-0.003:-0.010:b-0.124:0.351:occ0;24:-0.037:0.389:b-0.020:0.391:occ1;36:-0.037:0.385:b-0.029:0.399:occ1;48:-0.034:0.393:b-0.033:0.396:occ1;60:-0.031:0.391:b-0.034:0.395:occ1;72:-0.036:0.391:b-0.035:0.394:occ1;84:-0.041:0.379:b-0.038:0.386:occ1;89:-0.035:0.396:b-0.036:0.393:occ1
ablate_no_false_detection_rejection,combined_stress,7,1001,,1,24,0.03036,0.05266,68,21,28,0.03558,0.05266,0.51471,0.00000,0,0.00000,0.73333,90.00000,0,1.13631,0.12371,0.30000,0.17296,0:0.054:-0.480:b0.014:0.452:occ0;12:0.003:-0.011:b0.030:0.368:occ0;24:-0.020:0.377:b-0.014:0.416:occ1;36:-0.020:0.469:b-0.047:0.427:occ1;48:-0.022:0.451:b-0.011:0.461:occ1;60:-0.031:0.435:b-0.062:0.403:occ1;72:-0.016:0.448:b-0.010:0.463:occ1;84:-0.022:0.444:b-0.021:0.440:occ1;89:-0.021:0.442:b-0.007:0.464:occ1
ablate_no_distractor_filter,combined_stress,7,1001,,1,24,0.04131,0.02939,68,20,35,0.03649,0.02939,0.51471,0.00000,0,0.00000,0.73333,90.00000,0,1.10622,0.11755,0.30000,0.14539,0:0.052:-0.480:b-0.047:0.444:occ0;12:0.016:-0.007:b0.028:0.489:occ0;24:-0.006:0.387:b-0.042:0.418:occ1;36:-0.028:0.438:b-0.023:0.422:occ1;48:-0.027:0.416:b-0.007:0.439:occ1;60:-0.036:0.408:b-0.028:0.438:occ1;72:-0.023:0.426:b-0.028:0.417:occ1;84:-0.031:0.416:b-0.058:0.404:occ1;89:-0.032:0.412:b-0.011:0.435:occ1
occlusion_aware_permanence_v4,combined_stress,7,1001,,1,24,0.04756,0.04734,68,21,34,0.05583,0.04734,0.61765,0.00000,0,0.00000,0.70000,90.00000,0,1.11546,0.12778,0.30000,0.20459,0:0.054:-0.480:b0.014:0.382:occ0;12:-0.015:-0.008:b-0.060:0.406:occ0;24:-0.033:0.410:b-0.044:0.503:occ1;36:-0.041:0.521:b-0.047:0.504:occ1;48:-0.046:0.507:b-0.049:0.503:occ1;60:-0.049:0.502:b-0.048:0.503:occ1;72:-0.047:0.503:b-0.048:0.503:occ1;84:-0.048:0.503:b-0.048:0.503:occ1;89:-0.049:0.503:b-0.050:0.502:occ1
learned_only_branch,combined_stress,7,1001,,1,24,0.06605,0.06569,68,19,19,0.06274,0.06569,0.20588,0.00000,0,0.00000,0.73333,90.00000,0,1.01466,0.06011,0.22100,0.13716,0:0.053:-0.480:b-0.012:0.427:occ0;12:0.005:-0.007:b-0.007:0.512:occ0;24:-0.021:0.375:b-0.010:0.385:occ1;36:-0.021:0.397:b-0.015:0.383:occ1;48:-0.021:0.379:b-0.019:0.381:occ1;60:-0.022:0.379:b-0.019:0.382:occ1;72:-0.021:0.383:b-0.019:0.383:occ1;84:-0.022:0.380:b-0.019:0.381:occ1;89:-0.021:0.379:b-0.019:0.381:occ1
occlusion_full_v5,combined_stress,7,1002,,1,24,0.03001,0.02388,67,22,35,0.03141,0.02388,0.50746,0.00000,0,0.00000,0.73333,90.00000,0,1.11361,0.12478,0.30000,0.20882,0:0.030:-0.480:b0.048:0.521:occ0;12:0.108:-0.007:b0.141:0.438:occ0;24:0.118:0.420:b0.097:0.454:occ1;36:0.093:0.490:b0.082:0.468:occ1;48:0.094:0.474:b0.099:0.475:occ1;60:0.095:0.471:b0.095:0.470:occ1;72:0.096:0.471:b0.088:0.470:occ1;84:0.089:0.469:b0.104:0.471:occ1;89:0.095:0.471:b0.106:0.475:occ1
ablate_no_self_mask,combined_stress,7,1002,,0,25,0.08115,0.08282,67,19,21,0.08453,0.08282,0.65672,0.00000,0,0.00000,0.10000,90.00000,0,1.15451,0.11683,0.30000,0.17886,0:0.034:-0.480:b0.177:0.443:occ0;12:0.120:-0.007:b0.046:0.489:occ0;24:0.157:0.407:b0.200:0.509:occ1;36:0.188:0.536:b0.168:0.556:occ1;48:0.181:0.540:b0.185:0.533:occ1;60:0.177:0.540:b0.174:0.543:occ1;72:0.178:0.538:b0.175:0.543:occ1;84:0.181:0.534:b0.194:0.507:occ1;89:0.181:0.532:b0.189:0.518:occ1
ablate_no_branch_belief,combined_stress,7,1002,,1,24,0.02500,0.02737,67,18,27,0.02644,0.02737,0.50746,0.03704,0,0.00000,0.73333,90.00000,0,1.11255,0.13052,0.30000,0.21119,0:0.034:-0.480:b0.190:0.423:occ0;12:0.129:-0.007:b0.165:0.430:occ0;24:0.139:0.418:b0.104:0.444:occ1;36:0.099:0.491:b0.086:0.473:occ1;48:0.096:0.478:b0.111:0.477:occ1;60:0.097:0.476:b0.096:0.477:occ1;72:0.095:0.476:b0.098:0.478:occ1;84:0.098:0.478:b0.089:0.475:occ1;89:0.095:0.477:b0.093:0.476:occ1
ablate_no_contact_update,combined_stress,7,1002,,1,25,0.04224,0.04737,67,20,22,0.04253,0.04737,0.50746,0.00000,0,0.00000,0.72222,90.00000,0,1.11772,0.11566,0.30000,0.21793,0:0.033:-0.480:b0.147:0.478:occ0;12:0.115:-0.007:b0.159:0.459:occ0;24:0.134:0.410:b0.058:0.481:occ1;36:0.084:0.481:b0.092:0.463:occ1;48:0.082:0.464:b0.100:0.463:occ1;60:0.084:0.461:b0.098:0.462:occ1;72:0.084:0.460:b0.074:0.459:occ1;84:0.080:0.460:b0.087:0.463:occ1;89:0.081:0.461:b0.076:0.459:occ1
ablate_no_uncertainty_inflation,combined_stress,7,1002,,1,25,0.01580,0.04726,67,21,28,0.03962,0.04726,0.00000,0.00000,0,0.00000,0.72222,90.00000,0,1.17934,0.05341,0.14000,0.21805,0:0.030:-0.480:b0.071:0.496:occ0;12:0.103:-0.007:b0.103:0.544:occ0;24:0.139:0.414:b0.109:0.533:occ1;36:0.113:0.533:b0.089:0.508:occ1;48:0.099:0.518:b0.108:0.517:occ1;60:0.110:0.518:b0.106:0.517:occ1;72:0.113:0.520:b0.122:0.525:occ1;84:0.109:0.518:b0.139:0.533:occ1;89:0.114:0.521:b0.080:0.503:occ1
ablate_no_identity_filter,combined_stress,7,1002,,0,26,0.08844,0.07841,66,21,28,0.08175,0.07841,0.59091,0.00000,0,0.05556,0.37778,90.00000,0,1.09804,0.10507,0.30000,0.10777,0:0.030:-0.480:b0.057:0.459:occ0;12:0.108:-0.007:b0.150:0.558:occ0;24:0.124:0.381:b0.213:0.443:occ1;36:0.196:0.465:b0.188:0.459:occ1;48:0.199:0.458:b0.189:0.455:occ1;60:0.201:0.455:b0.208:0.451:occ1;72:0.202:0.452:b0.215:0.451:occ1;84:0.201:0.452:b0.207:0.451:occ1;89:0.200:0.452:b0.188:0.451:occ1
ablate_no_reacquisition_guard,combined_stress,7,1002,,1,24,0.07882,0.08136,68,19,25,0.07110,0.08136,0.51471,0.00000,0,0.00000,0.73333,90.00000,0,1.06608,0.09728,0.30000,0.19857,0:0.034:-0.480:b0.184:0.421:occ0;12:0.120:-0.007:b0.113:0.491:occ0;24:0.132:0.407:b0.080:0.416:occ1;36:0.096:0.439:b0.092:0.422:occ1;48:0.089:0.422:b0.089:0.422:occ1;60:0.090:0.420:b0.092:0.418:occ1;72:0.091:0.420:b0.092:0.419:occ1;84:0.091:0.422:b0.091:0.421:occ1;89:0.091:0.421:b0.092:0.417:occ1
ablate_no_tail_risk_objective,combined_stress,7,1002,,1,25,0.05334,0.04603,67,21,32,0.05256,0.04603,0.50746,0.00000,0,0.00000,0.72222,90.00000,0,1.24259,0.11034,0.30000,0.17476,0:0.033:-0.480:b0.150:0.513:occ0;12:0.118:-0.014:b0.187:0.280:occ0;24:0.150:0.417:b0.164:0.516:occ1;36:0.160:0.517:b0.150:0.507:occ1;48:0.160:0.508:b0.166:0.507:occ1;60:0.167:0.509:b0.182:0.505:occ1;72:0.165:0.502:b0.142:0.500:occ1;84:0.164:0.508:b0.149:0.510:occ1;89:0.160:0.508:b0.151:0.510:occ1
ablate_no_false_detection_rejection,combined_stress,7,1002,,1,25,0.01751,0.06710,67,21,28,0.04529,0.06710,0.50746,0.00000,0,0.00000,0.72222,90.00000,0,1.20105,0.11473,0.30000,0.20944,0:0.032:-0.480:b0.130:0.464:occ0;12:0.109:-0.007:b0.121:0.527:occ0;24:0.108:0.409:b0.073:0.521:occ1;36:0.096:0.519:b0.085:0.497:occ1;48:0.102:0.498:b0.066:0.510:occ1;60:0.115:0.489:b0.060:0.505:occ1;72:0.101:0.496:b0.115:0.485:occ1;84:0.094:0.495:b0.078:0.502:occ1;89:0.105:0.492:b0.183:0.459:occ1
ablate_no_distractor_filter,combined_stress,7,1002,,1,25,0.02728,0.04176,67,19,27,0.04171,0.04176,0.52239,0.00000,0,0.00000,0.72222,90.00000,0,1.19529,0.11960,0.30000,0.21693,0:0.031:-0.480:b0.096:0.533:occ0;12:0.121:-0.008:b0.148:0.401:occ0;24:0.123:0.410:b0.064:0.502:occ1;36:0.093:0.515:b0.075:0.498:occ1;48:0.097:0.497:b0.131:0.476:occ1;60:0.100:0.490:b0.079:0.501:occ1;72:0.120:0.485:b0.106:0.489:occ1;84:0.108:0.487:b0.088:0.491:occ1;89:0.096:0.492:b0.079:0.501:occ1
occlusion_aware_permanence_v4,combined_stress,7,1002,,1,24,0.03205,0.03750,68,19,24,0.04960,0.03750,0.60294,0.04167,0,0.00000,0.73333,90.00000,0,1.18755,0.13180,0.30000,0.23206,0:0.032:-0.480:b0.128:0.431:occ0;12:0.125:-0.007:b0.187:0.445:occ0;24:0.146:0.439:b0.108:0.521:occ1;36:0.098:0.537:b0.112:0.527:occ1;48:0.103:0.528:b0.094:0.519:occ1;60:0.111:0.527:b0.103:0.524:occ1;72:0.104:0.523:b0.115:0.530:occ1;84:0.097:0.520:b0.112:0.528:occ1;89:0.095:0.519:b0.084:0.512:occ1
learned_only_branch,combined_stress,7,1002,,0,25,0.08880,0.08609,67,19,28,0.08659,0.08609,0.19403,0.00000,0,0.00000,0.15556,90.00000,0,1.08318,0.04996,0.21800,0.24122,0:0.030:-0.480:b0.068:0.459:occ0;12:0.097:-0.007:b0.121:0.477:occ0;24:0.103:0.394:b0.048:0.446:occ1;36:0.051:0.459:b0.052:0.432:occ1;48:0.048:0.437:b0.049:0.435:occ1;60:0.050:0.434:b0.051:0.436:occ1;72:0.050:0.433:b0.048:0.432:occ1;84:0.050:0.433:b0.048:0.432:occ1;89:0.050:0.434:b0.051:0.437:occ1
occlusion_full_v5,combined_stress,7,1003,,1,24,0.05404,0.06996,68,18,29,0.04930,0.06996,0.51471,0.03448,0,0.00000,0.73333,90.00000,0,1.09187,0.11251,0.30000,0.15054,0:-0.032:-0.480:b-0.152:0.390:occ0;12:-0.228:-0.012:b-0.287:0.386:occ0;24:-0.273:0.366:b-0.252:0.398:occ1;36:-0.252:0.406:b-0.248:0.385:occ1;48:-0.239:0.382:b-0.247:0.385:occ1;60:-0.237:0.377:b-0.229:0.373:occ1;72:-0.237:0.377:b-0.229:0.373:occ1;84:-0.244:0.381:b-0.258:0.390:occ1;89:-0.249:0.383:b-0.226:0.372:occ1
ablate_no_self_mask,combined_stress,7,1003,,0,23,0.13684,0.14560,68,21,25,0.14326,0.14560,0.66176,0.00000,0,0.00000,0.06667,90.00000,0,1.22839,0.09680,0.30000,0.17058,0:-0.035:-0.480:b-0.229:0.418:occ0;12:-0.237:-0.013:b-0.257:0.331:occ0;24:-0.276:0.405:b-0.308:0.569:occ1;36:-0.297:0.574:b-0.293:0.582:occ1;48:-0.297:0.568:b-0.300:0.563:occ1;60:-0.297:0.558:b-0.294:0.575:occ1;72:-0.298:0.562:b-0.300:0.556:occ1;84:-0.301:0.556:b-0.293:0.574:occ1;89:-0.298:0.561:b-0.294:0.572:occ1
ablate_no_branch_belief,combined_stress,7,1003,,0,23,0.09655,0.06903,68,18,30,0.08671,0.06903,0.51471,0.00000,0,0.00000,0.25556,90.00000,0,1.11720,0.08395,0.30000,0.20254,0:-0.037:-0.480:b-0.328:0.434:occ0;12:-0.243:-0.009:b-0.295:0.398:occ0;24:-0.243:0.370:b-0.181:0.371:occ1;36:-0.203:0.397:b-0.204:0.377:occ1;48:-0.195:0.373:b-0.178:0.355:occ1;60:-0.193:0.366:b-0.196:0.367:occ1;72:-0.200:0.372:b-0.209:0.373:occ1;84:-0.206:0.380:b-0.188:0.367:occ1;89:-0.197:0.375:b-0.228:0.392:occ1
ablate_no_contact_update,combined_stress,7,1003,,1,23,0.03380,0.03290,68,19,26,0.04102,0.03290,0.51471,0.00000,0,0.00000,0.74444,90.00000,0,1.13011,0.12175,0.30000,0.15455,0:-0.036:-0.480:b-0.263:0.497:occ0;12:-0.233:-0.013:b-0.338:0.447:occ0;24:-0.260:0.388:b-0.247:0.470:occ1;36:-0.248:0.481:b-0.227:0.464:occ1;48:-0.238:0.469:b-0.233:0.466:occ1;60:-0.243:0.468:b-0.266:0.472:occ1;72:-0.248:0.468:b-0.232:0.465:occ1;84:-0.244:0.467:b-0.255:0.469:occ1;89:-0.247:0.468:b-0.249:0.468:occ1
ablate_no_uncertainty_inflation,combined_stress,7,1003,,0,23,0.08396,0.08157,68,20,25,0.08947,0.08157,0.00000,0.04000,0,0.56667,0.08889,90.00000,0,1.12943,0.03984,0.14000,0.10018,0:-0.034:-0.480:b-0.224:0.373:occ0;12:-0.217:-0.010:b-0.285:0.356:occ0;24:-0.285:0.389:b-0.319:0.500:occ1;36:-0.319:0.500:b-0.320:0.486:occ1;48:-0.321:0.490:b-0.319:0.488:occ1;60:-0.322:0.488:b-0.323:0.489:occ1;72:-0.323:0.488:b-0.323:0.486:occ1;84:-0.322:0.489:b-0.318:0.488:occ1;89:-0.321:0.488:b-0.318:0.488:occ1
ablate_no_identity_filter,combined_stress,7,1003,,1,23,0.06375,0.06269,68,22,24,0.07117,0.06269,0.60294,0.12500,0,0.67778,0.61111,90.00000,0,1.11897,0.11823,0.30000,0.07397,0:-0.035:-0.480:b-0.227:0.374:occ0;12:-0.218:-0.009:b-0.267:0.394:occ0;24:-0.267:0.383:b-0.334:0.458:occ1;36:-0.327:0.467:b-0.331:0.454:occ1;48:-0.331:0.456:b-0.326:0.452:occ1;60:-0.326:0.449:b-0.326:0.451:occ1;72:-0.326:0.449:b-0.326:0.449:occ1;84:-0.327:0.449:b-0.325:0.448:occ1;89:-0.326:0.449:b-0.325:0.448:occ1
ablate_no_reacquisition_guard,combined_stress,7,1003,,0,24,0.08397,0.09180,68,20,34,0.07976,0.09180,0.51471,0.00000,0,0.00000,0.33333,90.00000,0,1.06565,0.09381,0.30000,0.18856,0:-0.037:-0.480:b-0.306:0.456:occ0;12:-0.206:-0.008:b-0.107:0.417:occ0;24:-0.233:0.354:b-0.214:0.389:occ1;36:-0.215:0.380:b-0.235:0.386:occ1;48:-0.219:0.371:b-0.191:0.342:occ1;60:-0.211:0.361:b-0.237:0.373:occ1;72:-0.206:0.359:b-0.213:0.368:occ1;84:-0.209:0.366:b-0.189:0.340:occ1;89:-0.213:0.369:b-0.235:0.352:occ1
ablate_no_tail_risk_objective,combined_stress,7,1003,,1,23,0.02992,0.04055,68,18,24,0.02353,0.04055,0.51471,0.00000,0,0.00000,0.74444,90.00000,0,1.21392,0.13042,0.30000,0.15084,0:-0.035:-0.480:b-0.237:0.482:occ0;12:-0.218:-0.012:b-0.194:0.360:occ0;24:-0.238:0.384:b-0.239:0.412:occ1;36:-0.235:0.406:b-0.236:0.408:occ1;48:-0.241:0.410:b-0.239:0.408:occ1;60:-0.236:0.407:b-0.246:0.410:occ1;72:-0.259:0.414:b-0.242:0.409:occ1;84:-0.243:0.407:b-0.235:0.406:occ1;89:-0.244:0.411:b-0.234:0.406:occ1
ablate_no_false_detection_rejection,combined_stress,7,1003,,1,24,0.07131,0.06646,68,20,34,0.08310,0.06646,0.51471,0.20588,0,0.66667,0.48889,90.00000,0,1.19490,0.10818,0.30000,0.10347,0:-0.034:-0.480:b-0.195:0.410:occ0;12:-0.259:-0.009:b-0.292:0.413:occ0;24:-0.298:0.388:b-0.332:0.487:occ1;36:-0.328:0.502:b-0.327:0.478:occ1;48:-0.339:0.487:b-0.329:0.452:occ1;60:-0.321:0.486:b-0.318:0.485:occ1;72:-0.318:0.489:b-0.329:0.489:occ1;84:-0.322:0.493:b-0.312:0.499:occ1;89:-0.320:0.492:b-0.316:0.489:occ1
ablate_no_distractor_filter,combined_stress,7,1003,,1,24,0.06327,0.06774,68,20,29,0.05840,0.06774,0.51471,0.03448,0,0.00000,0.73333,90.00000,0,1.10426,0.10812,0.30000,0.15268,0:-0.035:-0.480:b-0.250:0.398:occ0;12:-0.250:-0.008:b-0.292:0.424:occ0;24:-0.262:0.364:b-0.231:0.383:occ1;36:-0.255:0.401:b-0.225:0.375:occ1;48:-0.260:0.381:b-0.244:0.382:occ1;60:-0.259:0.378:b-0.268:0.390:occ1;72:-0.249:0.376:b-0.229:0.374:occ1;84:-0.248:0.375:b-0.233:0.375:occ1;89:-0.247:0.380:b-0.232:0.379:occ1
occlusion_aware_permanence_v4,combined_stress,7,1003,,1,24,0.05523,0.05393,68,20,29,0.05389,0.05393,0.60294,0.03448,0,0.00000,0.73333,90.00000,0,1.10793,0.11959,0.30000,0.14320,0:-0.035:-0.480:b-0.256:0.390:occ0;12:-0.226:-0.007:b-0.279:0.447:occ0;24:-0.277:0.369:b-0.271:0.398:occ1;36:-0.253:0.396:b-0.226:0.366:occ1;48:-0.252:0.376:b-0.257:0.376:occ1;60:-0.246:0.371:b-0.226:0.366:occ1;72:-0.246:0.371:b-0.254:0.371:occ1;84:-0.264:0.378:b-0.278:0.384:occ1;89:-0.258:0.376:b-0.262:0.377:occ1
learned_only_branch,combined_stress,7,1003,,1,23,0.04762,0.04747,68,18,30,0.05590,0.04747,0.23529,0.00000,0,0.00000,0.74444,90.00000,0,1.14331,0.07209,0.22700,0.15801,0:-0.037:-0.480:b-0.291:0.422:occ0;12:-0.205:-0.010:b-0.182:0.377:occ0;24:-0.255:0.400:b-0.288:0.499:occ1;36:-0.257:0.501:b-0.269:0.486:occ1;48:-0.255:0.489:b-0.234:0.485:occ1;60:-0.248:0.485:b-0.269:0.488:occ1;72:-0.242:0.485:b-0.234:0.485:occ1;84:-0.248:0.486:b-0.270:0.486:occ1;89:-0.251:0.486:b-0.234:0.485:occ1
occlusion_full_v5,combined_extreme_stress,0,1000,,1,26,0.02470,0.02423,67,18,37,0.02988,0.02423,0.55224,0.00000,0,0.00000,0.71111,90.00000,0,1.23801,0.13686,0.30000,0.14660,0:0.045:-0.480:b0.456:0.429:occ0;12:0.347:-0.035:b0.371:0.549:occ0;24:0.400:0.371:b0.385:0.444:occ1;36:0.403:0.481:b0.436:0.500:occ1;48:0.414:0.476:b0.416:0.482:occ1;60:0.410:0.463:b0.411:0.451:occ1;72:0.409:0.465:b0.398:0.431:occ1;84:0.410:0.466:b0.421:0.481:occ1;89:0.410:0.466:b0.411:0.467:occ1
ablate_no_self_mask,combined_extreme_stress,0,1000,,1,26,0.04005,0.03941,67,18,38,0.03644,0.03941,0.68657,0.00000,0,0.00000,0.71111,90.00000,0,1.20307,0.15721,0.30000,0.12024,0:0.045:-0.480:b0.403:0.385:occ0;12:0.335:-0.035:b0.345:0.602:occ0;24:0.443:0.375:b0.409:0.492:occ1;36:0.435:0.498:b0.421:0.489:occ1;48:0.430:0.491:b0.416:0.485:occ1;60:0.430:0.483:b0.426:0.492:occ1;72:0.428:0.486:b0.442:0.491:occ1;84:0.428:0.487:b0.425:0.482:occ1;89:0.427:0.486:b0.426:0.486:occ1
ablate_no_branch_belief,combined_extreme_stress,0,1000,,1,26,0.05376,0.06017,67,17,35,0.04581,0.06017,0.50746,0.08571,0,0.00000,0.71111,90.00000,0,1.29956,0.12227,0.30000,0.14480,0:0.045:-0.480:b0.378:0.495:occ0;12:0.391:-0.035:b0.475:0.466:occ0;24:0.431:0.382:b0.439:0.492:occ1;36:0.418:0.502:b0.402:0.474:occ1;48:0.416:0.492:b0.394:0.459:occ1;60:0.401:0.468:b0.397:0.465:occ1;72:0.407:0.478:b0.390:0.453:occ1;84:0.403:0.471:b0.379:0.443:occ1;89:0.405:0.474:b0.397:0.466:occ1
ablate_no_contact_update,combined_extreme_stress,0,1000,,1,27,0.04947,0.07003,66,21,32,0.03959,0.07003,0.50000,0.00000,0,0.00000,0.70000,90.00000,0,1.24154,0.12034,0.30000,0.16203,0:0.045:-0.480:b0.367:0.397:occ0;12:0.347:-0.035:b0.439:0.559:occ0;24:0.414:0.347:b0.364:0.456:occ1;36:0.405:0.482:b0.428:0.512:occ1;48:0.400:0.477:b0.419:0.508:occ1;60:0.397:0.470:b0.376:0.467:occ1;72:0.396:0.475:b0.427:0.506:occ1;84:0.403:0.475:b0.376:0.430:occ1;89:0.392:0.462:b0.382:0.442:occ1
ablate_no_uncertainty_inflation,combined_extreme_stress,0,1000,,1,25,0.03172,0.05987,67,15,31,0.03727,0.05987,0.00000,0.00000,0,0.00000,0.72222,90.00000,0,1.23605,0.05636,0.14000,0.15170,0:0.045:-0.480:b0.481:0.490:occ0;12:0.325:-0.038:b0.378:0.293:occ0;24:0.416:0.383:b0.353:0.499:occ1;36:0.394:0.505:b0.402:0.504:occ1;48:0.391:0.494:b0.389:0.491:occ1;60:0.391:0.493:b0.372:0.479:occ1;72:0.387:0.487:b0.394:0.496:occ1;84:0.387:0.487:b0.394:0.499:occ1;89:0.386:0.487:b0.369:0.464:occ1
ablate_no_identity_filter,combined_extreme_stress,0,1000,,1,25,0.01978,0.03473,67,20,28,0.03393,0.03473,0.59701,0.00000,0,0.00000,0.72222,90.00000,0,1.27138,0.13919,0.30000,0.13986,0:0.045:-0.480:b0.427:0.455:occ0;12:0.351:-0.035:b0.295:0.431:occ0;24:0.414:0.392:b0.427:0.504:occ1;36:0.407:0.500:b0.410:0.488:occ1;48:0.408:0.492:b0.430:0.509:occ1;60:0.409:0.489:b0.442:0.533:occ1;72:0.412:0.494:b0.406:0.526:occ1;84:0.407:0.488:b0.418:0.501:occ1;89:0.404:0.483:b0.389:0.461:occ1
ablate_no_reacquisition_guard,combined_extreme_stress,0,1000,,1,25,0.06553,0.08174,67,20,37,0.07063,0.08174,0.50746,0.00000,0,0.00000,0.63333,90.00000,0,1.25815,0.10493,0.30000,0.18858,0:0.045:-0.480:b0.439:0.411:occ0;12:0.333:-0.035:b0.392:0.491:occ0;24:0.422:0.396:b0.323:0.506:occ1;36:0.352:0.514:b0.349:0.511:occ1;48:0.353:0.518:b0.361:0.521:occ1;60:0.348:0.502:b0.339:0.496:occ1;72:0.341:0.494:b0.329:0.482:occ1;84:0.344:0.498:b0.325:0.478:occ1;89:0.340:0.494:b0.327:0.481:occ1
ablate_no_tail_risk_objective,combined_extreme_stress,0,1000,,1,26,0.01586,0.04137,67,16,31,0.03177,0.04137,0.53731,0.09677,0,0.00000,0.71111,90.00000,0,1.44433,0.13736,0.30000,0.15304,0:0.045:-0.480:b0.413:0.494:occ0;12:0.337:-0.035:b0.459:0.396:occ0;24:0.470:0.384:b0.399:0.447:occ1;36:0.396:0.475:b0.423:0.486:occ1;48:0.413:0.454:b0.417:0.476:occ1;60:0.420:0.482:b0.385:0.427:occ1;72:0.405:0.463:b0.444:0.513:occ1;84:0.409:0.460:b0.387:0.434:occ1;89:0.405:0.461:b0.433:0.510:occ1
ablate_no_false_detection_rejection,combined_extreme_stress,0,1000,,1,25,0.01427,0.03761,67,23,30,0.03834,0.03761,0.50746,0.20000,0,0.12222,0.72222,90.00000,0,1.35317,0.13050,0.30000,0.13897,0:0.045:-0.480:b0.375:0.520:occ0;12:0.372:-0.035:b0.397:0.495:occ0;24:0.446:0.389:b0.530:0.552:occ1;36:0.442:0.515:b0.415:0.504:occ1;48:0.412:0.481:b0.446:0.493:occ1;60:0.403:0.472:b0.390:0.454:occ1;72:0.410:0.474:b0.429:0.503:occ1;84:0.409:0.475:b0.439:0.510:occ1;89:0.409:0.478:b0.430:0.464:occ1
ablate_no_distractor_filter,combined_extreme_stress,0,1000,,1,27,0.01370,0.04631,66,15,39,0.03838,0.04631,0.50000,0.23077,0,0.00000,0.70000,90.00000,0,1.39017,0.12407,0.30000,0.12741,0:0.045:-0.480:b0.378:0.546:occ0;12:0.379:-0.035:b0.500:0.411:occ0;24:0.494:0.377:b0.368:0.494:occ1;36:0.402:0.493:b0.431:0.474:occ1;48:0.409:0.478:b0.472:0.544:occ1;60:0.421:0.488:b0.424:0.476:occ1;72:0.416:0.486:b0.409:0.484:occ1;84:0.405:0.473:b0.417:0.487:occ1;89:0.418:0.485:b0.371:0.451:occ1
occlusion_aware_permanence_v4,combined_extreme_stress,0,1000,,1,25,0.00657,0.01938,67,21,31,0.03065,0.01938,0.59701,0.00000,0,0.00000,0.72222,90.00000,0,1.28602,0.13982,0.30000,0.13393,0:0.045:-0.480:b0.423:0.489:occ0;12:0.356:-0.035:b0.365:0.434:occ0;24:0.425:0.386:b0.381:0.478:occ1;36:0.416:0.519:b0.375:0.474:occ1;48:0.397:0.482:b0.441:0.537:occ1;60:0.411:0.494:b0.436:0.521:occ1;72:0.410:0.491:b0.407:0.489:occ1;84:0.406:0.491:b0.420:0.509:occ1;89:0.406:0.489:b0.424:0.508:occ1
learned_only_branch,combined_extreme_stress,0,1000,,1,44,0.02528,0.04819,63,24,34,0.06626,0.05888,0.00000,0.00000,0,0.00000,0.51111,1.00000,0,1.35561,0.06677,0.17000,0.15548,0:0.045:-0.480:b0.339:0.514:occ0;12:0.341:-0.035:b0.421:0.406:occ0;24:0.385:0.367:b0.255:0.359:occ1;36:0.289:0.383:b0.476:0.460:occ0;48:0.399:0.464:b0.440:0.508:occ1;60:0.418:0.470:b0.429:0.484:occ1;72:0.416:0.475:b0.437:0.503:occ1;84:0.410:0.469:b0.435:0.503:occ1;89:0.405:0.458:b0.397:0.433:occ1
occlusion_full_v5,combined_extreme_stress,0,1001,,1,18,0.00526,0.01304,74,11,39,0.02118,0.01304,0.55405,0.02564,0,0.00000,0.80000,90.00000,0,0.88967,0.15380,0.30000,0.14954,0:0.088:-0.480:b-0.165:0.172:occ0;12:-0.115:-0.050:b-0.173:0.206:occ0;24:-0.154:0.199:b-0.146:0.191:occ1;36:-0.141:0.196:b-0.126:0.180:occ1;48:-0.142:0.185:b-0.131:0.184:occ1;60:-0.138:0.188:b-0.135:0.184:occ1;72:-0.131:0.188:b-0.125:0.184:occ1;84:-0.130:0.187:b-0.161:0.192:occ1;89:-0.139:0.190:b-0.129:0.189:occ1
ablate_no_self_mask,combined_extreme_stress,0,1001,,1,18,0.07788,0.08186,74,11,40,0.09483,0.08186,0.71622,0.00000,0,0.00000,0.40000,90.00000,0,0.90665,0.13130,0.30000,0.15377,0:0.088:-0.480:b-0.182:0.199:occ0;12:-0.085:-0.059:b-0.102:0.171:occ0;24:-0.207:0.201:b-0.209:0.205:occ1;36:-0.230:0.207:b-0.232:0.187:occ1;48:-0.227:0.192:b-0.233:0.186:occ1;60:-0.224:0.195:b-0.230:0.193:occ1;72:-0.220:0.198:b-0.208:0.207:occ1;84:-0.223:0.197:b-0.235:0.184:occ1;89:-0.226:0.195:b-0.231:0.192:occ1
ablate_no_branch_belief,combined_extreme_stress,0,1001,,1,19,0.04475,0.05213,74,12,32,0.04957,0.05213,0.55405,0.00000,0,0.00000,0.78889,90.00000,0,0.81283,0.13085,0.30000,0.20819,0:0.092:-0.480:b-0.030:0.146:occ0;12:-0.089:-0.054:b-0.167:0.174:occ0;24:-0.134:0.137:b-0.136:0.160:occ1;36:-0.133:0.134:b-0.133:0.160:occ1;48:-0.135:0.131:b-0.130:0.111:occ1;60:-0.130:0.116:b-0.134:0.132:occ1;72:-0.131:0.126:b-0.138:0.145:occ1;84:-0.136:0.131:b-0.139:0.137:occ1;89:-0.137:0.131:b-0.135:0.124:occ1
ablate_no_contact_update,combined_extreme_stress,0,1001,,1,18,0.02398,0.02604,74,16,36,0.03571,0.02604,0.55405,0.00000,0,0.00000,0.80000,90.00000,0,0.84646,0.13985,0.30000,0.17435,0:0.088:-0.480:b-0.152:0.229:occ0;12:-0.096:-0.056:b-0.148:0.123:occ0;24:-0.152:0.181:b-0.162:0.173:occ1;36:-0.162:0.178:b-0.157:0.164:occ1;48:-0.156:0.162:b-0.155:0.164:occ1;60:-0.156:0.165:b-0.155:0.159:occ1;72:-0.157:0.166:b-0.155:0.163:occ1;84:-0.156:0.164:b-0.156:0.167:occ1;89:-0.155:0.163:b-0.155:0.159:occ1
ablate_no_uncertainty_inflation,combined_extreme_stress,0,1001,,1,18,0.05616,0.05705,74,16,39,0.06579,0.05705,0.00000,0.05128,0,0.64444,0.65556,90.00000,0,0.90387,0.05194,0.14000,0.10467,0:0.088:-0.480:b-0.207:0.118:occ0;12:-0.097:-0.051:b-0.108:0.278:occ0;24:-0.152:0.232:b-0.163:0.245:occ1;36:-0.150:0.246:b-0.151:0.240:occ1;48:-0.154:0.236:b-0.164:0.240:occ1;60:-0.154:0.234:b-0.149:0.237:occ1;72:-0.153:0.233:b-0.153:0.223:occ1;84:-0.154:0.234:b-0.156:0.231:occ1;89:-0.156:0.233:b-0.152:0.235:occ1
ablate_no_identity_filter,combined_extreme_stress,0,1001,,0,18,0.08191,0.06515,74,13,36,0.08406,0.06515,0.63514,0.05556,0,0.33333,0.17778,90.00000,0,0.92827,0.12083,0.30000,0.11319,0:0.090:-0.480:b-0.090:0.176:occ0;12:-0.070:-0.045:b-0.097:0.225:occ0;24:-0.108:0.246:b-0.085:0.242:occ1;36:-0.101:0.261:b-0.110:0.256:occ1;48:-0.106:0.259:b-0.116:0.255:occ1;60:-0.098:0.249:b-0.085:0.236:occ1;72:-0.103:0.245:b-0.117:0.255:occ1;84:-0.107:0.250:b-0.088:0.236:occ1;89:-0.100:0.246:b-0.119:0.234:occ1
ablate_no_reacquisition_guard,combined_extreme_stress,0,1001,,0,18,0.11234,0.11469,74,12,39,0.10823,0.11469,0.56757,0.56410,0,0.65556,0.07778,90.00000,0,0.95936,0.09117,0.30000,0.10486,0:0.089:-0.480:b-0.114:0.187:occ0;12:-0.074:-0.054:b-0.040:0.153:occ0;24:-0.106:0.255:b-0.087:0.250:occ1;36:-0.105:0.279:b-0.101:0.270:occ1;48:-0.104:0.271:b-0.125:0.289:occ1;60:-0.097:0.259:b-0.085:0.251:occ1;72:-0.101:0.260:b-0.091:0.271:occ1;84:-0.108:0.264:b-0.085:0.251:occ1;89:-0.100:0.257:b-0.086:0.250:occ1
ablate_no_tail_risk_objective,combined_extreme_stress,0,1001,,1,18,0.04663,0.04807,74,10,37,0.04042,0.04807,0.55405,0.02703,0,0.00000,0.80000,90.00000,0,1.04199,0.13923,0.30000,0.18623,0:0.089:-0.480:b-0.134:0.191:occ0;12:-0.082:-0.058:b-0.127:0.217:occ0;24:-0.118:0.181:b-0.106:0.144:occ1;36:-0.120:0.147:b-0.120:0.161:occ1;48:-0.122:0.147:b-0.107:0.139:occ1;60:-0.131:0.169:b-0.113:0.154:occ1;72:-0.122:0.158:b-0.118:0.150:occ1;84:-0.106:0.142:b-0.126:0.158:occ1;89:-0.124:0.156:b-0.118:0.160:occ1
ablate_no_false_detection_rejection,combined_extreme_stress,0,1001,,1,19,0.05547,0.05610,73,13,41,0.06772,0.05610,0.54795,0.12195,0,0.27778,0.58889,90.00000,0,0.95565,0.12348,0.30000,0.12632,0:0.091:-0.480:b-0.075:0.190:occ0;12:-0.078:-0.063:b-0.053:0.226:occ0;24:-0.118:0.222:b-0.121:0.253:occ1;36:-0.112:0.273:b-0.120:0.267:occ1;48:-0.120:0.251:b-0.101:0.241:occ1;60:-0.112:0.228:b-0.123:0.221:occ1;72:-0.109:0.220:b-0.104:0.213:occ1;84:-0.103:0.226:b-0.101:0.217:occ1;89:-0.105:0.227:b-0.119:0.234:occ1
ablate_no_distractor_filter,combined_extreme_stress,0,1001,,0,19,0.09298,0.08826,74,13,38,0.07445,0.08826,0.55405,0.00000,0,0.00000,0.48889,90.00000,0,0.86503,0.11058,0.30000,0.21512,0:0.088:-0.480:b-0.143:0.122:occ0;12:-0.091:-0.053:b-0.100:0.205:occ0;24:-0.103:0.142:b-0.077:0.127:occ1;36:-0.078:0.144:b-0.112:0.154:occ1;48:-0.082:0.131:b-0.077:0.125:occ1;60:-0.082:0.135:b-0.066:0.109:occ1;72:-0.089:0.149:b-0.089:0.143:occ1;84:-0.076:0.143:b-0.067:0.187:occ1;89:-0.075:0.143:b-0.088:0.130:occ1
occlusion_aware_permanence_v4,combined_extreme_stress,0,1001,,1,19,0.05400,0.04923,73,14,40,0.06365,0.04923,0.64384,0.00000,0,0.00000,0.68889,90.00000,0,0.85762,0.13797,0.30000,0.17247,0:0.089:-0.480:b-0.113:0.116:occ0;12:-0.076:-0.062:b-0.134:0.194:occ0;24:-0.186:0.179:b-0.185:0.176:occ1;36:-0.190:0.179:b-0.184:0.166:occ1;48:-0.182:0.165:b-0.190:0.162:occ1;60:-0.185:0.164:b-0.194:0.163:occ1;72:-0.190:0.164:b-0.188:0.166:occ1;84:-0.186:0.165:b-0.178:0.165:occ1;89:-0.185:0.165:b-0.180:0.165:occ1
learned_only_branch,combined_extreme_stress,0,1001,,1,19,0.05829,0.04180,74,12,38,0.05305,0.04180,0.27027,0.00000,0,0.00000,0.78889,90.00000,0,0.83418,0.07679,0.23900,0.21841,0:0.090:-0.480:b-0.096:0.050:occ0;12:-0.057:-0.058:b0.056:0.189:occ0;24:-0.102:0.155:b-0.111:0.149:occ1;36:-0.109:0.135:b-0.102:0.108:occ1;48:-0.107:0.119:b-0.101:0.106:occ1;60:-0.111:0.124:b-0.102:0.106:occ1;72:-0.106:0.124:b-0.123:0.146:occ1;84:-0.110:0.123:b-0.103:0.107:occ1;89:-0.110:0.126:b-0.114:0.148:occ1
occlusion_full_v5,combined_extreme_stress,0,1002,,1,22,0.06205,0.06357,70,15,34,0.05774,0.06357,0.54286,0.00000,0,0.00000,0.75556,90.00000,0,1.10571,0.11853,0.30000,0.20764,0:-0.023:-0.480:b-0.359:0.356:occ0;12:-0.334:-0.038:b-0.474:0.299:occ0;24:-0.374:0.352:b-0.371:0.392:occ1;36:-0.376:0.413:b-0.379:0.399:occ1;48:-0.376:0.401:b-0.371:0.398:occ1;60:-0.371:0.398:b-0.364:0.395:occ1;72:-0.367:0.397:b-0.370:0.398:occ1;84:-0.367:0.397:b-0.369:0.398:occ1;89:-0.367:0.397:b-0.369:0.398:occ1
ablate_no_self_mask,combined_extreme_stress,0,1002,,1,22,0.06058,0.05941,70,17,27,0.05371,0.05941,0.67143,0.00000,0,0.00000,0.75556,90.00000,0,1.10343,0.14563,0.30000,0.18341,0:-0.023:-0.480:b-0.409:0.321:occ0;12:-0.294:-0.037:b-0.348:0.327:occ0;24:-0.366:0.356:b-0.350:0.382:occ1;36:-0.342:0.404:b-0.347:0.386:occ1;48:-0.341:0.390:b-0.338:0.391:occ1;60:-0.342:0.391:b-0.348:0.392:occ1;72:-0.343:0.391:b-0.349:0.392:occ1;84:-0.338:0.391:b-0.344:0.393:occ1;89:-0.341:0.391:b-0.346:0.392:occ1
ablate_no_branch_belief,combined_extreme_stress,0,1002,,0,26,0.08924,0.09042,69,17,38,0.09869,0.09042,0.52174,0.00000,0,0.00000,0.04444,90.00000,0,0.98420,0.09916,0.30000,0.15437,0:-0.023:-0.480:b-0.428:0.335:occ0;12:-0.292:-0.035:b-0.317:0.373:occ0;24:-0.366:0.276:b-0.351:0.237:occ1;36:-0.352:0.255:b-0.351:0.252:occ1;48:-0.347:0.242:b-0.346:0.243:occ1;60:-0.347:0.244:b-0.349:0.246:occ1;72:-0.349:0.244:b-0.350:0.243:occ1;84:-0.349:0.245:b-0.348:0.243:occ1;89:-0.350:0.244:b-0.351:0.243:occ1
ablate_no_contact_update,combined_extreme_stress,0,1002,,0,22,0.10000,0.09964,70,15,36,0.09405,0.09964,0.54286,0.00000,0,0.00000,0.10000,90.00000,0,1.14181,0.09890,0.30000,0.20039,0:-0.023:-0.480:b-0.425:0.295:occ0;12:-0.323:-0.040:b-0.367:0.251:occ0;24:-0.364:0.367:b-0.328:0.428:occ1;36:-0.329:0.447:b-0.329:0.430:occ1;48:-0.326:0.433:b-0.326:0.431:occ1;60:-0.326:0.430:b-0.326:0.431:occ1;72:-0.326:0.431:b-0.326:0.431:occ1;84:-0.326:0.431:b-0.326:0.431:occ1;89:-0.326:0.431:b-0.326:0.431:occ1
ablate_no_uncertainty_inflation,combined_extreme_stress,0,1002,,1,23,0.03971,0.03963,69,17,27,0.04376,0.03963,0.00000,0.03704,0,0.00000,0.74444,90.00000,0,1.02269,0.05340,0.14000,0.19962,0:-0.023:-0.480:b-0.455:0.343:occ0;12:-0.274:-0.037:b-0.409:0.320:occ0;24:-0.384:0.313:b-0.397:0.318:occ1;36:-0.400:0.337:b-0.397:0.323:occ1;48:-0.398:0.325:b-0.397:0.325:occ1;60:-0.396:0.324:b-0.392:0.324:occ1;72:-0.393:0.324:b-0.393:0.324:occ1;84:-0.392:0.325:b-0.393:0.326:occ1;89:-0.392:0.325:b-0.392:0.325:occ1
ablate_no_identity_filter,combined_extreme_stress,0,1002,,0,23,0.09691,0.09701,69,16,41,0.08734,0.09701,0.60870,0.02439,0,0.00000,0.13333,90.00000,0,1.10223,0.11096,0.30000,0.19398,0:-0.023:-0.480:b-0.339:0.304:occ0;12:-0.288:-0.037:b-0.330:0.355:occ0;24:-0.357:0.333:b-0.332:0.416:occ1;36:-0.332:0.432:b-0.331:0.417:occ1;48:-0.329:0.422:b-0.328:0.421:occ1;60:-0.328:0.420:b-0.328:0.420:occ1;72:-0.328:0.420:b-0.328:0.420:occ1;84:-0.328:0.420:b-0.328:0.420:occ1;89:-0.328:0.420:b-0.328:0.420:occ1
ablate_no_reacquisition_guard,combined_extreme_stress,0,1002,,1,54,0.06836,0.07313,69,16,43,0.08178,0.07313,0.53623,0.00000,0,0.00000,0.40000,90.00000,0,0.99980,0.10965,0.30000,0.18631,0:-0.023:-0.480:b-0.384:0.417:occ0;12:-0.301:-0.036:b-0.302:0.436:occ0;24:-0.398:0.274:b-0.394:0.270:occ1;36:-0.392:0.272:b-0.385:0.262:occ1;48:-0.384:0.257:b-0.385:0.260:occ1;60:-0.384:0.263:b-0.380:0.267:occ1;72:-0.381:0.265:b-0.381:0.262:occ1;84:-0.384:0.268:b-0.387:0.277:occ1;89:-0.385:0.270:b-0.380:0.261:occ1
ablate_no_tail_risk_objective,combined_extreme_stress,0,1002,,1,25,0.05243,0.07292,69,15,34,0.07519,0.07292,0.52174,0.02941,0,0.00000,0.56667,90.00000,0,1.11918,0.11654,0.30000,0.17092,0:-0.023:-0.480:b-0.303:0.312:occ0;12:-0.305:-0.037:b-0.341:0.312:occ0;24:-0.386:0.286:b-0.375:0.246:occ1;36:-0.371:0.250:b-0.371:0.256:occ1;48:-0.369:0.250:b-0.368:0.250:occ1;60:-0.368:0.255:b-0.368:0.261:occ1;72:-0.367:0.260:b-0.366:0.266:occ1;84:-0.369:0.274:b-0.373:0.283:occ1;89:-0.369:0.271:b-0.367:0.250:occ1
ablate_no_false_detection_rejection,combined_extreme_stress,0,1002,,1,22,0.07230,0.07070,70,13,30,0.06695,0.07070,0.54286,0.00000,0,0.00000,0.56667,90.00000,0,1.11891,0.11090,0.30000,0.18812,0:-0.023:-0.480:b-0.369:0.359:occ0;12:-0.278:-0.035:b-0.296:0.501:occ0;24:-0.363:0.363:b-0.376:0.394:occ1;36:-0.371:0.411:b-0.379:0.412:occ1;48:-0.366:0.402:b-0.372:0.403:occ1;60:-0.365:0.400:b-0.351:0.388:occ1;72:-0.354:0.391:b-0.354:0.400:occ1;84:-0.353:0.391:b-0.365:0.398:occ1;89:-0.349:0.390:b-0.307:0.381:occ1
ablate_no_distractor_filter,combined_extreme_stress,0,1002,,1,23,0.07420,0.06573,69,18,35,0.06856,0.06573,0.52174,0.00000,0,0.00000,0.74444,90.00000,0,1.15194,0.10446,0.30000,0.19447,0:-0.023:-0.480:b-0.349:0.314:occ0;12:-0.307:-0.036:b-0.406:0.343:occ0;24:-0.368:0.338:b-0.371:0.397:occ1;36:-0.370:0.417:b-0.364:0.401:occ1;48:-0.352:0.399:b-0.353:0.394:occ1;60:-0.351:0.401:b-0.362:0.405:occ1;72:-0.341:0.390:b-0.377:0.419:occ1;84:-0.352:0.392:b-0.339:0.393:occ1;89:-0.352:0.395:b-0.304:0.351:occ1
occlusion_aware_permanence_v4,combined_extreme_stress,0,1002,,1,23,0.05862,0.05866,69,15,24,0.06543,0.05866,0.60870,0.00000,0,0.00000,0.74444,90.00000,0,1.06503,0.12721,0.30000,0.23376,0:-0.023:-0.480:b-0.395:0.307:occ0;12:-0.294:-0.047:b-0.276:0.154:occ0;24:-0.417:0.329:b-0.423:0.348:occ1;36:-0.434:0.370:b-0.430:0.355:occ1;48:-0.429:0.358:b-0.429:0.357:occ1;60:-0.427:0.357:b-0.420:0.356:occ1;72:-0.419:0.355:b-0.420:0.353:occ1;84:-0.418:0.355:b-0.419:0.355:occ1;89:-0.419:0.355:b-0.419:0.355:occ1
learned_only_branch,combined_extreme_stress,0,1002,,0,22,0.10130,0.10144,70,18,22,0.09174,0.10144,0.22857,0.00000,0,0.00000,0.12222,90.00000,0,1.09853,0.04705,0.22700,0.24093,0:-0.023:-0.480:b-0.332:0.276:occ0;12:-0.301:-0.037:b-0.268:0.359:occ0;24:-0.400:0.354:b-0.399:0.409:occ1;36:-0.403:0.425:b-0.404:0.415:occ1;48:-0.403:0.420:b-0.402:0.421:occ1;60:-0.400:0.419:b-0.395:0.416:occ1;72:-0.395:0.416:b-0.395:0.416:occ1;84:-0.395:0.416:b-0.395:0.416:occ1;89:-0.395:0.416:b-0.395:0.416:occ1
occlusion_full_v5,combined_extreme_stress,0,1003,,1,21,0.04607,0.05629,72,13,39,0.05868,0.05629,0.54167,0.00000,0,0.00000,0.76667,90.00000,0,1.01088,0.12526,0.30000,0.20997,0:-0.058:-0.480:b0.083:0.231:occ0;12:0.090:-0.045:b0.118:0.288:occ0;24:0.091:0.268:b0.077:0.306:occ1;36:0.082:0.318:b0.111:0.304:occ1;48:0.065:0.315:b0.045:0.317:occ1;60:0.075:0.312:b0.070:0.313:occ1;72:0.070:0.315:b0.047:0.321:occ1;84:0.067:0.315:b0.081:0.310:occ1;89:0.080:0.311:b0.113:0.302:occ1
ablate_no_self_mask,combined_extreme_stress,0,1003,,1,20,0.04533,0.06946,72,15,28,0.06170,0.06946,0.68056,0.00000,0,0.00000,0.61111,90.00000,0,0.99233,0.14758,0.30000,0.23763,0:-0.059:-0.480:b0.068:0.266:occ0;12:0.067:-0.057:b0.098:0.200:occ0;24:0.059:0.275:b0.061:0.313:occ1;36:0.039:0.343:b0.031:0.346:occ1;48:0.043:0.329:b0.059:0.314:occ1;60:0.047:0.322:b0.036:0.335:occ1;72:0.046:0.325:b0.055:0.328:occ1;84:0.053:0.321:b0.062:0.315:occ1;89:0.051:0.321:b0.034:0.338:occ1
ablate_no_branch_belief,combined_extreme_stress,0,1003,,1,20,0.06059,0.05676,72,15,35,0.06697,0.05676,0.55556,0.00000,0,0.00000,0.65556,90.00000,0,0.92186,0.11710,0.30000,0.25712,0:-0.058:-0.480:b0.088:0.256:occ0;12:0.064:-0.047:b-0.039:0.268:occ0;24:0.027:0.255:b-0.006:0.271:occ1;36:-0.007:0.283:b-0.006:0.280:occ1;48:-0.007:0.274:b0.001:0.266:occ1;60:-0.002:0.269:b0.002:0.266:occ1;72:0.000:0.267:b-0.003:0.267:occ1;84:-0.001:0.267:b-0.012:0.271:occ1;89:-0.004:0.268:b0.000:0.269:occ1
ablate_no_contact_update,combined_extreme_stress,0,1003,,1,20,0.04633,0.06113,72,13,37,0.04450,0.06113,0.54167,0.00000,0,0.00000,0.77778,90.00000,0,0.91876,0.13325,0.30000,0.16587,0:-0.061:-0.480:b-0.002:0.177:occ0;12:0.010:-0.046:b0.075:0.257:occ0;24:0.085:0.236:b0.083:0.240:occ1;36:0.092:0.247:b0.125:0.225:occ1;48:0.086:0.239:b0.080:0.257:occ1;60:0.084:0.237:b0.058:0.242:occ1;72:0.091:0.234:b0.056:0.243:occ1;84:0.088:0.236:b0.091:0.232:occ1;89:0.082:0.237:b0.101:0.231:occ1
ablate_no_uncertainty_inflation,combined_extreme_stress,0,1003,,1,21,0.07899,0.08077,72,14,36,0.08202,0.08077,0.00000,0.00000,0,0.00000,0.53333,90.00000,0,0.90860,0.04035,0.14000,0.25583,0:-0.058:-0.480:b0.086:0.197:occ0;12:0.057:-0.050:b0.144:0.185:occ0;24:0.007:0.251:b-0.020:0.257:occ1;36:-0.014:0.273:b-0.006:0.256:occ1;48:-0.008:0.257:b-0.007:0.260:occ1;60:-0.007:0.254:b-0.004:0.253:occ1;72:-0.007:0.254:b-0.012:0.252:occ1;84:-0.008:0.253:b-0.008:0.253:occ1;89:-0.008:0.253:b-0.010:0.252:occ1
ablate_no_identity_filter,combined_extreme_stress,0,1003,,1,20,0.02742,0.05887,72,13,39,0.04884,0.05887,0.63889,0.00000,0,0.00000,0.77778,90.00000,0,0.98035,0.14158,0.30000,0.20940,0:-0.057:-0.480:b0.103:0.342:occ0;12:0.061:-0.052:b0.071:0.172:occ0;24:0.070:0.279:b0.103:0.298:occ1;36:0.073:0.314:b0.051:0.310:occ1;48:0.068:0.306:b0.075:0.304:occ1;60:0.077:0.304:b0.029:0.322:occ1;72:0.074:0.308:b0.110:0.295:occ1;84:0.079:0.306:b0.027:0.322:occ1;89:0.076:0.306:b0.026:0.324:occ1
ablate_no_reacquisition_guard,combined_extreme_stress,0,1003,,0,20,0.14110,0.13809,72,12,40,0.14370,0.13809,0.54167,0.00000,0,0.00000,0.06667,90.00000,0,0.98577,0.08519,0.30000,0.15241,0:-0.059:-0.480:b0.067:0.239:occ0;12:0.067:-0.043:b0.054:0.344:occ0;24:0.138:0.279:b0.202:0.305:occ1;36:0.207:0.321:b0.205:0.313:occ1;48:0.208:0.313:b0.202:0.308:occ1;60:0.203:0.311:b0.194:0.319:occ1;72:0.199:0.314:b0.202:0.314:occ1;84:0.198:0.316:b0.196:0.317:occ1;89:0.198:0.316:b0.194:0.319:occ1
ablate_no_tail_risk_objective,combined_extreme_stress,0,1003,,1,21,0.05448,0.05681,72,15,32,0.05145,0.05681,0.54167,0.00000,0,0.00000,0.76667,90.00000,0,1.03097,0.12053,0.30000,0.16825,0:-0.059:-0.480:b0.070:0.224:occ0;12:0.038:-0.045:b-0.041:0.282:occ0;24:0.091:0.242:b0.092:0.233:occ1;36:0.092:0.216:b0.093:0.219:occ1;48:0.101:0.210:b0.108:0.210:occ1;60:0.093:0.218:b0.086:0.220:occ1;72:0.092:0.221:b0.100:0.215:occ1;84:0.092:0.215:b0.102:0.209:occ1;89:0.074:0.222:b0.078:0.220:occ1
ablate_no_false_detection_rejection,combined_extreme_stress,0,1003,,1,21,0.05276,0.08112,72,13,33,0.06215,0.08112,0.54167,0.03030,0,0.00000,0.76667,90.00000,0,1.01066,0.11657,0.30000,0.20663,0:-0.058:-0.480:b0.098:0.260:occ0;12:0.095:-0.043:b0.030:0.276:occ0;24:0.060:0.228:b0.011:0.237:occ1;36:0.017:0.239:b-0.003:0.231:occ1;48:0.036:0.229:b0.083:0.229:occ1;60:0.050:0.222:b-0.002:0.228:occ1;72:0.030:0.225:b0.002:0.227:occ1;84:0.026:0.220:b0.002:0.235:occ1;89:0.033:0.222:b0.107:0.214:occ1
ablate_no_distractor_filter,combined_extreme_stress,0,1003,,1,20,0.01267,0.02581,72,14,24,0.03248,0.02581,0.54167,0.00000,0,0.00000,0.77778,90.00000,0,0.96661,0.13633,0.30000,0.20810,0:-0.057:-0.480:b0.102:0.253:occ0;12:0.035:-0.043:b0.078:0.248:occ0;24:0.065:0.259:b0.052:0.272:occ1;36:0.062:0.265:b0.056:0.260:occ1;48:0.042:0.258:b0.059:0.248:occ1;60:0.059:0.251:b0.058:0.257:occ1;72:0.065:0.251:b0.112:0.230:occ1;84:0.048:0.259:b0.030:0.265:occ1;89:0.046:0.259:b0.020:0.270:occ1
occlusion_aware_permanence_v4,combined_extreme_stress,0,1003,,1,20,0.04705,0.06073,72,15,31,0.05842,0.06073,0.65278,0.00000,0,0.00000,0.73333,90.00000,0,1.01519,0.14011,0.30000,0.19423,0:-0.059:-0.480:b0.046:0.321:occ0;12:0.054:-0.042:b0.088:0.220:occ0;24:0.093:0.298:b0.053:0.320:occ1;36:0.076:0.325:b0.077:0.315:occ1;48:0.082:0.313:b0.094:0.308:occ1;60:0.094:0.310:b0.094:0.313:occ1;72:0.088:0.314:b0.050:0.328:occ1;84:0.101:0.310:b0.083:0.318:occ1;89:0.101:0.310:b0.126:0.298:occ1
learned_only_branch,combined_extreme_stress,0,1003,,0,21,0.11493,0.12644,72,12,40,0.10608,0.12644,0.25000,0.00000,0,0.00000,0.18889,90.00000,0,0.88189,0.04831,0.23300,0.15632,0:-0.057:-0.480:b0.130:0.259:occ0;12:0.076:-0.039:b0.181:0.293:occ0;24:0.083:0.196:b0.098:0.140:occ1;36:0.069:0.172:b0.053:0.173:occ1;48:0.081:0.155:b0.100:0.158:occ1;60:0.084:0.158:b0.099:0.154:occ1;72:0.072:0.161:b0.056:0.166:occ1;84:0.077:0.155:b0.055:0.168:occ1;89:0.077:0.157:b0.096:0.150:occ1
occlusion_full_v5,combined_extreme_stress,1,1000,,1,26,0.03239,0.03063,67,22,39,0.02747,0.03063,0.50746,0.00000,0,0.00000,0.71111,90.00000,0,1.09101,0.12722,0.30000,0.17955,0:-0.084:-0.480:b-0.097:0.488:occ0;12:-0.074:-0.035:b-0.151:0.403:occ0;24:-0.080:0.391:b-0.079:0.471:occ1;36:-0.096:0.497:b-0.098:0.483:occ1;48:-0.099:0.487:b-0.101:0.479:occ1;60:-0.099:0.479:b-0.091:0.482:occ1;72:-0.097:0.482:b-0.089:0.481:occ1;84:-0.096:0.479:b-0.092:0.480:occ1;89:-0.096:0.479:b-0.098:0.480:occ1
ablate_no_self_mask,combined_extreme_stress,1,1000,,0,26,0.08528,0.09008,67,19,35,0.09243,0.09008,0.65672,0.02857,0,0.00000,0.20000,90.00000,0,1.19352,0.12306,0.30000,0.29584,0:-0.085:-0.480:b-0.138:0.536:occ0;12:-0.082:-0.035:b-0.056:0.435:occ0;24:-0.094:0.390:b-0.254:0.553:occ1;36:-0.195:0.534:b-0.208:0.523:occ1;48:-0.198:0.523:b-0.185:0.508:occ1;60:-0.211:0.523:b-0.227:0.532:occ1;72:-0.203:0.518:b-0.208:0.523:occ1;84:-0.204:0.521:b-0.225:0.531:occ1;89:-0.205:0.522:b-0.209:0.524:occ1
ablate_no_branch_belief,combined_extreme_stress,1,1000,,1,25,0.06468,0.06582,67,20,37,0.05832,0.06582,0.50746,0.02703,0,0.00000,0.72222,90.00000,0,1.04688,0.10637,0.30000,0.16931,0:-0.081:-0.480:b-0.003:0.498:occ0;12:-0.107:-0.035:b0.072:0.471:occ0;24:-0.098:0.392:b-0.095:0.418:occ1;36:-0.098:0.456:b-0.091:0.443:occ1;48:-0.098:0.442:b-0.093:0.445:occ1;60:-0.099:0.439:b-0.098:0.441:occ1;72:-0.100:0.439:b-0.100:0.440:occ1;84:-0.102:0.440:b-0.098:0.436:occ1;89:-0.102:0.439:b-0.102:0.438:occ1
ablate_no_contact_update,combined_extreme_stress,1,1000,,1,25,0.05197,0.05072,67,20,29,0.04859,0.05072,0.52239,0.00000,0,0.00000,0.72222,90.00000,0,1.11050,0.12039,0.30000,0.16937,0:-0.085:-0.480:b-0.141:0.585:occ0;12:-0.109:-0.035:b-0.141:0.424:occ0;24:-0.098:0.404:b-0.067:0.495:occ1;36:-0.073:0.515:b-0.076:0.495:occ1;48:-0.077:0.496:b-0.081:0.491:occ1;60:-0.077:0.492:b-0.076:0.491:occ1;72:-0.076:0.493:b-0.076:0.489:occ1;84:-0.076:0.492:b-0.076:0.491:occ1;89:-0.076:0.492:b-0.076:0.490:occ1
ablate_no_uncertainty_inflation,combined_extreme_stress,1,1000,,1,25,0.04642,0.04854,67,18,45,0.03866,0.04854,0.00000,0.00000,0,0.00000,0.72222,90.00000,0,1.08978,0.04864,0.14000,0.16548,0:-0.082:-0.480:b-0.053:0.510:occ0;12:-0.093:-0.035:b-0.091:0.449:occ0;24:-0.095:0.406:b-0.106:0.479:occ1;36:-0.086:0.489:b-0.087:0.475:occ1;48:-0.088:0.467:b-0.092:0.462:occ1;60:-0.088:0.463:b-0.087:0.464:occ1;72:-0.085:0.466:b-0.087:0.475:occ1;84:-0.087:0.465:b-0.088:0.463:occ1;89:-0.087:0.465:b-0.086:0.464:occ1
ablate_no_identity_filter,combined_extreme_stress,1,1000,,1,25,0.01745,0.01967,67,19,29,0.02498,0.01967,0.59701,0.00000,0,0.00000,0.72222,90.00000,0,1.10766,0.14409,0.30000,0.21913,0:-0.084:-0.480:b-0.109:0.468:occ0;12:-0.100:-0.035:b-0.057:0.542:occ0;24:-0.115:0.401:b-0.130:0.515:occ1;36:-0.130:0.520:b-0.132:0.504:occ1;48:-0.132:0.506:b-0.133:0.502:occ1;60:-0.132:0.500:b-0.131:0.500:occ1;72:-0.129:0.500:b-0.132:0.500:occ1;84:-0.130:0.499:b-0.131:0.500:occ1;89:-0.130:0.499:b-0.125:0.500:occ1
ablate_no_reacquisition_guard,combined_extreme_stress,1,1000,,1,26,0.04565,0.04668,66,19,35,0.04090,0.04668,0.50000,0.05714,0,0.00000,0.71111,90.00000,0,1.10354,0.12163,0.30000,0.18523,0:-0.085:-0.480:b-0.129:0.393:occ0;12:-0.089:-0.035:b-0.171:0.407:occ0;24:-0.093:0.374:b-0.075:0.531:occ1;36:-0.095:0.510:b-0.095:0.498:occ1;48:-0.097:0.501:b-0.090:0.495:occ1;60:-0.095:0.494:b-0.095:0.494:occ1;72:-0.094:0.495:b-0.090:0.494:occ1;84:-0.094:0.494:b-0.095:0.494:occ1;89:-0.094:0.493:b-0.093:0.493:occ1
ablate_no_tail_risk_objective,combined_extreme_stress,1,1000,,1,44,0.07432,0.07013,64,24,33,0.08936,0.05590,0.28125,0.00000,0,0.00000,0.37778,0.00000,0,1.33366,0.08048,0.26700,0.27914,0:-0.085:-0.480:b-0.132:0.401:occ0;12:-0.101:-0.035:b-0.158:0.527:occ0;24:-0.100:0.367:b-0.132:0.320:occ1;36:-0.137:0.326:b-0.135:0.458:occ0;48:-0.213:0.479:b-0.211:0.478:occ1;60:-0.193:0.472:b-0.200:0.476:occ1;72:-0.191:0.479:b-0.195:0.480:occ1;84:-0.192:0.478:b-0.198:0.479:occ1;89:-0.205:0.477:b-0.201:0.476:occ1
ablate_no_false_detection_rejection,combined_extreme_stress,1,1000,,0,26,0.09590,0.09136,66,19,27,0.09511,0.09136,0.51515,0.11111,0,0.00000,0.10000,90.00000,0,1.15607,0.09045,0.30000,0.14227,0:-0.086:-0.480:b-0.164:0.509:occ0;12:-0.088:-0.035:b-0.105:0.439:occ0;24:-0.084:0.373:b0.059:0.569:occ1;36:-0.032:0.523:b-0.035:0.508:occ1;48:-0.026:0.506:b-0.040:0.504:occ1;60:-0.027:0.499:b-0.035:0.505:occ1;72:-0.026:0.491:b-0.004:0.499:occ1;84:-0.032:0.498:b-0.037:0.506:occ1;89:-0.032:0.500:b-0.036:0.476:occ1
ablate_no_distractor_filter,combined_extreme_stress,1,1000,,1,26,0.04744,0.05772,67,18,33,0.05190,0.05772,0.50746,0.00000,0,0.00000,0.71111,90.00000,0,1.10479,0.11500,0.30000,0.16907,0:-0.086:-0.480:b-0.172:0.465:occ0;12:-0.070:-0.035:b-0.134:0.490:occ0;24:-0.093:0.388:b-0.128:0.383:occ1;36:-0.099:0.447:b-0.100:0.422:occ1;48:-0.117:0.426:b-0.091:0.389:occ1;60:-0.111:0.428:b-0.059:0.437:occ1;72:-0.101:0.433:b-0.082:0.435:occ1;84:-0.100:0.434:b-0.121:0.434:occ1;89:-0.102:0.435:b-0.092:0.431:occ1
occlusion_aware_permanence_v4,combined_extreme_stress,1,1000,,0,26,0.10466,0.10223,67,19,30,0.09219,0.10223,0.59701,0.00000,0,0.00000,0.16667,90.00000,0,1.08752,0.09518,0.30000,0.13171,0:-0.083:-0.480:b-0.086:0.447:occ0;12:-0.106:-0.035:b0.052:0.509:occ0;24:-0.080:0.385:b-0.015:0.475:occ1;36:-0.044:0.490:b-0.041:0.470:occ1;48:-0.044:0.475:b-0.047:0.480:occ1;60:-0.047:0.470:b-0.042:0.475:occ1;72:-0.046:0.469:b-0.039:0.468:occ1;84:-0.046:0.468:b-0.040:0.468:occ1;89:-0.047:0.468:b-0.049:0.468:occ1
learned_only_branch,combined_extreme_stress,1,1000,,1,25,0.04410,0.04219,67,20,28,0.03941,0.04219,0.20896,0.00000,0,0.00000,0.72222,90.00000,0,1.12694,0.07569,0.22100,0.17289,0:-0.083:-0.480:b-0.086:0.506:occ0;12:-0.082:-0.036:b-0.081:0.356:occ0;24:-0.123:0.409:b-0.081:0.494:occ1;36:-0.088:0.518:b-0.083:0.497:occ1;48:-0.083:0.498:b-0.085:0.492:occ1;60:-0.083:0.490:b-0.082:0.491:occ1;72:-0.082:0.492:b-0.083:0.492:occ1;84:-0.081:0.492:b-0.079:0.490:occ1;89:-0.080:0.492:b-0.082:0.491:occ1
occlusion_full_v5,combined_extreme_stress,1,1001,,1,23,0.05768,0.05968,69,18,32,0.06178,0.05968,0.52174,0.00000,0,0.00000,0.66667,90.00000,0,1.18461,0.11309,0.30000,0.20755,0:-0.085:-0.480:b0.300:0.387:occ0;12:0.236:-0.038:b0.240:0.299:occ0;24:0.282:0.378:b0.291:0.447:occ1;36:0.291:0.466:b0.291:0.450:occ1;48:0.294:0.449:b0.294:0.446:occ1;60:0.297:0.442:b0.301:0.439:occ1;72:0.289:0.450:b0.283:0.453:occ1;84:0.292:0.447:b0.285:0.451:occ1;89:0.292:0.446:b0.290:0.448:occ1
ablate_no_self_mask,combined_extreme_stress,1,1001,,1,25,0.06277,0.06561,68,17,34,0.06837,0.06561,0.66176,0.02941,0,0.00000,0.72222,90.00000,0,1.06941,0.13524,0.30000,0.12681,0:-0.085:-0.480:b0.262:0.449:occ0;12:0.229:-0.037:b0.372:0.313:occ0;24:0.324:0.317:b0.339:0.312:occ1;36:0.320:0.330:b0.320:0.314:occ1;48:0.319:0.312:b0.316:0.315:occ1;60:0.319:0.315:b0.318:0.318:occ1;72:0.318:0.315:b0.317:0.317:occ1;84:0.316:0.318:b0.318:0.328:occ1;89:0.316:0.317:b0.315:0.315:occ1
ablate_no_branch_belief,combined_extreme_stress,1,1001,,1,23,0.05190,0.06563,69,16,40,0.05767,0.06563,0.52174,0.00000,0,0.00000,0.74444,90.00000,0,1.16128,0.11860,0.30000,0.19295,0:-0.085:-0.480:b0.271:0.345:occ0;12:0.220:-0.035:b0.146:0.387:occ0;24:0.305:0.356:b0.313:0.435:occ1;36:0.306:0.454:b0.304:0.440:occ1;48:0.304:0.442:b0.306:0.438:occ1;60:0.303:0.439:b0.310:0.435:occ1;72:0.301:0.442:b0.298:0.444:occ1;84:0.306:0.437:b0.303:0.439:occ1;89:0.305:0.438:b0.294:0.448:occ1
ablate_no_contact_update,combined_extreme_stress,1,1001,,1,23,0.07272,0.05957,69,18,37,0.06540,0.05957,0.52174,0.00000,0,0.00000,0.74444,90.00000,0,1.15693,0.10748,0.30000,0.21079,0:-0.085:-0.480:b0.278:0.360:occ0;12:0.186:-0.035:b0.270:0.383:occ0;24:0.279:0.371:b0.285:0.440:occ1;36:0.280:0.455:b0.281:0.438:occ1;48:0.284:0.437:b0.278:0.439:occ1;60:0.285:0.433:b0.292:0.428:occ1;72:0.282:0.437:b0.272:0.444:occ1;84:0.276:0.441:b0.271:0.445:occ1;89:0.280:0.438:b0.291:0.428:occ1
ablate_no_uncertainty_inflation,combined_extreme_stress,1,1001,,1,23,0.04736,0.04948,69,17,29,0.05932,0.04948,0.00000,0.06897,0,0.00000,0.65556,90.00000,0,1.18335,0.05444,0.14000,0.15932,0:-0.085:-0.480:b0.372:0.325:occ0;12:0.254:-0.035:b0.240:0.395:occ0;24:0.310:0.364:b0.331:0.431:occ1;36:0.339:0.447:b0.335:0.435:occ1;48:0.345:0.432:b0.338:0.431:occ1;60:0.344:0.426:b0.341:0.429:occ1;72:0.347:0.429:b0.346:0.425:occ1;84:0.344:0.427:b0.343:0.427:occ1;89:0.343:0.427:b0.361:0.415:occ1
ablate_no_identity_filter,combined_extreme_stress,1,1001,,1,24,0.01738,0.02218,69,19,34,0.02260,0.02218,0.60870,0.00000,0,0.00000,0.73333,90.00000,0,1.10462,0.15101,0.30000,0.16693,0:-0.085:-0.480:b0.259:0.412:occ0;12:0.218:-0.037:b0.238:0.326:occ0;24:0.305:0.337:b0.265:0.374:occ1;36:0.291:0.381:b0.305:0.359:occ1;48:0.290:0.366:b0.285:0.367:occ1;60:0.288:0.366:b0.291:0.364:occ1;72:0.282:0.368:b0.282:0.368:occ1;84:0.286:0.368:b0.274:0.372:occ1;89:0.288:0.367:b0.307:0.357:occ1
ablate_no_reacquisition_guard,combined_extreme_stress,1,1001,,1,25,0.03619,0.04344,69,18,26,0.05025,0.04344,0.52174,0.00000,0,0.03333,0.65556,90.00000,0,1.12147,0.12253,0.30000,0.12588,0:-0.085:-0.480:b0.287:0.429:occ0;12:0.211:-0.035:b0.300:0.474:occ0;24:0.348:0.342:b0.348:0.391:occ1;36:0.363:0.405:b0.351:0.392:occ1;48:0.356:0.391:b0.350:0.391:occ1;60:0.352:0.389:b0.360:0.389:occ1;72:0.352:0.390:b0.347:0.391:occ1;84:0.348:0.391:b0.347:0.391:occ1;89:0.351:0.389:b0.359:0.389:occ1
ablate_no_tail_risk_objective,combined_extreme_stress,1,1001,,0,23,0.09263,0.08549,69,19,31,0.08079,0.08549,0.52174,0.00000,0,0.00000,0.30000,90.00000,0,1.30315,0.09815,0.30000,0.20200,0:-0.085:-0.480:b0.291:0.495:occ0;12:0.232:-0.036:b0.309:0.366:occ0;24:0.294:0.381:b0.305:0.440:occ1;36:0.312:0.446:b0.303:0.450:occ1;48:0.311:0.441:b0.315:0.438:occ1;60:0.304:0.448:b0.309:0.444:occ1;72:0.301:0.450:b0.299:0.451:occ1;84:0.304:0.451:b0.300:0.451:occ1;89:0.303:0.449:b0.308:0.442:occ1
ablate_no_false_detection_rejection,combined_extreme_stress,1,1001,,1,25,0.06538,0.05283,68,19,36,0.06236,0.05283,0.51471,0.02778,0,0.00000,0.71111,90.00000,0,1.22597,0.11619,0.30000,0.18753,0:-0.085:-0.480:b0.252:0.308:occ0;12:0.247:-0.036:b0.294:0.353:occ0;24:0.322:0.323:b0.233:0.336:occ1;36:0.245:0.360:b0.225:0.347:occ1;48:0.257:0.344:b0.289:0.335:occ1;60:0.245:0.346:b0.276:0.354:occ1;72:0.271:0.344:b0.256:0.359:occ1;84:0.264:0.342:b0.226:0.349:occ1;89:0.260:0.345:b0.270:0.353:occ1
ablate_no_distractor_filter,combined_extreme_stress,1,1001,,1,24,0.04920,0.04411,69,15,39,0.06228,0.04411,0.52174,0.02564,0,0.00000,0.73333,90.00000,0,1.20071,0.11448,0.30000,0.14402,0:-0.085:-0.480:b0.245:0.328:occ0;12:0.210:-0.038:b0.284:0.297:occ0;24:0.311:0.352:b0.320:0.407:occ1;36:0.343:0.438:b0.356:0.405:occ1;48:0.351:0.417:b0.339:0.426:occ1;60:0.342:0.422:b0.364:0.384:occ1;72:0.337:0.423:b0.333:0.404:occ1;84:0.351:0.410:b0.323:0.437:occ1;89:0.347:0.411:b0.347:0.404:occ1
occlusion_aware_permanence_v4,combined_extreme_stress,1,1001,,1,24,0.01651,0.01829,69,16,35,0.02132,0.01829,0.63768,0.05714,0,0.00000,0.73333,90.00000,0,1.07769,0.16015,0.30000,0.15530,0:-0.085:-0.480:b0.296:0.362:occ0;12:0.189:-0.036:b0.253:0.405:occ0;24:0.294:0.326:b0.273:0.369:occ1;36:0.302:0.373:b0.287:0.364:occ1;48:0.289:0.364:b0.277:0.367:occ1;60:0.291:0.361:b0.294:0.360:occ1;72:0.298:0.358:b0.278:0.368:occ1;84:0.294:0.361:b0.310:0.351:occ1;89:0.297:0.359:b0.293:0.360:occ1
learned_only_branch,combined_extreme_stress,1,1001,,1,23,0.04823,0.05308,69,16,37,0.04644,0.05308,0.23188,0.00000,0,0.00000,0.74444,90.00000,0,1.10294,0.07313,0.22700,0.15983,0:-0.085:-0.480:b0.259:0.503:occ0;12:0.247:-0.035:b0.341:0.426:occ0;24:0.306:0.339:b0.269:0.343:occ1;36:0.281:0.355:b0.273:0.353:occ1;48:0.288:0.346:b0.277:0.351:occ1;60:0.289:0.346:b0.303:0.347:occ1;72:0.286:0.348:b0.277:0.351:occ1;84:0.288:0.347:b0.302:0.339:occ1;89:0.289:0.346:b0.277:0.351:occ1
occlusion_full_v5,combined_extreme_stress,1,1002,,1,22,0.02663,0.03183,71,14,37,0.02689,0.03183,0.53521,0.00000,0,0.10000,0.75556,90.00000,0,1.03213,0.13997,0.30000,0.13334,0:-0.104:-0.480:b0.411:0.137:occ0;12:0.297:-0.045:b0.410:0.308:occ0;24:0.423:0.220:b0.408:0.227:occ1;36:0.407:0.235:b0.402:0.226:occ1;48:0.402:0.226:b0.402:0.225:occ1;60:0.403:0.233:b0.403:0.240:occ1;72:0.401:0.240:b0.397:0.241:occ1;84:0.401:0.240:b0.398:0.243:occ1;89:0.402:0.240:b0.406:0.236:occ1
ablate_no_self_mask,combined_extreme_stress,1,1002,,0,20,0.10798,0.12169,72,16,34,0.11687,0.12169,0.68056,0.02941,0,0.07778,0.07778,90.00000,0,1.13069,0.12160,0.30000,0.21323,0:-0.104:-0.480:b0.371:0.153:occ0;12:0.280:-0.037:b0.369:0.358:occ0;24:0.346:0.263:b0.277:0.286:occ1;36:0.278:0.292:b0.257:0.297:occ1;48:0.275:0.281:b0.285:0.276:occ1;60:0.282:0.278:b0.300:0.269:occ1;72:0.274:0.286:b0.292:0.278:occ1;84:0.274:0.288:b0.270:0.283:occ1;89:0.275:0.286:b0.263:0.295:occ1
ablate_no_branch_belief,combined_extreme_stress,1,1002,,1,20,0.04985,0.05538,72,16,36,0.05624,0.05538,0.54167,0.00000,0,0.06667,0.77778,90.00000,0,1.12522,0.12289,0.30000,0.21037,0:-0.104:-0.480:b0.539:0.213:occ0;12:0.281:-0.041:b0.385:0.296:occ0;24:0.426:0.289:b0.399:0.315:occ1;36:0.397:0.327:b0.393:0.312:occ1;48:0.389:0.313:b0.390:0.306:occ1;60:0.383:0.314:b0.382:0.316:occ1;72:0.381:0.316:b0.379:0.317:occ1;84:0.381:0.317:b0.387:0.311:occ1;89:0.382:0.317:b0.378:0.322:occ1
ablate_no_contact_update,combined_extreme_stress,1,1002,,0,21,0.08031,0.09035,72,13,31,0.08176,0.09035,0.54167,0.03226,0,0.76667,0.45556,90.00000,0,1.02625,0.11407,0.30000,0.08025,0:-0.104:-0.480:b0.380:0.251:occ0;12:0.280:-0.041:b0.378:0.243:occ0;24:0.448:0.201:b0.418:0.178:occ1;36:0.430:0.180:b0.426:0.167:occ1;48:0.423:0.170:b0.423:0.170:occ1;60:0.422:0.178:b0.437:0.173:occ1;72:0.419:0.185:b0.422:0.178:occ1;84:0.418:0.184:b0.420:0.180:occ1;89:0.420:0.182:b0.431:0.175:occ1
ablate_no_uncertainty_inflation,combined_extreme_stress,1,1002,,1,20,0.06694,0.07938,72,14,34,0.06555,0.07938,0.00000,0.02941,0,0.06667,0.74444,90.00000,0,1.10662,0.04179,0.14000,0.22091,0:-0.104:-0.480:b0.442:0.235:occ0;12:0.271:-0.047:b0.476:0.223:occ0;24:0.398:0.291:b0.389:0.323:occ1;36:0.395:0.329:b0.387:0.321:occ1;48:0.392:0.315:b0.393:0.318:occ1;60:0.384:0.326:b0.381:0.330:occ1;72:0.383:0.329:b0.384:0.326:occ1;84:0.383:0.329:b0.391:0.318:occ1;89:0.385:0.328:b0.377:0.339:occ1
ablate_no_identity_filter,combined_extreme_stress,1,1002,,0,23,0.12322,0.12395,71,13,42,0.12891,0.12395,0.61972,0.83333,0,0.77778,0.06667,90.00000,0,1.09452,0.10293,0.30000,0.10093,0:-0.104:-0.480:b0.356:0.135:occ0;12:0.288:-0.048:b0.473:0.159:occ0;24:0.396:0.189:b0.306:0.159:occ1;36:0.308:0.170:b0.306:0.168:occ1;48:0.305:0.161:b0.303:0.164:occ1;60:0.310:0.161:b0.310:0.161:occ1;72:0.309:0.167:b0.316:0.157:occ1;84:0.308:0.166:b0.307:0.163:occ1;89:0.309:0.165:b0.313:0.161:occ1
ablate_no_reacquisition_guard,combined_extreme_stress,1,1002,,1,21,0.04676,0.04963,71,15,33,0.04536,0.04963,0.54930,0.00000,0,0.08889,0.76667,90.00000,0,1.06937,0.12972,0.30000,0.18868,0:-0.104:-0.480:b0.366:0.163:occ0;12:0.278:-0.037:b0.351:0.317:occ0;24:0.394:0.249:b0.374:0.285:occ1;36:0.374:0.296:b0.379:0.277:occ1;48:0.370:0.286:b0.375:0.286:occ1;60:0.374:0.290:b0.368:0.296:occ1;72:0.373:0.291:b0.373:0.289:occ1;84:0.370:0.292:b0.368:0.296:occ1;89:0.369:0.294:b0.368:0.297:occ1
ablate_no_tail_risk_objective,combined_extreme_stress,1,1002,,0,-1,0.12089,0.13163,71,17,33,0.11479,0.13163,0.53521,0.96970,1,0.82222,0.00000,90.00000,0,1.10286,0.08945,0.30000,0.05066,0:-0.104:-0.480:b0.402:0.167:occ0;12:0.278:-0.053:b0.456:0.128:occ0;24:0.431:0.172:b0.416:0.147:occ1;36:0.421:0.147:b0.419:0.146:occ1;48:0.418:0.147:b0.417:0.149:occ1;60:0.419:0.149:b0.423:0.145:occ1;72:0.426:0.149:b0.415:0.163:occ1;84:0.419:0.150:b0.428:0.141:occ1;89:0.419:0.149:b0.428:0.141:occ1
ablate_no_false_detection_rejection,combined_extreme_stress,1,1002,,1,20,0.01797,0.01376,72,13,42,0.03340,0.01376,0.54167,0.02381,0,0.06667,0.77778,90.00000,0,1.16259,0.13583,0.30000,0.15256,0:-0.104:-0.480:b0.384:0.244:occ0;12:0.307:-0.043:b0.476:0.231:occ0;24:0.424:0.262:b0.381:0.257:occ1;36:0.396:0.259:b0.388:0.270:occ1;48:0.384:0.235:b0.384:0.293:occ1;60:0.384:0.256:b0.381:0.302:occ1;72:0.387:0.254:b0.386:0.290:occ1;84:0.394:0.257:b0.404:0.211:occ1;89:0.397:0.259:b0.387:0.287:occ1
ablate_no_distractor_filter,combined_extreme_stress,1,1002,,1,20,0.04033,0.07536,72,14,34,0.04066,0.07536,0.54167,0.02941,0,0.07778,0.77778,90.00000,0,1.11445,0.13417,0.30000,0.12119,0:-0.104:-0.480:b0.445:0.187:occ0;12:0.294:-0.042:b0.385:0.228:occ0;24:0.439:0.235:b0.423:0.229:occ1;36:0.405:0.233:b0.395:0.212:occ1;48:0.396:0.216:b0.399:0.233:occ1;60:0.404:0.230:b0.411:0.229:occ1;72:0.407:0.235:b0.392:0.248:occ1;84:0.391:0.227:b0.395:0.230:occ1;89:0.394:0.228:b0.428:0.207:occ1
occlusion_aware_permanence_v4,combined_extreme_stress,1,1002,,0,21,0.09766,0.08771,71,15,36,0.09180,0.08771,0.61972,0.00000,0,0.07778,0.10000,90.00000,0,1.15003,0.10984,0.30000,0.23534,0:-0.104:-0.480:b0.412:0.237:occ0;12:0.290:-0.048:b0.583:0.144:occ0;24:0.442:0.278:b0.407:0.329:occ1;36:0.406:0.349:b0.400:0.336:occ1;48:0.401:0.340:b0.397:0.344:occ1;60:0.397:0.341:b0.394:0.346:occ1;72:0.397:0.340:b0.392:0.346:occ1;84:0.396:0.341:b0.394:0.346:occ1;89:0.395:0.342:b0.403:0.331:occ1
learned_only_branch,combined_extreme_stress,1,1002,,1,20,0.07795,0.08047,72,15,35,0.08296,0.08047,0.25000,0.00000,0,0.06667,0.53333,90.00000,0,1.13272,0.06128,0.23300,0.23878,0:-0.104:-0.480:b0.423:0.257:occ0;12:0.289:-0.046:b0.379:0.212:occ0;24:0.432:0.308:b0.413:0.350:occ1;36:0.424:0.357:b0.421:0.345:occ1;48:0.419:0.344:b0.416:0.345:occ1;60:0.417:0.341:b0.418:0.341:occ1;72:0.415:0.343:b0.413:0.345:occ1;84:0.415:0.344:b0.413:0.345:occ1;89:0.415:0.344:b0.415:0.347:occ1
occlusion_full_v5,combined_extreme_stress,1,1003,,0,23,0.08080,0.08735,70,18,37,0.05978,0.08735,0.52857,0.00000,0,0.00000,0.73333,90.00000,0,1.05378,0.11085,0.30000,0.30599,0:0.001:-0.480:b-0.504:0.362:occ0;12:-0.332:-0.040:b-0.356:0.295:occ0;24:-0.407:0.286:b-0.390:0.287:occ1;36:-0.389:0.310:b-0.383:0.294:occ1;48:-0.385:0.300:b-0.385:0.293:occ1;60:-0.386:0.303:b-0.393:0.295:occ1;72:-0.385:0.299:b-0.381:0.292:occ1;84:-0.380:0.287:b-0.378:0.282:occ1;89:-0.379:0.287:b-0.377:0.279:occ1
ablate_no_self_mask,combined_extreme_stress,1,1003,,1,22,0.07491,0.07505,70,16,24,0.08873,0.07505,0.67143,0.00000,0,0.00000,0.47778,90.00000,0,1.19703,0.12828,0.30000,0.24723,0:0.001:-0.480:b-0.457:0.389:occ0;12:-0.340:-0.036:b-0.426:0.370:occ0;24:-0.436:0.335:b-0.507:0.379:occ1;36:-0.505:0.395:b-0.504:0.380:occ1;48:-0.496:0.386:b-0.489:0.389:occ1;60:-0.480:0.396:b-0.478:0.399:occ1;72:-0.492:0.386:b-0.476:0.404:occ1;84:-0.490:0.389:b-0.504:0.376:occ1;89:-0.491:0.387:b-0.491:0.388:occ1
ablate_no_branch_belief,combined_extreme_stress,1,1003,,1,22,0.02886,0.03247,69,15,34,0.02695,0.03247,0.55072,0.02941,0,0.00000,0.75556,90.00000,0,1.12554,0.14735,0.30000,0.26229,0:0.001:-0.480:b-0.447:0.333:occ0;12:-0.348:-0.042:b-0.407:0.284:occ0;24:-0.396:0.320:b-0.437:0.311:occ1;36:-0.405:0.361:b-0.419:0.340:occ1;48:-0.412:0.339:b-0.416:0.346:occ1;60:-0.408:0.334:b-0.404:0.333:occ1;72:-0.407:0.334:b-0.424:0.339:occ1;84:-0.409:0.335:b-0.405:0.334:occ1;89:-0.409:0.335:b-0.404:0.333:occ1
ablate_no_contact_update,combined_extreme_stress,1,1003,,1,22,0.00790,0.01871,70,19,34,0.01678,0.01871,0.54286,0.00000,0,0.00000,0.75556,90.00000,0,1.09082,0.14498,0.30000,0.27843,0:0.001:-0.480:b-0.459:0.260:occ0;12:-0.339:-0.036:b-0.367:0.347:occ0;24:-0.441:0.307:b-0.424:0.335:occ1;36:-0.434:0.342:b-0.431:0.318:occ1;48:-0.432:0.318:b-0.431:0.332:occ1;60:-0.431:0.325:b-0.431:0.341:occ1;72:-0.428:0.326:b-0.428:0.312:occ1;84:-0.429:0.323:b-0.427:0.321:occ1;89:-0.430:0.324:b-0.428:0.312:occ1
ablate_no_uncertainty_inflation,combined_extreme_stress,1,1003,,1,23,0.07479,0.08164,70,18,25,0.05640,0.08164,0.00000,0.00000,0,0.00000,0.74444,90.00000,0,1.03757,0.03723,0.14000,0.30402,0:0.001:-0.480:b-0.470:0.317:occ0;12:-0.320:-0.036:b-0.364:0.431:occ0;24:-0.419:0.278:b-0.401:0.283:occ1;36:-0.405:0.307:b-0.399:0.315:occ1;48:-0.401:0.294:b-0.402:0.283:occ1;60:-0.403:0.300:b-0.406:0.295:occ1;72:-0.400:0.293:b-0.402:0.303:occ1;84:-0.399:0.291:b-0.398:0.288:occ1;89:-0.399:0.291:b-0.397:0.284:occ1
ablate_no_identity_filter,combined_extreme_stress,1,1003,,1,22,0.04027,0.04196,70,14,29,0.03813,0.04196,0.61429,0.03448,0,0.00000,0.75556,90.00000,0,1.10894,0.14685,0.30000,0.23725,0:0.001:-0.480:b-0.365:0.287:occ0;12:-0.346:-0.044:b-0.390:0.258:occ0;24:-0.401:0.322:b-0.412:0.357:occ1;36:-0.413:0.377:b-0.425:0.360:occ1;48:-0.413:0.361:b-0.407:0.360:occ1;60:-0.409:0.358:b-0.422:0.360:occ1;72:-0.406:0.359:b-0.412:0.368:occ1;84:-0.405:0.360:b-0.408:0.362:occ1;89:-0.408:0.361:b-0.400:0.355:occ1
ablate_no_reacquisition_guard,combined_extreme_stress,1,1003,,1,23,0.01004,0.01026,70,18,25,0.02177,0.01026,0.52857,0.00000,0,0.00000,0.74444,90.00000,0,1.06832,0.13627,0.30000,0.27484,0:0.001:-0.480:b-0.434:0.323:occ0;12:-0.328:-0.037:b-0.353:0.311:occ0;24:-0.426:0.296:b-0.439:0.313:occ1;36:-0.444:0.336:b-0.441:0.333:occ1;48:-0.443:0.325:b-0.440:0.335:occ1;60:-0.437:0.329:b-0.438:0.320:occ1;72:-0.437:0.328:b-0.436:0.342:occ1;84:-0.438:0.329:b-0.437:0.329:occ1;89:-0.438:0.330:b-0.438:0.330:occ1
ablate_no_tail_risk_objective,combined_extreme_stress,1,1003,,1,22,0.06565,0.07139,70,18,29,0.06014,0.07139,0.52857,0.00000,0,0.00000,0.75556,90.00000,0,1.19648,0.11321,0.30000,0.32505,0:0.001:-0.480:b-0.348:0.359:occ0;12:-0.320:-0.035:b-0.368:0.391:occ0;24:-0.412:0.291:b-0.405:0.265:occ1;36:-0.390:0.271:b-0.390:0.257:occ1;48:-0.397:0.278:b-0.394:0.272:occ1;60:-0.394:0.280:b-0.389:0.261:occ1;72:-0.397:0.297:b-0.396:0.302:occ1;84:-0.392:0.273:b-0.390:0.257:occ1;89:-0.395:0.269:b-0.391:0.265:occ1
ablate_no_false_detection_rejection,combined_extreme_stress,1,1003,,1,23,0.01533,0.02731,70,19,31,0.03945,0.02731,0.52857,0.00000,0,0.00000,0.74444,90.00000,0,1.13416,0.13359,0.30000,0.27718,0:0.001:-0.480:b-0.395:0.395:occ0;12:-0.335:-0.035:b-0.358:0.436:occ0;24:-0.391:0.291:b-0.443:0.264:occ1;36:-0.442:0.312:b-0.443:0.310:occ1;48:-0.437:0.306:b-0.443:0.316:occ1;60:-0.424:0.303:b-0.424:0.288:occ1;72:-0.424:0.315:b-0.436:0.319:occ1;84:-0.424:0.326:b-0.406:0.337:occ1;89:-0.420:0.323:b-0.415:0.354:occ1
ablate_no_distractor_filter,combined_extreme_stress,1,1003,,1,22,0.05497,0.06181,70,14,38,0.05966,0.06181,0.52857,0.02632,0,0.00000,0.75556,90.00000,0,1.08774,0.11781,0.30000,0.28609,0:0.001:-0.480:b-0.437:0.397:occ0;12:-0.302:-0.039:b-0.256:0.305:occ0;24:-0.399:0.295:b-0.400:0.286:occ1;36:-0.405:0.292:b-0.389:0.296:occ1;48:-0.397:0.278:b-0.395:0.281:occ1;60:-0.390:0.271:b-0.387:0.258:occ1;72:-0.393:0.280:b-0.392:0.347:occ1;84:-0.389:0.308:b-0.377:0.294:occ1;89:-0.382:0.307:b-0.374:0.315:occ1
occlusion_aware_permanence_v4,combined_extreme_stress,1,1003,,1,22,0.01435,0.01308,70,16,30,0.02552,0.01308,0.61429,0.00000,0,0.00000,0.75556,90.00000,0,1.08951,0.15507,0.30000,0.25713,0:0.001:-0.480:b-0.410:0.375:occ0;12:-0.355:-0.037:b-0.386:0.350:occ0;24:-0.442:0.316:b-0.449:0.340:occ1;36:-0.447:0.363:b-0.445:0.347:occ1;48:-0.442:0.353:b-0.441:0.352:occ1;60:-0.444:0.350:b-0.439:0.352:occ1;72:-0.441:0.350:b-0.445:0.351:occ1;84:-0.441:0.351:b-0.440:0.350:occ1;89:-0.441:0.350:b-0.440:0.349:occ1
learned_only_branch,combined_extreme_stress,1,1003,,1,23,0.05574,0.07358,70,18,37,0.04603,0.07358,0.22857,0.00000,0,0.00000,0.74444,90.00000,0,1.07241,0.07611,0.22700,0.31141,0:0.001:-0.480:b-0.337:0.318:occ0;12:-0.352:-0.038:b-0.426:0.296:occ0;24:-0.418:0.274:b-0.418:0.251:occ1;36:-0.419:0.299:b-0.411:0.253:occ1;48:-0.414:0.295:b-0.418:0.311:occ1;60:-0.411:0.298:b-0.399:0.268:occ1;72:-0.406:0.295:b-0.420:0.317:occ1;84:-0.406:0.291:b-0.422:0.319:occ1;89:-0.404:0.284:b-0.397:0.268:occ1
occlusion_full_v5,combined_extreme_stress,2,1000,,1,25,0.04859,0.04871,67,19,27,0.05511,0.04871,0.50746,0.03704,0,0.00000,0.72222,90.00000,0,1.14154,0.11373,0.30000,0.22062,0:0.027:-0.480:b0.216:0.392:occ0;12:0.111:-0.035:b0.158:0.438:occ0;24:0.127:0.394:b0.101:0.507:occ1;36:0.110:0.523:b0.090:0.502:occ1;48:0.109:0.515:b0.114:0.512:occ1;60:0.101:0.506:b0.086:0.499:occ1;72:0.101:0.505:b0.093:0.502:occ1;84:0.109:0.508:b0.104:0.507:occ1;89:0.111:0.510:b0.106:0.507:occ1
ablate_no_self_mask,combined_extreme_stress,2,1000,,1,26,0.04038,0.04681,67,16,32,0.05532,0.04681,0.65672,0.00000,0,0.00000,0.65556,90.00000,0,1.09924,0.14072,0.30000,0.12804,0:0.023:-0.480:b0.077:0.501:occ0;12:0.097:-0.035:b0.166:0.398:occ0;24:0.163:0.379:b0.190:0.493:occ1;36:0.207:0.479:b0.200:0.465:occ1;48:0.208:0.470:b0.208:0.468:occ1;60:0.204:0.469:b0.203:0.481:occ1;72:0.203:0.475:b0.202:0.480:occ1;84:0.202:0.468:b0.200:0.474:occ1;89:0.202:0.469:b0.200:0.456:occ1
ablate_no_branch_belief,combined_extreme_stress,2,1000,,1,26,0.04961,0.05166,67,20,26,0.05314,0.05166,0.50746,0.07692,0,0.00000,0.71111,90.00000,0,1.08614,0.11570,0.30000,0.13245,0:0.023:-0.480:b0.078:0.506:occ0;12:0.117:-0.036:b0.095:0.356:occ0;24:0.166:0.380:b0.186:0.486:occ1;36:0.187:0.477:b0.201:0.472:occ1;48:0.188:0.471:b0.183:0.468:occ1;60:0.190:0.467:b0.182:0.468:occ1;72:0.188:0.467:b0.205:0.466:occ1;84:0.187:0.467:b0.195:0.468:occ1;89:0.192:0.467:b0.194:0.465:occ1
ablate_no_contact_update,combined_extreme_stress,2,1000,,0,25,0.11654,0.11733,68,18,35,0.10630,0.11733,0.51471,0.00000,0,0.00000,0.08889,90.00000,0,1.08847,0.08545,0.30000,0.25265,0:0.025:-0.480:b0.126:0.327:occ0;12:0.085:-0.035:b0.060:0.412:occ0;24:0.088:0.383:b0.035:0.445:occ1;36:0.035:0.463:b0.038:0.431:occ1;48:0.036:0.437:b0.037:0.431:occ1;60:0.038:0.433:b0.037:0.436:occ1;72:0.038:0.435:b0.038:0.436:occ1;84:0.038:0.434:b0.038:0.434:occ1;89:0.038:0.433:b0.037:0.432:occ1
ablate_no_uncertainty_inflation,combined_extreme_stress,2,1000,,0,26,0.09413,0.09604,68,17,33,0.09600,0.09604,0.00000,0.15152,0,0.62222,0.10000,90.00000,0,1.05288,0.04541,0.14000,0.08748,0:0.027:-0.480:b0.213:0.461:occ0;12:0.124:-0.035:b0.145:0.479:occ0;24:0.142:0.372:b0.205:0.393:occ1;36:0.195:0.407:b0.199:0.386:occ1;48:0.200:0.392:b0.200:0.393:occ1;60:0.198:0.390:b0.198:0.393:occ1;72:0.201:0.394:b0.194:0.397:occ1;84:0.199:0.394:b0.195:0.395:occ1;89:0.198:0.395:b0.205:0.398:occ1
ablate_no_identity_filter,combined_extreme_stress,2,1000,,0,26,0.11820,0.12728,67,17,37,0.12263,0.12728,0.59701,0.08108,0,0.00000,0.04444,90.00000,0,1.15061,0.10056,0.30000,0.12929,0:0.028:-0.480:b0.235:0.492:occ0;12:0.155:-0.038:b0.352:0.296:occ0;24:0.171:0.385:b0.265:0.510:occ1;36:0.237:0.505:b0.254:0.485:occ1;48:0.248:0.497:b0.245:0.493:occ1;60:0.250:0.490:b0.253:0.487:occ1;72:0.248:0.490:b0.240:0.494:occ1;84:0.248:0.491:b0.239:0.494:occ1;89:0.249:0.495:b0.258:0.496:occ1
ablate_no_reacquisition_guard,combined_extreme_stress,2,1000,,1,24,0.04560,0.04691,68,16,35,0.05624,0.04691,0.52941,0.00000,0,0.00000,0.68889,90.00000,0,1.13174,0.11678,0.30000,0.17397,0:0.027:-0.480:b0.207:0.455:occ0;12:0.095:-0.035:b0.103:0.542:occ0;24:0.145:0.408:b0.168:0.505:occ1;36:0.169:0.522:b0.174:0.510:occ1;48:0.176:0.512:b0.187:0.507:occ1;60:0.180:0.508:b0.178:0.508:occ1;72:0.178:0.507:b0.193:0.505:occ1;84:0.180:0.508:b0.180:0.507:occ1;89:0.177:0.508:b0.177:0.511:occ1
ablate_no_tail_risk_objective,combined_extreme_stress,2,1000,,0,24,0.09227,0.09495,68,18,40,0.08738,0.09495,0.51471,0.00000,0,0.00000,0.16667,90.00000,0,1.32019,0.09450,0.30000,0.24226,0:0.023:-0.480:b0.062:0.473:occ0;12:0.102:-0.035:b0.159:0.478:occ0;24:0.106:0.400:b0.047:0.473:occ1;36:0.045:0.478:b0.053:0.460:occ1;48:0.052:0.481:b0.055:0.477:occ1;60:0.048:0.455:b0.061:0.468:occ1;72:0.057:0.459:b0.050:0.457:occ1;84:0.052:0.475:b0.063:0.467:occ1;89:0.057:0.461:b0.054:0.463:occ1
ablate_no_false_detection_rejection,combined_extreme_stress,2,1000,,1,25,0.02687,0.04977,67,19,35,0.03609,0.04977,0.52239,0.00000,0,0.00000,0.72222,90.00000,0,1.17381,0.12551,0.30000,0.18133,0:0.025:-0.480:b0.135:0.415:occ0;12:0.118:-0.035:b0.051:0.541:occ0;24:0.125:0.385:b0.103:0.461:occ1;36:0.139:0.465:b0.138:0.465:occ1;48:0.134:0.455:b0.180:0.417:occ1;60:0.127:0.460:b0.137:0.455:occ1;72:0.136:0.449:b0.144:0.452:occ1;84:0.134:0.461:b0.129:0.446:occ1;89:0.126:0.463:b0.100:0.470:occ1
ablate_no_distractor_filter,combined_extreme_stress,2,1000,,1,26,0.05063,0.07496,67,16,42,0.06260,0.07496,0.50746,0.14286,0,0.01111,0.71111,90.00000,0,1.11207,0.11167,0.30000,0.11622,0:0.025:-0.480:b0.135:0.478:occ0;12:0.105:-0.037:b0.160:0.484:occ0;24:0.143:0.358:b0.225:0.418:occ1;36:0.188:0.459:b0.214:0.442:occ1;48:0.205:0.455:b0.174:0.464:occ1;60:0.199:0.448:b0.171:0.466:occ1;72:0.198:0.447:b0.206:0.435:occ1;84:0.198:0.445:b0.176:0.462:occ1;89:0.192:0.444:b0.215:0.435:occ1
occlusion_aware_permanence_v4,combined_extreme_stress,2,1000,,1,25,0.04801,0.04421,67,19,28,0.03711,0.04421,0.59701,0.00000,0,0.00000,0.72222,90.00000,0,1.09016,0.13284,0.30000,0.19381,0:0.026:-0.480:b0.158:0.440:occ0;12:0.142:-0.036:b0.118:0.363:occ0;24:0.158:0.380:b0.094:0.440:occ1;36:0.117:0.471:b0.113:0.453:occ1;48:0.111:0.458:b0.104:0.451:occ1;60:0.108:0.455:b0.102:0.453:occ1;72:0.108:0.455:b0.117:0.464:occ1;84:0.109:0.457:b0.107:0.454:occ1;89:0.108:0.455:b0.112:0.457:occ1
learned_only_branch,combined_extreme_stress,2,1000,,1,62,0.04960,0.05010,66,16,37,0.08866,0.06464,0.00000,0.00000,0,0.00000,0.31111,0.00000,0,1.20370,0.04528,0.12200,0.22311,0:0.024:-0.480:b0.097:0.353:occ0;12:0.077:-0.037:b0.109:0.318:occ0;24:0.081:0.358:b0.020:0.403:occ1;36:0.017:0.425:b0.017:0.408:occ1;48:0.012:0.408:b0.013:0.416:occ1;60:0.066:0.462:b0.079:0.498:occ1;72:0.099:0.509:b0.082:0.499:occ1;84:0.104:0.510:b0.087:0.499:occ1;89:0.112:0.514:b0.140:0.529:occ1
occlusion_full_v5,combined_extreme_stress,2,1001,,1,20,0.03094,0.03202,73,13,37,0.05637,0.03202,0.54795,0.02703,0,0.00000,0.72222,90.00000,0,0.95088,0.13809,0.30000,0.22432,0:-0.039:-0.480:b0.458:0.242:occ0;12:0.294:-0.052:b0.341:0.205:occ0;24:0.336:0.189:b0.300:0.158:occ1;36:0.301:0.174:b0.305:0.175:occ1;48:0.302:0.167:b0.315:0.171:occ1;60:0.309:0.168:b0.307:0.164:occ1;72:0.309:0.167:b0.307:0.165:occ1;84:0.310:0.165:b0.300:0.168:occ1;89:0.309:0.165:b0.307:0.166:occ1
ablate_no_self_mask,combined_extreme_stress,2,1001,,1,20,0.03483,0.04875,70,17,34,0.07194,0.09356,0.50000,0.00000,0,0.00000,0.60000,0.00000,0,1.14296,0.13481,0.30000,0.22750,0:-0.039:-0.480:b0.301:0.200:occ0;12:0.325:-0.046:b0.398:0.240:occ0;24:0.280:0.211:b0.190:0.197:occ1;36:0.265:0.203:b0.332:0.192:occ1;48:0.312:0.194:b0.280:0.195:occ1;60:0.312:0.196:b0.294:0.199:occ1;72:0.306:0.197:b0.293:0.199:occ1;84:0.312:0.196:b0.320:0.193:occ1;89:0.310:0.197:b0.296:0.198:occ1
ablate_no_branch_belief,combined_extreme_stress,2,1001,,1,20,0.06793,0.06565,73,14,36,0.04598,0.06565,0.54795,0.00000,0,0.00000,0.77778,90.00000,0,1.00112,0.12330,0.30000,0.19021,0:-0.039:-0.480:b0.345:0.330:occ0;12:0.295:-0.047:b0.391:0.211:occ0;24:0.387:0.240:b0.372:0.245:occ1;36:0.371:0.255:b0.378:0.243:occ1;48:0.366:0.245:b0.371:0.246:occ1;60:0.369:0.250:b0.369:0.254:occ1;72:0.371:0.250:b0.370:0.250:occ1;84:0.371:0.248:b0.379:0.250:occ1;89:0.372:0.250:b0.364:0.252:occ1
ablate_no_contact_update,combined_extreme_stress,2,1001,,1,20,0.04066,0.04028,73,15,35,0.05074,0.04028,0.54795,0.00000,0,0.00000,0.77778,90.00000,0,0.96709,0.13159,0.30000,0.20094,0:-0.039:-0.480:b0.313:0.235:occ0;12:0.283:-0.050:b0.447:0.173:occ0;24:0.361:0.198:b0.335:0.177:occ1;36:0.329:0.177:b0.331:0.167:occ1;48:0.328:0.181:b0.334:0.185:occ1;60:0.333:0.178:b0.327:0.175:occ1;72:0.332:0.175:b0.332:0.175:occ1;84:0.332:0.171:b0.328:0.173:occ1;89:0.333:0.171:b0.326:0.174:occ1
ablate_no_uncertainty_inflation,combined_extreme_stress,2,1001,,0,20,0.08407,0.08969,72,12,43,0.07107,0.08969,0.00000,0.00000,0,0.00000,0.50000,90.00000,0,1.05043,0.03435,0.14000,0.18676,0:-0.039:-0.480:b0.417:0.196:occ0;12:0.302:-0.055:b0.368:0.215:occ0;24:0.404:0.254:b0.383:0.281:occ1;36:0.407:0.281:b0.419:0.262:occ1;48:0.412:0.266:b0.420:0.260:occ1;60:0.400:0.274:b0.403:0.271:occ1;72:0.394:0.279:b0.400:0.277:occ1;84:0.396:0.278:b0.399:0.277:occ1;89:0.399:0.277:b0.374:0.293:occ1
ablate_no_identity_filter,combined_extreme_stress,2,1001,,1,20,0.02766,0.02956,72,14,34,0.03444,0.02956,0.62500,0.02941,0,0.00000,0.77778,90.00000,0,1.02043,0.14983,0.30000,0.22897,0:-0.039:-0.480:b0.416:0.175:occ0;12:0.316:-0.054:b0.368:0.116:occ0;24:0.367:0.236:b0.324:0.246:occ1;36:0.330:0.254:b0.319:0.243:occ1;48:0.328:0.245:b0.332:0.249:occ1;60:0.333:0.250:b0.332:0.248:occ1;72:0.332:0.248:b0.331:0.249:occ1;84:0.328:0.249:b0.326:0.250:occ1;89:0.328:0.249:b0.325:0.250:occ1
ablate_no_reacquisition_guard,combined_extreme_stress,2,1001,,1,20,0.05812,0.06259,73,16,31,0.04969,0.06259,0.54795,0.00000,0,0.00000,0.77778,90.00000,0,0.95689,0.12100,0.30000,0.16286,0:-0.039:-0.480:b0.339:0.216:occ0;12:0.309:-0.051:b0.414:0.185:occ0;24:0.391:0.201:b0.368:0.183:occ1;36:0.374:0.192:b0.383:0.190:occ1;48:0.370:0.182:b0.380:0.185:occ1;60:0.373:0.188:b0.377:0.182:occ1;72:0.374:0.191:b0.372:0.194:occ1;84:0.375:0.191:b0.380:0.195:occ1;89:0.375:0.190:b0.378:0.185:occ1
ablate_no_tail_risk_objective,combined_extreme_stress,2,1001,,1,21,0.07616,0.07560,72,17,33,0.08110,0.07560,0.54167,0.00000,0,0.00000,0.41111,90.00000,0,1.11912,0.11175,0.30000,0.17506,0:-0.039:-0.480:b0.359:0.348:occ0;12:0.327:-0.051:b0.336:0.179:occ0;24:0.373:0.164:b0.346:0.132:occ1;36:0.352:0.134:b0.349:0.127:occ1;48:0.345:0.136:b0.349:0.134:occ1;60:0.347:0.146:b0.358:0.142:occ1;72:0.351:0.139:b0.353:0.138:occ1;84:0.350:0.130:b0.352:0.135:occ1;89:0.358:0.132:b0.345:0.132:occ1
ablate_no_false_detection_rejection,combined_extreme_stress,2,1001,,0,21,0.08164,0.09149,73,13,37,0.07260,0.09149,0.56164,0.18919,0,0.05556,0.55556,90.00000,0,1.06545,0.11681,0.30000,0.13250,0:-0.039:-0.480:b0.397:0.211:occ0;12:0.302:-0.041:b0.526:0.338:occ0;24:0.453:0.213:b0.395:0.218:occ1;36:0.419:0.220:b0.401:0.214:occ1;48:0.428:0.211:b0.409:0.211:occ1;60:0.427:0.211:b0.398:0.233:occ1;72:0.420:0.220:b0.413:0.222:occ1;84:0.413:0.224:b0.418:0.215:occ1;89:0.421:0.218:b0.431:0.217:occ1
ablate_no_distractor_filter,combined_extreme_stress,2,1001,,1,20,0.05071,0.05691,72,14,37,0.05640,0.05691,0.54167,0.00000,0,0.00000,0.77778,90.00000,0,1.08563,0.11935,0.30000,0.18781,0:-0.039:-0.480:b0.280:0.249:occ0;12:0.283:-0.050:b0.351:0.249:occ0;24:0.374:0.249:b0.436:0.255:occ1;36:0.375:0.276:b0.360:0.251:occ1;48:0.361:0.271:b0.343:0.283:occ1;60:0.382:0.263:b0.373:0.270:occ1;72:0.381:0.269:b0.375:0.261:occ1;84:0.396:0.258:b0.335:0.293:occ1;89:0.385:0.263:b0.382:0.272:occ1
occlusion_aware_permanence_v4,combined_extreme_stress,2,1001,,0,19,0.08540,0.08148,73,15,28,0.09427,0.08148,0.63014,0.03571,0,0.00000,0.10000,90.00000,0,1.06916,0.12381,0.30000,0.28717,0:-0.039:-0.480:b0.364:0.245:occ0;12:0.322:-0.050:b0.295:0.213:occ0;24:0.324:0.244:b0.249:0.246:occ1;36:0.258:0.257:b0.265:0.262:occ1;48:0.260:0.249:b0.276:0.246:occ1;60:0.268:0.249:b0.278:0.247:occ1;72:0.269:0.251:b0.262:0.253:occ1;84:0.263:0.251:b0.280:0.247:occ1;89:0.265:0.251:b0.268:0.249:occ1
learned_only_branch,combined_extreme_stress,2,1001,,1,20,0.06945,0.06090,72,15,31,0.04601,0.06090,0.26389,0.00000,0,0.00000,0.77778,90.00000,0,0.98218,0.07668,0.23600,0.17243,0:-0.039:-0.480:b0.394:0.163:occ0;12:0.289:-0.047:b0.315:0.219:occ0;24:0.398:0.225:b0.375:0.230:occ1;36:0.384:0.238:b0.376:0.226:occ1;48:0.382:0.230:b0.395:0.233:occ1;60:0.383:0.234:b0.393:0.234:occ1;72:0.384:0.235:b0.394:0.234:occ1;84:0.384:0.235:b0.393:0.235:occ1;89:0.385:0.236:b0.376:0.234:occ1
occlusion_full_v5,combined_extreme_stress,2,1002,,1,24,0.07132,0.08801,71,14,40,0.08134,0.08801,0.53521,0.00000,0,0.00000,0.65556,90.00000,0,0.87523,0.10713,0.30000,0.17912,0:-0.038:-0.480:b0.056:0.240:occ0;12:0.046:-0.044:b0.134:0.274:occ0;24:0.076:0.202:b0.090:0.194:occ1;36:0.094:0.198:b0.070:0.178:occ1;48:0.079:0.184:b0.065:0.174:occ1;60:0.074:0.184:b0.110:0.199:occ1;72:0.069:0.178:b0.064:0.176:occ1;84:0.085:0.191:b0.061:0.171:occ1;89:0.084:0.190:b0.056:0.173:occ1
ablate_no_self_mask,combined_extreme_stress,2,1002,,1,21,0.03635,0.04219,71,19,37,0.04852,0.04219,0.67606,0.00000,0,0.00000,0.76667,90.00000,0,0.91866,0.15317,0.30000,0.11801,0:-0.040:-0.480:b-0.014:0.195:occ0;12:0.026:-0.037:b-0.087:0.367:occ0;24:0.058:0.240:b0.111:0.235:occ1;36:0.114:0.253:b0.109:0.234:occ1;48:0.109:0.249:b0.105:0.248:occ1;60:0.106:0.250:b0.109:0.246:occ1;72:0.106:0.251:b0.108:0.253:occ1;84:0.105:0.253:b0.104:0.238:occ1;89:0.107:0.247:b0.113:0.246:occ1
ablate_no_branch_belief,combined_extreme_stress,2,1002,,1,21,0.03524,0.02932,72,16,36,0.04502,0.02932,0.54167,0.00000,0,0.00000,0.76667,90.00000,0,0.95796,0.12710,0.30000,0.12320,0:-0.038:-0.480:b0.044:0.208:occ0;12:0.022:-0.043:b0.012:0.281:occ0;24:0.070:0.250:b0.059:0.227:occ1;36:0.072:0.242:b0.062:0.215:occ1;48:0.082:0.237:b0.090:0.241:occ1;60:0.093:0.244:b0.095:0.246:occ1;72:0.081:0.236:b0.146:0.275:occ1;84:0.108:0.253:b0.125:0.266:occ1;89:0.095:0.246:b0.051:0.215:occ1
ablate_no_contact_update,combined_extreme_stress,2,1002,,0,20,0.11012,0.10568,72,16,29,0.10920,0.10568,0.54167,0.00000,0,0.00000,0.10000,90.00000,0,0.97307,0.09091,0.30000,0.20042,0:-0.039:-0.480:b0.008:0.275:occ0;12:0.030:-0.045:b0.086:0.321:occ0;24:-0.006:0.276:b-0.049:0.271:occ1;36:-0.055:0.294:b-0.058:0.301:occ1;48:-0.053:0.287:b-0.042:0.269:occ1;60:-0.051:0.285:b-0.053:0.294:occ1;72:-0.055:0.296:b-0.046:0.267:occ1;84:-0.053:0.291:b-0.046:0.272:occ1;89:-0.050:0.283:b-0.047:0.273:occ1
ablate_no_uncertainty_inflation,combined_extreme_stress,2,1002,,1,20,0.06026,0.07058,72,17,34,0.06176,0.07058,0.00000,0.14706,0,0.72222,0.77778,90.00000,0,0.97579,0.04058,0.14000,0.08192,0:-0.039:-0.480:b0.008:0.304:occ0;12:0.034:-0.045:b0.074:0.168:occ0;24:0.070:0.291:b0.058:0.311:occ1;36:0.058:0.318:b0.057:0.296:occ1;48:0.075:0.312:b0.053:0.298:occ1;60:0.073:0.308:b0.081:0.306:occ1;72:0.074:0.314:b0.069:0.318:occ1;84:0.071:0.311:b0.120:0.322:occ1;89:0.071:0.310:b0.087:0.318:occ1
ablate_no_identity_filter,combined_extreme_stress,2,1002,,1,20,0.06152,0.07438,72,12,42,0.06429,0.07438,0.63889,0.30952,0,0.72222,0.77778,90.00000,0,0.98741,0.13553,0.30000,0.08267,0:-0.039:-0.480:b0.024:0.178:occ0;12:0.059:-0.044:b-0.003:0.221:occ0;24:0.061:0.297:b0.070:0.315:occ1;36:0.067:0.331:b0.047:0.297:occ1;48:0.069:0.319:b0.103:0.331:occ1;60:0.079:0.318:b0.050:0.322:occ1;72:0.076:0.316:b0.066:0.320:occ1;84:0.065:0.319:b0.063:0.326:occ1;89:0.065:0.316:b0.071:0.329:occ1
ablate_no_reacquisition_guard,combined_extreme_stress,2,1002,,1,23,0.06810,0.05598,71,16,38,0.08771,0.07162,0.21127,0.00000,0,0.00000,0.47778,0.00000,0,1.04916,0.06781,0.25200,0.19339,0:-0.037:-0.480:b0.091:0.262:occ0;12:0.048:-0.042:b0.024:0.213:occ0;24:-0.026:0.217:b-0.077:0.211:occ1;36:-0.080:0.215:b-0.078:0.199:occ1;48:0.002:0.200:b0.032:0.194:occ1;60:0.057:0.193:b0.058:0.194:occ1;72:0.055:0.189:b0.073:0.198:occ1;84:0.055:0.189:b0.035:0.179:occ1;89:0.051:0.187:b0.076:0.201:occ1
ablate_no_tail_risk_objective,combined_extreme_stress,2,1002,,0,22,0.11569,0.11689,72,13,36,0.11871,0.11689,0.54167,0.00000,0,0.00000,0.02222,90.00000,0,1.04622,0.09181,0.30000,0.23968,0:-0.039:-0.480:b0.021:0.335:occ0;12:0.042:-0.044:b0.093:0.212:occ0;24:-0.013:0.199:b-0.001:0.161:occ1;36:0.001:0.162:b-0.004:0.172:occ1;48:0.001:0.158:b-0.004:0.167:occ1;60:0.007:0.156:b-0.004:0.164:occ1;72:-0.007:0.160:b-0.007:0.165:occ1;84:-0.009:0.148:b-0.004:0.156:occ1;89:0.000:0.164:b-0.011:0.171:occ1
ablate_no_false_detection_rejection,combined_extreme_stress,2,1002,,1,20,0.05593,0.07225,72,15,30,0.06075,0.07225,0.54167,0.33333,0,0.71111,0.77778,90.00000,0,0.99605,0.12055,0.30000,0.08318,0:-0.037:-0.480:b0.083:0.177:occ0;12:0.040:-0.041:b0.024:0.332:occ0;24:0.055:0.286:b0.053:0.295:occ1;36:0.068:0.325:b0.062:0.300:occ1;48:0.053:0.317:b0.055:0.298:occ1;60:0.062:0.309:b0.058:0.307:occ1;72:0.074:0.319:b0.064:0.299:occ1;84:0.066:0.309:b0.086:0.314:occ1;89:0.068:0.312:b0.073:0.328:occ1
ablate_no_distractor_filter,combined_extreme_stress,2,1002,,1,20,0.07420,0.07720,72,15,28,0.06820,0.07720,0.54167,0.28571,0,0.73333,0.77778,90.00000,0,1.00023,0.11422,0.30000,0.07303,0:-0.036:-0.480:b0.127:0.165:occ0;12:0.035:-0.043:b0.056:0.298:occ0;24:0.072:0.296:b0.066:0.310:occ1;36:0.052:0.326:b0.049:0.319:occ1;48:0.057:0.317:b0.121:0.318:occ1;60:0.063:0.331:b0.076:0.333:occ1;72:0.056:0.328:b0.051:0.318:occ1;84:0.072:0.330:b0.090:0.348:occ1;89:0.069:0.330:b0.047:0.331:occ1
occlusion_aware_permanence_v4,combined_extreme_stress,2,1002,,1,21,0.03890,0.03509,72,16,30,0.04519,0.03509,0.62500,0.00000,0,0.00000,0.76667,90.00000,0,0.89681,0.14092,0.30000,0.16893,0:-0.038:-0.480:b0.048:0.152:occ0;12:0.032:-0.037:b-0.005:0.330:occ0;24:0.032:0.232:b0.024:0.217:occ1;36:0.045:0.237:b0.011:0.204:occ1;48:0.034:0.213:b0.054:0.224:occ1;60:0.047:0.227:b0.059:0.237:occ1;72:0.042:0.221:b0.022:0.201:occ1;84:0.046:0.222:b0.063:0.234:occ1;89:0.043:0.220:b0.048:0.222:occ1
learned_only_branch,combined_extreme_stress,2,1002,,0,23,0.09512,0.09690,71,14,38,0.10251,0.09690,0.26761,0.15789,0,0.27778,0.02222,90.00000,0,0.90409,0.05822,0.23600,0.11331,0:-0.039:-0.480:b0.016:0.255:occ0;12:0.040:-0.042:b0.021:0.257:occ0;24:0.116:0.240:b0.146:0.239:occ1;36:0.154:0.263:b0.147:0.242:occ1;48:0.152:0.261:b0.171:0.274:occ1;60:0.147:0.254:b0.140:0.240:occ1;72:0.148:0.256:b0.139:0.241:occ1;84:0.148:0.252:b0.139:0.241:occ1;89:0.145:0.249:b0.146:0.269:occ1
occlusion_full_v5,combined_extreme_stress,2,1003,,1,27,0.07272,0.07200,65,22,39,0.07600,0.07200,0.49231,0.05128,0,0.55556,0.70000,90.00000,0,1.27357,0.10187,0.30000,0.08801,0:0.064:-0.480:b-0.375:0.485:occ0;12:-0.235:-0.035:b-0.234:0.468:occ0;24:-0.352:0.401:b-0.266:0.487:occ0;36:-0.247:0.499:b-0.227:0.480:occ1;48:-0.226:0.484:b-0.224:0.479:occ1;60:-0.230:0.481:b-0.232:0.484:occ1;72:-0.230:0.481:b-0.227:0.479:occ1;84:-0.228:0.480:b-0.228:0.480:occ1;89:-0.228:0.480:b-0.229:0.480:occ1
ablate_no_self_mask,combined_extreme_stress,2,1003,,0,26,0.08353,0.07380,66,20,31,0.08702,0.07380,0.65152,0.03226,0,0.00000,0.12222,90.00000,0,1.30176,0.11509,0.30000,0.11698,0:0.064:-0.480:b-0.348:0.432:occ0;12:-0.248:-0.035:b-0.372:0.540:occ0;24:-0.314:0.415:b-0.247:0.526:occ1;36:-0.228:0.547:b-0.214:0.535:occ1;48:-0.211:0.533:b-0.218:0.521:occ1;60:-0.218:0.531:b-0.213:0.535:occ1;72:-0.218:0.532:b-0.217:0.530:occ1;84:-0.217:0.536:b-0.216:0.537:occ1;89:-0.218:0.532:b-0.226:0.514:occ1
ablate_no_branch_belief,combined_extreme_stress,2,1003,,0,27,0.11014,0.10840,66,24,21,0.11938,0.10840,0.50000,1.00000,0,0.64444,0.05556,90.00000,0,1.30360,0.08407,0.30000,0.06872,0:0.064:-0.480:b-0.332:0.441:occ0;12:-0.259:-0.035:b-0.309:0.554:occ0;24:-0.306:0.414:b-0.158:0.502:occ1;36:-0.189:0.517:b-0.174:0.498:occ1;48:-0.162:0.504:b-0.160:0.508:occ1;60:-0.166:0.499:b-0.168:0.499:occ1;72:-0.170:0.498:b-0.169:0.499:occ1;84:-0.171:0.499:b-0.170:0.498:occ1;89:-0.172:0.501:b-0.174:0.499:occ1
ablate_no_contact_update,combined_extreme_stress,2,1003,,0,27,0.08133,0.08451,66,18,34,0.08385,0.08451,0.50000,0.05882,0,0.00000,0.20000,90.00000,0,1.18941,0.09865,0.30000,0.15776,0:0.064:-0.480:b-0.234:0.559:occ0;12:-0.248:-0.035:b-0.315:0.496:occ0;24:-0.306:0.418:b-0.329:0.405:occ1;36:-0.310:0.455:b-0.315:0.430:occ1;48:-0.313:0.429:b-0.311:0.431:occ1;60:-0.311:0.429:b-0.311:0.429:occ1;72:-0.310:0.431:b-0.311:0.427:occ1;84:-0.310:0.432:b-0.310:0.434:occ1;89:-0.310:0.432:b-0.311:0.429:occ1
ablate_no_uncertainty_inflation,combined_extreme_stress,2,1003,,1,27,0.07011,0.07034,66,19,32,0.06706,0.07034,0.00000,0.00000,0,0.00000,0.70000,90.00000,0,1.23671,0.03796,0.14000,0.20680,0:0.064:-0.480:b-0.332:0.558:occ0;12:-0.266:-0.035:b-0.335:0.434:occ0;24:-0.356:0.416:b-0.403:0.561:occ1;36:-0.357:0.524:b-0.352:0.503:occ1;48:-0.349:0.509:b-0.345:0.508:occ1;60:-0.346:0.507:b-0.347:0.504:occ1;72:-0.347:0.504:b-0.347:0.504:occ1;84:-0.347:0.504:b-0.347:0.505:occ1;89:-0.347:0.504:b-0.347:0.504:occ1
ablate_no_identity_filter,combined_extreme_stress,2,1003,,1,27,0.07662,0.07749,66,22,36,0.07458,0.07749,0.59091,0.00000,0,0.00000,0.70000,90.00000,0,1.20472,0.10718,0.30000,0.19982,0:0.064:-0.480:b-0.302:0.494:occ0;12:-0.253:-0.035:b-0.266:0.493:occ0;24:-0.326:0.412:b-0.376:0.461:occ1;36:-0.350:0.494:b-0.352:0.472:occ1;48:-0.352:0.479:b-0.344:0.480:occ1;60:-0.348:0.479:b-0.347:0.478:occ1;72:-0.348:0.477:b-0.349:0.476:occ1;84:-0.347:0.477:b-0.349:0.476:occ1;89:-0.348:0.477:b-0.348:0.476:occ1
ablate_no_reacquisition_guard,combined_extreme_stress,2,1003,,1,28,0.03000,0.02842,66,20,30,0.03588,0.02842,0.50000,0.00000,0,0.00000,0.68889,90.00000,0,1.18985,0.12457,0.30000,0.11602,0:0.064:-0.480:b-0.256:0.610:occ0;12:-0.231:-0.035:b-0.286:0.544:occ0;24:-0.265:0.409:b-0.258:0.480:occ1;36:-0.254:0.503:b-0.254:0.485:occ1;48:-0.255:0.488:b-0.254:0.485:occ1;60:-0.256:0.486:b-0.256:0.487:occ1;72:-0.256:0.486:b-0.256:0.485:occ1;84:-0.257:0.486:b-0.256:0.485:occ1;89:-0.257:0.486:b-0.258:0.486:occ1
ablate_no_tail_risk_objective,combined_extreme_stress,2,1003,,1,28,0.06941,0.07154,65,20,32,0.07333,0.07154,0.49231,0.03125,0,0.64444,0.60000,90.00000,0,1.37394,0.10389,0.30000,0.08681,0:0.064:-0.480:b-0.252:0.453:occ0;12:-0.273:-0.035:b-0.361:0.531:occ0;24:-0.317:0.392:b-0.257:0.489:occ0;36:-0.212:0.490:b-0.230:0.484:occ1;48:-0.221:0.481:b-0.221:0.480:occ1;60:-0.231:0.486:b-0.235:0.490:occ1;72:-0.224:0.481:b-0.224:0.482:occ1;84:-0.221:0.479:b-0.224:0.479:occ1;89:-0.225:0.482:b-0.224:0.480:occ1
ablate_no_false_detection_rejection,combined_extreme_stress,2,1003,,1,27,0.07008,0.07737,65,22,33,0.06529,0.07737,0.49231,0.03030,0,0.00000,0.70000,90.00000,0,1.27332,0.09940,0.30000,0.19987,0:0.064:-0.480:b-0.291:0.556:occ0;12:-0.239:-0.035:b-0.192:0.444:occ0;24:-0.312:0.401:b-0.355:0.507:occ0;36:-0.346:0.512:b-0.355:0.502:occ1;48:-0.338:0.497:b-0.322:0.503:occ1;60:-0.324:0.492:b-0.289:0.480:occ1;72:-0.335:0.489:b-0.317:0.497:occ1;84:-0.338:0.500:b-0.352:0.501:occ1;89:-0.340:0.502:b-0.346:0.495:occ1
ablate_no_distractor_filter,combined_extreme_stress,2,1003,,0,28,0.08193,0.09067,66,22,27,0.08149,0.09067,0.51515,0.00000,0,0.00000,0.32222,90.00000,0,1.19797,0.09740,0.30000,0.13366,0:0.064:-0.480:b-0.247:0.463:occ0;12:-0.242:-0.035:b-0.315:0.592:occ0;24:-0.290:0.406:b-0.374:0.402:occ1;36:-0.296:0.464:b-0.309:0.454:occ1;48:-0.292:0.452:b-0.281:0.439:occ1;60:-0.285:0.444:b-0.304:0.452:occ1;72:-0.289:0.449:b-0.280:0.468:occ1;84:-0.286:0.447:b-0.263:0.461:occ1;89:-0.285:0.449:b-0.294:0.441:occ1
occlusion_aware_permanence_v4,combined_extreme_stress,2,1003,,1,27,0.02357,0.02417,66,20,34,0.02210,0.02417,0.59091,0.00000,0,0.00000,0.70000,90.00000,0,1.19348,0.14107,0.30000,0.17621,0:0.064:-0.480:b-0.290:0.504:occ0;12:-0.230:-0.035:b-0.312:0.559:occ0;24:-0.313:0.400:b-0.344:0.532:occ1;36:-0.318:0.514:b-0.316:0.499:occ1;48:-0.317:0.505:b-0.315:0.503:occ1;60:-0.316:0.502:b-0.317:0.505:occ1;72:-0.316:0.502:b-0.315:0.501:occ1;84:-0.315:0.502:b-0.315:0.502:occ1;89:-0.315:0.502:b-0.315:0.501:occ1
learned_only_branch,combined_extreme_stress,2,1003,,0,27,0.10783,0.10919,66,21,36,0.10362,0.10919,0.18182,0.00000,0,0.00000,0.08889,90.00000,0,1.22676,0.04573,0.21500,0.25833,0:0.064:-0.480:b-0.441:0.436:occ0;12:-0.243:-0.035:b-0.302:0.499:occ0;24:-0.335:0.408:b-0.401:0.495:occ1;36:-0.397:0.511:b-0.401:0.494:occ1;48:-0.402:0.500:b-0.399:0.503:occ1;60:-0.402:0.501:b-0.404:0.499:occ1;72:-0.403:0.500:b-0.404:0.499:occ1;84:-0.403:0.499:b-0.399:0.500:occ1;89:-0.402:0.500:b-0.404:0.499:occ1
occlusion_full_v5,combined_extreme_stress,3,1000,,1,20,0.07894,0.07966,73,17,34,0.07537,0.07966,0.54795,0.00000,0,0.00000,0.51111,90.00000,0,0.81406,0.10755,0.30000,0.28013,0:0.074:-0.480:b0.142:0.287:occ0;12:0.161:-0.051:b0.205:0.237:occ0;24:0.218:0.190:b0.221:0.192:occ1;36:0.230:0.191:b0.230:0.180:occ1;48:0.230:0.181:b0.233:0.180:occ1;60:0.232:0.179:b0.232:0.181:occ1;72:0.230:0.183:b0.225:0.197:occ1;84:0.229:0.186:b0.230:0.184:occ1;89:0.228:0.187:b0.229:0.187:occ1
ablate_no_self_mask,combined_extreme_stress,3,1000,,1,20,0.05944,0.05214,73,16,33,0.07590,0.05214,0.68493,0.00000,0,0.00000,0.58889,90.00000,0,0.84497,0.14024,0.30000,0.22777,0:0.076:-0.480:b0.191:0.294:occ0;12:0.192:-0.044:b0.227:0.270:occ0;24:0.165:0.162:b0.145:0.117:occ1;36:0.142:0.127:b0.145:0.116:occ1;48:0.140:0.128:b0.129:0.159:occ1;60:0.138:0.138:b0.148:0.121:occ1;72:0.141:0.133:b0.150:0.119:occ1;84:0.140:0.134:b0.152:0.117:occ1;89:0.138:0.137:b0.133:0.147:occ1
ablate_no_branch_belief,combined_extreme_stress,3,1000,,0,22,0.10738,0.10258,72,14,26,0.11623,0.10258,0.54167,0.00000,0,0.00000,0.03333,90.00000,0,0.82500,0.09749,0.30000,0.17538,0:0.076:-0.480:b0.198:0.231:occ0;12:0.161:-0.046:b0.136:0.183:occ0;24:0.114:0.160:b0.069:0.145:occ1;36:0.063:0.148:b0.065:0.144:occ1;48:0.063:0.142:b0.065:0.145:occ1;60:0.065:0.141:b0.065:0.139:occ1;72:0.065:0.141:b0.065:0.139:occ1;84:0.064:0.141:b0.065:0.139:occ1;89:0.065:0.141:b0.068:0.145:occ1
ablate_no_contact_update,combined_extreme_stress,3,1000,,0,19,0.09234,0.08611,73,13,32,0.09682,0.08611,0.54795,0.00000,0,0.00000,0.10000,90.00000,0,0.90052,0.10535,0.30000,0.12018,0:0.076:-0.480:b0.204:0.203:occ0;12:0.135:-0.049:b0.193:0.274:occ0;24:0.113:0.234:b0.068:0.244:occ1;36:0.069:0.240:b0.081:0.257:occ1;48:0.070:0.229:b0.077:0.222:occ1;60:0.073:0.224:b0.075:0.222:occ1;72:0.072:0.228:b0.076:0.222:occ1;84:0.072:0.229:b0.069:0.239:occ1;89:0.072:0.228:b0.076:0.222:occ1
ablate_no_uncertainty_inflation,combined_extreme_stress,3,1000,,0,19,0.08391,0.07618,73,16,37,0.06918,0.07618,0.00000,0.00000,0,0.00000,0.54444,90.00000,0,0.88213,0.02916,0.14000,0.20284,0:0.076:-0.480:b0.189:0.116:occ0;12:0.157:-0.053:b0.177:0.177:occ0;24:0.177:0.249:b0.164:0.261:occ1;36:0.167:0.274:b0.166:0.260:occ1;48:0.166:0.263:b0.164:0.257:occ1;60:0.166:0.261:b0.173:0.283:occ1;72:0.167:0.262:b0.172:0.276:occ1;84:0.168:0.265:b0.170:0.271:occ1;89:0.168:0.266:b0.166:0.258:occ1
ablate_no_identity_filter,combined_extreme_stress,3,1000,,0,20,0.11436,0.11197,73,15,37,0.12145,0.11197,0.63014,0.00000,0,0.00000,0.06667,90.00000,0,0.84906,0.10454,0.30000,0.18602,0:0.075:-0.480:b0.171:0.223:occ0;12:0.179:-0.051:b0.216:0.173:occ0;24:0.116:0.164:b0.074:0.129:occ1;36:0.068:0.137:b0.074:0.129:occ1;48:0.067:0.129:b0.068:0.129:occ1;60:0.070:0.130:b0.068:0.130:occ1;72:0.069:0.131:b0.067:0.130:occ1;84:0.068:0.130:b0.067:0.130:occ1;89:0.068:0.130:b0.070:0.132:occ1
ablate_no_reacquisition_guard,combined_extreme_stress,3,1000,,1,20,0.03560,0.03386,73,13,37,0.04666,0.03386,0.54795,0.00000,0,0.00000,0.77778,90.00000,0,0.78536,0.12841,0.30000,0.20438,0:0.076:-0.480:b0.183:0.206:occ0;12:0.146:-0.055:b0.154:0.231:occ0;24:0.148:0.180:b0.138:0.167:occ1;36:0.137:0.174:b0.138:0.169:occ1;48:0.136:0.166:b0.139:0.171:occ1;60:0.135:0.168:b0.135:0.172:occ1;72:0.134:0.167:b0.134:0.168:occ1;84:0.135:0.170:b0.134:0.168:occ1;89:0.135:0.170:b0.135:0.172:occ1
ablate_no_tail_risk_objective,combined_extreme_stress,3,1000,,0,19,0.08832,0.08456,73,12,35,0.07141,0.08456,0.54795,0.00000,0,0.00000,0.48889,90.00000,0,1.05010,0.10937,0.30000,0.20774,0:0.075:-0.480:b0.170:0.219:occ0;12:0.165:-0.047:b0.183:0.301:occ0;24:0.173:0.272:b0.165:0.262:occ1;36:0.179:0.253:b0.172:0.258:occ1;48:0.171:0.256:b0.170:0.266:occ1;60:0.171:0.261:b0.168:0.256:occ1;72:0.169:0.262:b0.167:0.260:occ1;84:0.164:0.264:b0.166:0.260:occ1;89:0.173:0.266:b0.169:0.262:occ1
ablate_no_false_detection_rejection,combined_extreme_stress,3,1000,,0,20,0.10069,0.10210,72,14,36,0.09191,0.10210,0.54167,0.02778,0,0.00000,0.20000,90.00000,0,0.96334,0.09822,0.30000,0.19061,0:0.076:-0.480:b0.183:0.166:occ0;12:0.110:-0.050:b0.146:0.219:occ0;24:0.163:0.256:b0.160:0.280:occ1;36:0.178:0.303:b0.179:0.278:occ1;48:0.171:0.290:b0.167:0.292:occ1;60:0.171:0.293:b0.196:0.292:occ1;72:0.166:0.300:b0.200:0.291:occ1;84:0.172:0.297:b0.123:0.307:occ1;89:0.157:0.296:b0.199:0.291:occ1
ablate_no_distractor_filter,combined_extreme_stress,3,1000,,0,21,0.09380,0.09604,71,16,34,0.12029,0.09378,0.30986,0.00000,0,0.00000,0.11111,0.00000,0,1.13157,0.06169,0.09200,0.21222,0:0.073:-0.480:b0.094:0.171:occ0;12:0.156:-0.045:b0.226:0.291:occ0;24:0.250:0.183:b0.283:0.176:occ1;36:0.294:0.178:b0.275:0.189:occ1;48:0.259:0.195:b0.278:0.194:occ1;60:0.274:0.184:b0.213:0.212:occ1;72:0.289:0.171:b0.197:0.163:occ0;84:0.126:0.119:b0.076:0.139:occ1;89:0.094:0.116:b0.097:0.111:occ1
occlusion_aware_permanence_v4,combined_extreme_stress,3,1000,,0,20,0.09845,0.09856,73,12,38,0.10622,0.09856,0.63014,0.00000,0,0.00000,0.06667,90.00000,0,0.84886,0.11067,0.30000,0.17123,0:0.076:-0.480:b0.199:0.281:occ0;12:0.178:-0.046:b0.174:0.232:occ0;24:0.107:0.179:b0.073:0.156:occ1;36:0.068:0.160:b0.071:0.153:occ1;48:0.071:0.152:b0.073:0.150:occ1;60:0.072:0.152:b0.072:0.151:occ1;72:0.075:0.153:b0.073:0.154:occ1;84:0.073:0.152:b0.072:0.151:occ1;89:0.072:0.152:b0.071:0.154:occ1
learned_only_branch,combined_extreme_stress,3,1000,,0,20,0.11250,0.13292,73,12,46,0.11542,0.13292,0.26027,0.45652,0,0.43333,0.06667,90.00000,0,0.90960,0.05989,0.23600,0.10514,0:0.077:-0.480:b0.229:0.189:occ0;12:0.148:-0.047:b0.149:0.230:occ0;24:0.100:0.227:b0.059:0.233:occ1;36:0.059:0.251:b0.048:0.260:occ1;48:0.054:0.244:b0.062:0.231:occ1;60:0.058:0.237:b0.059:0.229:occ1;72:0.058:0.231:b0.056:0.238:occ1;84:0.060:0.241:b0.065:0.234:occ1;89:0.060:0.238:b0.050:0.261:occ1
occlusion_full_v5,combined_extreme_stress,3,1001,,1,18,0.03513,0.03549,74,9,42,0.04046,0.03549,0.55405,0.00000,0,0.00000,0.80000,90.00000,0,0.98408,0.13990,0.30000,0.14944,0:-0.099:-0.480:b0.403:0.101:occ0;12:0.288:-0.055:b0.406:0.094:occ0;24:0.458:0.148:b0.459:0.129:occ1;36:0.449:0.143:b0.451:0.134:occ1;48:0.443:0.137:b0.457:0.134:occ1;60:0.449:0.139:b0.458:0.134:occ1;72:0.443:0.141:b0.447:0.138:occ1;84:0.438:0.144:b0.424:0.149:occ1;89:0.438:0.144:b0.439:0.142:occ1
ablate_no_self_mask,combined_extreme_stress,3,1001,,0,19,0.09246,0.10062,74,15,34,0.11143,0.10062,0.68919,0.02941,0,0.00000,0.02222,90.00000,0,0.95063,0.12975,0.30000,0.13153,0:-0.099:-0.480:b0.405:0.124:occ0;12:0.298:-0.058:b0.460:0.149:occ0;24:0.451:0.045:b0.459:0.013:occ1;36:0.454:-0.001:b0.460:0.007:occ1;48:0.447:-0.001:b0.440:0.001:occ1;60:0.445:0.001:b0.445:-0.000:occ1;72:0.447:0.001:b0.441:-0.009:occ1;84:0.448:0.001:b0.442:-0.009:occ1;89:0.446:0.003:b0.439:-0.006:occ1
ablate_no_branch_belief,combined_extreme_stress,3,1001,,1,19,0.01936,0.02458,74,15,40,0.02478,0.02458,0.55405,0.00000,0,0.00000,0.78889,90.00000,0,0.93412,0.14451,0.30000,0.17410,0:-0.099:-0.480:b0.392:0.128:occ0;12:0.293:-0.066:b0.428:0.120:occ0;24:0.407:0.127:b0.405:0.107:occ1;36:0.398:0.117:b0.400:0.107:occ1;48:0.397:0.109:b0.405:0.100:occ1;60:0.398:0.109:b0.392:0.112:occ1;72:0.390:0.111:b0.392:0.106:occ1;84:0.393:0.108:b0.394:0.107:occ1;89:0.395:0.108:b0.390:0.106:occ1
ablate_no_contact_update,combined_extreme_stress,3,1001,,0,18,0.09664,0.09862,74,13,25,0.08244,0.09862,0.55405,0.00000,0,0.00000,0.33333,90.00000,0,1.01967,0.10270,0.30000,0.21834,0:-0.099:-0.480:b0.330:0.152:occ0;12:0.281:-0.062:b0.355:0.135:occ0;24:0.439:0.198:b0.416:0.207:occ1;36:0.432:0.211:b0.418:0.208:occ1;48:0.426:0.203:b0.423:0.207:occ1;60:0.424:0.213:b0.421:0.218:occ1;72:0.420:0.219:b0.412:0.226:occ1;84:0.418:0.220:b0.414:0.225:occ1;89:0.416:0.223:b0.414:0.225:occ1
ablate_no_uncertainty_inflation,combined_extreme_stress,3,1001,,1,20,0.06872,0.07059,74,12,37,0.06926,0.07059,0.00000,0.00000,0,0.00000,0.77778,90.00000,0,0.88310,0.04501,0.14000,0.17834,0:-0.099:-0.480:b0.395:0.146:occ0;12:0.298:-0.070:b0.318:0.108:occ0;24:0.393:0.093:b0.395:0.066:occ1;36:0.391:0.076:b0.397:0.066:occ1;48:0.387:0.070:b0.395:0.076:occ1;60:0.388:0.068:b0.389:0.067:occ1;72:0.389:0.067:b0.392:0.066:occ1;84:0.387:0.068:b0.386:0.068:occ1;89:0.385:0.068:b0.382:0.069:occ1
ablate_no_identity_filter,combined_extreme_stress,3,1001,,1,19,0.01855,0.01981,74,16,38,0.02673,0.01981,0.63514,0.00000,0,0.00000,0.78889,90.00000,0,0.92241,0.15928,0.30000,0.14079,0:-0.099:-0.480:b0.474:0.153:occ0;12:0.288:-0.060:b0.335:0.186:occ0;24:0.426:0.123:b0.418:0.104:occ1;36:0.432:0.112:b0.429:0.104:occ1;48:0.429:0.107:b0.430:0.107:occ1;60:0.426:0.107:b0.434:0.107:occ1;72:0.430:0.109:b0.426:0.107:occ1;84:0.430:0.110:b0.435:0.107:occ1;89:0.431:0.110:b0.422:0.108:occ1
ablate_no_reacquisition_guard,combined_extreme_stress,3,1001,,1,18,0.05185,0.05439,74,14,33,0.04810,0.05439,0.55405,0.00000,0,0.00000,0.80000,90.00000,0,0.99242,0.12829,0.30000,0.16495,0:-0.099:-0.480:b0.345:0.158:occ0;12:0.284:-0.061:b0.386:0.170:occ0;24:0.443:0.162:b0.423:0.156:occ1;36:0.450:0.156:b0.426:0.158:occ1;48:0.436:0.152:b0.425:0.161:occ1;60:0.442:0.156:b0.444:0.157:occ1;72:0.443:0.158:b0.424:0.167:occ1;84:0.433:0.162:b0.447:0.154:occ1;89:0.432:0.162:b0.423:0.168:occ1
ablate_no_tail_risk_objective,combined_extreme_stress,3,1001,,1,18,0.05175,0.04955,74,14,41,0.04875,0.04955,0.55405,0.02439,0,0.00000,0.80000,90.00000,0,1.11700,0.13303,0.30000,0.11493,0:-0.099:-0.480:b0.422:0.072:occ0;12:0.283:-0.056:b0.368:0.134:occ0;24:0.469:0.126:b0.443:0.106:occ1;36:0.442:0.104:b0.450:0.107:occ1;48:0.459:0.107:b0.444:0.119:occ1;60:0.449:0.110:b0.442:0.110:occ1;72:0.451:0.111:b0.450:0.110:occ1;84:0.444:0.113:b0.457:0.109:occ1;89:0.458:0.108:b0.456:0.109:occ1
ablate_no_false_detection_rejection,combined_extreme_stress,3,1001,,1,18,0.07297,0.06085,74,14,38,0.07010,0.06085,0.55405,0.00000,0,0.00000,0.76667,90.00000,0,1.05313,0.11288,0.30000,0.18393,0:-0.099:-0.480:b0.481:0.145:occ0;12:0.286:-0.060:b0.384:0.158:occ0;24:0.440:0.180:b0.418:0.197:occ1;36:0.448:0.191:b0.423:0.186:occ1;48:0.449:0.171:b0.463:0.192:occ1;60:0.436:0.192:b0.436:0.187:occ1;72:0.433:0.204:b0.409:0.222:occ1;84:0.426:0.203:b0.430:0.201:occ1;89:0.437:0.196:b0.469:0.146:occ1
ablate_no_distractor_filter,combined_extreme_stress,3,1001,,1,18,0.03265,0.01597,74,12,35,0.03903,0.01597,0.55405,0.00000,0,0.00000,0.80000,90.00000,0,0.98424,0.13983,0.30000,0.17244,0:-0.099:-0.480:b0.495:0.100:occ0;12:0.298:-0.057:b0.489:0.213:occ0;24:0.403:0.143:b0.388:0.115:occ1;36:0.396:0.126:b0.399:0.118:occ1;48:0.401:0.124:b0.373:0.125:occ1;60:0.390:0.120:b0.382:0.119:occ1;72:0.391:0.122:b0.386:0.120:occ1;84:0.392:0.120:b0.363:0.129:occ1;89:0.400:0.118:b0.422:0.110:occ1
occlusion_aware_permanence_v4,combined_extreme_stress,3,1001,,0,19,0.13940,0.13620,74,15,35,0.13645,0.13620,0.64865,0.00000,0,0.00000,0.03333,90.00000,0,0.94666,0.09704,0.30000,0.30102,0:-0.099:-0.480:b0.397:0.247:occ0;12:0.294:-0.059:b0.389:0.162:occ0;24:0.303:0.156:b0.273:0.137:occ1;36:0.272:0.149:b0.274:0.142:occ1;48:0.275:0.144:b0.276:0.144:occ1;60:0.275:0.143:b0.283:0.142:occ1;72:0.274:0.142:b0.273:0.143:occ1;84:0.274:0.143:b0.270:0.141:occ1;89:0.273:0.142:b0.277:0.142:occ1
learned_only_branch,combined_extreme_stress,3,1001,,1,17,0.02588,0.02681,75,11,32,0.02720,0.02681,0.28000,0.00000,0,0.00000,0.81111,90.00000,0,0.96875,0.09785,0.24200,0.15467,0:-0.099:-0.480:b0.392:0.074:occ0;12:0.290:-0.041:b0.398:0.320:occ0;24:0.445:0.155:b0.422:0.148:occ1;36:0.434:0.151:b0.425:0.149:occ1;48:0.430:0.145:b0.424:0.149:occ1;60:0.429:0.149:b0.423:0.151:occ1;72:0.434:0.147:b0.444:0.140:occ1;84:0.434:0.146:b0.423:0.151:occ1;89:0.434:0.147:b0.423:0.151:occ1
occlusion_full_v5,combined_extreme_stress,3,1002,,1,18,0.05492,0.05521,74,14,29,0.06362,0.05521,0.55405,0.20690,0,0.82222,0.76667,90.00000,0,0.92633,0.12180,0.30000,0.06445,0:0.023:-0.480:b-0.330:0.236:occ0;12:-0.273:-0.057:b-0.340:0.221:occ0;24:-0.421:0.150:b-0.431:0.138:occ1;36:-0.436:0.139:b-0.424:0.136:occ1;48:-0.424:0.133:b-0.419:0.134:occ1;60:-0.424:0.129:b-0.431:0.122:occ1;72:-0.422:0.131:b-0.419:0.133:occ1;84:-0.419:0.134:b-0.419:0.135:occ1;89:-0.419:0.134:b-0.419:0.134:occ1
ablate_no_self_mask,combined_extreme_stress,3,1002,,1,19,0.05748,0.06204,74,13,34,0.05119,0.06204,0.68919,0.00000,0,0.26667,0.78889,90.00000,0,0.87796,0.15235,0.30000,0.10565,0:0.023:-0.480:b-0.384:0.139:occ0;12:-0.282:-0.067:b-0.335:0.202:occ0;24:-0.333:0.147:b-0.325:0.140:occ1;36:-0.326:0.148:b-0.329:0.149:occ1;48:-0.322:0.140:b-0.323:0.118:occ1;60:-0.319:0.142:b-0.318:0.147:occ1;72:-0.320:0.139:b-0.324:0.134:occ1;84:-0.319:0.139:b-0.313:0.125:occ1;89:-0.320:0.138:b-0.316:0.137:occ1
ablate_no_branch_belief,combined_extreme_stress,3,1002,,0,17,0.10932,0.11563,74,15,36,0.10791,0.11563,0.55405,0.00000,0,0.06667,0.08889,90.00000,0,0.97941,0.09521,0.30000,0.19435,0:0.023:-0.480:b-0.439:0.097:occ0;12:-0.290:-0.059:b-0.285:0.206:occ0;24:-0.337:0.228:b-0.326:0.243:occ1;36:-0.320:0.252:b-0.337:0.245:occ1;48:-0.316:0.243:b-0.321:0.246:occ1;60:-0.310:0.244:b-0.308:0.244:occ1;72:-0.319:0.248:b-0.317:0.247:occ1;84:-0.315:0.246:b-0.333:0.250:occ1;89:-0.318:0.247:b-0.307:0.246:occ1
ablate_no_contact_update,combined_extreme_stress,3,1002,,1,18,0.05961,0.05882,74,13,34,0.06833,0.05882,0.55405,0.00000,0,0.24444,0.62222,90.00000,0,0.96830,0.12514,0.30000,0.10592,0:0.023:-0.480:b-0.348:0.097:occ0;12:-0.295:-0.062:b-0.360:0.221:occ0;24:-0.436:0.187:b-0.433:0.187:occ1;36:-0.434:0.191:b-0.436:0.162:occ1;48:-0.424:0.179:b-0.428:0.165:occ1;60:-0.425:0.171:b-0.420:0.184:occ1;72:-0.422:0.182:b-0.421:0.183:occ1;84:-0.424:0.175:b-0.428:0.167:occ1;89:-0.424:0.176:b-0.421:0.182:occ1
ablate_no_uncertainty_inflation,combined_extreme_stress,3,1002,,1,17,0.06930,0.05994,75,15,36,0.07575,0.05994,0.00000,0.00000,0,0.06667,0.62222,90.00000,0,0.98926,0.04872,0.14000,0.16400,0:0.023:-0.480:b-0.265:0.218:occ0;12:-0.307:-0.058:b-0.402:0.271:occ0;24:-0.403:0.230:b-0.387:0.246:occ1;36:-0.392:0.244:b-0.379:0.237:occ1;48:-0.387:0.229:b-0.386:0.232:occ1;60:-0.385:0.233:b-0.383:0.238:occ1;72:-0.386:0.234:b-0.383:0.237:occ1;84:-0.384:0.235:b-0.383:0.237:occ1;89:-0.383:0.235:b-0.392:0.225:occ1
ablate_no_identity_filter,combined_extreme_stress,3,1002,,1,18,0.04997,0.05414,74,15,37,0.04920,0.05414,0.63514,0.13514,0,0.82222,0.80000,90.00000,0,0.87586,0.14202,0.30000,0.04522,0:0.023:-0.480:b-0.343:0.168:occ0;12:-0.272:-0.057:b-0.324:0.085:occ0;24:-0.383:0.132:b-0.409:0.112:occ1;36:-0.387:0.120:b-0.390:0.111:occ1;48:-0.383:0.111:b-0.377:0.109:occ1;60:-0.378:0.108:b-0.376:0.108:occ1;72:-0.378:0.111:b-0.376:0.110:occ1;84:-0.379:0.113:b-0.387:0.103:occ1;89:-0.380:0.111:b-0.388:0.109:occ1
ablate_no_reacquisition_guard,combined_extreme_stress,3,1002,,1,18,0.06582,0.05723,75,12,37,0.06853,0.05723,0.56000,0.21622,0,0.83333,0.66667,90.00000,0,0.92735,0.12151,0.30000,0.06207,0:0.023:-0.480:b-0.390:0.194:occ0;12:-0.306:-0.052:b-0.365:0.154:occ0;24:-0.435:0.146:b-0.428:0.138:occ1;36:-0.441:0.134:b-0.429:0.133:occ1;48:-0.428:0.129:b-0.421:0.132:occ1;60:-0.420:0.134:b-0.420:0.134:occ1;72:-0.420:0.134:b-0.438:0.115:occ1;84:-0.426:0.130:b-0.450:0.106:occ1;89:-0.426:0.129:b-0.419:0.135:occ1
ablate_no_tail_risk_objective,combined_extreme_stress,3,1002,,0,18,0.11557,0.11261,73,15,36,0.11696,0.17896,0.09589,0.00000,0,0.05556,0.10000,0.00000,0,1.35952,0.05054,0.20200,0.20652,0:0.023:-0.480:b-0.408:0.107:occ0;12:-0.288:-0.068:b-0.418:0.148:occ0;24:-0.284:0.225:b-0.259:0.215:occ1;36:-0.258:0.211:b-0.257:0.214:occ1;48:-0.255:0.212:b-0.257:0.215:occ1;60:-0.418:0.249:b-0.443:0.250:occ1;72:-0.422:0.262:b-0.430:0.245:occ1;84:-0.429:0.265:b-0.419:0.275:occ1;89:-0.412:0.278:b-0.415:0.274:occ1
ablate_no_false_detection_rejection,combined_extreme_stress,3,1002,,0,18,0.10334,0.10761,75,14,33,0.09154,0.10761,0.56000,0.12121,0,0.35556,0.25556,90.00000,0,0.96493,0.09915,0.30000,0.12997,0:0.023:-0.480:b-0.385:0.083:occ0;12:-0.308:-0.055:b-0.380:0.181:occ0;24:-0.333:0.135:b-0.302:0.135:occ1;36:-0.311:0.119:b-0.298:0.112:occ1;48:-0.290:0.119:b-0.279:0.141:occ1;60:-0.294:0.118:b-0.285:0.127:occ1;72:-0.316:0.113:b-0.306:0.109:occ1;84:-0.296:0.124:b-0.278:0.137:occ1;89:-0.286:0.130:b-0.280:0.135:occ1
ablate_no_distractor_filter,combined_extreme_stress,3,1002,,1,20,0.05960,0.05079,74,13,41,0.06513,0.05079,0.55405,0.43902,0,0.82222,0.77778,90.00000,0,0.91957,0.12360,0.30000,0.05115,0:0.023:-0.480:b-0.393:0.160:occ0;12:-0.298:-0.067:b-0.285:0.103:occ0;24:-0.414:0.118:b-0.394:0.072:occ1;36:-0.413:0.129:b-0.440:0.119:occ1;48:-0.423:0.112:b-0.425:0.087:occ1;60:-0.415:0.109:b-0.390:0.084:occ1;72:-0.414:0.120:b-0.411:0.110:occ1;84:-0.419:0.121:b-0.416:0.129:occ1;89:-0.419:0.120:b-0.403:0.118:occ1
occlusion_aware_permanence_v4,combined_extreme_stress,3,1002,,1,20,0.05453,0.07796,73,12,42,0.05382,0.07796,0.63014,0.11905,0,0.82222,0.77778,90.00000,0,0.89305,0.14757,0.30000,0.05189,0:0.023:-0.480:b-0.260:0.059:occ0;12:-0.331:-0.084:b-0.311:0.189:occ0;24:-0.413:0.124:b-0.410:0.131:occ1;36:-0.412:0.135:b-0.417:0.121:occ1;48:-0.407:0.128:b-0.399:0.130:occ1;60:-0.407:0.126:b-0.400:0.128:occ1;72:-0.405:0.127:b-0.402:0.127:occ1;84:-0.406:0.126:b-0.399:0.130:occ1;89:-0.409:0.123:b-0.430:0.111:occ1
learned_only_branch,combined_extreme_stress,3,1002,,0,18,0.09802,0.08874,75,11,42,0.09242,0.08874,0.29333,0.02381,0,0.12222,0.18889,90.00000,0,0.93512,0.05564,0.24500,0.12765,0:0.023:-0.480:b-0.401:0.094:occ0;12:-0.325:-0.056:b-0.427:0.182:occ0;24:-0.325:0.136:b-0.296:0.117:occ1;36:-0.281:0.126:b-0.272:0.125:occ1;48:-0.285:0.116:b-0.294:0.116:occ1;60:-0.283:0.117:b-0.293:0.116:occ1;72:-0.279:0.120:b-0.289:0.120:occ1;84:-0.284:0.118:b-0.295:0.114:occ1;89:-0.284:0.119:b-0.292:0.123:occ1
occlusion_full_v5,combined_extreme_stress,3,1003,,1,26,0.01962,0.01971,66,20,38,0.03427,0.01971,0.50000,0.00000,0,0.00000,0.71111,90.00000,0,1.20098,0.12584,0.30000,0.13993,0:-0.007:-0.480:b-0.142:0.436:occ0;12:-0.223:-0.035:b-0.504:0.544:occ0;24:-0.258:0.410:b-0.169:0.544:occ1;36:-0.196:0.520:b-0.185:0.502:occ1;48:-0.174:0.508:b-0.175:0.505:occ1;60:-0.177:0.505:b-0.173:0.511:occ1;72:-0.179:0.505:b-0.175:0.509:occ1;84:-0.180:0.504:b-0.185:0.503:occ1;89:-0.181:0.503:b-0.181:0.504:occ1
ablate_no_self_mask,combined_extreme_stress,3,1003,,0,27,0.09519,0.09994,64,21,33,0.11832,0.04294,0.40625,0.42424,0,0.64444,0.05556,0.00000,0,1.28489,0.08818,0.30000,0.08867,0:-0.010:-0.480:b-0.273:0.514:occ0;12:-0.224:-0.035:b-0.292:0.495:occ0;24:-0.260:0.402:b-0.098:0.407:occ1;36:-0.116:0.447:b-0.095:0.414:occ1;48:-0.108:0.479:b-0.092:0.508:occ1;60:-0.099:0.501:b-0.096:0.500:occ1;72:-0.098:0.504:b-0.098:0.508:occ1;84:-0.100:0.505:b-0.096:0.498:occ1;89:-0.098:0.503:b-0.093:0.494:occ1
ablate_no_branch_belief,combined_extreme_stress,3,1003,,1,26,0.03499,0.03400,66,22,29,0.04563,0.03400,0.50000,0.00000,0,0.00000,0.71111,90.00000,0,1.17923,0.11218,0.30000,0.12974,0:-0.010:-0.480:b-0.242:0.506:occ0;12:-0.219:-0.035:b-0.262:0.453:occ0;24:-0.231:0.404:b-0.214:0.517:occ1;36:-0.187:0.517:b-0.174:0.500:occ1;48:-0.165:0.505:b-0.164:0.503:occ1;60:-0.165:0.501:b-0.168:0.502:occ1;72:-0.169:0.502:b-0.169:0.501:occ1;84:-0.170:0.501:b-0.171:0.502:occ1;89:-0.170:0.501:b-0.171:0.501:occ1
ablate_no_contact_update,combined_extreme_stress,3,1003,,1,27,0.02098,0.02253,66,21,30,0.03900,0.02253,0.50000,0.00000,0,0.00000,0.70000,90.00000,0,1.14364,0.11861,0.30000,0.12570,0:-0.010:-0.480:b-0.328:0.620:occ0;12:-0.195:-0.035:b-0.282:0.506:occ0;24:-0.244:0.390:b-0.177:0.447:occ1;36:-0.184:0.493:b-0.179:0.484:occ1;48:-0.173:0.486:b-0.176:0.479:occ1;60:-0.177:0.480:b-0.178:0.480:occ1;72:-0.179:0.481:b-0.178:0.480:occ1;84:-0.179:0.481:b-0.177:0.483:occ1;89:-0.179:0.481:b-0.177:0.483:occ1
ablate_no_uncertainty_inflation,combined_extreme_stress,3,1003,,1,27,0.02525,0.03190,66,19,33,0.01894,0.03190,0.00000,0.06061,0,0.00000,0.70000,90.00000,0,1.14025,0.06379,0.14000,0.15816,0:-0.008:-0.480:b-0.183:0.517:occ0;12:-0.199:-0.035:b-0.241:0.493:occ0;24:-0.183:0.399:b-0.206:0.530:occ1;36:-0.217:0.506:b-0.213:0.490:occ1;48:-0.215:0.493:b-0.210:0.489:occ1;60:-0.210:0.489:b-0.211:0.489:occ1;72:-0.212:0.490:b-0.210:0.489:occ1;84:-0.211:0.489:b-0.211:0.489:occ1;89:-0.211:0.490:b-0.217:0.496:occ1
ablate_no_identity_filter,combined_extreme_stress,3,1003,,1,28,0.01614,0.01801,66,16,29,0.01973,0.01801,0.63636,0.06897,0,0.00000,0.68889,90.00000,0,1.12168,0.15870,0.30000,0.15675,0:-0.010:-0.480:b-0.244:0.496:occ0;12:-0.218:-0.035:b-0.193:0.620:occ0;24:-0.219:0.378:b-0.144:0.416:occ1;36:-0.209:0.485:b-0.212:0.480:occ1;48:-0.212:0.484:b-0.214:0.480:occ1;60:-0.214:0.481:b-0.214:0.480:occ1;72:-0.213:0.481:b-0.213:0.480:occ1;84:-0.213:0.481:b-0.213:0.480:occ1;89:-0.214:0.481:b-0.216:0.485:occ1
ablate_no_reacquisition_guard,combined_extreme_stress,3,1003,,1,27,0.01938,0.01953,66,23,32,0.03112,0.01953,0.50000,0.00000,0,0.00000,0.70000,90.00000,0,1.14425,0.12135,0.30000,0.13317,0:-0.007:-0.480:b-0.140:0.535:occ0;12:-0.188:-0.035:b-0.242:0.543:occ0;24:-0.224:0.393:b-0.185:0.497:occ1;36:-0.191:0.505:b-0.185:0.493:occ1;48:-0.178:0.494:b-0.177:0.489:occ1;60:-0.179:0.489:b-0.181:0.490:occ1;72:-0.183:0.489:b-0.182:0.489:occ1;84:-0.184:0.489:b-0.183:0.488:occ1;89:-0.183:0.489:b-0.182:0.489:occ1
ablate_no_tail_risk_objective,combined_extreme_stress,3,1003,,1,27,0.06356,0.06824,65,20,37,0.08187,0.06824,0.49231,0.05405,0,0.36667,0.42222,90.00000,0,1.37515,0.09667,0.30000,0.10227,0:-0.010:-0.480:b-0.244:0.578:occ0;12:-0.202:-0.035:b-0.220:0.476:occ0;24:-0.239:0.384:b-0.151:0.619:occ0;36:-0.115:0.512:b-0.127:0.500:occ1;48:-0.135:0.502:b-0.132:0.501:occ1;60:-0.139:0.498:b-0.134:0.498:occ1;72:-0.144:0.497:b-0.137:0.499:occ1;84:-0.140:0.499:b-0.136:0.498:occ1;89:-0.134:0.499:b-0.129:0.498:occ1
ablate_no_false_detection_rejection,combined_extreme_stress,3,1003,,1,26,0.02993,0.02933,66,20,29,0.02718,0.02933,0.50000,0.00000,0,0.00000,0.71111,90.00000,0,1.19272,0.12472,0.30000,0.14715,0:-0.010:-0.480:b-0.374:0.558:occ0;12:-0.195:-0.035:b-0.218:0.429:occ0;24:-0.213:0.409:b-0.240:0.523:occ1;36:-0.223:0.505:b-0.223:0.486:occ1;48:-0.219:0.485:b-0.209:0.490:occ1;60:-0.211:0.475:b-0.179:0.467:occ1;72:-0.219:0.485:b-0.226:0.488:occ1;84:-0.207:0.479:b-0.222:0.477:occ1;89:-0.206:0.475:b-0.204:0.474:occ1
ablate_no_distractor_filter,combined_extreme_stress,3,1003,,1,26,0.01143,0.01542,66,21,28,0.03591,0.01542,0.50000,0.00000,0,0.00000,0.71111,90.00000,0,1.17791,0.12166,0.30000,0.12333,0:-0.009:-0.480:b-0.201:0.509:occ0;12:-0.204:-0.035:b-0.246:0.429:occ0;24:-0.211:0.402:b-0.193:0.537:occ1;36:-0.184:0.513:b-0.184:0.500:occ1;48:-0.172:0.504:b-0.179:0.484:occ1;60:-0.174:0.498:b-0.159:0.495:occ1;72:-0.170:0.495:b-0.182:0.501:occ1;84:-0.168:0.488:b-0.177:0.506:occ1;89:-0.171:0.489:b-0.174:0.496:occ1
occlusion_aware_permanence_v4,combined_extreme_stress,3,1003,,0,27,0.12679,0.12637,66,20,34,0.09739,0.12637,0.59091,0.00000,0,0.00000,0.25556,90.00000,0,1.16781,0.09790,0.30000,0.23627,0:-0.010:-0.480:b-0.312:0.529:occ0;12:-0.212:-0.035:b-0.194:0.454:occ0;24:-0.291:0.419:b-0.321:0.547:occ1;36:-0.293:0.517:b-0.293:0.492:occ1;48:-0.295:0.496:b-0.293:0.494:occ1;60:-0.295:0.494:b-0.294:0.493:occ1;72:-0.294:0.494:b-0.292:0.493:occ1;84:-0.294:0.494:b-0.293:0.495:occ1;89:-0.294:0.494:b-0.293:0.493:occ1
learned_only_branch,combined_extreme_stress,3,1003,,1,26,0.05942,0.06481,66,22,33,0.03640,0.06481,0.18182,0.00000,0,0.00000,0.71111,90.00000,0,1.13443,0.07119,0.21500,0.18443,0:-0.010:-0.480:b-0.280:0.388:occ0;12:-0.188:-0.035:b-0.238:0.484:occ0;24:-0.232:0.406:b-0.240:0.491:occ1;36:-0.238:0.509:b-0.236:0.492:occ1;48:-0.240:0.495:b-0.237:0.491:occ1;60:-0.238:0.491:b-0.238:0.491:occ1;72:-0.237:0.491:b-0.238:0.491:occ1;84:-0.238:0.492:b-0.238:0.491:occ1;89:-0.239:0.492:b-0.245:0.497:occ1
occlusion_full_v5,combined_extreme_stress,4,1000,,1,17,0.07432,0.07536,75,11,29,0.06056,0.07536,0.56000,0.00000,0,0.00000,0.81111,90.00000,0,0.81233,0.12388,0.30000,0.15329,0:-0.062:-0.480:b-0.086:0.180:occ0;12:-0.100:-0.052:b-0.155:0.185:occ0;24:-0.074:0.175:b-0.067:0.159:occ1;36:-0.060:0.171:b-0.052:0.158:occ1;48:-0.063:0.158:b-0.050:0.157:occ1;60:-0.059:0.164:b-0.055:0.163:occ1;72:-0.064:0.164:b-0.066:0.162:occ1;84:-0.062:0.165:b-0.053:0.159:occ1;89:-0.062:0.167:b-0.062:0.169:occ1
ablate_no_self_mask,combined_extreme_stress,4,1000,,1,18,0.06856,0.06046,74,14,37,0.08046,0.06046,0.68919,0.02703,0,0.74444,0.54444,90.00000,0,0.79548,0.13661,0.30000,0.09553,0:-0.062:-0.480:b-0.090:0.156:occ0;12:-0.098:-0.060:b-0.122:0.131:occ0;24:-0.163:0.138:b-0.187:0.127:occ1;36:-0.197:0.135:b-0.197:0.122:occ1;48:-0.195:0.124:b-0.195:0.117:occ1;60:-0.191:0.124:b-0.194:0.117:occ1;72:-0.190:0.125:b-0.185:0.114:occ1;84:-0.191:0.125:b-0.193:0.123:occ1;89:-0.192:0.123:b-0.188:0.133:occ1
ablate_no_branch_belief,combined_extreme_stress,4,1000,,1,18,0.01922,0.01704,74,13,39,0.02314,0.01704,0.55405,0.00000,0,0.72222,0.80000,90.00000,0,0.80541,0.14788,0.30000,0.10011,0:-0.060:-0.480:b-0.046:0.118:occ0;12:-0.091:-0.063:b-0.143:0.156:occ0;24:-0.116:0.169:b-0.153:0.172:occ1;36:-0.133:0.171:b-0.136:0.168:occ1;48:-0.136:0.157:b-0.139:0.149:occ1;60:-0.129:0.154:b-0.125:0.157:occ1;72:-0.128:0.155:b-0.126:0.154:occ1;84:-0.124:0.156:b-0.112:0.160:occ1;89:-0.125:0.160:b-0.127:0.158:occ1
ablate_no_contact_update,combined_extreme_stress,4,1000,,0,18,0.08654,0.07848,74,15,32,0.08099,0.07848,0.55405,0.00000,0,0.46667,0.28889,90.00000,0,0.86756,0.10840,0.30000,0.10376,0:-0.061:-0.480:b-0.066:0.182:occ0;12:-0.122:-0.056:b-0.143:0.053:occ0;24:-0.105:0.214:b-0.109:0.220:occ1;36:-0.098:0.239:b-0.077:0.229:occ1;48:-0.107:0.222:b-0.125:0.222:occ1;60:-0.109:0.218:b-0.104:0.233:occ1;72:-0.108:0.216:b-0.086:0.223:occ1;84:-0.099:0.222:b-0.108:0.218:occ1;89:-0.103:0.220:b-0.128:0.220:occ1
ablate_no_uncertainty_inflation,combined_extreme_stress,4,1000,,0,17,0.09633,0.08548,74,14,41,0.09765,0.08548,0.00000,0.00000,0,0.00000,0.08889,90.00000,0,0.88643,0.04070,0.14000,0.11465,0:-0.063:-0.480:b-0.117:0.257:occ0;12:-0.083:-0.057:b-0.034:0.139:occ0;24:-0.087:0.238:b-0.101:0.244:occ1;36:-0.096:0.261:b-0.070:0.247:occ1;48:-0.085:0.247:b-0.097:0.240:occ1;60:-0.088:0.245:b-0.114:0.252:occ1;72:-0.102:0.242:b-0.088:0.242:occ1;84:-0.100:0.241:b-0.072:0.247:occ1;89:-0.095:0.242:b-0.117:0.238:occ1
ablate_no_identity_filter,combined_extreme_stress,4,1000,,1,17,0.01687,0.00523,75,12,34,0.02164,0.00523,0.64000,0.00000,0,0.73333,0.81111,90.00000,0,0.81353,0.16864,0.30000,0.10479,0:-0.062:-0.480:b-0.094:0.092:occ0;12:-0.109:-0.050:b-0.054:0.254:occ0;24:-0.117:0.175:b-0.143:0.169:occ1;36:-0.127:0.172:b-0.111:0.158:occ1;48:-0.130:0.159:b-0.118:0.158:occ1;60:-0.127:0.160:b-0.135:0.181:occ1;72:-0.120:0.165:b-0.103:0.159:occ1;84:-0.122:0.164:b-0.117:0.173:occ1;89:-0.117:0.164:b-0.132:0.164:occ1
ablate_no_reacquisition_guard,combined_extreme_stress,4,1000,,1,19,0.04385,0.05198,74,15,35,0.04010,0.05198,0.55405,0.00000,0,0.00000,0.78889,90.00000,0,0.78431,0.13520,0.30000,0.14012,0:-0.061:-0.480:b-0.073:0.133:occ0;12:-0.092:-0.065:b-0.117:-0.001:occ0;24:-0.129:0.132:b-0.125:0.096:occ1;36:-0.131:0.116:b-0.134:0.113:occ1;48:-0.139:0.128:b-0.129:0.106:occ1;60:-0.129:0.111:b-0.137:0.125:occ1;72:-0.132:0.119:b-0.132:0.139:occ1;84:-0.128:0.110:b-0.125:0.098:occ1;89:-0.126:0.103:b-0.124:0.095:occ1
ablate_no_tail_risk_objective,combined_extreme_stress,4,1000,,1,18,0.03761,0.03004,74,13,31,0.04925,0.03004,0.55405,0.00000,0,0.57778,0.80000,90.00000,0,0.98347,0.13168,0.30000,0.09716,0:-0.064:-0.480:b-0.156:0.178:occ0;12:-0.093:-0.060:b-0.048:0.114:occ0;24:-0.175:0.151:b-0.168:0.124:occ1;36:-0.162:0.117:b-0.172:0.126:occ1;48:-0.164:0.118:b-0.169:0.127:occ1;60:-0.168:0.122:b-0.166:0.114:occ1;72:-0.183:0.134:b-0.181:0.132:occ1;84:-0.173:0.126:b-0.174:0.130:occ1;89:-0.177:0.125:b-0.164:0.115:occ1
ablate_no_false_detection_rejection,combined_extreme_stress,4,1000,,1,18,0.05534,0.03638,74,16,28,0.04805,0.03638,0.55405,0.00000,0,0.00000,0.80000,90.00000,0,0.80370,0.13025,0.30000,0.16298,0:-0.062:-0.480:b-0.100:0.075:occ0;12:-0.103:-0.059:b-0.116:0.157:occ0;24:-0.091:0.133:b-0.077:0.117:occ1;36:-0.084:0.125:b-0.139:0.159:occ1;48:-0.085:0.120:b-0.084:0.136:occ1;60:-0.084:0.116:b-0.071:0.109:occ1;72:-0.089:0.128:b-0.099:0.149:occ1;84:-0.081:0.123:b-0.072:0.111:occ1;89:-0.078:0.117:b-0.094:0.128:occ1
ablate_no_distractor_filter,combined_extreme_stress,4,1000,,0,18,0.10744,0.12464,74,16,33,0.10261,0.12464,0.55405,0.00000,0,0.00000,0.08889,90.00000,0,0.89537,0.09821,0.30000,0.16438,0:-0.064:-0.480:b-0.163:0.139:occ0;12:-0.090:-0.059:b-0.135:0.143:occ0;24:-0.053:0.212:b-0.047:0.241:occ1;36:-0.038:0.239:b-0.048:0.212:occ1;48:-0.054:0.226:b-0.043:0.238:occ1;60:-0.044:0.225:b-0.018:0.220:occ1;72:-0.042:0.224:b-0.018:0.219:occ1;84:-0.043:0.223:b-0.048:0.224:occ1;89:-0.043:0.228:b-0.017:0.219:occ1
occlusion_aware_permanence_v4,combined_extreme_stress,4,1000,,1,18,0.01899,0.02286,74,15,30,0.02662,0.02286,0.63514,0.03333,0,0.72222,0.80000,90.00000,0,0.81221,0.16245,0.30000,0.09778,0:-0.065:-0.480:b-0.181:0.125:occ0;12:-0.118:-0.055:b-0.048:0.239:occ0;24:-0.118:0.168:b-0.124:0.157:occ1;36:-0.139:0.163:b-0.136:0.145:occ1;48:-0.131:0.154:b-0.132:0.167:occ1;60:-0.132:0.159:b-0.134:0.163:occ1;72:-0.136:0.161:b-0.120:0.153:occ1;84:-0.132:0.155:b-0.135:0.152:occ1;89:-0.132:0.155:b-0.136:0.161:occ1
learned_only_branch,combined_extreme_stress,4,1000,,0,18,0.12278,0.11974,74,15,39,0.12744,0.11974,0.27027,1.00000,0,0.76667,0.06667,90.00000,0,0.88225,0.05936,0.23900,0.01718,0:-0.062:-0.480:b-0.095:0.181:occ0;12:-0.095:-0.064:b0.017:0.153:occ0;24:-0.179:0.211:b-0.224:0.217:occ1;36:-0.219:0.231:b-0.208:0.221:occ1;48:-0.215:0.228:b-0.214:0.261:occ1;60:-0.217:0.225:b-0.221:0.220:occ1;72:-0.222:0.220:b-0.221:0.220:occ1;84:-0.221:0.225:b-0.221:0.221:occ1;89:-0.223:0.224:b-0.221:0.221:occ1
occlusion_full_v5,combined_extreme_stress,4,1001,,1,27,0.07014,0.06897,66,16,25,0.06819,0.06897,0.50000,0.00000,0,0.68889,0.70000,90.00000,0,1.16734,0.10366,0.30000,0.06618,0:-0.078:-0.480:b-0.346:0.562:occ0;12:-0.278:-0.035:b-0.269:0.481:occ0;24:-0.339:0.409:b-0.371:0.527:occ1;36:-0.381:0.511:b-0.383:0.491:occ1;48:-0.378:0.496:b-0.375:0.494:occ1;60:-0.373:0.497:b-0.380:0.489:occ1;72:-0.375:0.494:b-0.373:0.495:occ1;84:-0.376:0.494:b-0.376:0.495:occ1;89:-0.377:0.494:b-0.375:0.496:occ1
ablate_no_self_mask,combined_extreme_stress,4,1001,,0,-1,0.10776,0.11800,64,19,32,0.12928,0.08050,0.29688,0.03125,0,0.00000,0.00000,0.00000,0,1.28273,0.06944,0.16600,0.23974,0:-0.077:-0.480:b-0.290:0.438:occ0;12:-0.311:-0.035:b-0.258:0.544:occ0;24:-0.339:0.384:b-0.360:0.434:occ0;36:-0.350:0.390:b-0.354:0.374:occ1;48:-0.358:0.373:b-0.375:0.383:occ1;60:-0.356:0.365:b-0.360:0.360:occ1;72:-0.292:0.388:b-0.231:0.422:occ1;84:-0.220:0.429:b-0.209:0.409:occ1;89:-0.212:0.424:b-0.209:0.411:occ1
ablate_no_branch_belief,combined_extreme_stress,4,1001,,1,27,0.00938,0.01363,66,18,35,0.02176,0.01363,0.51515,0.05714,0,0.00000,0.70000,90.00000,0,1.17348,0.13838,0.30000,0.13488,0:-0.078:-0.480:b-0.308:0.536:occ0;12:-0.279:-0.035:b-0.234:0.491:occ0;24:-0.357:0.410:b-0.270:0.525:occ1;36:-0.305:0.494:b-0.302:0.471:occ1;48:-0.305:0.475:b-0.290:0.469:occ1;60:-0.306:0.472:b-0.301:0.472:occ1;72:-0.304:0.474:b-0.320:0.476:occ1;84:-0.305:0.474:b-0.305:0.475:occ1;89:-0.305:0.474:b-0.291:0.466:occ1
ablate_no_contact_update,combined_extreme_stress,4,1001,,1,27,0.03693,0.05926,66,19,32,0.04331,0.05926,0.50000,0.03125,0,0.00000,0.70000,90.00000,0,1.20536,0.11612,0.30000,0.16838,0:-0.078:-0.480:b-0.313:0.409:occ0;12:-0.289:-0.035:b-0.238:0.553:occ0;24:-0.298:0.401:b-0.223:0.493:occ1;36:-0.279:0.506:b-0.276:0.491:occ1;48:-0.268:0.490:b-0.286:0.486:occ1;60:-0.267:0.486:b-0.280:0.494:occ1;72:-0.258:0.486:b-0.239:0.482:occ1;84:-0.259:0.487:b-0.277:0.492:occ1;89:-0.261:0.488:b-0.240:0.481:occ1
ablate_no_uncertainty_inflation,combined_extreme_stress,4,1001,,1,26,0.02351,0.02355,66,20,29,0.02978,0.02355,0.00000,0.03448,0,0.00000,0.71111,90.00000,0,1.19700,0.05884,0.14000,0.14512,0:-0.077:-0.480:b-0.261:0.496:occ0;12:-0.269:-0.035:b-0.338:0.548:occ0;24:-0.325:0.415:b-0.275:0.546:occ1;36:-0.297:0.506:b-0.272:0.475:occ1;48:-0.286:0.482:b-0.310:0.486:occ1;60:-0.290:0.480:b-0.272:0.476:occ1;72:-0.288:0.481:b-0.312:0.492:occ1;84:-0.291:0.482:b-0.267:0.475:occ1;89:-0.289:0.481:b-0.290:0.482:occ1
ablate_no_identity_filter,combined_extreme_stress,4,1001,,1,27,0.02033,0.03196,66,21,31,0.03105,0.03196,0.59091,0.03226,0,0.00000,0.70000,90.00000,0,1.14244,0.13608,0.30000,0.13555,0:-0.078:-0.480:b-0.303:0.446:occ0;12:-0.284:-0.035:b-0.386:0.521:occ0;24:-0.312:0.406:b-0.305:0.475:occ1;36:-0.306:0.484:b-0.298:0.459:occ1;48:-0.308:0.466:b-0.312:0.469:occ1;60:-0.307:0.466:b-0.299:0.462:occ1;72:-0.305:0.466:b-0.296:0.462:occ1;84:-0.309:0.470:b-0.305:0.464:occ1;89:-0.307:0.469:b-0.298:0.461:occ1
ablate_no_reacquisition_guard,combined_extreme_stress,4,1001,,1,26,0.01691,0.01978,66,20,44,0.02179,0.01978,0.50000,0.02273,0,0.00000,0.71111,90.00000,0,1.15130,0.12939,0.30000,0.11640,0:-0.078:-0.480:b-0.330:0.464:occ0;12:-0.273:-0.035:b-0.286:0.537:occ0;24:-0.304:0.418:b-0.299:0.468:occ1;36:-0.315:0.494:b-0.309:0.465:occ1;48:-0.321:0.473:b-0.310:0.469:occ1;60:-0.317:0.472:b-0.310:0.471:occ1;72:-0.317:0.475:b-0.331:0.486:occ1;84:-0.322:0.480:b-0.324:0.482:occ1;89:-0.322:0.480:b-0.322:0.485:occ1
ablate_no_tail_risk_objective,combined_extreme_stress,4,1001,,1,26,0.02515,0.03386,66,19,35,0.02560,0.03386,0.50000,0.02857,0,0.03333,0.71111,90.00000,0,1.26279,0.12668,0.30000,0.11321,0:-0.076:-0.480:b-0.256:0.535:occ0;12:-0.283:-0.035:b-0.406:0.526:occ0;24:-0.329:0.416:b-0.347:0.520:occ1;36:-0.323:0.488:b-0.320:0.483:occ1;48:-0.322:0.485:b-0.312:0.483:occ1;60:-0.328:0.485:b-0.316:0.483:occ1;72:-0.315:0.483:b-0.326:0.486:occ1;84:-0.331:0.493:b-0.320:0.487:occ1;89:-0.326:0.481:b-0.331:0.488:occ1
ablate_no_false_detection_rejection,combined_extreme_stress,4,1001,,1,27,0.01961,0.03781,66,21,37,0.03380,0.03781,0.50000,0.16216,0,0.38889,0.70000,90.00000,0,1.22058,0.12352,0.30000,0.10975,0:-0.077:-0.480:b-0.260:0.504:occ0;12:-0.317:-0.035:b-0.321:0.537:occ0;24:-0.354:0.407:b-0.393:0.493:occ1;36:-0.325:0.504:b-0.319:0.478:occ1;48:-0.339:0.481:b-0.300:0.532:occ1;60:-0.330:0.489:b-0.315:0.469:occ1;72:-0.329:0.491:b-0.345:0.521:occ1;84:-0.327:0.490:b-0.326:0.488:occ1;89:-0.326:0.487:b-0.343:0.495:occ1
ablate_no_distractor_filter,combined_extreme_stress,4,1001,,1,27,0.04156,0.08431,66,20,38,0.04896,0.08431,0.50000,0.15789,0,0.00000,0.70000,90.00000,0,1.26591,0.10936,0.30000,0.12096,0:-0.076:-0.480:b-0.254:0.501:occ0;12:-0.286:-0.035:b-0.442:0.526:occ0;24:-0.303:0.407:b-0.277:0.494:occ1;36:-0.303:0.515:b-0.291:0.461:occ1;48:-0.308:0.496:b-0.348:0.523:occ1;60:-0.294:0.493:b-0.271:0.476:occ1;72:-0.295:0.492:b-0.313:0.504:occ1;84:-0.309:0.498:b-0.280:0.496:occ1;89:-0.308:0.498:b-0.376:0.520:occ1
occlusion_aware_permanence_v4,combined_extreme_stress,4,1001,,0,28,0.08192,0.07847,66,19,37,0.08130,0.07847,0.59091,0.00000,0,0.68889,0.38889,90.00000,0,1.15228,0.11330,0.30000,0.09283,0:-0.078:-0.480:b-0.306:0.594:occ0;12:-0.278:-0.035:b-0.405:0.408:occ0;24:-0.355:0.408:b-0.409:0.459:occ1;36:-0.383:0.484:b-0.381:0.464:occ1;48:-0.382:0.465:b-0.369:0.468:occ1;60:-0.374:0.466:b-0.380:0.461:occ1;72:-0.376:0.463:b-0.377:0.463:occ1;84:-0.376:0.463:b-0.383:0.457:occ1;89:-0.376:0.462:b-0.373:0.464:occ1
learned_only_branch,combined_extreme_stress,4,1001,,1,27,0.00935,0.00264,66,19,26,0.01502,0.00264,0.19697,0.00000,0,0.00000,0.70000,90.00000,0,1.16622,0.09129,0.21800,0.11920,0:-0.076:-0.480:b-0.247:0.449:occ0;12:-0.259:-0.035:b-0.287:0.500:occ0;24:-0.320:0.405:b-0.295:0.497:occ1;36:-0.309:0.518:b-0.296:0.496:occ1;48:-0.304:0.501:b-0.298:0.496:occ1;60:-0.303:0.497:b-0.299:0.496:occ1;72:-0.306:0.498:b-0.313:0.498:occ1;84:-0.309:0.501:b-0.321:0.506:occ1;89:-0.309:0.501:b-0.315:0.496:occ1
occlusion_full_v5,combined_extreme_stress,4,1002,,1,23,0.04841,0.04973,69,18,28,0.03955,0.04973,0.52174,0.00000,0,0.00000,0.74444,90.00000,0,0.97581,0.12186,0.30000,0.20183,0:-0.111:-0.480:b-0.155:0.296:occ0;12:-0.115:-0.036:b-0.164:0.351:occ0;24:-0.146:0.328:b-0.134:0.333:occ1;36:-0.136:0.359:b-0.135:0.341:occ1;48:-0.135:0.345:b-0.136:0.333:occ1;60:-0.137:0.340:b-0.140:0.338:occ1;72:-0.138:0.344:b-0.140:0.335:occ1;84:-0.137:0.344:b-0.138:0.339:occ1;89:-0.137:0.341:b-0.137:0.336:occ1
ablate_no_self_mask,combined_extreme_stress,4,1002,,1,46,0.06237,0.06879,68,19,35,0.08587,0.06775,0.42647,0.31429,0,0.10000,0.48889,0.00000,0,1.09635,0.10336,0.30000,0.18259,0:-0.111:-0.480:b-0.161:0.322:occ0;12:-0.157:-0.036:b-0.236:0.427:occ0;24:-0.084:0.300:b-0.003:0.296:occ1;36:-0.001:0.318:b0.005:0.301:occ1;48:-0.086:0.289:b-0.100:0.297:occ1;60:-0.101:0.288:b-0.102:0.282:occ1;72:-0.101:0.287:b-0.091:0.303:occ1;84:-0.098:0.289:b-0.106:0.283:occ1;89:-0.100:0.289:b-0.103:0.282:occ1
ablate_no_branch_belief,combined_extreme_stress,4,1002,,1,44,0.03891,0.04584,66,21,30,0.07119,0.04557,0.31818,0.06667,0,0.00000,0.51111,0.00000,0,1.04663,0.10037,0.28200,0.15272,0:-0.110:-0.480:b-0.121:0.360:occ0;12:-0.157:-0.036:b-0.144:0.342:occ0;24:-0.100:0.278:b-0.018:0.255:occ1;36:-0.050:0.279:b-0.060:0.359:occ1;48:-0.083:0.332:b-0.083:0.342:occ1;60:-0.084:0.346:b-0.091:0.311:occ1;72:-0.084:0.335:b-0.086:0.323:occ1;84:-0.086:0.333:b-0.088:0.321:occ1;89:-0.086:0.333:b-0.089:0.318:occ1
ablate_no_contact_update,combined_extreme_stress,4,1002,,0,22,0.14795,0.14732,69,16,34,0.14729,0.14732,0.52174,0.02941,0,0.00000,0.06667,90.00000,0,1.11018,0.08458,0.30000,0.20941,0:-0.113:-0.480:b-0.206:0.491:occ0;12:-0.123:-0.039:b-0.234:0.397:occ0;24:-0.126:0.383:b-0.107:0.498:occ1;36:-0.108:0.516:b-0.110:0.500:occ1;48:-0.107:0.503:b-0.110:0.496:occ1;60:-0.109:0.495:b-0.102:0.494:occ1;72:-0.107:0.495:b-0.106:0.499:occ1;84:-0.108:0.496:b-0.110:0.496:occ1;89:-0.109:0.496:b-0.110:0.495:occ1
ablate_no_uncertainty_inflation,combined_extreme_stress,4,1002,,1,23,0.04171,0.04870,70,20,36,0.04068,0.04870,0.00000,0.00000,0,0.00000,0.74444,90.00000,0,0.97707,0.04687,0.14000,0.20869,0:-0.111:-0.480:b-0.148:0.324:occ0;12:-0.141:-0.035:b-0.170:0.406:occ0;24:-0.147:0.329:b-0.147:0.331:occ1;36:-0.146:0.346:b-0.144:0.326:occ1;48:-0.142:0.332:b-0.139:0.348:occ1;60:-0.142:0.334:b-0.141:0.322:occ1;72:-0.142:0.330:b-0.141:0.320:occ1;84:-0.143:0.335:b-0.144:0.325:occ1;89:-0.143:0.333:b-0.141:0.319:occ1
ablate_no_identity_filter,combined_extreme_stress,4,1002,,1,24,0.02939,0.03062,69,19,29,0.03013,0.03062,0.60870,0.00000,0,0.00000,0.73333,90.00000,0,0.96762,0.14495,0.30000,0.18640,0:-0.113:-0.480:b-0.216:0.401:occ0;12:-0.136:-0.036:b-0.175:0.354:occ0;24:-0.146:0.313:b-0.111:0.316:occ1;36:-0.114:0.343:b-0.113:0.340:occ1;48:-0.113:0.329:b-0.118:0.312:occ1;60:-0.116:0.321:b-0.115:0.329:occ1;72:-0.116:0.322:b-0.117:0.317:occ1;84:-0.116:0.322:b-0.119:0.328:occ1;89:-0.117:0.320:b-0.116:0.319:occ1
ablate_no_reacquisition_guard,combined_extreme_stress,4,1002,,1,22,0.07123,0.06831,70,19,35,0.06593,0.06831,0.52857,0.00000,0,0.00000,0.75556,90.00000,0,1.04204,0.10837,0.30000,0.21649,0:-0.110:-0.480:b-0.113:0.357:occ0;12:-0.140:-0.035:b-0.061:0.476:occ0;24:-0.146:0.367:b-0.157:0.425:occ1;36:-0.160:0.431:b-0.150:0.407:occ1;48:-0.152:0.410:b-0.148:0.420:occ1;60:-0.151:0.414:b-0.152:0.413:occ1;72:-0.152:0.417:b-0.152:0.409:occ1;84:-0.151:0.412:b-0.152:0.410:occ1;89:-0.152:0.413:b-0.153:0.410:occ1
ablate_no_tail_risk_objective,combined_extreme_stress,4,1002,,1,23,0.04115,0.03927,70,14,32,0.03491,0.03927,0.52857,0.03125,0,0.00000,0.74444,90.00000,0,1.16403,0.12776,0.30000,0.19298,0:-0.112:-0.480:b-0.172:0.309:occ0;12:-0.115:-0.035:b-0.021:0.381:occ0;24:-0.134:0.343:b-0.124:0.342:occ1;36:-0.126:0.321:b-0.129:0.326:occ1;48:-0.119:0.334:b-0.125:0.323:occ1;60:-0.118:0.338:b-0.122:0.326:occ1;72:-0.129:0.327:b-0.124:0.338:occ1;84:-0.127:0.325:b-0.124:0.320:occ1;89:-0.123:0.319:b-0.127:0.322:occ1
ablate_no_false_detection_rejection,combined_extreme_stress,4,1002,,1,23,0.01572,0.02317,69,18,34,0.02740,0.02317,0.52174,0.00000,0,0.00000,0.74444,90.00000,0,1.03396,0.12862,0.30000,0.18541,0:-0.111:-0.480:b-0.149:0.370:occ0;12:-0.140:-0.040:b-0.193:0.402:occ0;24:-0.152:0.327:b-0.130:0.327:occ1;36:-0.119:0.360:b-0.116:0.333:occ1;48:-0.117:0.337:b-0.116:0.341:occ1;60:-0.102:0.354:b-0.064:0.374:occ1;72:-0.114:0.343:b-0.117:0.360:occ1;84:-0.122:0.346:b-0.126:0.350:occ1;89:-0.121:0.344:b-0.117:0.333:occ1
ablate_no_distractor_filter,combined_extreme_stress,4,1002,,0,26,0.08598,0.10961,69,19,32,0.08176,0.10961,0.52174,0.00000,0,0.00000,0.51111,90.00000,0,0.99308,0.10399,0.30000,0.26187,0:-0.107:-0.480:b-0.026:0.317:occ0;12:-0.141:-0.036:b-0.114:0.533:occ0;24:-0.161:0.286:b-0.188:0.282:occ1;36:-0.181:0.308:b-0.183:0.295:occ1;48:-0.180:0.295:b-0.192:0.290:occ1;60:-0.185:0.299:b-0.203:0.286:occ1;72:-0.176:0.303:b-0.181:0.300:occ1;84:-0.179:0.300:b-0.202:0.286:occ1;89:-0.188:0.296:b-0.207:0.281:occ1
occlusion_aware_permanence_v4,combined_extreme_stress,4,1002,,1,24,0.07943,0.06886,70,16,29,0.07714,0.06886,0.61429,0.00000,0,0.00000,0.73333,90.00000,0,0.94664,0.12257,0.30000,0.22221,0:-0.110:-0.480:b-0.118:0.341:occ0;12:-0.140:-0.035:b-0.201:0.375:occ0;24:-0.134:0.303:b-0.131:0.281:occ1;36:-0.132:0.296:b-0.130:0.264:occ1;48:-0.132:0.277:b-0.132:0.263:occ1;60:-0.133:0.278:b-0.137:0.297:occ1;72:-0.136:0.282:b-0.134:0.264:occ1;84:-0.135:0.273:b-0.134:0.266:occ1;89:-0.134:0.270:b-0.135:0.282:occ1
learned_only_branch,combined_extreme_stress,4,1002,,1,23,0.05359,0.04572,69,19,40,0.06652,0.04572,0.21739,0.00000,0,0.00000,0.74444,90.00000,0,0.98591,0.06630,0.22400,0.15633,0:-0.113:-0.480:b-0.208:0.306:occ0;12:-0.135:-0.035:b-0.044:0.418:occ0;24:-0.119:0.314:b-0.072:0.288:occ1;36:-0.079:0.325:b-0.075:0.290:occ1;48:-0.078:0.309:b-0.071:0.291:occ1;60:-0.080:0.315:b-0.073:0.290:occ1;72:-0.076:0.305:b-0.073:0.290:occ1;84:-0.079:0.308:b-0.074:0.290:occ1;89:-0.081:0.309:b-0.083:0.322:occ1
occlusion_full_v5,combined_extreme_stress,4,1003,,1,17,0.07437,0.07664,75,13,33,0.06660,0.07664,0.57333,0.00000,0,0.00000,0.81111,90.00000,0,0.76073,0.12034,0.30000,0.22363,0:-0.038:-0.480:b0.160:0.136:occ0;12:0.033:-0.079:b0.112:0.158:occ0;24:0.048:0.156:b0.052:0.156:occ1;36:0.053:0.161:b0.057:0.149:occ1;48:0.057:0.151:b0.057:0.152:occ1;60:0.057:0.151:b0.057:0.152:occ1;72:0.057:0.152:b0.056:0.155:occ1;84:0.057:0.153:b0.057:0.152:occ1;89:0.057:0.153:b0.055:0.155:occ1
ablate_no_self_mask,combined_extreme_stress,4,1003,,1,18,0.05575,0.05177,75,12,41,0.06942,0.05177,0.69333,0.00000,0,0.00000,0.73333,90.00000,0,0.72062,0.14512,0.30000,0.31780,0:-0.038:-0.480:b0.145:0.120:occ0;12:0.061:-0.079:b0.096:0.116:occ0;24:0.059:0.040:b0.052:0.003:occ1;36:0.048:0.016:b0.051:0.005:occ1;48:0.044:0.025:b0.054:0.004:occ1;60:0.042:0.035:b0.053:0.004:occ1;72:0.044:0.031:b0.041:0.027:occ1;84:0.043:0.029:b0.052:0.006:occ1;89:0.043:0.035:b0.049:0.038:occ1
ablate_no_branch_belief,combined_extreme_stress,4,1003,,1,16,0.05027,0.04967,76,11,41,0.04373,0.04967,0.57895,0.02439,0,0.00000,0.82222,90.00000,0,0.73774,0.14200,0.30000,0.25181,0:-0.040:-0.480:b0.104:0.121:occ0;12:0.041:-0.053:b0.071:0.120:occ0;24:0.068:0.134:b0.063:0.128:occ1;36:0.068:0.134:b0.067:0.125:occ1;48:0.069:0.125:b0.067:0.124:occ1;60:0.067:0.124:b0.067:0.127:occ1;72:0.069:0.125:b0.071:0.124:occ1;84:0.068:0.125:b0.067:0.125:occ1;89:0.067:0.125:b0.067:0.124:occ1
ablate_no_contact_update,combined_extreme_stress,4,1003,,1,17,0.05695,0.05202,75,14,39,0.04802,0.05202,0.56000,0.00000,0,0.00000,0.81111,90.00000,0,0.73966,0.13028,0.30000,0.23546,0:-0.042:-0.480:b0.043:0.188:occ0;12:0.054:-0.075:b-0.103:0.036:occ0;24:0.033:0.127:b0.034:0.120:occ1;36:0.031:0.129:b0.033:0.121:occ1;48:0.035:0.120:b0.031:0.129:occ1;60:0.035:0.120:b0.040:0.123:occ1;72:0.036:0.118:b0.035:0.117:occ1;84:0.034:0.121:b0.034:0.120:occ1;89:0.034:0.123:b0.036:0.118:occ1
ablate_no_uncertainty_inflation,combined_extreme_stress,4,1003,,0,17,0.15125,0.13905,75,12,46,0.14329,0.13905,0.00000,0.52174,0,0.00000,0.06667,90.00000,0,0.87237,0.05791,0.14000,0.12957,0:-0.042:-0.480:b0.040:0.081:occ0;12:0.033:-0.079:b0.016:0.083:occ0;24:0.006:0.201:b-0.026:0.210:occ1;36:-0.021:0.228:b-0.022:0.229:occ1;48:-0.016:0.208:b-0.005:0.191:occ1;60:-0.018:0.206:b-0.027:0.225:occ1;72:-0.015:0.206:b-0.024:0.212:occ1;84:-0.017:0.211:b-0.011:0.206:occ1;89:-0.020:0.214:b-0.017:0.202:occ1
ablate_no_identity_filter,combined_extreme_stress,4,1003,,1,17,0.04997,0.04808,75,13,36,0.04646,0.04808,0.64000,0.00000,0,0.00000,0.81111,90.00000,0,0.76140,0.14983,0.30000,0.23983,0:-0.042:-0.480:b0.024:0.043:occ0;12:0.067:-0.073:b0.245:0.026:occ0;24:0.082:0.146:b0.063:0.139:occ1;36:0.068:0.148:b0.071:0.142:occ1;48:0.070:0.140:b0.069:0.144:occ1;60:0.069:0.142:b0.069:0.143:occ1;72:0.068:0.141:b0.069:0.142:occ1;84:0.069:0.141:b0.068:0.141:occ1;89:0.069:0.141:b0.068:0.139:occ1
ablate_no_reacquisition_guard,combined_extreme_stress,4,1003,,1,17,0.03468,0.03517,75,15,30,0.02853,0.03517,0.56000,0.00000,0,0.00000,0.81111,90.00000,0,0.72947,0.14252,0.30000,0.25331,0:-0.041:-0.480:b0.060:0.102:occ0;12:0.045:-0.079:b0.112:0.091:occ0;24:0.065:0.118:b0.062:0.119:occ1;36:0.063:0.125:b0.064:0.114:occ1;48:0.064:0.115:b0.064:0.123:occ1;60:0.065:0.120:b0.063:0.124:occ1;72:0.064:0.121:b0.063:0.129:occ1;84:0.064:0.122:b0.063:0.124:occ1;89:0.064:0.121:b0.064:0.121:occ1
ablate_no_tail_risk_objective,combined_extreme_stress,4,1003,,1,18,0.04666,0.05475,75,13,40,0.05392,0.05475,0.56000,0.00000,0,0.00000,0.80000,90.00000,0,0.88662,0.12988,0.30000,0.27226,0:-0.043:-0.480:b0.012:0.136:occ0;12:0.023:-0.081:b0.028:0.076:occ0;24:-0.005:0.100:b-0.002:0.083:occ1;36:0.001:0.082:b-0.002:0.089:occ1;48:0.010:0.073:b-0.000:0.088:occ1;60:0.001:0.091:b0.007:0.089:occ1;72:0.001:0.071:b0.004:0.082:occ1;84:-0.002:0.070:b0.004:0.071:occ1;89:0.003:0.069:b-0.005:0.084:occ1
ablate_no_false_detection_rejection,combined_extreme_stress,4,1003,,0,17,0.10117,0.06274,75,10,42,0.07375,0.06274,0.56000,0.04762,0,0.00000,0.48889,90.00000,0,0.87881,0.11560,0.30000,0.21288,0:-0.040:-0.480:b0.094:0.112:occ0;12:0.099:-0.062:b0.001:0.094:occ0;24:0.089:0.137:b0.074:0.129:occ1;36:0.071:0.135:b0.057:0.157:occ1;48:0.070:0.135:b0.052:0.163:occ1;60:0.048:0.171:b0.052:0.161:occ1;72:0.061:0.149:b0.076:0.131:occ1;84:0.055:0.160:b0.071:0.146:occ1;89:0.053:0.163:b0.076:0.128:occ1
ablate_no_distractor_filter,combined_extreme_stress,4,1003,,1,17,0.05477,0.14983,75,12,43,0.04994,0.14983,0.56000,0.00000,0,0.00000,0.81111,90.00000,0,0.78795,0.12682,0.30000,0.24046,0:-0.042:-0.480:b0.035:0.142:occ0;12:0.040:-0.072:b0.060:0.124:occ0;24:0.078:0.121:b0.075:0.115:occ1;36:0.070:0.136:b0.072:0.141:occ1;48:0.069:0.126:b0.070:0.136:occ1;60:0.061:0.134:b0.037:0.175:occ1;72:0.054:0.146:b0.044:0.150:occ1;84:0.064:0.131:b0.039:0.140:occ1;89:0.062:0.135:b0.042:0.232:occ1
occlusion_aware_permanence_v4,combined_extreme_stress,4,1003,,1,17,0.05593,0.05471,75,12,36,0.04813,0.05471,0.64000,0.00000,0,0.00000,0.81111,90.00000,0,0.73822,0.14681,0.30000,0.25306,0:-0.039:-0.480:b0.116:0.145:occ0;12:0.051:-0.066:b0.104:0.064:occ0;24:0.077:0.133:b0.072:0.132:occ1;36:0.072:0.137:b0.075:0.132:occ1;48:0.074:0.128:b0.074:0.130:occ1;60:0.073:0.127:b0.073:0.129:occ1;72:0.073:0.128:b0.073:0.128:occ1;84:0.072:0.127:b0.073:0.128:occ1;89:0.072:0.127:b0.072:0.126:occ1
learned_only_branch,combined_extreme_stress,4,1003,,0,16,0.11765,0.10590,76,11,41,0.11000,0.10590,0.30263,0.00000,0,0.00000,0.07778,90.00000,0,0.82199,0.05318,0.24800,0.17471,0:-0.040:-0.480:b0.093:0.085:occ0;12:0.039:-0.065:b0.022:0.189:occ0;24:0.033:0.197:b0.025:0.205:occ1;36:0.028:0.207:b0.034:0.200:occ1;48:0.031:0.195:b0.032:0.182:occ1;60:0.030:0.188:b0.032:0.182:occ1;72:0.030:0.189:b0.032:0.182:occ1;84:0.030:0.191:b0.030:0.200:occ1;89:0.029:0.193:b0.032:0.182:occ1
occlusion_full_v5,combined_extreme_stress,5,1000,,1,22,0.03249,0.02858,70,16,31,0.06125,0.02858,0.52857,0.03226,0,0.68889,0.53333,90.00000,0,1.20020,0.12090,0.30000,0.09505,0:-0.108:-0.480:b0.321:0.387:occ0;12:0.278:-0.039:b0.395:0.285:occ0;24:0.413:0.339:b0.415:0.395:occ1;36:0.420:0.416:b0.419:0.388:occ1;48:0.418:0.401:b0.421:0.386:occ1;60:0.418:0.391:b0.419:0.386:occ1;72:0.415:0.398:b0.419:0.386:occ1;84:0.417:0.395:b0.412:0.412:occ1;89:0.416:0.395:b0.419:0.388:occ1
ablate_no_self_mask,combined_extreme_stress,5,1000,,0,22,0.08553,0.06959,70,17,31,0.09549,0.06959,0.67143,0.03226,0,0.00000,0.07778,90.00000,0,1.19805,0.12487,0.30000,0.12054,0:-0.108:-0.480:b0.429:0.212:occ0;12:0.275:-0.039:b0.256:0.316:occ0;24:0.410:0.335:b0.466:0.406:occ1;36:0.450:0.420:b0.440:0.410:occ1;48:0.448:0.408:b0.433:0.407:occ1;60:0.447:0.406:b0.448:0.409:occ1;72:0.439:0.405:b0.428:0.405:occ1;84:0.441:0.406:b0.457:0.406:occ1;89:0.445:0.405:b0.426:0.399:occ1
ablate_no_branch_belief,combined_extreme_stress,5,1000,,1,23,0.02718,0.02768,71,14,44,0.03453,0.02768,0.53521,0.06818,0,0.00000,0.74444,90.00000,0,1.09945,0.13662,0.30000,0.14538,0:-0.108:-0.480:b0.395:0.310:occ0;12:0.268:-0.038:b0.394:0.293:occ0;24:0.416:0.287:b0.409:0.303:occ1;36:0.417:0.304:b0.414:0.285:occ1;48:0.411:0.293:b0.408:0.301:occ1;60:0.411:0.305:b0.403:0.316:occ1;72:0.409:0.305:b0.408:0.306:occ1;84:0.411:0.302:b0.407:0.311:occ1;89:0.410:0.304:b0.415:0.304:occ1
ablate_no_contact_update,combined_extreme_stress,5,1000,,0,-1,0.13399,0.12598,70,15,39,0.12838,0.12598,0.54286,0.02564,0,0.00000,0.00000,90.00000,0,1.04284,0.08530,0.30000,0.21964,0:-0.108:-0.480:b0.376:0.295:occ0;12:0.273:-0.038:b0.381:0.297:occ0;24:0.405:0.237:b0.395:0.201:occ1;36:0.399:0.214:b0.397:0.191:occ1;48:0.395:0.201:b0.398:0.189:occ1;60:0.394:0.212:b0.388:0.230:occ1;72:0.393:0.213:b0.392:0.214:occ1;84:0.394:0.210:b0.389:0.231:occ1;89:0.393:0.214:b0.394:0.222:occ1
ablate_no_uncertainty_inflation,combined_extreme_stress,5,1000,,1,23,0.02635,0.02474,71,14,39,0.03265,0.02474,0.00000,0.02564,0,0.00000,0.74444,90.00000,0,1.13786,0.06438,0.14000,0.11345,0:-0.108:-0.480:b0.370:0.270:occ0;12:0.300:-0.037:b0.479:0.370:occ0;24:0.438:0.310:b0.416:0.344:occ1;36:0.422:0.341:b0.412:0.349:occ1;48:0.415:0.335:b0.410:0.355:occ1;60:0.411:0.341:b0.408:0.354:occ1;72:0.409:0.347:b0.411:0.350:occ1;84:0.410:0.347:b0.410:0.343:occ1;89:0.409:0.346:b0.410:0.344:occ1
ablate_no_identity_filter,combined_extreme_stress,5,1000,,1,22,0.03153,0.03536,70,17,32,0.05045,0.03536,0.61429,0.03125,0,0.00000,0.64444,90.00000,0,1.17808,0.13533,0.30000,0.11040,0:-0.108:-0.480:b0.349:0.314:occ0;12:0.276:-0.040:b0.356:0.235:occ0;24:0.414:0.326:b0.425:0.369:occ1;36:0.429:0.395:b0.422:0.394:occ1;48:0.427:0.374:b0.426:0.360:occ1;60:0.424:0.370:b0.425:0.354:occ1;72:0.425:0.364:b0.426:0.359:occ1;84:0.424:0.367:b0.423:0.365:occ1;89:0.423:0.371:b0.422:0.377:occ1
ablate_no_reacquisition_guard,combined_extreme_stress,5,1000,,1,22,0.07847,0.07691,70,16,35,0.07684,0.07691,0.52857,0.80000,0,0.71111,0.44444,90.00000,0,1.17755,0.10068,0.30000,0.04165,0:-0.108:-0.480:b0.348:0.299:occ0;12:0.270:-0.037:b0.282:0.324:occ0;24:0.393:0.330:b0.352:0.384:occ1;36:0.356:0.399:b0.346:0.390:occ1;48:0.342:0.391:b0.341:0.391:occ1;60:0.341:0.387:b0.336:0.391:occ1;72:0.341:0.388:b0.341:0.391:occ1;84:0.344:0.385:b0.345:0.383:occ1;89:0.344:0.385:b0.348:0.387:occ1
ablate_no_tail_risk_objective,combined_extreme_stress,5,1000,,0,23,0.13834,0.13828,68,14,36,0.12298,0.13307,0.32353,0.75000,0,0.51111,0.04444,0.00000,0,1.44121,0.07508,0.28700,0.07570,0:-0.108:-0.480:b0.453:0.247:occ0;12:0.282:-0.036:b0.420:0.372:occ0;24:0.360:0.252:b0.336:0.206:occ1;36:0.319:0.211:b0.274:0.422:occ1;48:0.265:0.396:b0.268:0.373:occ1;60:0.302:0.371:b0.290:0.373:occ1;72:0.286:0.376:b0.289:0.377:occ1;84:0.294:0.376:b0.278:0.375:occ1;89:0.274:0.367:b0.274:0.369:occ1
ablate_no_false_detection_rejection,combined_extreme_stress,5,1000,,0,22,0.13904,0.07021,69,16,39,0.13095,0.07021,0.52174,0.94872,0,0.72222,0.07778,0.00000,0,1.25543,0.07885,0.01200,0.04355,0:-0.108:-0.480:b0.359:0.367:occ0;12:0.269:-0.039:b0.395:0.310:occ0;24:0.365:0.340:b0.315:0.390:occ1;36:0.291:0.414:b0.283:0.391:occ1;48:0.287:0.408:b0.332:0.401:occ1;60:0.284:0.403:b0.284:0.396:occ1;72:0.285:0.402:b0.279:0.422:occ1;84:0.280:0.420:b0.272:0.410:occ1;89:0.282:0.418:b0.393:0.283:occ0
ablate_no_distractor_filter,combined_extreme_stress,5,1000,,0,21,0.13879,0.14783,71,19,37,0.12432,0.14783,0.53521,0.91892,0,0.72222,0.10000,90.00000,0,1.23064,0.07996,0.30000,0.05931,0:-0.108:-0.480:b0.481:0.388:occ0;12:0.281:-0.036:b0.428:0.408:occ0;24:0.344:0.325:b0.289:0.377:occ1;36:0.276:0.383:b0.276:0.357:occ1;48:0.291:0.383:b0.305:0.368:occ1;60:0.293:0.377:b0.275:0.378:occ1;72:0.284:0.378:b0.286:0.372:occ1;84:0.285:0.382:b0.279:0.369:occ1;89:0.281:0.383:b0.274:0.389:occ1
occlusion_aware_permanence_v4,combined_extreme_stress,5,1000,,0,21,0.10321,0.10947,71,18,29,0.10636,0.10947,0.61972,0.68966,0,0.71111,0.06667,90.00000,0,1.23933,0.10697,0.30000,0.07712,0:-0.108:-0.480:b0.401:0.268:occ0;12:0.274:-0.036:b0.386:0.389:occ0;24:0.417:0.366:b0.403:0.425:occ1;36:0.405:0.451:b0.403:0.429:occ1;48:0.403:0.431:b0.404:0.428:occ1;60:0.402:0.430:b0.403:0.430:occ1;72:0.400:0.435:b0.396:0.460:occ1;84:0.400:0.437:b0.401:0.433:occ1;89:0.401:0.436:b0.403:0.442:occ1
learned_only_branch,combined_extreme_stress,5,1000,,0,21,0.10025,0.09766,71,13,30,0.08616,0.09766,0.23944,0.86667,0,0.72222,0.31111,90.00000,0,1.15701,0.04791,0.23000,0.04406,0:-0.108:-0.480:b0.284:0.315:occ0;12:0.266:-0.035:b0.418:0.388:occ0;24:0.376:0.333:b0.342:0.379:occ1;36:0.346:0.394:b0.340:0.379:occ1;48:0.333:0.383:b0.337:0.378:occ1;60:0.331:0.382:b0.337:0.378:occ1;72:0.332:0.382:b0.337:0.378:occ1;84:0.335:0.380:b0.329:0.384:occ1;89:0.335:0.379:b0.337:0.378:occ1
occlusion_full_v5,combined_extreme_stress,5,1001,,1,24,0.06648,0.06529,69,18,30,0.05622,0.06529,0.52174,0.00000,0,0.00000,0.73333,90.00000,0,1.06820,0.11297,0.30000,0.16676,0:0.062:-0.480:b-0.263:0.398:occ0;12:-0.158:-0.037:b-0.182:0.336:occ0;24:-0.221:0.361:b-0.213:0.381:occ1;36:-0.212:0.390:b-0.208:0.367:occ1;48:-0.206:0.368:b-0.208:0.367:occ1;60:-0.210:0.366:b-0.211:0.366:occ1;72:-0.210:0.366:b-0.210:0.364:occ1;84:-0.210:0.366:b-0.210:0.365:occ1;89:-0.210:0.366:b-0.210:0.367:occ1
ablate_no_self_mask,combined_extreme_stress,5,1001,,1,25,0.06423,0.06162,68,19,29,0.07238,0.06162,0.66176,0.00000,0,0.57778,0.72222,90.00000,0,1.08077,0.12622,0.30000,0.09572,0:0.062:-0.480:b-0.219:0.335:occ0;12:-0.157:-0.035:b-0.157:0.405:occ0;24:-0.192:0.348:b-0.110:0.377:occ1;36:-0.135:0.389:b-0.128:0.377:occ1;48:-0.129:0.374:b-0.133:0.367:occ1;60:-0.133:0.373:b-0.125:0.367:occ1;72:-0.134:0.370:b-0.135:0.372:occ1;84:-0.133:0.374:b-0.137:0.371:occ1;89:-0.133:0.373:b-0.133:0.376:occ1
ablate_no_branch_belief,combined_extreme_stress,5,1001,,0,24,0.08747,0.08346,68,20,36,0.10366,0.08346,0.51471,0.00000,0,0.00000,0.06667,90.00000,0,1.23098,0.10264,0.30000,0.18675,0:0.062:-0.480:b-0.276:0.332:occ0;12:-0.178:-0.035:b-0.241:0.463:occ0;24:-0.227:0.395:b-0.109:0.509:occ1;36:-0.123:0.519:b-0.117:0.505:occ1;48:-0.118:0.509:b-0.127:0.507:occ1;60:-0.125:0.504:b-0.122:0.503:occ1;72:-0.122:0.503:b-0.126:0.503:occ1;84:-0.122:0.503:b-0.120:0.504:occ1;89:-0.122:0.503:b-0.126:0.501:occ1
ablate_no_contact_update,combined_extreme_stress,5,1001,,1,24,0.07283,0.07281,68,21,30,0.07644,0.07281,0.51471,0.00000,0,0.00000,0.56667,90.00000,0,1.15989,0.10506,0.30000,0.19714,0:0.062:-0.480:b-0.304:0.431:occ0;12:-0.171:-0.036:b-0.165:0.344:occ0;24:-0.211:0.378:b-0.173:0.491:occ1;36:-0.177:0.502:b-0.175:0.491:occ1;48:-0.170:0.492:b-0.169:0.487:occ1;60:-0.170:0.485:b-0.178:0.485:occ1;72:-0.170:0.485:b-0.170:0.486:occ1;84:-0.170:0.486:b-0.170:0.486:occ1;89:-0.170:0.486:b-0.170:0.486:occ1
ablate_no_uncertainty_inflation,combined_extreme_stress,5,1001,,1,23,0.05799,0.05871,69,15,34,0.07068,0.05871,0.00000,0.02941,0,0.00000,0.55556,90.00000,0,1.17166,0.05453,0.14000,0.18378,0:0.066:-0.480:b-0.064:0.398:occ0;12:-0.150:-0.035:b-0.226:0.431:occ0;24:-0.214:0.397:b-0.153:0.473:occ1;36:-0.159:0.499:b-0.155:0.481:occ1;48:-0.153:0.484:b-0.154:0.480:occ1;60:-0.154:0.479:b-0.155:0.480:occ1;72:-0.157:0.480:b-0.155:0.480:occ1;84:-0.156:0.480:b-0.155:0.480:occ1;89:-0.155:0.480:b-0.155:0.481:occ1
ablate_no_identity_filter,combined_extreme_stress,5,1001,,1,24,0.04050,0.04136,68,17,38,0.04334,0.04136,0.60294,0.00000,0,0.00000,0.73333,90.00000,0,1.13348,0.13817,0.30000,0.13355,0:0.062:-0.480:b-0.317:0.388:occ0;12:-0.183:-0.037:b-0.210:0.419:occ0;24:-0.228:0.366:b-0.144:0.406:occ1;36:-0.160:0.425:b-0.151:0.406:occ1;48:-0.152:0.407:b-0.160:0.405:occ1;60:-0.157:0.409:b-0.154:0.410:occ1;72:-0.156:0.410:b-0.155:0.410:occ1;84:-0.155:0.410:b-0.156:0.409:occ1;89:-0.155:0.410:b-0.154:0.409:occ1
ablate_no_reacquisition_guard,combined_extreme_stress,5,1001,,1,25,0.04701,0.02996,67,19,34,0.05258,0.02996,0.50746,0.00000,0,0.00000,0.72222,90.00000,0,1.10876,0.11299,0.30000,0.11164,0:0.062:-0.480:b-0.249:0.347:occ0;12:-0.186:-0.037:b-0.308:0.408:occ0;24:-0.228:0.338:b-0.158:0.385:occ1;36:-0.159:0.396:b-0.147:0.376:occ1;48:-0.146:0.380:b-0.151:0.377:occ1;60:-0.149:0.379:b-0.148:0.377:occ1;72:-0.149:0.378:b-0.148:0.377:occ1;84:-0.148:0.378:b-0.148:0.377:occ1;89:-0.148:0.378:b-0.148:0.398:occ1
ablate_no_tail_risk_objective,combined_extreme_stress,5,1001,,1,24,0.07103,0.06793,68,20,41,0.07302,0.06793,0.51471,0.00000,0,0.00000,0.60000,90.00000,0,1.28681,0.10366,0.30000,0.23270,0:0.063:-0.480:b-0.153:0.338:occ0;12:-0.147:-0.035:b-0.190:0.390:occ0;24:-0.216:0.390:b-0.218:0.487:occ1;36:-0.215:0.501:b-0.213:0.490:occ1;48:-0.219:0.495:b-0.214:0.489:occ1;60:-0.213:0.489:b-0.213:0.489:occ1;72:-0.208:0.489:b-0.212:0.490:occ1;84:-0.211:0.490:b-0.214:0.490:occ1;89:-0.217:0.490:b-0.213:0.489:occ1
ablate_no_false_detection_rejection,combined_extreme_stress,5,1001,,1,24,0.05546,0.06511,68,19,39,0.05608,0.06511,0.52941,0.00000,0,0.00000,0.73333,90.00000,0,1.09643,0.11299,0.30000,0.16087,0:0.062:-0.480:b-0.216:0.437:occ0;12:-0.168:-0.037:b-0.210:0.331:occ0;24:-0.218:0.354:b-0.220:0.369:occ1;36:-0.225:0.386:b-0.223:0.365:occ1;48:-0.225:0.365:b-0.228:0.367:occ1;60:-0.216:0.361:b-0.229:0.365:occ1;72:-0.208:0.362:b-0.193:0.377:occ1;84:-0.199:0.369:b-0.211:0.355:occ1;89:-0.203:0.367:b-0.159:0.356:occ1
ablate_no_distractor_filter,combined_extreme_stress,5,1001,,0,23,0.12613,0.15206,69,17,34,0.12826,0.15206,0.52174,0.08824,0,0.00000,0.06667,90.00000,0,1.20021,0.08468,0.30000,0.28040,0:0.062:-0.480:b-0.229:0.419:occ0;12:-0.118:-0.035:b-0.261:0.383:occ0;24:-0.236:0.400:b-0.286:0.493:occ1;36:-0.296:0.515:b-0.292:0.495:occ1;48:-0.298:0.499:b-0.296:0.495:occ1;60:-0.295:0.492:b-0.302:0.499:occ1;72:-0.290:0.488:b-0.297:0.495:occ1;84:-0.282:0.486:b-0.265:0.466:occ1;89:-0.281:0.485:b-0.304:0.498:occ1
occlusion_aware_permanence_v4,combined_extreme_stress,5,1001,,1,24,0.06415,0.06429,68,19,30,0.06171,0.06429,0.60294,0.03333,0,0.00000,0.73333,90.00000,0,1.13363,0.12170,0.30000,0.21691,0:0.062:-0.480:b-0.186:0.313:occ0;12:-0.180:-0.035:b-0.236:0.412:occ0;24:-0.211:0.371:b-0.223:0.473:occ1;36:-0.215:0.484:b-0.213:0.471:occ1;48:-0.213:0.474:b-0.212:0.471:occ1;60:-0.212:0.470:b-0.213:0.471:occ1;72:-0.213:0.471:b-0.213:0.471:occ1;84:-0.213:0.471:b-0.213:0.471:occ1;89:-0.213:0.471:b-0.213:0.471:occ1
learned_only_branch,combined_extreme_stress,5,1001,,1,24,0.07907,0.07949,68,21,42,0.07818,0.07949,0.20588,0.02381,0,0.00000,0.56667,90.00000,0,1.15716,0.06473,0.22100,0.21564,0:0.063:-0.480:b-0.153:0.412:occ0;12:-0.161:-0.035:b-0.299:0.429:occ0;24:-0.197:0.386:b-0.207:0.492:occ1;36:-0.205:0.506:b-0.196:0.492:occ1;48:-0.191:0.495:b-0.190:0.491:occ1;60:-0.190:0.490:b-0.192:0.492:occ1;72:-0.194:0.490:b-0.193:0.491:occ1;84:-0.193:0.490:b-0.193:0.490:occ1;89:-0.193:0.490:b-0.195:0.490:occ1
occlusion_full_v5,combined_extreme_stress,5,1002,,1,23,0.03936,0.03411,69,13,38,0.08874,0.07315,0.20290,0.44737,0,0.60000,0.31111,0.00000,0,1.04556,0.05306,0.12200,0.12542,0:0.022:-0.480:b-0.052:0.467:occ0;12:0.054:-0.035:b0.037:0.371:occ0;24:0.057:0.285:b0.061:0.241:occ1;36:0.025:0.260:b0.026:0.244:occ1;48:0.021:0.248:b0.025:0.241:occ1;60:0.030:0.244:b0.023:0.244:occ1;72:0.036:0.292:b0.027:0.348:occ1;84:0.036:0.356:b0.059:0.350:occ1;89:0.038:0.357:b0.028:0.356:occ1
ablate_no_self_mask,combined_extreme_stress,5,1002,,1,23,0.07941,0.09875,69,17,33,0.09507,0.09875,0.66667,0.06061,0,0.08889,0.16667,90.00000,0,1.04460,0.12220,0.30000,0.17420,0:0.025:-0.480:b0.040:0.319:occ0;12:0.017:-0.039:b0.075:0.283:occ0;24:0.023:0.323:b-0.013:0.416:occ1;36:-0.003:0.440:b-0.003:0.411:occ1;48:-0.008:0.438:b-0.007:0.445:occ1;60:-0.005:0.433:b-0.007:0.448:occ1;72:-0.006:0.436:b0.003:0.427:occ1;84:-0.003:0.428:b-0.007:0.434:occ1;89:-0.003:0.430:b-0.009:0.449:occ1
ablate_no_branch_belief,combined_extreme_stress,5,1002,,0,24,0.10196,0.10328,70,17,35,0.10325,0.10328,0.52857,0.94286,0,0.77778,0.07778,90.00000,0,0.93591,0.09207,0.30000,0.02087,0:0.024:-0.480:b0.013:0.426:occ0;12:0.060:-0.037:b0.053:0.344:occ0;24:0.012:0.280:b-0.034:0.282:occ1;36:-0.026:0.284:b-0.021:0.275:occ1;48:-0.025:0.272:b-0.023:0.269:occ1;60:-0.021:0.270:b-0.018:0.266:occ1;72:-0.020:0.266:b-0.020:0.265:occ1;84:-0.021:0.264:b-0.023:0.275:occ1;89:-0.021:0.267:b-0.020:0.265:occ1
ablate_no_contact_update,combined_extreme_stress,5,1002,,1,22,0.04897,0.04801,70,16,30,0.05822,0.04801,0.52857,0.00000,0,0.77778,0.75556,90.00000,0,0.96766,0.11787,0.30000,0.07428,0:0.027:-0.480:b0.105:0.398:occ0;12:0.047:-0.038:b0.082:0.308:occ0;24:0.028:0.313:b-0.001:0.334:occ1;36:-0.011:0.342:b-0.008:0.328:occ1;48:-0.013:0.330:b-0.008:0.325:occ1;60:-0.010:0.324:b-0.015:0.322:occ1;72:-0.011:0.324:b-0.008:0.324:occ1;84:-0.010:0.327:b-0.008:0.327:occ1;89:-0.010:0.327:b-0.008:0.326:occ1
ablate_no_uncertainty_inflation,combined_extreme_stress,5,1002,,1,23,0.04675,0.04585,69,14,47,0.04870,0.04585,0.00000,0.04255,0,0.02222,0.74444,90.00000,0,0.99936,0.04936,0.14000,0.16966,0:0.024:-0.480:b0.009:0.374:occ0;12:0.031:-0.037:b0.044:0.316:occ0;24:0.069:0.321:b0.047:0.397:occ1;36:0.063:0.408:b0.048:0.392:occ1;48:0.058:0.399:b0.049:0.396:occ1;60:0.058:0.397:b0.055:0.399:occ1;72:0.056:0.398:b0.048:0.399:occ1;84:0.058:0.398:b0.048:0.397:occ1;89:0.058:0.398:b0.056:0.398:occ1
ablate_no_identity_filter,combined_extreme_stress,5,1002,,0,24,0.12793,0.12505,70,15,31,0.12013,0.12505,0.61429,0.96774,0,0.75556,0.07778,90.00000,0,0.97194,0.09561,0.30000,0.02488,0:0.025:-0.480:b0.035:0.307:occ0;12:0.038:-0.036:b0.070:0.343:occ0;24:0.031:0.279:b-0.009:0.268:occ1;36:-0.031:0.274:b-0.014:0.250:occ1;48:-0.019:0.254:b-0.013:0.245:occ1;60:-0.015:0.252:b-0.015:0.249:occ1;72:-0.019:0.254:b-0.035:0.241:occ1;84:-0.020:0.253:b-0.020:0.246:occ1;89:-0.018:0.251:b-0.014:0.253:occ1
ablate_no_reacquisition_guard,combined_extreme_stress,5,1002,,1,22,0.00744,0.01806,70,18,32,0.02234,0.01806,0.52857,0.00000,0,0.00000,0.75556,90.00000,0,0.99979,0.13916,0.30000,0.12146,0:0.024:-0.480:b-0.013:0.346:occ0;12:0.052:-0.035:b0.059:0.417:occ0;24:0.065:0.321:b0.027:0.353:occ1;36:0.026:0.373:b0.010:0.348:occ1;48:0.026:0.360:b0.009:0.351:occ1;60:0.025:0.359:b0.022:0.368:occ1;72:0.027:0.361:b0.036:0.363:occ1;84:0.026:0.360:b0.043:0.360:occ1;89:0.028:0.360:b0.038:0.364:occ1
ablate_no_tail_risk_objective,combined_extreme_stress,5,1002,,1,22,0.00152,0.01310,70,18,34,0.02181,0.01310,0.52857,0.00000,0,0.05556,0.75556,90.00000,0,1.12430,0.14019,0.30000,0.11849,0:0.026:-0.480:b0.056:0.415:occ0;12:0.045:-0.038:b0.025:0.321:occ0;24:0.038:0.341:b0.025:0.358:occ1;36:0.031:0.360:b0.033:0.366:occ1;48:0.037:0.371:b0.036:0.370:occ1;60:0.028:0.365:b0.024:0.359:occ1;72:0.030:0.363:b0.034:0.368:occ1;84:0.033:0.363:b0.037:0.366:occ1;89:0.017:0.363:b0.029:0.365:occ1
ablate_no_false_detection_rejection,combined_extreme_stress,5,1002,,1,23,0.02706,0.01724,70,14,37,0.03148,0.01724,0.52857,0.05405,0,0.18889,0.74444,90.00000,0,1.02184,0.13439,0.30000,0.10974,0:0.028:-0.480:b0.126:0.292:occ0;12:0.052:-0.035:b0.148:0.406:occ0;24:0.039:0.310:b0.033:0.348:occ1;36:0.025:0.370:b0.024:0.352:occ1;48:0.021:0.340:b0.030:0.367:occ1;60:0.026:0.348:b0.013:0.302:occ1;72:0.024:0.344:b0.035:0.373:occ1;84:0.031:0.347:b0.003:0.340:occ1;89:0.025:0.347:b0.032:0.357:occ1
ablate_no_distractor_filter,combined_extreme_stress,5,1002,,1,22,0.05406,0.05244,70,17,40,0.04967,0.05244,0.52857,0.27500,0,0.78889,0.75556,90.00000,0,0.99117,0.12138,0.30000,0.06966,0:0.027:-0.480:b0.099:0.347:occ0;12:0.036:-0.036:b-0.085:0.455:occ0;24:0.028:0.309:b0.029:0.322:occ1;36:0.012:0.322:b0.017:0.309:occ1;48:0.016:0.306:b0.003:0.335:occ1;60:0.016:0.322:b-0.004:0.304:occ1;72:0.017:0.313:b-0.021:0.282:occ1;84:0.017:0.316:b0.007:0.311:occ1;89:0.010:0.307:b-0.004:0.317:occ1
occlusion_aware_permanence_v4,combined_extreme_stress,5,1002,,1,23,0.01482,0.00463,70,17,32,0.02847,0.00463,0.61429,0.00000,0,0.33333,0.74444,90.00000,0,0.97429,0.14931,0.30000,0.10430,0:0.029:-0.480:b0.153:0.406:occ0;12:0.052:-0.042:b-0.055:0.223:occ0;24:0.041:0.309:b0.026:0.348:occ1;36:0.013:0.356:b0.023:0.352:occ1;48:0.007:0.347:b0.018:0.351:occ1;60:0.014:0.349:b0.023:0.354:occ1;72:0.020:0.354:b0.022:0.352:occ1;84:0.017:0.351:b0.007:0.349:occ1;89:0.014:0.349:b0.022:0.354:occ1
learned_only_branch,combined_extreme_stress,5,1002,,1,23,0.05966,0.06736,70,19,29,0.05760,0.06736,0.22857,0.00000,0,0.77778,0.74444,90.00000,0,0.94026,0.06921,0.22700,0.07961,0:0.026:-0.480:b0.060:0.251:occ0;12:0.044:-0.046:b-0.008:0.193:occ0;24:0.040:0.300:b0.025:0.297:occ1;36:0.017:0.312:b0.025:0.299:occ1;48:0.021:0.300:b0.027:0.303:occ1;60:0.025:0.306:b0.009:0.301:occ1;72:0.024:0.306:b0.031:0.308:occ1;84:0.024:0.307:b0.007:0.300:occ1;89:0.023:0.307:b0.009:0.301:occ1
occlusion_full_v5,combined_extreme_stress,5,1003,,1,26,0.03183,0.03282,67,19,23,0.02542,0.03282,0.50746,0.00000,0,0.00000,0.71111,90.00000,0,1.21366,0.12911,0.30000,0.19666,0:0.056:-0.480:b-0.326:0.430:occ0;12:-0.270:-0.035:b-0.361:0.457:occ0;24:-0.382:0.397:b-0.329:0.490:occ1;36:-0.338:0.486:b-0.331:0.473:occ1;48:-0.330:0.473:b-0.330:0.472:occ1;60:-0.329:0.472:b-0.327:0.472:occ1;72:-0.327:0.473:b-0.328:0.473:occ1;84:-0.328:0.473:b-0.329:0.473:occ1;89:-0.328:0.473:b-0.328:0.475:occ1
ablate_no_self_mask,combined_extreme_stress,5,1003,,1,26,0.04991,0.04442,67,20,32,0.04579,0.04442,0.65672,0.03125,0,0.00000,0.71111,90.00000,0,1.19230,0.13858,0.30000,0.18674,0:0.056:-0.480:b-0.248:0.498:occ0;12:-0.271:-0.035:b-0.196:0.445:occ0;24:-0.333:0.372:b-0.313:0.437:occ1;36:-0.334:0.442:b-0.362:0.429:occ1;48:-0.348:0.430:b-0.355:0.430:occ1;60:-0.343:0.427:b-0.339:0.432:occ1;72:-0.328:0.430:b-0.343:0.428:occ1;84:-0.332:0.427:b-0.316:0.430:occ1;89:-0.334:0.427:b-0.341:0.429:occ1
ablate_no_branch_belief,combined_extreme_stress,5,1003,,1,25,0.04742,0.04776,67,18,34,0.04343,0.04776,0.52239,0.05882,0,0.00000,0.72222,90.00000,0,1.15513,0.12195,0.30000,0.17742,0:0.056:-0.480:b-0.349:0.423:occ0;12:-0.255:-0.035:b-0.256:0.455:occ0;24:-0.307:0.391:b-0.296:0.445:occ1;36:-0.321:0.457:b-0.324:0.438:occ1;48:-0.322:0.441:b-0.321:0.439:occ1;60:-0.321:0.438:b-0.321:0.438:occ1;72:-0.321:0.438:b-0.321:0.438:occ1;84:-0.321:0.440:b-0.320:0.439:occ1;89:-0.321:0.439:b-0.321:0.438:occ1
ablate_no_contact_update,combined_extreme_stress,5,1003,,1,27,0.04577,0.04553,66,19,37,0.04347,0.04553,0.51515,0.00000,0,0.00000,0.70000,90.00000,0,1.16680,0.12222,0.30000,0.19680,0:0.056:-0.480:b-0.305:0.498:occ0;12:-0.299:-0.035:b-0.430:0.439:occ0;24:-0.366:0.362:b-0.402:0.433:occ1;36:-0.355:0.442:b-0.353:0.428:occ1;48:-0.350:0.433:b-0.346:0.435:occ1;60:-0.345:0.430:b-0.344:0.427:occ1;72:-0.344:0.428:b-0.344:0.427:occ1;84:-0.344:0.427:b-0.345:0.427:occ1;89:-0.344:0.427:b-0.344:0.428:occ1
ablate_no_uncertainty_inflation,combined_extreme_stress,5,1003,,1,25,0.03332,0.03348,67,22,30,0.03096,0.03348,0.00000,0.00000,0,0.00000,0.72222,90.00000,0,1.19387,0.05122,0.14000,0.20094,0:0.056:-0.480:b-0.334:0.406:occ0;12:-0.252:-0.035:b-0.233:0.416:occ0;24:-0.346:0.393:b-0.320:0.491:occ1;36:-0.329:0.497:b-0.326:0.480:occ1;48:-0.328:0.483:b-0.330:0.484:occ1;60:-0.329:0.480:b-0.328:0.480:occ1;72:-0.328:0.481:b-0.328:0.482:occ1;84:-0.329:0.481:b-0.332:0.480:occ1;89:-0.329:0.480:b-0.328:0.480:occ1
ablate_no_identity_filter,combined_extreme_stress,5,1003,,1,26,0.04790,0.04795,67,20,31,0.04194,0.04795,0.59701,0.00000,0,0.00000,0.71111,90.00000,0,1.19822,0.12953,0.30000,0.19959,0:0.056:-0.480:b-0.278:0.492:occ0;12:-0.271:-0.035:b-0.361:0.493:occ0;24:-0.350:0.380:b-0.304:0.503:occ1;36:-0.328:0.497:b-0.323:0.484:occ1;48:-0.326:0.488:b-0.324:0.485:occ1;60:-0.326:0.485:b-0.322:0.484:occ1;72:-0.325:0.485:b-0.325:0.485:occ1;84:-0.325:0.485:b-0.325:0.485:occ1;89:-0.325:0.485:b-0.324:0.485:occ1
ablate_no_reacquisition_guard,combined_extreme_stress,5,1003,,1,25,0.06301,0.06272,67,20,31,0.05708,0.06272,0.50746,0.00000,0,0.00000,0.72222,90.00000,0,1.21122,0.10437,0.30000,0.18891,0:0.056:-0.480:b-0.285:0.447:occ0;12:-0.247:-0.035:b-0.228:0.589:occ0;24:-0.347:0.396:b-0.290:0.508:occ1;36:-0.314:0.509:b-0.308:0.493:occ1;48:-0.308:0.496:b-0.308:0.493:occ1;60:-0.308:0.492:b-0.307:0.493:occ1;72:-0.307:0.493:b-0.307:0.493:occ1;84:-0.307:0.493:b-0.306:0.494:occ1;89:-0.307:0.493:b-0.307:0.493:occ1
ablate_no_tail_risk_objective,combined_extreme_stress,5,1003,,1,41,0.04132,0.03887,62,24,33,0.06556,0.06903,0.32258,0.15152,0,0.11111,0.54444,0.00000,0,1.45328,0.09971,0.27700,0.22990,0:0.056:-0.480:b-0.337:0.554:occ0;12:-0.228:-0.035:b-0.244:0.503:occ0;24:-0.303:0.365:b-0.180:0.331:occ1;36:-0.224:0.392:b-0.357:0.437:occ0;48:-0.411:0.422:b-0.393:0.419:occ1;60:-0.379:0.427:b-0.381:0.425:occ1;72:-0.382:0.424:b-0.383:0.432:occ1;84:-0.377:0.422:b-0.377:0.421:occ1;89:-0.379:0.421:b-0.380:0.425:occ1
ablate_no_false_detection_rejection,combined_extreme_stress,5,1003,,1,25,0.01806,0.04089,67,20,33,0.03902,0.04089,0.50746,0.00000,0,0.00000,0.72222,90.00000,0,1.26799,0.12346,0.30000,0.21430,0:0.056:-0.480:b-0.305:0.441:occ0;12:-0.261:-0.035:b-0.364:0.571:occ0;24:-0.328:0.395:b-0.387:0.487:occ1;36:-0.376:0.484:b-0.347:0.462:occ1;48:-0.363:0.467:b-0.336:0.464:occ1;60:-0.371:0.470:b-0.314:0.419:occ1;72:-0.348:0.468:b-0.332:0.473:occ1;84:-0.342:0.463:b-0.391:0.481:occ1;89:-0.351:0.465:b-0.384:0.473:occ1
ablate_no_distractor_filter,combined_extreme_stress,5,1003,,1,48,0.06795,0.12347,66,20,36,0.08361,0.07857,0.24242,0.33333,0,0.17778,0.46667,0.00000,0,1.37527,0.07977,0.25700,0.15347,0:0.056:-0.480:b-0.306:0.457:occ0;12:-0.260:-0.035:b-0.335:0.493:occ0;24:-0.307:0.369:b-0.143:0.368:occ1;36:-0.220:0.391:b-0.237:0.358:occ1;48:-0.275:0.450:b-0.312:0.495:occ1;60:-0.309:0.493:b-0.293:0.455:occ1;72:-0.286:0.474:b-0.304:0.478:occ1;84:-0.283:0.476:b-0.311:0.493:occ1;89:-0.277:0.475:b-0.223:0.433:occ1
occlusion_aware_permanence_v4,combined_extreme_stress,5,1003,,0,26,0.08343,0.08311,67,21,34,0.08109,0.08311,0.59701,0.00000,0,0.00000,0.30000,90.00000,0,1.15839,0.10763,0.30000,0.15438,0:0.056:-0.480:b-0.352:0.500:occ0;12:-0.296:-0.035:b-0.345:0.528:occ0;24:-0.328:0.379:b-0.292:0.383:occ1;36:-0.306:0.405:b-0.310:0.385:occ1;48:-0.308:0.385:b-0.308:0.384:occ1;60:-0.308:0.382:b-0.305:0.380:occ1;72:-0.306:0.381:b-0.307:0.381:occ1;84:-0.306:0.381:b-0.306:0.381:occ1;89:-0.306:0.381:b-0.307:0.381:occ1
learned_only_branch,combined_extreme_stress,5,1003,,1,26,0.04525,0.04579,67,20,32,0.05152,0.04579,0.19403,0.00000,0,0.00000,0.71111,90.00000,0,1.19360,0.07144,0.21800,0.24541,0:0.056:-0.480:b-0.303:0.374:occ0;12:-0.267:-0.035:b-0.460:0.507:occ0;24:-0.382:0.399:b-0.393:0.463:occ1;36:-0.396:0.482:b-0.393:0.463:occ1;48:-0.390:0.468:b-0.386:0.469:occ1;60:-0.385:0.467:b-0.386:0.465:occ1;72:-0.385:0.465:b-0.382:0.469:occ1;84:-0.384:0.465:b-0.385:0.465:occ1;89:-0.384:0.465:b-0.385:0.464:occ1
occlusion_full_v5,combined_extreme_stress,6,1000,,1,19,0.03431,0.02876,74,13,34,0.03715,0.02876,0.55405,0.00000,0,0.42222,0.78889,90.00000,0,0.97972,0.13570,0.30000,0.10168,0:0.085:-0.480:b-0.334:0.167:occ0;12:-0.281:-0.052:b-0.298:0.222:occ0;24:-0.394:0.169:b-0.397:0.160:occ1;36:-0.398:0.151:b-0.395:0.162:occ1;48:-0.394:0.146:b-0.391:0.143:occ1;60:-0.392:0.150:b-0.390:0.132:occ1;72:-0.391:0.139:b-0.388:0.160:occ1;84:-0.395:0.157:b-0.392:0.156:occ1;89:-0.394:0.152:b-0.390:0.161:occ1
ablate_no_self_mask,combined_extreme_stress,6,1000,,0,-1,0.09606,0.10561,68,18,26,0.11442,0.11131,0.57353,0.00000,0,0.00000,0.00000,0.00000,0,1.17184,0.11650,0.30000,0.17346,0:0.085:-0.480:b-0.403:0.062:occ0;12:-0.296:-0.048:b-0.446:0.235:occ0;24:-0.556:0.166:b-0.452:0.161:occ0;36:-0.452:0.107:b-0.451:0.093:occ1;48:-0.442:0.093:b-0.451:0.095:occ1;60:-0.441:0.095:b-0.453:0.088:occ1;72:-0.444:0.094:b-0.437:0.109:occ1;84:-0.442:0.098:b-0.452:0.089:occ1;89:-0.443:0.097:b-0.450:0.090:occ1
ablate_no_branch_belief,combined_extreme_stress,6,1000,,0,19,0.08154,0.09239,73,13,42,0.08464,0.09239,0.54795,0.02381,0,0.76667,0.52222,90.00000,0,1.07919,0.11482,0.30000,0.07915,0:0.085:-0.480:b-0.300:0.200:occ0;12:-0.277:-0.055:b-0.401:0.219:occ0;24:-0.442:0.230:b-0.440:0.256:occ1;36:-0.447:0.269:b-0.422:0.264:occ1;48:-0.424:0.260:b-0.422:0.252:occ1;60:-0.428:0.260:b-0.433:0.261:occ1;72:-0.425:0.267:b-0.421:0.261:occ1;84:-0.424:0.270:b-0.434:0.272:occ1;89:-0.427:0.271:b-0.433:0.280:occ1
ablate_no_contact_update,combined_extreme_stress,6,1000,,0,19,0.12141,0.12974,73,14,38,0.11517,0.12974,0.54795,0.97368,0,0.75556,0.12222,90.00000,0,1.04220,0.08841,0.30000,0.04779,0:0.085:-0.480:b-0.384:0.241:occ0;12:-0.283:-0.061:b-0.365:0.102:occ0;24:-0.358:0.204:b-0.318:0.236:occ1;36:-0.304:0.241:b-0.309:0.230:occ1;48:-0.300:0.234:b-0.300:0.244:occ1;60:-0.300:0.236:b-0.296:0.235:occ1;72:-0.303:0.240:b-0.298:0.240:occ1;84:-0.307:0.240:b-0.290:0.234:occ1;89:-0.305:0.238:b-0.300:0.245:occ1
ablate_no_uncertainty_inflation,combined_extreme_stress,6,1000,,1,18,0.05189,0.05965,74,12,42,0.05304,0.05965,0.00000,0.02381,0,0.77778,0.75556,90.00000,0,1.04097,0.04792,0.14000,0.05073,0:0.085:-0.480:b-0.359:0.236:occ0;12:-0.290:-0.051:b-0.341:0.179:occ0;24:-0.423:0.224:b-0.415:0.227:occ1;36:-0.413:0.235:b-0.395:0.221:occ1;48:-0.398:0.220:b-0.397:0.219:occ1;60:-0.400:0.227:b-0.409:0.231:occ1;72:-0.398:0.228:b-0.396:0.224:occ1;84:-0.398:0.226:b-0.404:0.224:occ1;89:-0.400:0.227:b-0.398:0.234:occ1
ablate_no_identity_filter,combined_extreme_stress,6,1000,,0,18,0.10625,0.11065,73,16,40,0.10403,0.11065,0.64384,1.00000,0,0.77778,0.08889,90.00000,0,1.03890,0.10766,0.30000,0.04318,0:0.085:-0.480:b-0.380:0.180:occ0;12:-0.280:-0.060:b-0.360:0.056:occ0;24:-0.392:0.253:b-0.383:0.262:occ1;36:-0.386:0.288:b-0.386:0.281:occ1;48:-0.381:0.280:b-0.380:0.280:occ1;60:-0.379:0.278:b-0.377:0.277:occ1;72:-0.379:0.279:b-0.377:0.279:occ1;84:-0.378:0.274:b-0.376:0.279:occ1;89:-0.379:0.279:b-0.378:0.284:occ1
ablate_no_reacquisition_guard,combined_extreme_stress,6,1000,,1,18,0.06252,0.05383,74,12,32,0.06766,0.05383,0.55405,0.87500,0,0.77778,0.67778,90.00000,0,1.02695,0.12100,0.30000,0.02623,0:0.085:-0.480:b-0.481:0.139:occ0;12:-0.296:-0.047:b-0.333:0.213:occ0;24:-0.393:0.236:b-0.382:0.252:occ1;36:-0.383:0.264:b-0.379:0.255:occ1;48:-0.376:0.253:b-0.377:0.252:occ1;60:-0.376:0.253:b-0.379:0.249:occ1;72:-0.377:0.255:b-0.379:0.249:occ1;84:-0.377:0.256:b-0.377:0.255:occ1;89:-0.376:0.256:b-0.380:0.248:occ1
ablate_no_tail_risk_objective,combined_extreme_stress,6,1000,,1,19,0.03738,0.02981,73,13,37,0.04044,0.02981,0.54795,0.02703,0,0.76667,0.74444,90.00000,0,1.21054,0.14089,0.30000,0.09826,0:0.085:-0.480:b-0.463:0.189:occ0;12:-0.258:-0.052:b-0.285:0.138:occ0;24:-0.445:0.217:b-0.438:0.199:occ1;36:-0.416:0.195:b-0.420:0.206:occ1;48:-0.424:0.192:b-0.438:0.173:occ1;60:-0.435:0.206:b-0.425:0.195:occ1;72:-0.436:0.203:b-0.434:0.200:occ1;84:-0.419:0.201:b-0.434:0.198:occ1;89:-0.435:0.192:b-0.426:0.196:occ1
ablate_no_false_detection_rejection,combined_extreme_stress,6,1000,,1,19,0.07798,0.04814,74,14,38,0.07585,0.04814,0.55405,0.02632,0,0.04444,0.60000,90.00000,0,0.97676,0.10937,0.30000,0.11566,0:0.085:-0.480:b-0.444:0.198:occ0;12:-0.295:-0.056:b-0.342:0.166:occ0;24:-0.379:0.137:b-0.346:0.108:occ1;36:-0.347:0.129:b-0.337:0.115:occ1;48:-0.339:0.130:b-0.338:0.118:occ1;60:-0.340:0.137:b-0.331:0.146:occ1;72:-0.333:0.138:b-0.346:0.143:occ1;84:-0.343:0.132:b-0.337:0.127:occ1;89:-0.343:0.130:b-0.361:0.163:occ1
ablate_no_distractor_filter,combined_extreme_stress,6,1000,,0,19,0.09474,0.10352,73,14,34,0.10046,0.10352,0.54795,1.00000,0,0.76667,0.10000,90.00000,0,1.03047,0.09965,0.30000,0.02651,0:0.085:-0.480:b-0.401:0.185:occ0;12:-0.278:-0.057:b-0.343:0.196:occ0;24:-0.342:0.214:b-0.329:0.252:occ1;36:-0.318:0.256:b-0.318:0.247:occ1;48:-0.321:0.255:b-0.310:0.249:occ1;60:-0.315:0.250:b-0.314:0.253:occ1;72:-0.318:0.253:b-0.314:0.254:occ1;84:-0.322:0.246:b-0.332:0.251:occ1;89:-0.326:0.246:b-0.328:0.261:occ1
occlusion_aware_permanence_v4,combined_extreme_stress,6,1000,,1,19,0.05679,0.04638,73,15,40,0.05425,0.04638,0.63014,0.00000,0,0.00000,0.78889,90.00000,0,0.98901,0.13994,0.30000,0.13178,0:0.085:-0.480:b-0.401:0.155:occ0;12:-0.267:-0.058:b-0.452:0.107:occ0;24:-0.443:0.157:b-0.435:0.143:occ1;36:-0.434:0.152:b-0.429:0.147:occ1;48:-0.426:0.144:b-0.435:0.131:occ1;60:-0.427:0.139:b-0.421:0.157:occ1;72:-0.425:0.151:b-0.428:0.132:occ1;84:-0.427:0.143:b-0.426:0.149:occ1;89:-0.431:0.139:b-0.425:0.148:occ1
learned_only_branch,combined_extreme_stress,6,1000,,1,20,0.04772,0.02938,73,16,31,0.04640,0.02938,0.26027,0.00000,0,0.00000,0.77778,90.00000,0,0.95840,0.07883,0.23600,0.11908,0:0.085:-0.480:b-0.371:0.093:occ0;12:-0.293:-0.058:b-0.501:0.193:occ0;24:-0.420:0.149:b-0.400:0.125:occ1;36:-0.396:0.141:b-0.393:0.125:occ1;48:-0.390:0.137:b-0.389:0.152:occ1;60:-0.392:0.129:b-0.393:0.121:occ1;72:-0.391:0.130:b-0.391:0.129:occ1;84:-0.391:0.130:b-0.394:0.122:occ1;89:-0.391:0.133:b-0.388:0.152:occ1
occlusion_full_v5,combined_extreme_stress,6,1001,,1,24,0.06535,0.06548,68,17,29,0.06330,0.06548,0.51471,0.00000,0,0.00000,0.73333,90.00000,0,1.09905,0.11191,0.30000,0.16197,0:0.016:-0.480:b-0.098:0.433:occ0;12:-0.091:-0.035:b-0.143:0.564:occ0;24:-0.123:0.384:b-0.089:0.460:occ1;36:-0.089:0.482:b-0.090:0.465:occ1;48:-0.090:0.464:b-0.097:0.456:occ1;60:-0.092:0.460:b-0.092:0.463:occ1;72:-0.091:0.462:b-0.091:0.462:occ1;84:-0.091:0.461:b-0.090:0.461:occ1;89:-0.090:0.461:b-0.090:0.461:occ1
ablate_no_self_mask,combined_extreme_stress,6,1001,,0,24,0.11960,0.12543,68,20,37,0.12773,0.12543,0.66176,1.00000,0,0.67778,0.06667,90.00000,0,1.10916,0.10825,0.30000,0.04260,0:0.017:-0.480:b-0.079:0.488:occ0;12:-0.098:-0.038:b-0.260:0.437:occ0;24:-0.110:0.365:b-0.013:0.348:occ1;36:-0.018:0.365:b-0.004:0.345:occ1;48:-0.008:0.340:b-0.014:0.333:occ1;60:-0.015:0.340:b-0.025:0.337:occ1;72:-0.015:0.341:b-0.016:0.347:occ1;84:-0.015:0.344:b-0.019:0.336:occ1;89:-0.017:0.343:b-0.012:0.341:occ1
ablate_no_branch_belief,combined_extreme_stress,6,1001,,0,28,0.10273,0.10822,68,15,38,0.10450,0.10822,0.51471,0.00000,0,0.00000,0.04444,90.00000,0,1.03195,0.09653,0.30000,0.16583,0:0.012:-0.480:b-0.250:0.421:occ0;12:-0.142:-0.037:b-0.114:0.532:occ0;24:-0.160:0.339:b-0.143:0.291:occ1;36:-0.136:0.327:b-0.135:0.300:occ1;48:-0.133:0.311:b-0.135:0.301:occ1;60:-0.135:0.302:b-0.136:0.300:occ1;72:-0.134:0.305:b-0.131:0.324:occ1;84:-0.134:0.309:b-0.135:0.298:occ1;89:-0.135:0.304:b-0.135:0.298:occ1
ablate_no_contact_update,combined_extreme_stress,6,1001,,0,24,0.09390,0.08997,68,17,37,0.09107,0.08997,0.51471,0.00000,0,0.00000,0.08889,90.00000,0,1.12744,0.09887,0.30000,0.18411,0:0.015:-0.480:b-0.128:0.472:occ0;12:-0.109:-0.035:b-0.014:0.415:occ0;24:-0.111:0.395:b-0.090:0.497:occ1;36:-0.088:0.511:b-0.093:0.494:occ1;48:-0.091:0.494:b-0.094:0.490:occ1;60:-0.093:0.488:b-0.092:0.490:occ1;72:-0.092:0.490:b-0.093:0.489:occ1;84:-0.092:0.490:b-0.086:0.491:occ1;89:-0.092:0.490:b-0.095:0.487:occ1
ablate_no_uncertainty_inflation,combined_extreme_stress,6,1001,,1,25,0.06203,0.06355,68,22,32,0.06761,0.06355,0.00000,0.00000,0,0.00000,0.72222,90.00000,0,1.01758,0.04660,0.14000,0.16695,0:0.015:-0.480:b-0.141:0.456:occ0;12:-0.123:-0.035:b-0.091:0.455:occ0;24:-0.145:0.356:b-0.145:0.322:occ1;36:-0.145:0.352:b-0.139:0.340:occ1;48:-0.142:0.337:b-0.142:0.337:occ1;60:-0.141:0.335:b-0.141:0.334:occ1;72:-0.140:0.338:b-0.140:0.336:occ1;84:-0.141:0.336:b-0.141:0.334:occ1;89:-0.141:0.333:b-0.141:0.331:occ1
ablate_no_identity_filter,combined_extreme_stress,6,1001,,1,27,0.05474,0.05803,67,16,30,0.06172,0.05803,0.59701,0.00000,0,0.00000,0.70000,90.00000,0,1.00258,0.13609,0.30000,0.12283,0:0.015:-0.480:b-0.115:0.363:occ0;12:-0.102:-0.036:b-0.189:0.431:occ0;24:-0.128:0.331:b-0.098:0.356:occ1;36:-0.100:0.366:b-0.096:0.349:occ1;48:-0.095:0.351:b-0.096:0.356:occ1;60:-0.101:0.350:b-0.097:0.352:occ1;72:-0.099:0.354:b-0.104:0.348:occ1;84:-0.098:0.354:b-0.096:0.354:occ1;89:-0.098:0.353:b-0.098:0.349:occ1
ablate_no_reacquisition_guard,combined_extreme_stress,6,1001,,0,24,0.10126,0.10094,68,20,26,0.09638,0.10094,0.51471,0.00000,0,0.00000,0.08889,90.00000,0,1.12421,0.08877,0.30000,0.16629,0:0.015:-0.480:b-0.135:0.384:occ0;12:-0.111:-0.035:b-0.088:0.418:occ0;24:-0.121:0.401:b-0.072:0.474:occ1;36:-0.077:0.501:b-0.077:0.484:occ1;48:-0.076:0.483:b-0.079:0.478:occ1;60:-0.077:0.478:b-0.077:0.479:occ1;72:-0.077:0.480:b-0.078:0.480:occ1;84:-0.076:0.480:b-0.077:0.479:occ1;89:-0.076:0.479:b-0.077:0.479:occ1
ablate_no_tail_risk_objective,combined_extreme_stress,6,1001,,1,24,0.06586,0.06804,68,20,30,0.05975,0.06804,0.51471,0.03333,0,0.00000,0.73333,90.00000,0,1.28234,0.11264,0.30000,0.21393,0:0.013:-0.480:b-0.188:0.364:occ0;12:-0.127:-0.035:b-0.157:0.457:occ0;24:-0.141:0.384:b-0.170:0.460:occ1;36:-0.169:0.466:b-0.156:0.458:occ1;48:-0.174:0.457:b-0.165:0.455:occ1;60:-0.164:0.456:b-0.161:0.455:occ1;72:-0.164:0.455:b-0.157:0.457:occ1;84:-0.163:0.453:b-0.158:0.457:occ1;89:-0.157:0.460:b-0.164:0.458:occ1
ablate_no_false_detection_rejection,combined_extreme_stress,6,1001,,0,24,0.11487,0.12351,68,18,39,0.12093,0.12351,0.51471,0.05128,0,0.00000,0.06667,90.00000,0,1.22407,0.08818,0.30000,0.13238,0:0.018:-0.480:b-0.048:0.395:occ0;12:-0.128:-0.036:b-0.167:0.360:occ0;24:-0.138:0.404:b-0.028:0.484:occ1;36:-0.035:0.504:b-0.035:0.453:occ1;48:-0.026:0.477:b-0.038:0.492:occ1;60:-0.032:0.484:b-0.036:0.490:occ1;72:-0.029:0.483:b0.005:0.453:occ1;84:-0.023:0.467:b-0.030:0.475:occ1;89:-0.028:0.469:b-0.030:0.484:occ1
ablate_no_distractor_filter,combined_extreme_stress,6,1001,,1,25,0.02001,0.02254,68,21,33,0.03413,0.02254,0.51471,0.00000,0,0.00000,0.72222,90.00000,0,1.09999,0.12472,0.30000,0.14347,0:0.015:-0.480:b-0.114:0.390:occ0;12:-0.111:-0.035:b-0.089:0.382:occ0;24:-0.156:0.358:b-0.135:0.362:occ1;36:-0.122:0.396:b-0.121:0.362:occ1;48:-0.122:0.366:b-0.112:0.364:occ1;60:-0.126:0.367:b-0.096:0.374:occ1;72:-0.111:0.379:b-0.117:0.379:occ1;84:-0.119:0.372:b-0.109:0.387:occ1;89:-0.116:0.372:b-0.133:0.368:occ1
occlusion_aware_permanence_v4,combined_extreme_stress,6,1001,,1,24,0.06146,0.06175,68,19,32,0.05789,0.06175,0.60294,0.00000,0,0.00000,0.73333,90.00000,0,1.09843,0.12497,0.30000,0.17505,0:0.012:-0.480:b-0.218:0.474:occ0;12:-0.140:-0.035:b-0.089:0.476:occ0;24:-0.118:0.378:b-0.112:0.464:occ1;36:-0.110:0.480:b-0.113:0.462:occ1;48:-0.114:0.463:b-0.116:0.458:occ1;60:-0.114:0.457:b-0.113:0.457:occ1;72:-0.112:0.457:b-0.112:0.457:occ1;84:-0.111:0.456:b-0.111:0.456:occ1;89:-0.112:0.457:b-0.113:0.457:occ1
learned_only_branch,combined_extreme_stress,6,1001,,1,27,0.07904,0.08066,68,17,37,0.08492,0.08066,0.22059,0.00000,0,0.00000,0.38889,90.00000,0,1.01037,0.06406,0.22400,0.20407,0:0.015:-0.480:b-0.141:0.482:occ0;12:-0.132:-0.035:b-0.204:0.491:occ0;24:-0.174:0.345:b-0.188:0.340:occ1;36:-0.185:0.354:b-0.184:0.334:occ1;48:-0.179:0.334:b-0.181:0.332:occ1;60:-0.179:0.335:b-0.181:0.332:occ1;72:-0.180:0.332:b-0.181:0.332:occ1;84:-0.179:0.333:b-0.178:0.332:occ1;89:-0.178:0.333:b-0.182:0.333:occ1
occlusion_full_v5,combined_extreme_stress,6,1002,,1,25,0.03913,0.03852,67,21,26,0.04720,0.03852,0.50746,0.00000,0,0.70000,0.72222,90.00000,0,1.22948,0.11623,0.30000,0.06889,0:0.076:-0.480:b-0.306:0.425:occ0;12:-0.259:-0.035:b-0.354:0.464:occ0;24:-0.344:0.391:b-0.284:0.503:occ1;36:-0.303:0.505:b-0.293:0.486:occ1;48:-0.297:0.492:b-0.298:0.492:occ1;60:-0.300:0.488:b-0.303:0.489:occ1;72:-0.301:0.488:b-0.298:0.488:occ1;84:-0.300:0.490:b-0.299:0.487:occ1;89:-0.300:0.489:b-0.300:0.488:occ1
ablate_no_self_mask,combined_extreme_stress,6,1002,,1,25,0.07021,0.05651,67,19,39,0.08500,0.05651,0.65672,0.20513,0,0.68889,0.50000,90.00000,0,1.32624,0.12960,0.30000,0.08381,0:0.076:-0.480:b-0.397:0.501:occ0;12:-0.279:-0.036:b-0.495:0.363:occ0;24:-0.372:0.391:b-0.239:0.549:occ1;36:-0.270:0.544:b-0.269:0.541:occ1;48:-0.254:0.537:b-0.259:0.541:occ1;60:-0.261:0.535:b-0.262:0.543:occ1;72:-0.265:0.534:b-0.267:0.528:occ1;84:-0.264:0.536:b-0.257:0.543:occ1;89:-0.263:0.536:b-0.266:0.514:occ1
ablate_no_branch_belief,combined_extreme_stress,6,1002,,1,25,0.05975,0.06342,67,18,38,0.07125,0.06342,0.50746,0.15789,0,0.66667,0.60000,90.00000,0,1.30745,0.11118,0.30000,0.05938,0:0.076:-0.480:b-0.431:0.385:occ0;12:-0.272:-0.035:b-0.462:0.620:occ0;24:-0.388:0.403:b-0.238:0.525:occ1;36:-0.285:0.518:b-0.275:0.503:occ1;48:-0.274:0.506:b-0.289:0.511:occ1;60:-0.278:0.504:b-0.275:0.507:occ1;72:-0.275:0.501:b-0.283:0.509:occ1;84:-0.277:0.502:b-0.275:0.501:occ1;89:-0.277:0.502:b-0.272:0.501:occ1
ablate_no_contact_update,combined_extreme_stress,6,1002,,1,25,0.07774,0.07763,67,21,22,0.06953,0.07763,0.50746,0.00000,0,0.00000,0.72222,90.00000,0,1.18723,0.09843,0.30000,0.14354,0:0.076:-0.480:b-0.350:0.408:occ0;12:-0.283:-0.035:b-0.475:0.487:occ0;24:-0.373:0.390:b-0.396:0.403:occ1;36:-0.386:0.444:b-0.390:0.427:occ1;48:-0.389:0.435:b-0.387:0.431:occ1;60:-0.385:0.434:b-0.384:0.431:occ1;72:-0.382:0.434:b-0.380:0.433:occ1;84:-0.381:0.431:b-0.382:0.429:occ1;89:-0.382:0.430:b-0.381:0.430:occ1
ablate_no_uncertainty_inflation,combined_extreme_stress,6,1002,,1,25,0.03649,0.03688,67,21,31,0.03642,0.03688,0.00000,0.00000,0,0.00000,0.72222,90.00000,0,1.24752,0.05138,0.14000,0.12474,0:0.076:-0.480:b-0.296:0.472:occ0;12:-0.262:-0.035:b-0.345:0.537:occ0;24:-0.379:0.394:b-0.371:0.512:occ1;36:-0.362:0.525:b-0.358:0.510:occ1;48:-0.353:0.516:b-0.348:0.516:occ1;60:-0.350:0.513:b-0.351:0.511:occ1;72:-0.351:0.511:b-0.352:0.511:occ1;84:-0.352:0.511:b-0.352:0.511:occ1;89:-0.352:0.511:b-0.352:0.512:occ1
ablate_no_identity_filter,combined_extreme_stress,6,1002,,1,26,0.05656,0.05836,67,19,33,0.04783,0.05836,0.59701,0.00000,0,0.00000,0.71111,90.00000,0,1.20907,0.13504,0.30000,0.11368,0:0.076:-0.480:b-0.446:0.432:occ0;12:-0.301:-0.035:b-0.378:0.486:occ0;24:-0.366:0.383:b-0.374:0.428:occ1;36:-0.358:0.453:b-0.363:0.428:occ1;48:-0.359:0.439:b-0.356:0.431:occ1;60:-0.354:0.434:b-0.352:0.424:occ1;72:-0.351:0.429:b-0.351:0.428:occ1;84:-0.351:0.428:b-0.350:0.429:occ1;89:-0.351:0.429:b-0.351:0.427:occ1
ablate_no_reacquisition_guard,combined_extreme_stress,6,1002,,0,25,0.10404,0.10044,67,21,36,0.08598,0.10044,0.50746,0.02778,0,0.00000,0.26667,90.00000,0,1.24103,0.08502,0.30000,0.17477,0:0.076:-0.480:b-0.264:0.510:occ0;12:-0.271:-0.035:b-0.368:0.529:occ0;24:-0.387:0.412:b-0.407:0.481:occ1;36:-0.403:0.511:b-0.397:0.488:occ1;48:-0.400:0.496:b-0.402:0.502:occ1;60:-0.408:0.498:b-0.412:0.496:occ1;72:-0.411:0.498:b-0.410:0.499:occ1;84:-0.410:0.499:b-0.409:0.501:occ1;89:-0.409:0.499:b-0.404:0.505:occ1
ablate_no_tail_risk_objective,combined_extreme_stress,6,1002,,1,26,0.05694,0.05712,67,21,32,0.05056,0.05712,0.50746,0.00000,0,0.00000,0.71111,90.00000,0,1.36265,0.11158,0.30000,0.14681,0:0.076:-0.480:b-0.377:0.520:occ0;12:-0.278:-0.035:b-0.301:0.398:occ0;24:-0.382:0.391:b-0.381:0.520:occ1;36:-0.376:0.524:b-0.376:0.506:occ1;48:-0.377:0.516:b-0.372:0.513:occ1;60:-0.374:0.509:b-0.374:0.511:occ1;72:-0.375:0.511:b-0.377:0.510:occ1;84:-0.378:0.511:b-0.377:0.511:occ1;89:-0.376:0.510:b-0.376:0.511:occ1
ablate_no_false_detection_rejection,combined_extreme_stress,6,1002,,1,25,0.02142,0.01808,67,22,33,0.03003,0.01808,0.50746,0.00000,0,0.66667,0.72222,90.00000,0,1.27749,0.12499,0.30000,0.06783,0:0.076:-0.480:b-0.327:0.462:occ0;12:-0.276:-0.035:b-0.309:0.437:occ0;24:-0.362:0.394:b-0.295:0.498:occ1;36:-0.320:0.489:b-0.325:0.466:occ1;48:-0.314:0.476:b-0.303:0.495:occ1;60:-0.316:0.465:b-0.300:0.470:occ1;72:-0.315:0.468:b-0.330:0.466:occ1;84:-0.316:0.465:b-0.273:0.479:occ1;89:-0.307:0.469:b-0.314:0.466:occ1
ablate_no_distractor_filter,combined_extreme_stress,6,1002,,1,26,0.04460,0.05830,67,17,30,0.04095,0.05830,0.52239,0.00000,0,0.33333,0.71111,90.00000,0,1.25625,0.11920,0.30000,0.10242,0:0.076:-0.480:b-0.284:0.438:occ0;12:-0.307:-0.035:b-0.304:0.524:occ0;24:-0.390:0.382:b-0.363:0.438:occ1;36:-0.349:0.460:b-0.370:0.447:occ1;48:-0.344:0.451:b-0.338:0.450:occ1;60:-0.337:0.452:b-0.341:0.444:occ1;72:-0.347:0.443:b-0.353:0.442:occ1;84:-0.346:0.446:b-0.342:0.453:occ1;89:-0.343:0.450:b-0.354:0.443:occ1
occlusion_aware_permanence_v4,combined_extreme_stress,6,1002,,1,25,0.03197,0.03217,67,16,33,0.02578,0.03217,0.61194,0.03030,0,0.00000,0.72222,90.00000,0,1.20801,0.15155,0.30000,0.11192,0:0.076:-0.480:b-0.465:0.566:occ0;12:-0.255:-0.035:b-0.442:0.471:occ0;24:-0.351:0.398:b-0.362:0.474:occ1;36:-0.359:0.492:b-0.357:0.476:occ1;48:-0.354:0.479:b-0.343:0.482:occ1;60:-0.349:0.477:b-0.349:0.476:occ1;72:-0.349:0.476:b-0.353:0.473:occ1;84:-0.350:0.475:b-0.350:0.474:occ1;89:-0.350:0.475:b-0.351:0.475:occ1
learned_only_branch,combined_extreme_stress,6,1002,,0,27,0.08553,0.06658,67,22,33,0.07603,0.06658,0.19403,0.00000,0,0.00000,0.30000,90.00000,0,1.20109,0.05296,0.21800,0.16043,0:0.076:-0.480:b-0.297:0.424:occ0;12:-0.298:-0.035:b-0.394:0.487:occ0;24:-0.401:0.381:b-0.401:0.447:occ1;36:-0.405:0.444:b-0.409:0.429:occ1;48:-0.407:0.432:b-0.399:0.455:occ1;60:-0.402:0.433:b-0.401:0.427:occ1;72:-0.399:0.430:b-0.396:0.452:occ1;84:-0.398:0.430:b-0.400:0.425:occ1;89:-0.398:0.428:b-0.396:0.452:occ1
occlusion_full_v5,combined_extreme_stress,6,1003,,1,24,0.06710,0.07988,68,19,33,0.08381,0.07988,0.51471,0.00000,0,0.00000,0.50000,90.00000,0,1.20523,0.10703,0.30000,0.25025,0:0.065:-0.480:b-0.052:0.402:occ0;12:0.032:-0.035:b0.083:0.500:occ0;24:0.065:0.397:b0.063:0.531:occ1;36:0.048:0.542:b0.018:0.517:occ1;48:0.043:0.530:b0.048:0.526:occ1;60:0.056:0.526:b0.110:0.543:occ1;72:0.066:0.527:b0.056:0.523:occ1;84:0.046:0.520:b0.050:0.522:occ1;89:0.040:0.518:b0.013:0.509:occ1
ablate_no_self_mask,combined_extreme_stress,6,1003,,1,24,0.05709,0.09043,68,20,34,0.06889,0.09043,0.66176,0.00000,0,0.00000,0.60000,90.00000,0,1.13696,0.13355,0.30000,0.24967,0:0.068:-0.480:b0.045:0.366:occ0;12:0.086:-0.035:b0.077:0.451:occ0;24:0.061:0.384:b0.034:0.493:occ1;36:0.023:0.519:b0.044:0.506:occ1;48:0.023:0.511:b0.004:0.520:occ1;60:0.026:0.505:b0.035:0.492:occ1;72:0.023:0.502:b0.023:0.488:occ1;84:0.026:0.500:b0.020:0.511:occ1;89:0.028:0.502:b0.001:0.522:occ1
ablate_no_branch_belief,combined_extreme_stress,6,1003,,1,25,0.06355,0.06168,68,15,38,0.05432,0.06168,0.51471,0.00000,0,0.00000,0.72222,90.00000,0,1.06492,0.11391,0.30000,0.21716,0:0.071:-0.480:b0.143:0.447:occ0;12:0.067:-0.035:b-0.023:0.526:occ0;24:0.046:0.376:b0.042:0.449:occ1;36:0.026:0.465:b0.031:0.440:occ1;48:0.030:0.445:b0.031:0.442:occ1;60:0.033:0.441:b0.041:0.438:occ1;72:0.033:0.442:b0.036:0.439:occ1;84:0.032:0.442:b0.027:0.443:occ1;89:0.032:0.441:b0.036:0.441:occ1
ablate_no_contact_update,combined_extreme_stress,6,1003,,1,25,0.06911,0.06803,68,17,25,0.06253,0.06803,0.51471,0.00000,0,0.00000,0.72222,90.00000,0,1.05178,0.11055,0.30000,0.13551,0:0.067:-0.480:b0.024:0.462:occ0;12:0.117:-0.035:b0.081:0.392:occ0;24:0.086:0.375:b0.118:0.440:occ1;36:0.117:0.448:b0.117:0.435:occ1;48:0.121:0.436:b0.119:0.436:occ1;60:0.122:0.434:b0.123:0.433:occ1;72:0.124:0.432:b0.119:0.435:occ1;84:0.122:0.434:b0.121:0.438:occ1;89:0.122:0.436:b0.121:0.437:occ1
ablate_no_uncertainty_inflation,combined_extreme_stress,6,1003,,1,25,0.01891,0.01422,65,20,33,0.04990,0.02551,0.00000,0.27273,0,0.03333,0.54444,0.00000,0,1.29503,0.06684,0.11600,0.21029,0:0.067:-0.480:b0.024:0.486:occ0;12:0.082:-0.035:b0.130:0.496:occ0;24:0.128:0.390:b0.248:0.456:occ1;36:0.223:0.473:b0.126:0.431:occ0;48:0.070:0.455:b0.042:0.452:occ1;60:0.039:0.453:b0.044:0.454:occ1;72:0.047:0.455:b0.044:0.452:occ1;84:0.045:0.452:b0.041:0.450:occ1;89:0.044:0.451:b0.049:0.453:occ1
ablate_no_identity_filter,combined_extreme_stress,6,1003,,1,24,0.04590,0.04211,68,21,34,0.06671,0.04211,0.60294,0.00000,0,0.00000,0.56667,90.00000,0,1.18757,0.12731,0.30000,0.24748,0:0.073:-0.480:b0.186:0.487:occ0;12:0.067:-0.035:b0.080:0.374:occ0;24:0.059:0.410:b0.038:0.522:occ1;36:0.037:0.536:b0.020:0.516:occ1;48:0.053:0.527:b0.015:0.514:occ1;60:0.054:0.520:b0.044:0.516:occ1;72:0.048:0.517:b0.077:0.524:occ1;84:0.047:0.517:b0.061:0.521:occ1;89:0.042:0.515:b0.063:0.521:occ1
ablate_no_reacquisition_guard,combined_extreme_stress,6,1003,,1,27,0.04650,0.06384,66,22,31,0.08739,0.04216,0.06061,0.03226,0,0.00000,0.41111,0.00000,0,1.24668,0.05777,0.19700,0.20742,0:0.068:-0.480:b0.049:0.496:occ0;12:0.065:-0.035:b0.141:0.468:occ0;24:0.084:0.347:b-0.005:0.316:occ1;36:0.012:0.344:b0.003:0.314:occ1;48:0.010:0.327:b0.008:0.332:occ1;60:0.069:0.446:b0.121:0.518:occ1;72:0.093:0.514:b0.095:0.510:occ1;84:0.088:0.508:b0.078:0.499:occ1;89:0.086:0.505:b0.106:0.511:occ1
ablate_no_tail_risk_objective,combined_extreme_stress,6,1003,,1,25,0.04950,0.04615,68,16,36,0.04150,0.04615,0.52941,0.05556,0,0.00000,0.72222,90.00000,0,1.12695,0.12685,0.30000,0.15473,0:0.069:-0.480:b0.090:0.444:occ0;12:0.079:-0.040:b0.131:0.246:occ0;24:0.099:0.369:b0.087:0.431:occ1;36:0.093:0.424:b0.092:0.428:occ1;48:0.092:0.428:b0.093:0.428:occ1;60:0.094:0.425:b0.094:0.426:occ1;72:0.093:0.428:b0.095:0.429:occ1;84:0.094:0.430:b0.094:0.428:occ1;89:0.095:0.430:b0.095:0.434:occ1
ablate_no_false_detection_rejection,combined_extreme_stress,6,1003,,1,24,0.01827,0.04198,68,17,33,0.03971,0.04198,0.51471,0.03030,0,0.00000,0.73333,90.00000,0,1.16867,0.12530,0.30000,0.20635,0:0.067:-0.480:b0.010:0.424:occ0;12:0.093:-0.035:b0.121:0.372:occ0;24:0.079:0.395:b0.025:0.478:occ1;36:0.040:0.477:b0.058:0.456:occ1;48:0.036:0.459:b0.031:0.461:occ1;60:0.060:0.436:b0.051:0.456:occ1;72:0.065:0.444:b0.122:0.444:occ1;84:0.060:0.450:b0.026:0.459:occ1;89:0.049:0.452:b0.024:0.459:occ1
ablate_no_distractor_filter,combined_extreme_stress,6,1003,,1,25,0.01079,0.05328,67,19,37,0.04018,0.05328,0.50746,0.02703,0,0.00000,0.72222,90.00000,0,1.16241,0.12198,0.30000,0.18145,0:0.068:-0.480:b0.040:0.377:occ0;12:0.055:-0.035:b0.040:0.400:occ0;24:0.074:0.368:b0.005:0.480:occ1;36:0.035:0.474:b0.086:0.458:occ1;48:0.048:0.446:b0.028:0.455:occ1;60:0.050:0.444:b0.030:0.451:occ1;72:0.066:0.436:b0.034:0.450:occ1;84:0.055:0.436:b0.064:0.455:occ1;89:0.068:0.436:b0.017:0.452:occ1
occlusion_aware_permanence_v4,combined_extreme_stress,6,1003,,0,25,0.10752,0.10821,67,18,40,0.11109,0.10821,0.59701,0.02500,0,0.00000,0.07778,90.00000,0,1.11166,0.09898,0.30000,0.16614,0:0.069:-0.480:b0.068:0.447:occ0;12:0.082:-0.035:b0.093:0.381:occ0;24:0.098:0.375:b0.199:0.512:occ1;36:0.160:0.505:b0.174:0.498:occ1;48:0.168:0.509:b0.163:0.507:occ1;60:0.165:0.508:b0.169:0.510:occ1;72:0.165:0.507:b0.163:0.509:occ1;84:0.160:0.508:b0.157:0.507:occ1;89:0.162:0.508:b0.162:0.508:occ1
learned_only_branch,combined_extreme_stress,6,1003,,1,24,0.01881,0.03116,68,17,35,0.03445,0.03116,0.22059,0.02857,0,0.00000,0.73333,90.00000,0,1.11883,0.08396,0.22400,0.21827,0:0.068:-0.480:b0.030:0.420:occ0;12:0.077:-0.035:b0.096:0.454:occ0;24:0.075:0.396:b0.029:0.486:occ1;36:0.042:0.501:b0.065:0.481:occ1;48:0.050:0.482:b0.069:0.482:occ1;60:0.052:0.477:b0.035:0.472:occ1;72:0.047:0.475:b0.035:0.470:occ1;84:0.046:0.475:b0.035:0.470:occ1;89:0.048:0.476:b0.036:0.471:occ1
occlusion_full_v5,combined_extreme_stress,7,1000,,0,19,0.13613,0.14578,74,12,29,0.13182,0.14578,0.56757,0.00000,0,0.00000,0.05556,90.00000,0,0.93210,0.09343,0.30000,0.31665,0:-0.095:-0.480:b0.145:0.208:occ0;12:0.163:-0.054:b0.241:0.225:occ0;24:0.120:0.174:b0.068:0.186:occ1;36:0.078:0.185:b0.075:0.181:occ1;48:0.090:0.170:b0.068:0.181:occ1;60:0.091:0.169:b0.100:0.166:occ1;72:0.092:0.166:b0.094:0.168:occ1;84:0.091:0.167:b0.084:0.172:occ1;89:0.086:0.170:b0.074:0.174:occ1
ablate_no_self_mask,combined_extreme_stress,7,1000,,0,18,0.09706,0.09669,74,13,39,0.11728,0.09669,0.68919,0.00000,0,0.00000,0.06667,90.00000,0,1.01222,0.12138,0.30000,0.18294,0:-0.095:-0.480:b0.160:0.206:occ0;12:0.163:-0.051:b0.208:0.133:occ0;24:0.239:0.273:b0.240:0.324:occ1;36:0.252:0.315:b0.247:0.310:occ1;48:0.244:0.308:b0.249:0.305:occ1;60:0.245:0.304:b0.251:0.295:occ1;72:0.248:0.299:b0.268:0.292:occ1;84:0.245:0.304:b0.257:0.283:occ1;89:0.249:0.302:b0.251:0.301:occ1
ablate_no_branch_belief,combined_extreme_stress,7,1000,,0,18,0.08985,0.08828,73,13,34,0.10645,0.07616,0.12329,0.02941,0,0.00000,0.07778,0.00000,0,1.06416,0.05011,0.17200,0.23388,0:-0.095:-0.480:b0.258:0.227:occ0;12:0.171:-0.051:b0.258:0.198:occ0;24:0.129:0.193:b0.087:0.193:occ1;36:0.100:0.195:b0.124:0.164:occ1;48:0.093:0.187:b0.074:0.193:occ1;60:0.114:0.212:b0.217:0.293:occ1;72:0.184:0.278:b0.171:0.282:occ1;84:0.184:0.283:b0.176:0.284:occ1;89:0.182:0.283:b0.182:0.281:occ1
ablate_no_contact_update,combined_extreme_stress,7,1000,,0,18,0.12760,0.13515,74,14,37,0.11698,0.13515,0.55405,0.00000,0,0.00000,0.10000,90.00000,0,0.95115,0.08613,0.30000,0.29500,0:-0.095:-0.480:b0.162:0.126:occ0;12:0.167:-0.059:b0.192:0.137:occ0;24:0.152:0.191:b0.095:0.191:occ1;36:0.105:0.194:b0.104:0.191:occ1;48:0.108:0.185:b0.092:0.190:occ1;60:0.112:0.181:b0.120:0.184:occ1;72:0.106:0.185:b0.097:0.188:occ1;84:0.110:0.182:b0.095:0.189:occ1;89:0.106:0.184:b0.098:0.188:occ1
ablate_no_uncertainty_inflation,combined_extreme_stress,7,1000,,0,19,0.09124,0.01122,73,16,34,0.12428,0.01806,0.00000,0.32353,0,0.04444,0.06667,0.00000,0,0.95224,0.04975,0.02000,0.14383,0:-0.095:-0.480:b0.179:0.199:occ0;12:0.153:-0.049:b0.293:0.205:occ0;24:0.288:0.141:b0.319:0.123:occ1;36:0.325:0.126:b0.319:0.121:occ1;48:0.316:0.120:b0.306:0.117:occ1;60:0.312:0.121:b0.310:0.121:occ1;72:0.312:0.121:b0.305:0.117:occ1;84:0.313:0.119:b0.311:0.121:occ1;89:0.270:0.141:b0.201:0.183:occ1
ablate_no_identity_filter,combined_extreme_stress,7,1000,,0,18,0.08845,0.09065,74,12,35,0.06973,0.09065,0.64865,0.02857,0,0.00000,0.44444,90.00000,0,0.90864,0.12614,0.30000,0.23491,0:-0.095:-0.480:b0.205:0.155:occ0;12:0.188:-0.054:b0.191:0.164:occ0;24:0.194:0.193:b0.163:0.188:occ1;36:0.168:0.201:b0.172:0.197:occ1;48:0.166:0.191:b0.162:0.188:occ1;60:0.167:0.191:b0.174:0.189:occ1;72:0.168:0.193:b0.159:0.191:occ1;84:0.165:0.193:b0.166:0.195:occ1;89:0.166:0.194:b0.163:0.195:occ1
ablate_no_reacquisition_guard,combined_extreme_stress,7,1000,,1,18,0.06567,0.06437,74,15,40,0.05435,0.06437,0.55405,0.00000,0,0.00000,0.80000,90.00000,0,0.89688,0.12145,0.30000,0.23386,0:-0.095:-0.480:b0.198:0.134:occ0;12:0.164:-0.053:b0.251:0.188:occ0;24:0.194:0.196:b0.175:0.188:occ1;36:0.174:0.203:b0.165:0.191:occ1;48:0.172:0.193:b0.178:0.191:occ1;60:0.167:0.190:b0.171:0.193:occ1;72:0.171:0.193:b0.175:0.196:occ1;84:0.169:0.191:b0.164:0.189:occ1;89:0.167:0.190:b0.168:0.191:occ1
ablate_no_tail_risk_objective,combined_extreme_stress,7,1000,,1,20,0.07877,0.07914,73,15,27,0.07069,0.07914,0.54795,0.00000,0,0.00000,0.54444,90.00000,0,0.96411,0.11605,0.30000,0.17984,0:-0.095:-0.480:b0.140:0.007:occ0;12:0.169:-0.071:b0.035:0.019:occ0;24:0.253:0.140:b0.245:0.119:occ1;36:0.243:0.118:b0.242:0.121:occ1;48:0.245:0.125:b0.245:0.125:occ1;60:0.247:0.121:b0.241:0.120:occ1;72:0.243:0.119:b0.240:0.119:occ1;84:0.242:0.123:b0.243:0.121:occ1;89:0.239:0.122:b0.242:0.122:occ1
ablate_no_false_detection_rejection,combined_extreme_stress,7,1000,,1,18,0.04170,0.08345,74,14,43,0.04944,0.08345,0.55405,0.00000,0,0.00000,0.80000,90.00000,0,0.91943,0.12997,0.30000,0.19602,0:-0.097:-0.480:b0.074:0.166:occ0;12:0.152:-0.052:b0.280:0.197:occ0;24:0.207:0.163:b0.195:0.148:occ1;36:0.197:0.153:b0.189:0.139:occ1;48:0.211:0.152:b0.160:0.131:occ1;60:0.191:0.142:b0.243:0.147:occ1;72:0.198:0.145:b0.189:0.126:occ1;84:0.205:0.147:b0.238:0.169:occ1;89:0.211:0.151:b0.172:0.126:occ1
ablate_no_distractor_filter,combined_extreme_stress,7,1000,,1,19,0.04927,0.03403,74,14,28,0.04882,0.03403,0.55405,0.00000,0,0.00000,0.78889,90.00000,0,0.94927,0.12910,0.30000,0.21726,0:-0.095:-0.480:b0.149:0.150:occ0;12:0.166:-0.055:b0.192:0.154:occ0;24:0.191:0.193:b0.176:0.198:occ1;36:0.175:0.207:b0.167:0.195:occ1;48:0.176:0.194:b0.186:0.197:occ1;60:0.198:0.188:b0.173:0.195:occ1;72:0.186:0.195:b0.160:0.191:occ1;84:0.187:0.191:b0.160:0.193:occ1;89:0.184:0.192:b0.199:0.184:occ1
occlusion_aware_permanence_v4,combined_extreme_stress,7,1000,,1,19,0.04861,0.05464,74,14,37,0.05381,0.05464,0.63514,0.02703,0,0.00000,0.78889,90.00000,0,0.91201,0.14151,0.30000,0.14580,0:-0.095:-0.480:b0.271:0.194:occ0;12:0.185:-0.062:b0.129:0.142:occ0;24:0.248:0.207:b0.255:0.208:occ1;36:0.258:0.221:b0.256:0.209:occ1;48:0.258:0.210:b0.251:0.208:occ1;60:0.254:0.209:b0.249:0.209:occ1;72:0.256:0.210:b0.249:0.208:occ1;84:0.255:0.209:b0.256:0.212:occ1;89:0.255:0.210:b0.262:0.212:occ1
learned_only_branch,combined_extreme_stress,7,1000,,0,18,0.08801,0.09121,74,13,33,0.10045,0.09121,0.27027,0.00000,0,0.00000,0.06667,90.00000,0,0.97867,0.06773,0.23900,0.12934,0:-0.095:-0.480:b0.221:0.066:occ0;12:0.174:-0.060:b0.245:0.108:occ0;24:0.277:0.247:b0.296:0.257:occ1;36:0.289:0.275:b0.276:0.262:occ1;48:0.280:0.262:b0.278:0.264:occ1;60:0.283:0.262:b0.291:0.256:occ1;72:0.289:0.264:b0.299:0.258:occ1;84:0.289:0.263:b0.299:0.258:occ1;89:0.287:0.262:b0.299:0.256:occ1
occlusion_full_v5,combined_extreme_stress,7,1001,,1,23,0.03367,0.05040,70,16,36,0.03480,0.05040,0.54286,0.05556,0,0.77778,0.74444,90.00000,0,0.99567,0.13535,0.30000,0.06863,0:-0.007:-0.480:b-0.289:0.262:occ0;12:-0.282:-0.045:b-0.266:0.231:occ0;24:-0.306:0.276:b-0.317:0.306:occ1;36:-0.304:0.310:b-0.301:0.304:occ1;48:-0.313:0.304:b-0.333:0.312:occ1;60:-0.316:0.307:b-0.318:0.309:occ1;72:-0.316:0.307:b-0.327:0.303:occ1;84:-0.319:0.308:b-0.320:0.310:occ1;89:-0.319:0.310:b-0.341:0.320:occ1
ablate_no_self_mask,combined_extreme_stress,7,1001,,1,22,0.03993,0.04136,71,14,37,0.04935,0.04136,0.69014,0.02703,0,0.74444,0.75556,90.00000,0,0.98113,0.15666,0.30000,0.04715,0:-0.007:-0.480:b-0.255:0.251:occ0;12:-0.212:-0.035:b-0.296:0.438:occ0;24:-0.295:0.267:b-0.336:0.301:occ1;36:-0.337:0.302:b-0.343:0.303:occ1;48:-0.337:0.294:b-0.335:0.292:occ1;60:-0.335:0.295:b-0.338:0.298:occ1;72:-0.335:0.295:b-0.332:0.288:occ1;84:-0.330:0.293:b-0.339:0.291:occ1;89:-0.332:0.293:b-0.337:0.298:occ1
ablate_no_branch_belief,combined_extreme_stress,7,1001,,1,22,0.03981,0.02632,71,16,38,0.03288,0.02632,0.54930,0.02632,0,0.66667,0.75556,90.00000,0,0.99107,0.13702,0.30000,0.10268,0:-0.007:-0.480:b-0.283:0.338:occ0;12:-0.262:-0.038:b-0.278:0.300:occ0;24:-0.280:0.272:b-0.271:0.296:occ1;36:-0.274:0.310:b-0.267:0.301:occ1;48:-0.274:0.299:b-0.258:0.297:occ1;60:-0.271:0.299:b-0.260:0.298:occ1;72:-0.272:0.297:b-0.288:0.303:occ1;84:-0.272:0.298:b-0.262:0.298:occ1;89:-0.272:0.298:b-0.303:0.304:occ1
ablate_no_contact_update,combined_extreme_stress,7,1001,,1,22,0.05127,0.06003,71,18,29,0.05671,0.06003,0.53521,0.27586,0,0.76667,0.75556,90.00000,0,0.97518,0.12075,0.30000,0.04365,0:-0.007:-0.480:b-0.331:0.331:occ0;12:-0.231:-0.040:b-0.281:0.277:occ0;24:-0.311:0.277:b-0.334:0.287:occ1;36:-0.341:0.299:b-0.345:0.292:occ1;48:-0.344:0.294:b-0.344:0.292:occ1;60:-0.339:0.297:b-0.339:0.295:occ1;72:-0.341:0.295:b-0.346:0.297:occ1;84:-0.340:0.297:b-0.339:0.293:occ1;89:-0.341:0.296:b-0.352:0.303:occ1
ablate_no_uncertainty_inflation,combined_extreme_stress,7,1001,,1,22,0.00409,0.01380,70,15,42,0.02154,0.01380,0.00000,0.00000,0,0.75556,0.75556,90.00000,0,1.01896,0.06373,0.14000,0.08610,0:-0.007:-0.480:b-0.270:0.283:occ0;12:-0.238:-0.036:b-0.388:0.405:occ0;24:-0.291:0.280:b-0.284:0.315:occ1;36:-0.307:0.326:b-0.274:0.313:occ1;48:-0.309:0.312:b-0.315:0.317:occ1;60:-0.297:0.313:b-0.316:0.313:occ1;72:-0.305:0.314:b-0.292:0.318:occ1;84:-0.299:0.312:b-0.320:0.308:occ1;89:-0.298:0.312:b-0.309:0.318:occ1
ablate_no_identity_filter,combined_extreme_stress,7,1001,,0,22,0.08131,0.07713,71,18,35,0.07407,0.07713,0.61972,0.00000,0,0.68889,0.64444,90.00000,0,0.96214,0.12305,0.30000,0.09570,0:-0.007:-0.480:b-0.302:0.236:occ0;12:-0.222:-0.044:b-0.302:0.298:occ0;24:-0.256:0.260:b-0.276:0.240:occ1;36:-0.276:0.258:b-0.293:0.264:occ1;48:-0.274:0.241:b-0.283:0.253:occ1;60:-0.277:0.249:b-0.275:0.247:occ1;72:-0.279:0.253:b-0.282:0.265:occ1;84:-0.276:0.250:b-0.286:0.259:occ1;89:-0.274:0.246:b-0.277:0.249:occ1
ablate_no_reacquisition_guard,combined_extreme_stress,7,1001,,1,22,0.03770,0.03800,70,18,25,0.04286,0.03800,0.52857,0.00000,0,0.07778,0.75556,90.00000,0,1.02937,0.12345,0.30000,0.11128,0:-0.007:-0.480:b-0.305:0.345:occ0;12:-0.216:-0.038:b-0.260:0.284:occ0;24:-0.284:0.295:b-0.286:0.346:occ1;36:-0.304:0.359:b-0.295:0.345:occ1;48:-0.294:0.348:b-0.309:0.349:occ1;60:-0.296:0.347:b-0.282:0.346:occ1;72:-0.289:0.345:b-0.295:0.346:occ1;84:-0.289:0.345:b-0.313:0.347:occ1;89:-0.295:0.346:b-0.281:0.345:occ1
ablate_no_tail_risk_objective,combined_extreme_stress,7,1001,,1,22,0.02472,0.01781,71,15,34,0.03264,0.01781,0.53521,0.00000,0,0.77778,0.75556,90.00000,0,1.18477,0.13505,0.30000,0.09104,0:-0.007:-0.480:b-0.241:0.267:occ0;12:-0.228:-0.044:b-0.397:0.197:occ0;24:-0.319:0.315:b-0.296:0.314:occ1;36:-0.317:0.320:b-0.313:0.326:occ1;48:-0.318:0.323:b-0.325:0.326:occ1;60:-0.299:0.331:b-0.303:0.332:occ1;72:-0.317:0.331:b-0.304:0.330:occ1;84:-0.317:0.322:b-0.315:0.327:occ1;89:-0.307:0.330:b-0.300:0.326:occ1
ablate_no_false_detection_rejection,combined_extreme_stress,7,1001,,1,22,0.01400,0.03663,71,16,37,0.02958,0.03663,0.54930,0.02703,0,0.64444,0.75556,90.00000,0,1.05469,0.14098,0.30000,0.09839,0:-0.006:-0.480:b-0.229:0.318:occ0;12:-0.210:-0.046:b-0.209:0.214:occ0;24:-0.282:0.293:b-0.289:0.312:occ1;36:-0.302:0.328:b-0.271:0.334:occ1;48:-0.288:0.315:b-0.298:0.313:occ1;60:-0.287:0.318:b-0.268:0.318:occ1;72:-0.284:0.315:b-0.269:0.329:occ1;84:-0.282:0.319:b-0.272:0.308:occ1;89:-0.285:0.315:b-0.270:0.332:occ1
ablate_no_distractor_filter,combined_extreme_stress,7,1001,,1,21,0.01957,0.07450,71,17,37,0.02926,0.07450,0.54930,0.13514,0,0.60000,0.76667,90.00000,0,1.08251,0.13698,0.30000,0.08002,0:-0.007:-0.480:b-0.305:0.307:occ0;12:-0.201:-0.038:b-0.212:0.363:occ0;24:-0.273:0.294:b-0.337:0.317:occ1;36:-0.286:0.334:b-0.274:0.332:occ1;48:-0.301:0.312:b-0.278:0.335:occ1;60:-0.281:0.323:b-0.299:0.315:occ1;72:-0.303:0.320:b-0.275:0.328:occ1;84:-0.293:0.323:b-0.346:0.291:occ1;89:-0.307:0.313:b-0.361:0.306:occ1
occlusion_aware_permanence_v4,combined_extreme_stress,7,1001,,1,22,0.03386,0.03568,71,17,41,0.04047,0.03568,0.61972,0.00000,0,0.77778,0.75556,90.00000,0,1.01188,0.14671,0.30000,0.09575,0:-0.006:-0.480:b-0.229:0.231:occ0;12:-0.259:-0.039:b-0.343:0.271:occ0;24:-0.310:0.300:b-0.307:0.335:occ1;36:-0.311:0.347:b-0.307:0.336:occ1;48:-0.314:0.340:b-0.308:0.339:occ1;60:-0.314:0.341:b-0.311:0.338:occ1;72:-0.311:0.340:b-0.298:0.333:occ1;84:-0.311:0.339:b-0.302:0.336:occ1;89:-0.311:0.339:b-0.311:0.342:occ1
learned_only_branch,combined_extreme_stress,7,1001,,1,21,0.06478,0.06299,71,17,30,0.06954,0.06299,0.23944,0.03333,0,0.07778,0.65556,90.00000,0,1.05366,0.07255,0.23000,0.13669,0:-0.007:-0.480:b-0.262:0.287:occ0;12:-0.252:-0.038:b-0.175:0.357:occ0;24:-0.301:0.322:b-0.290:0.379:occ1;36:-0.298:0.393:b-0.293:0.379:occ1;48:-0.294:0.382:b-0.301:0.381:occ1;60:-0.294:0.378:b-0.289:0.376:occ1;72:-0.291:0.377:b-0.288:0.375:occ1;84:-0.296:0.378:b-0.288:0.375:occ1;89:-0.295:0.378:b-0.288:0.375:occ1
occlusion_full_v5,combined_extreme_stress,7,1002,,1,17,0.02787,0.03193,75,13,41,0.03988,0.03193,0.56000,0.09756,0,0.80000,0.81111,90.00000,0,0.91403,0.14222,0.30000,0.03204,0:0.044:-0.480:b-0.455:0.181:occ0;12:-0.289:-0.065:b-0.340:0.079:occ0;24:-0.422:0.121:b-0.414:0.111:occ1;36:-0.409:0.118:b-0.399:0.121:occ1;48:-0.406:0.111:b-0.415:0.113:occ1;60:-0.413:0.105:b-0.429:0.097:occ1;72:-0.407:0.109:b-0.399:0.131:occ1;84:-0.405:0.110:b-0.401:0.111:occ1;89:-0.406:0.110:b-0.407:0.116:occ1
ablate_no_self_mask,combined_extreme_stress,7,1002,,1,16,0.02843,0.02760,76,8,29,0.03543,0.02760,0.69737,0.03448,0,0.81111,0.82222,90.00000,0,0.89005,0.17291,0.30000,0.05411,0:0.044:-0.480:b-0.296:0.085:occ0;12:-0.305:-0.053:b-0.581:0.192:occ0;24:-0.417:0.114:b-0.389:0.087:occ1;36:-0.401:0.098:b-0.394:0.081:occ1;48:-0.393:0.091:b-0.398:0.103:occ1;60:-0.394:0.092:b-0.394:0.086:occ1;72:-0.395:0.093:b-0.394:0.083:occ1;84:-0.393:0.090:b-0.393:0.092:occ1;89:-0.392:0.091:b-0.393:0.084:occ1
ablate_no_branch_belief,combined_extreme_stress,7,1002,,1,19,0.03305,0.02321,74,12,43,0.04370,0.02321,0.55405,0.18605,0,0.77778,0.78889,90.00000,0,0.91046,0.14109,0.30000,0.03937,0:0.044:-0.480:b-0.280:0.060:occ0;12:-0.278:-0.074:b-0.311:0.069:occ0;24:-0.404:0.104:b-0.426:0.102:occ1;36:-0.421:0.102:b-0.406:0.099:occ1;48:-0.415:0.093:b-0.439:0.078:occ1;60:-0.413:0.095:b-0.423:0.087:occ1;72:-0.409:0.098:b-0.408:0.097:occ1;84:-0.411:0.095:b-0.406:0.098:occ1;89:-0.415:0.092:b-0.404:0.097:occ1
ablate_no_contact_update,combined_extreme_stress,7,1002,,0,17,0.13167,0.13401,75,10,34,0.12525,0.13401,0.56000,0.00000,0,0.01111,0.07778,90.00000,0,0.94594,0.08953,0.30000,0.17214,0:0.044:-0.480:b-0.333:0.128:occ0;12:-0.265:-0.054:b-0.448:0.182:occ0;24:-0.313:0.203:b-0.280:0.202:occ1;36:-0.283:0.213:b-0.275:0.205:occ1;48:-0.283:0.209:b-0.276:0.206:occ1;60:-0.288:0.209:b-0.286:0.209:occ1;72:-0.288:0.210:b-0.300:0.210:occ1;84:-0.286:0.210:b-0.281:0.209:occ1;89:-0.283:0.211:b-0.276:0.207:occ1
ablate_no_uncertainty_inflation,combined_extreme_stress,7,1002,,1,17,0.02401,0.01435,75,13,37,0.02844,0.01435,0.00000,0.00000,0,0.80000,0.81111,90.00000,0,0.89946,0.05766,0.14000,0.06194,0:0.044:-0.480:b-0.427:0.150:occ0;12:-0.294:-0.064:b-0.369:0.183:occ0;24:-0.396:0.122:b-0.376:0.091:occ1;36:-0.389:0.100:b-0.402:0.095:occ1;48:-0.380:0.089:b-0.374:0.089:occ1;60:-0.378:0.093:b-0.375:0.088:occ1;72:-0.381:0.091:b-0.408:0.078:occ1;84:-0.384:0.089:b-0.377:0.088:occ1;89:-0.382:0.092:b-0.373:0.110:occ1
ablate_no_identity_filter,combined_extreme_stress,7,1002,,0,18,0.10050,0.10299,75,11,39,0.09362,0.10299,0.65333,0.02564,0,0.00000,0.13333,90.00000,0,0.86931,0.11757,0.30000,0.15721,0:0.044:-0.480:b-0.445:0.105:occ0;12:-0.280:-0.070:b-0.300:0.055:occ0;24:-0.296:0.139:b-0.271:0.132:occ1;36:-0.275:0.137:b-0.270:0.133:occ1;48:-0.277:0.125:b-0.275:0.128:occ1;60:-0.276:0.125:b-0.274:0.127:occ1;72:-0.277:0.126:b-0.274:0.128:occ1;84:-0.276:0.127:b-0.279:0.126:occ1;89:-0.276:0.128:b-0.274:0.129:occ1
ablate_no_reacquisition_guard,combined_extreme_stress,7,1002,,1,17,0.03778,0.03715,75,11,38,0.03614,0.03715,0.56000,0.02632,0,0.80000,0.81111,90.00000,0,0.89963,0.13620,0.30000,0.05134,0:0.044:-0.480:b-0.287:0.057:occ0;12:-0.282:-0.066:b-0.387:0.113:occ0;24:-0.396:0.115:b-0.382:0.100:occ1;36:-0.387:0.107:b-0.380:0.100:occ1;48:-0.382:0.097:b-0.395:0.117:occ1;60:-0.390:0.104:b-0.407:0.087:occ1;72:-0.387:0.102:b-0.388:0.090:occ1;84:-0.390:0.107:b-0.398:0.091:occ1;89:-0.389:0.101:b-0.390:0.093:occ1
ablate_no_tail_risk_objective,combined_extreme_stress,7,1002,,1,17,0.06865,0.06952,75,13,38,0.06127,0.06952,0.56000,0.00000,0,0.05556,0.75556,90.00000,0,1.05726,0.12298,0.30000,0.13417,0:0.044:-0.480:b-0.330:0.171:occ0;12:-0.295:-0.057:b-0.369:0.102:occ0;24:-0.310:0.132:b-0.294:0.102:occ1;36:-0.318:0.098:b-0.302:0.112:occ1;48:-0.305:0.105:b-0.305:0.095:occ1;60:-0.312:0.096:b-0.302:0.108:occ1;72:-0.290:0.102:b-0.301:0.105:occ1;84:-0.304:0.103:b-0.293:0.106:occ1;89:-0.303:0.096:b-0.302:0.095:occ1
ablate_no_false_detection_rejection,combined_extreme_stress,7,1002,,1,18,0.01636,0.01372,75,13,29,0.03213,0.01372,0.56000,0.44828,0,0.80000,0.80000,90.00000,0,0.91836,0.14810,0.30000,0.03790,0:0.044:-0.480:b-0.354:0.110:occ0;12:-0.283:-0.065:b-0.366:0.189:occ0;24:-0.421:0.123:b-0.413:0.110:occ1;36:-0.411:0.118:b-0.395:0.113:occ1;48:-0.409:0.109:b-0.421:0.118:occ1;60:-0.405:0.111:b-0.420:0.122:occ1;72:-0.400:0.107:b-0.398:0.105:occ1;84:-0.401:0.107:b-0.397:0.105:occ1;89:-0.402:0.105:b-0.395:0.106:occ1
ablate_no_distractor_filter,combined_extreme_stress,7,1002,,0,18,0.14843,0.15873,74,13,36,0.13032,0.15873,0.55405,0.00000,0,0.06667,0.07778,90.00000,0,1.00183,0.08134,0.30000,0.15299,0:0.044:-0.480:b-0.396:0.196:occ0;12:-0.284:-0.068:b-0.332:0.033:occ0;24:-0.346:0.198:b-0.320:0.227:occ1;36:-0.322:0.234:b-0.309:0.213:occ1;48:-0.321:0.223:b-0.320:0.225:occ1;60:-0.329:0.218:b-0.320:0.234:occ1;72:-0.336:0.216:b-0.303:0.242:occ1;84:-0.328:0.225:b-0.326:0.231:occ1;89:-0.321:0.230:b-0.310:0.237:occ1
occlusion_aware_permanence_v4,combined_extreme_stress,7,1002,,1,17,0.04935,0.05229,75,13,31,0.03916,0.05229,0.64000,0.00000,0,0.75556,0.81111,90.00000,0,0.87619,0.15278,0.30000,0.10240,0:0.044:-0.480:b-0.356:0.070:occ0;12:-0.272:-0.075:b-0.283:0.087:occ0;24:-0.355:0.128:b-0.338:0.096:occ1;36:-0.340:0.106:b-0.333:0.110:occ1;48:-0.336:0.098:b-0.341:0.095:occ1;60:-0.332:0.097:b-0.326:0.099:occ1;72:-0.334:0.102:b-0.325:0.095:occ1;84:-0.334:0.104:b-0.338:0.109:occ1;89:-0.334:0.102:b-0.329:0.098:occ1
learned_only_branch,combined_extreme_stress,7,1002,,1,17,0.02192,0.04689,75,12,35,0.03440,0.04689,0.28000,0.37143,0,0.81111,0.81111,90.00000,0,0.91210,0.09554,0.24200,0.03799,0:0.044:-0.480:b-0.425:0.111:occ0;12:-0.312:-0.055:b-0.408:0.229:occ0;24:-0.424:0.129:b-0.401:0.122:occ1;36:-0.412:0.119:b-0.393:0.120:occ1;48:-0.400:0.114:b-0.422:0.099:occ1;60:-0.397:0.115:b-0.392:0.117:occ1;72:-0.396:0.117:b-0.392:0.118:occ1;84:-0.396:0.116:b-0.419:0.099:occ1;89:-0.397:0.114:b-0.423:0.097:occ1
occlusion_full_v5,combined_extreme_stress,7,1003,,0,20,0.10086,0.10086,72,14,37,0.11141,0.10086,0.55556,0.02703,0,0.00000,0.06667,90.00000,0,1.07726,0.10334,0.30000,0.10756,0:-0.034:-0.480:b-0.244:0.237:occ0;12:-0.327:-0.048:b-0.411:0.232:occ0;24:-0.416:0.323:b-0.426:0.368:occ1;36:-0.428:0.388:b-0.439:0.366:occ1;48:-0.426:0.378:b-0.424:0.376:occ1;60:-0.421:0.374:b-0.418:0.375:occ1;72:-0.418:0.374:b-0.417:0.375:occ1;84:-0.417:0.375:b-0.417:0.375:occ1;89:-0.418:0.374:b-0.418:0.374:occ1
ablate_no_self_mask,combined_extreme_stress,7,1003,,0,20,0.13274,0.14755,72,14,32,0.14412,0.14755,0.68056,0.00000,0,0.00000,0.04444,90.00000,0,1.14538,0.11048,0.30000,0.15657,0:-0.035:-0.480:b-0.339:0.272:occ0;12:-0.350:-0.050:b-0.427:0.241:occ0;24:-0.449:0.335:b-0.479:0.398:occ1;36:-0.474:0.409:b-0.479:0.400:occ1;48:-0.462:0.390:b-0.446:0.382:occ1;60:-0.461:0.389:b-0.441:0.371:occ1;72:-0.459:0.387:b-0.473:0.389:occ1;84:-0.465:0.384:b-0.465:0.391:occ1;89:-0.466:0.387:b-0.479:0.395:occ1
ablate_no_branch_belief,combined_extreme_stress,7,1003,,1,21,0.02732,0.03450,72,14,32,0.03337,0.03450,0.54167,0.00000,0,0.62222,0.76667,90.00000,0,1.01778,0.13441,0.30000,0.09832,0:-0.035:-0.480:b-0.450:0.279:occ0;12:-0.333:-0.043:b-0.421:0.247:occ0;24:-0.410:0.270:b-0.396:0.266:occ1;36:-0.396:0.301:b-0.389:0.266:occ1;48:-0.388:0.289:b-0.392:0.301:occ1;60:-0.389:0.291:b-0.391:0.292:occ1;72:-0.386:0.286:b-0.388:0.277:occ1;84:-0.388:0.292:b-0.384:0.286:occ1;89:-0.389:0.294:b-0.395:0.309:occ1
ablate_no_contact_update,combined_extreme_stress,7,1003,,0,21,0.08890,0.08473,71,16,33,0.09441,0.08473,0.53521,0.96970,0,0.74444,0.07778,90.00000,0,1.06040,0.10302,0.30000,0.00817,0:-0.035:-0.480:b-0.382:0.370:occ0;12:-0.305:-0.042:b-0.385:0.301:occ0;24:-0.348:0.302:b-0.329:0.356:occ1;36:-0.320:0.371:b-0.321:0.361:occ1;48:-0.321:0.360:b-0.316:0.355:occ1;60:-0.323:0.358:b-0.314:0.356:occ1;72:-0.319:0.355:b-0.313:0.353:occ1;84:-0.318:0.355:b-0.333:0.368:occ1;89:-0.320:0.356:b-0.326:0.356:occ1
ablate_no_uncertainty_inflation,combined_extreme_stress,7,1003,,1,21,0.05047,0.05531,72,16,33,0.04865,0.05531,0.00000,0.00000,0,0.71111,0.76667,90.00000,0,1.00067,0.04471,0.14000,0.07254,0:-0.035:-0.480:b-0.333:0.216:occ0;12:-0.310:-0.043:b-0.409:0.196:occ0;24:-0.369:0.265:b-0.323:0.281:occ1;36:-0.334:0.295:b-0.344:0.280:occ1;48:-0.330:0.280:b-0.331:0.283:occ1;60:-0.330:0.281:b-0.339:0.285:occ1;72:-0.334:0.284:b-0.342:0.286:occ1;84:-0.334:0.286:b-0.335:0.281:occ1;89:-0.335:0.287:b-0.328:0.279:occ1
ablate_no_identity_filter,combined_extreme_stress,7,1003,,0,21,0.11423,0.11132,71,17,30,0.11530,0.11132,0.61972,0.93333,0,0.72222,0.07778,90.00000,0,1.06350,0.10444,0.30000,0.06764,0:-0.035:-0.480:b-0.337:0.218:occ0;12:-0.317:-0.043:b-0.386:0.243:occ0;24:-0.314:0.259:b-0.252:0.305:occ1;36:-0.259:0.319:b-0.294:0.310:occ1;48:-0.275:0.305:b-0.264:0.299:occ1;60:-0.263:0.300:b-0.259:0.300:occ1;72:-0.267:0.302:b-0.255:0.296:occ1;84:-0.271:0.301:b-0.276:0.302:occ1;89:-0.272:0.301:b-0.275:0.302:occ1
ablate_no_reacquisition_guard,combined_extreme_stress,7,1003,,1,20,0.05079,0.04803,72,16,36,0.05769,0.04803,0.54167,0.05556,0,0.73333,0.66667,90.00000,0,1.04506,0.12302,0.30000,0.06438,0:-0.035:-0.480:b-0.435:0.320:occ0;12:-0.321:-0.043:b-0.359:0.282:occ0;24:-0.382:0.304:b-0.377:0.344:occ1;36:-0.377:0.350:b-0.383:0.334:occ1;48:-0.378:0.337:b-0.382:0.332:occ1;60:-0.378:0.331:b-0.384:0.329:occ1;72:-0.377:0.330:b-0.370:0.331:occ1;84:-0.373:0.333:b-0.371:0.335:occ1;89:-0.373:0.334:b-0.376:0.332:occ1
ablate_no_tail_risk_objective,combined_extreme_stress,7,1003,,0,20,0.11183,0.08421,72,14,37,0.10368,0.08421,0.54167,1.00000,0,0.74444,0.07778,90.00000,0,1.28705,0.09677,0.30000,0.04801,0:-0.035:-0.480:b-0.349:0.351:occ0;12:-0.328:-0.043:b-0.289:0.301:occ0;24:-0.336:0.315:b-0.278:0.318:occ1;36:-0.274:0.310:b-0.288:0.306:occ1;48:-0.276:0.319:b-0.272:0.311:occ1;60:-0.275:0.310:b-0.289:0.317:occ1;72:-0.284:0.318:b-0.318:0.324:occ1;84:-0.290:0.325:b-0.267:0.312:occ1;89:-0.277:0.323:b-0.305:0.317:occ1
ablate_no_false_detection_rejection,combined_extreme_stress,7,1003,,1,20,0.07175,0.07072,72,12,37,0.07094,0.07072,0.54167,0.10811,0,0.73333,0.77778,90.00000,0,1.03801,0.11414,0.30000,0.07129,0:-0.035:-0.480:b-0.297:0.261:occ0;12:-0.336:-0.044:b-0.330:0.181:occ0;24:-0.344:0.269:b-0.303:0.271:occ1;36:-0.300:0.287:b-0.281:0.291:occ1;48:-0.305:0.281:b-0.306:0.267:occ1;60:-0.307:0.286:b-0.302:0.283:occ1;72:-0.304:0.287:b-0.302:0.283:occ1;84:-0.306:0.283:b-0.305:0.276:occ1;89:-0.308:0.284:b-0.313:0.298:occ1
ablate_no_distractor_filter,combined_extreme_stress,7,1003,,1,20,0.02448,0.04877,72,14,35,0.03606,0.04877,0.54167,0.05714,0,0.14444,0.77778,90.00000,0,1.04843,0.14325,0.30000,0.11135,0:-0.035:-0.480:b-0.365:0.247:occ0;12:-0.326:-0.041:b-0.350:0.378:occ0;24:-0.406:0.272:b-0.428:0.267:occ1;36:-0.416:0.284:b-0.396:0.291:occ1;48:-0.400:0.281:b-0.399:0.298:occ1;60:-0.400:0.291:b-0.368:0.313:occ1;72:-0.390:0.295:b-0.408:0.277:occ1;84:-0.400:0.288:b-0.404:0.309:occ1;89:-0.402:0.289:b-0.408:0.327:occ1
occlusion_aware_permanence_v4,combined_extreme_stress,7,1003,,1,21,0.03109,0.03350,72,15,38,0.02444,0.03350,0.62500,0.00000,0,0.68889,0.76667,90.00000,0,0.98651,0.15242,0.30000,0.09511,0:-0.035:-0.480:b-0.373:0.237:occ0;12:-0.314:-0.041:b-0.401:0.308:occ0;24:-0.378:0.253:b-0.361:0.269:occ1;36:-0.363:0.283:b-0.375:0.279:occ1;48:-0.359:0.271:b-0.360:0.254:occ1;60:-0.358:0.265:b-0.360:0.259:occ1;72:-0.360:0.266:b-0.366:0.280:occ1;84:-0.360:0.276:b-0.361:0.276:occ1;89:-0.360:0.273:b-0.359:0.270:occ1
learned_only_branch,combined_extreme_stress,7,1003,,1,21,0.03745,0.04229,72,16,40,0.03434,0.04229,0.26389,0.00000,0,0.00000,0.76667,90.00000,0,0.96878,0.08604,0.23600,0.12006,0:-0.035:-0.480:b-0.415:0.278:occ0;12:-0.292:-0.041:b-0.385:0.341:occ0;24:-0.386:0.244:b-0.386:0.236:occ1;36:-0.382:0.260:b-0.375:0.234:occ1;48:-0.375:0.250:b-0.375:0.270:occ1;60:-0.375:0.251:b-0.374:0.239:occ1;72:-0.375:0.249:b-0.378:0.267:occ1;84:-0.375:0.249:b-0.373:0.254:occ1;89:-0.377:0.254:b-0.371:0.247:occ1
occlusion_full_v5,false_reappearance,0,1000,,1,20,0.01656,0.02431,71,16,29,0.01916,0.02431,0.53521,0.03448,0,0.00000,0.77778,90.00000,0,0.93440,0.13841,0.30000,0.15128,0:-0.087:-0.480:b0.201:0.268:occ0;12:0.126:-0.004:b0.161:0.286:occ0;24:0.183:0.272:b0.168:0.253:occ1;36:0.174:0.274:b0.169:0.261:occ1;48:0.172:0.273:b0.170:0.258:occ1;60:0.172:0.274:b0.170:0.267:occ1;72:0.172:0.272:b0.167:0.259:occ1;84:0.172:0.273:b0.174:0.269:occ1;89:0.172:0.272:b0.169:0.264:occ1
ablate_no_self_mask,false_reappearance,0,1000,,1,21,0.01868,0.00900,70,17,34,0.02449,0.00900,0.67143,0.00000,0,0.00000,0.76667,90.00000,0,0.95068,0.16025,0.30000,0.16274,0:-0.088:-0.480:b0.167:0.239:occ0;12:0.122:-0.001:b0.119:0.409:occ0;24:0.178:0.270:b0.204:0.270:occ1;36:0.193:0.280:b0.199:0.260:occ1;48:0.194:0.267:b0.196:0.262:occ1;60:0.193:0.267:b0.201:0.254:occ1;72:0.193:0.266:b0.202:0.254:occ1;84:0.192:0.269:b0.193:0.269:occ1;89:0.192:0.268:b0.187:0.277:occ1
ablate_no_branch_belief,false_reappearance,0,1000,,1,21,0.00548,0.00352,71,16,33,0.01428,0.00352,0.53521,0.06061,0,0.00000,0.76667,90.00000,0,0.95934,0.14385,0.30000,0.13543,0:-0.089:-0.480:b0.125:0.324:occ0;12:0.147:-0.003:b0.214:0.293:occ0;24:0.192:0.285:b0.195:0.298:occ1;36:0.197:0.310:b0.193:0.297:occ1;48:0.194:0.301:b0.195:0.301:occ1;60:0.196:0.301:b0.193:0.302:occ1;72:0.195:0.300:b0.192:0.297:occ1;84:0.194:0.299:b0.193:0.293:occ1;89:0.193:0.299:b0.193:0.296:occ1
ablate_no_contact_update,false_reappearance,0,1000,,1,20,0.01454,0.01414,71,17,29,0.01445,0.01414,0.53521,0.00000,0,0.00000,0.77778,90.00000,0,0.94281,0.14278,0.30000,0.14682,0:-0.087:-0.480:b0.203:0.283:occ0;12:0.133:-0.007:b0.136:0.324:occ0;24:0.184:0.272:b0.178:0.278:occ1;36:0.181:0.286:b0.177:0.273:occ1;48:0.182:0.281:b0.194:0.294:occ1;60:0.183:0.282:b0.177:0.270:occ1;72:0.179:0.277:b0.177:0.271:occ1;84:0.181:0.282:b0.177:0.268:occ1;89:0.180:0.280:b0.180:0.280:occ1
ablate_no_uncertainty_inflation,false_reappearance,0,1000,,1,20,0.02521,0.02601,71,17,31,0.01916,0.02601,0.00000,0.00000,0,0.00000,0.77778,90.00000,0,0.96258,0.05631,0.14000,0.12110,0:-0.086:-0.480:b0.217:0.308:occ0;12:0.149:-0.004:b0.210:0.316:occ0;24:0.179:0.287:b0.165:0.299:occ1;36:0.167:0.311:b0.167:0.299:occ1;48:0.168:0.301:b0.176:0.300:occ1;60:0.168:0.302:b0.165:0.305:occ1;72:0.168:0.304:b0.169:0.304:occ1;84:0.169:0.303:b0.165:0.304:occ1;89:0.168:0.303:b0.167:0.304:occ1
ablate_no_identity_filter,false_reappearance,0,1000,,1,20,0.02113,0.01857,71,18,26,0.01867,0.01857,0.61972,0.00000,0,0.00000,0.77778,90.00000,0,0.95827,0.15248,0.30000,0.13130,0:-0.087:-0.480:b0.182:0.285:occ0;12:0.134:-0.008:b0.154:0.262:occ0;24:0.183:0.288:b0.195:0.305:occ1;36:0.192:0.311:b0.189:0.297:occ1;48:0.190:0.300:b0.193:0.300:occ1;60:0.188:0.300:b0.187:0.296:occ1;72:0.189:0.302:b0.188:0.301:occ1;84:0.190:0.302:b0.187:0.302:occ1;89:0.190:0.302:b0.192:0.300:occ1
ablate_no_reacquisition_guard,false_reappearance,0,1000,,1,20,0.02745,0.02651,71,18,35,0.01923,0.02651,0.53521,0.00000,0,0.00000,0.77778,90.00000,0,0.95522,0.13704,0.30000,0.12216,0:-0.087:-0.480:b0.190:0.256:occ0;12:0.130:-0.006:b0.154:0.216:occ0;24:0.182:0.291:b0.170:0.297:occ1;36:0.172:0.308:b0.177:0.297:occ1;48:0.172:0.299:b0.172:0.299:occ1;60:0.171:0.301:b0.179:0.300:occ1;72:0.169:0.302:b0.170:0.303:occ1;84:0.168:0.302:b0.170:0.305:occ1;89:0.168:0.302:b0.169:0.301:occ1
ablate_no_tail_risk_objective,false_reappearance,0,1000,,1,21,0.03392,0.02605,70,18,28,0.03904,0.02605,0.52857,0.00000,0,0.00000,0.76667,90.00000,0,1.10877,0.12561,0.30000,0.17179,0:-0.088:-0.480:b0.173:0.311:occ0;12:0.150:-0.005:b0.205:0.246:occ0;24:0.176:0.263:b0.174:0.270:occ1;36:0.170:0.235:b0.161:0.240:occ1;48:0.164:0.240:b0.169:0.257:occ1;60:0.174:0.269:b0.164:0.247:occ1;72:0.166:0.255:b0.164:0.246:occ1;84:0.164:0.241:b0.166:0.240:occ1;89:0.169:0.250:b0.167:0.268:occ1
ablate_no_false_detection_rejection,false_reappearance,0,1000,,1,20,0.05064,0.06605,71,19,25,0.04447,0.06605,0.53521,0.00000,0,0.00000,0.77778,90.00000,0,1.00356,0.11964,0.30000,0.14615,0:-0.088:-0.480:b0.148:0.328:occ0;12:0.152:-0.002:b0.162:0.311:occ0;24:0.178:0.276:b0.147:0.275:occ1;36:0.148:0.290:b0.154:0.257:occ1;48:0.147:0.281:b0.160:0.293:occ1;60:0.147:0.277:b0.145:0.283:occ1;72:0.147:0.274:b0.139:0.319:occ1;84:0.150:0.277:b0.151:0.261:occ1;89:0.150:0.272:b0.141:0.301:occ1
ablate_no_distractor_filter,false_reappearance,0,1000,,1,20,0.03895,0.04103,71,16,34,0.03284,0.04103,0.54930,0.02941,0,0.00000,0.77778,90.00000,0,1.01863,0.12977,0.30000,0.13527,0:-0.086:-0.480:b0.212:0.327:occ0;12:0.142:0.002:b0.186:0.364:occ0;24:0.175:0.288:b0.173:0.266:occ1;36:0.170:0.304:b0.175:0.265:occ1;48:0.168:0.286:b0.171:0.271:occ1;60:0.162:0.305:b0.167:0.299:occ1;72:0.170:0.286:b0.172:0.310:occ1;84:0.167:0.293:b0.173:0.270:occ1;89:0.168:0.288:b0.165:0.286:occ1
occlusion_aware_permanence_v4,false_reappearance,0,1000,,1,20,0.03998,0.04003,71,17,30,0.04519,0.04003,0.61972,0.00000,0,0.00000,0.77778,90.00000,0,0.96960,0.13385,0.30000,0.13367,0:-0.088:-0.480:b0.155:0.320:occ0;12:0.138:-0.004:b0.138:0.272:occ0;24:0.198:0.292:b0.210:0.308:occ1;36:0.217:0.326:b0.217:0.316:occ1;48:0.216:0.316:b0.216:0.317:occ1;60:0.216:0.319:b0.216:0.320:occ1;72:0.218:0.318:b0.216:0.320:occ1;84:0.217:0.319:b0.219:0.316:occ1;89:0.217:0.319:b0.216:0.320:occ1
learned_only_branch,false_reappearance,0,1000,,1,21,0.02381,0.03056,70,18,33,0.01915,0.03056,0.22857,0.00000,0,0.00000,0.76667,90.00000,0,0.95327,0.09034,0.22700,0.12666,0:-0.089:-0.480:b0.125:0.322:occ0;12:0.135:-0.014:b0.126:0.242:occ0;24:0.163:0.275:b0.180:0.295:occ1;36:0.182:0.310:b0.181:0.298:occ1;48:0.184:0.303:b0.185:0.308:occ1;60:0.182:0.302:b0.181:0.298:occ1;72:0.183:0.303:b0.182:0.297:occ1;84:0.183:0.304:b0.181:0.298:occ1;89:0.183:0.303:b0.185:0.310:occ1
occlusion_full_v5,false_reappearance,0,1001,,1,24,0.03160,0.03086,67,21,32,0.03898,0.03086,0.50746,0.00000,0,0.00000,0.73333,90.00000,0,1.03704,0.11552,0.30000,0.24946,0:0.043:-0.480:b0.177:0.422:occ0;12:0.195:0.009:b0.236:0.412:occ0;24:0.219:0.367:b0.213:0.371:occ1;36:0.193:0.397:b0.191:0.385:occ1;48:0.187:0.385:b0.188:0.386:occ1;60:0.188:0.385:b0.191:0.388:occ1;72:0.185:0.383:b0.181:0.381:occ1;84:0.188:0.386:b0.192:0.390:occ1;89:0.191:0.388:b0.191:0.388:occ1
ablate_no_self_mask,false_reappearance,0,1001,,1,24,0.01604,0.01640,67,17,25,0.02226,0.01640,0.67164,0.00000,0,0.00000,0.73333,90.00000,0,1.08251,0.15581,0.30000,0.22704,0:0.043:-0.480:b0.166:0.440:occ0;12:0.166:0.009:b0.262:0.415:occ0;24:0.227:0.378:b0.208:0.394:occ1;36:0.222:0.429:b0.223:0.426:occ1;48:0.210:0.405:b0.204:0.393:occ1;60:0.214:0.407:b0.202:0.391:occ1;72:0.214:0.407:b0.220:0.419:occ1;84:0.210:0.403:b0.215:0.415:occ1;89:0.209:0.402:b0.213:0.407:occ1
ablate_no_branch_belief,false_reappearance,0,1001,,1,23,0.03426,0.02906,68,21,26,0.03295,0.02906,0.51471,0.00000,0,0.00000,0.74444,90.00000,0,1.05639,0.12021,0.30000,0.20355,0:0.044:-0.480:b0.213:0.423:occ0;12:0.187:0.010:b0.214:0.447:occ0;24:0.226:0.378:b0.246:0.414:occ1;36:0.234:0.422:b0.236:0.413:occ1;48:0.232:0.409:b0.224:0.400:occ1;60:0.233:0.406:b0.244:0.414:occ1;72:0.241:0.412:b0.228:0.398:occ1;84:0.236:0.410:b0.227:0.401:occ1;89:0.236:0.412:b0.228:0.398:occ1
ablate_no_contact_update,false_reappearance,0,1001,,0,23,0.10057,0.10016,68,22,27,0.10104,0.10016,0.51471,0.00000,0,0.00000,0.10000,90.00000,0,1.14930,0.08434,0.30000,0.26994,0:0.044:-0.480:b0.186:0.460:occ0;12:0.184:0.010:b0.188:0.390:occ0;24:0.200:0.397:b0.101:0.444:occ1;36:0.123:0.470:b0.131:0.468:occ1;48:0.114:0.457:b0.116:0.454:occ1;60:0.106:0.448:b0.100:0.444:occ1;72:0.116:0.457:b0.109:0.450:occ1;84:0.111:0.453:b0.104:0.447:occ1;89:0.109:0.451:b0.110:0.452:occ1
ablate_no_uncertainty_inflation,false_reappearance,0,1001,,1,23,0.03062,0.03079,68,22,24,0.02973,0.03079,0.00000,0.00000,0,0.00000,0.74444,90.00000,0,1.06434,0.04827,0.14000,0.21409,0:0.042:-0.480:b0.150:0.387:occ0;12:0.182:0.011:b0.214:0.491:occ0;24:0.209:0.387:b0.209:0.431:occ1;36:0.191:0.441:b0.185:0.429:occ1;48:0.187:0.432:b0.184:0.426:occ1;60:0.194:0.436:b0.190:0.432:occ1;72:0.190:0.432:b0.191:0.433:occ1;84:0.191:0.433:b0.194:0.436:occ1;89:0.192:0.434:b0.184:0.425:occ1
ablate_no_identity_filter,false_reappearance,0,1001,,1,23,0.06337,0.06027,68,20,26,0.06628,0.06027,0.60294,0.03846,0,0.00000,0.74444,90.00000,0,1.11906,0.11495,0.30000,0.16250,0:0.045:-0.480:b0.227:0.425:occ0;12:0.199:0.011:b0.290:0.436:occ0;24:0.263:0.397:b0.259:0.439:occ1;36:0.259:0.462:b0.258:0.482:occ1;48:0.270:0.463:b0.255:0.440:occ1;60:0.264:0.450:b0.260:0.466:occ1;72:0.264:0.455:b0.262:0.452:occ1;84:0.260:0.454:b0.259:0.441:occ1;89:0.259:0.446:b0.259:0.440:occ1
ablate_no_reacquisition_guard,false_reappearance,0,1001,,1,23,0.02753,0.02766,68,18,31,0.02875,0.02766,0.51471,0.00000,0,0.00000,0.74444,90.00000,0,1.08753,0.12246,0.30000,0.23490,0:0.044:-0.480:b0.209:0.398:occ0;12:0.193:0.010:b0.259:0.410:occ0;24:0.233:0.393:b0.175:0.407:occ1;36:0.192:0.434:b0.178:0.416:occ1;48:0.180:0.421:b0.180:0.420:occ1;60:0.180:0.419:b0.178:0.417:occ1;72:0.178:0.416:b0.185:0.422:occ1;84:0.183:0.421:b0.173:0.411:occ1;89:0.179:0.417:b0.173:0.411:occ1
ablate_no_tail_risk_objective,false_reappearance,0,1001,,1,23,0.07923,0.06111,68,19,31,0.07390,0.06111,0.51471,0.00000,0,0.00000,0.47778,90.00000,0,1.28386,0.09833,0.30000,0.14709,0:0.046:-0.480:b0.254:0.415:occ0;12:0.207:0.011:b0.242:0.408:occ0;24:0.230:0.411:b0.261:0.480:occ1;36:0.250:0.483:b0.266:0.494:occ1;48:0.229:0.462:b0.234:0.466:occ1;60:0.243:0.472:b0.262:0.494:occ1;72:0.250:0.477:b0.245:0.472:occ1;84:0.252:0.483:b0.255:0.478:occ1;89:0.251:0.471:b0.232:0.461:occ1
ablate_no_false_detection_rejection,false_reappearance,0,1001,,1,23,0.04493,0.06361,68,21,22,0.05855,0.06361,0.51471,0.00000,0,0.00000,0.74444,90.00000,0,1.05778,0.10924,0.30000,0.25844,0:0.045:-0.480:b0.236:0.434:occ0;12:0.195:0.013:b0.235:0.460:occ0;24:0.214:0.366:b0.191:0.333:occ1;36:0.202:0.363:b0.220:0.367:occ1;48:0.205:0.354:b0.204:0.350:occ1;60:0.215:0.371:b0.209:0.361:occ1;72:0.216:0.372:b0.249:0.420:occ1;84:0.208:0.359:b0.199:0.347:occ1;89:0.210:0.364:b0.201:0.346:occ1
ablate_no_distractor_filter,false_reappearance,0,1001,,1,23,0.07284,0.08302,68,20,27,0.06621,0.08302,0.51471,0.18519,0,0.00000,0.68889,90.00000,0,1.14314,0.09857,0.30000,0.16403,0:0.044:-0.480:b0.191:0.390:occ0;12:0.190:0.011:b0.220:0.444:occ0;24:0.223:0.383:b0.262:0.469:occ1;36:0.252:0.468:b0.280:0.500:occ1;48:0.250:0.458:b0.254:0.459:occ1;60:0.247:0.449:b0.266:0.458:occ1;72:0.250:0.458:b0.252:0.480:occ1;84:0.245:0.446:b0.240:0.434:occ1;89:0.252:0.449:b0.258:0.457:occ1
occlusion_aware_permanence_v4,false_reappearance,0,1001,,0,23,0.08240,0.07951,68,20,36,0.07054,0.07951,0.60294,0.02778,0,0.00000,0.68889,90.00000,0,1.13126,0.11127,0.30000,0.14065,0:0.044:-0.480:b0.211:0.386:occ0;12:0.197:0.010:b0.197:0.437:occ0;24:0.231:0.408:b0.249:0.471:occ1;36:0.248:0.486:b0.244:0.471:occ1;48:0.249:0.478:b0.262:0.484:occ1;60:0.250:0.474:b0.227:0.455:occ1;72:0.240:0.463:b0.255:0.474:occ1;84:0.254:0.475:b0.260:0.479:occ1;89:0.255:0.476:b0.253:0.474:occ1
learned_only_branch,false_reappearance,0,1001,,1,23,0.07931,0.10607,68,20,31,0.07306,0.10607,0.20588,0.00000,0,0.00000,0.52222,90.00000,0,1.13479,0.05285,0.22100,0.16241,0:0.045:-0.480:b0.223:0.336:occ0;12:0.186:0.014:b0.229:0.528:occ0;24:0.211:0.407:b0.270:0.474:occ1;36:0.251:0.480:b0.265:0.477:occ1;48:0.250:0.465:b0.237:0.453:occ1;60:0.243:0.459:b0.261:0.474:occ1;72:0.250:0.464:b0.233:0.450:occ1;84:0.247:0.461:b0.236:0.450:occ1;89:0.244:0.457:b0.265:0.474:occ1
occlusion_full_v5,false_reappearance,0,1002,,1,18,0.03618,0.03622,73,13,34,0.02729,0.03622,0.56164,0.00000,0,0.00000,0.80000,90.00000,0,0.91188,0.14188,0.30000,0.14495,0:0.054:-0.480:b0.343:0.209:occ0;12:0.326:-0.022:b0.319:0.163:occ0;24:0.416:0.211:b0.412:0.206:occ1;36:0.413:0.217:b0.410:0.210:occ1;48:0.409:0.211:b0.410:0.214:occ1;60:0.406:0.223:b0.405:0.227:occ1;72:0.405:0.227:b0.407:0.227:occ1;84:0.406:0.227:b0.406:0.226:occ1;89:0.407:0.226:b0.406:0.226:occ1
ablate_no_self_mask,false_reappearance,0,1002,,1,18,0.01374,0.01248,73,16,26,0.01434,0.01248,0.68493,0.00000,0,0.00000,0.80000,90.00000,0,0.92001,0.17354,0.30000,0.13830,0:0.055:-0.480:b0.362:0.178:occ0;12:0.344:-0.019:b0.404:0.182:occ0;24:0.413:0.213:b0.411:0.197:occ1;36:0.404:0.208:b0.400:0.193:occ1;48:0.404:0.199:b0.404:0.207:occ1;60:0.405:0.202:b0.406:0.206:occ1;72:0.407:0.200:b0.406:0.201:occ1;84:0.404:0.201:b0.412:0.200:occ1;89:0.405:0.201:b0.402:0.202:occ1
ablate_no_branch_belief,false_reappearance,0,1002,,1,19,0.02243,0.02730,72,16,37,0.03309,0.02730,0.54167,0.00000,0,0.00000,0.78889,90.00000,0,0.88720,0.13201,0.30000,0.14664,0:0.054:-0.480:b0.343:0.188:occ0;12:0.346:-0.024:b0.406:0.173:occ0;24:0.419:0.179:b0.418:0.156:occ1;36:0.417:0.168:b0.412:0.167:occ1;48:0.417:0.162:b0.423:0.159:occ1;60:0.414:0.174:b0.417:0.173:occ1;72:0.415:0.175:b0.417:0.171:occ1;84:0.413:0.176:b0.419:0.169:occ1;89:0.414:0.175:b0.417:0.171:occ1
ablate_no_contact_update,false_reappearance,0,1002,,1,18,0.04693,0.04605,73,15,34,0.03444,0.04605,0.54795,0.00000,0,0.00000,0.80000,90.00000,0,0.92668,0.13423,0.30000,0.14745,0:0.055:-0.480:b0.352:0.161:occ0;12:0.365:-0.019:b0.325:0.199:occ0;24:0.423:0.212:b0.416:0.205:occ1;36:0.417:0.213:b0.415:0.205:occ1;48:0.415:0.206:b0.417:0.206:occ1;60:0.412:0.219:b0.410:0.225:occ1;72:0.410:0.226:b0.408:0.228:occ1;84:0.410:0.225:b0.410:0.225:occ1;89:0.409:0.225:b0.410:0.224:occ1
ablate_no_uncertainty_inflation,false_reappearance,0,1002,,1,18,0.01290,0.01825,73,17,23,0.01415,0.01825,0.00000,0.00000,0,0.00000,0.80000,90.00000,0,0.91742,0.06389,0.14000,0.11894,0:0.054:-0.480:b0.332:0.192:occ0;12:0.350:-0.022:b0.362:0.178:occ0;24:0.401:0.204:b0.386:0.186:occ1;36:0.387:0.196:b0.389:0.183:occ1;48:0.387:0.184:b0.389:0.185:occ1;60:0.386:0.193:b0.383:0.206:occ1;72:0.385:0.198:b0.385:0.199:occ1;84:0.386:0.197:b0.384:0.208:occ1;89:0.386:0.199:b0.384:0.205:occ1
ablate_no_identity_filter,false_reappearance,0,1002,,1,19,0.01785,0.01086,73,16,37,0.01352,0.01086,0.63014,0.02703,0,0.00000,0.78889,90.00000,0,0.90293,0.16272,0.30000,0.12480,0:0.055:-0.480:b0.408:0.167:occ0;12:0.342:-0.019:b0.414:0.199:occ0;24:0.403:0.200:b0.392:0.190:occ1;36:0.394:0.197:b0.393:0.187:occ1;48:0.393:0.187:b0.395:0.188:occ1;60:0.391:0.199:b0.390:0.197:occ1;72:0.391:0.202:b0.390:0.210:occ1;84:0.390:0.207:b0.390:0.206:occ1;89:0.391:0.206:b0.392:0.199:occ1
ablate_no_reacquisition_guard,false_reappearance,0,1002,,1,18,0.02432,0.02468,73,15,38,0.02868,0.02468,0.54795,0.00000,0,0.00000,0.80000,90.00000,0,0.90162,0.13648,0.30000,0.10818,0:0.055:-0.480:b0.378:0.240:occ0;12:0.361:-0.022:b0.386:0.232:occ0;24:0.391:0.188:b0.374:0.173:occ1;36:0.376:0.181:b0.376:0.163:occ1;48:0.376:0.172:b0.379:0.174:occ1;60:0.376:0.181:b0.374:0.171:occ1;72:0.375:0.178:b0.375:0.176:occ1;84:0.376:0.182:b0.373:0.171:occ1;89:0.376:0.181:b0.375:0.179:occ1
ablate_no_tail_risk_objective,false_reappearance,0,1002,,1,19,0.03410,0.03220,72,18,24,0.02825,0.03220,0.54167,0.00000,0,0.00000,0.78889,90.00000,0,1.00057,0.13470,0.30000,0.14740,0:0.055:-0.480:b0.432:0.172:occ0;12:0.338:-0.022:b0.417:0.143:occ0;24:0.425:0.205:b0.421:0.187:occ1;36:0.422:0.193:b0.420:0.188:occ1;48:0.420:0.190:b0.420:0.191:occ1;60:0.416:0.203:b0.415:0.204:occ1;72:0.414:0.210:b0.414:0.210:occ1;84:0.415:0.205:b0.415:0.204:occ1;89:0.412:0.213:b0.413:0.210:occ1
ablate_no_false_detection_rejection,false_reappearance,0,1002,,1,18,0.06140,0.05726,73,15,31,0.05232,0.05726,0.54795,0.00000,0,0.27778,0.80000,90.00000,0,0.96191,0.12199,0.30000,0.10966,0:0.055:-0.480:b0.388:0.203:occ0;12:0.347:-0.022:b0.380:0.274:occ0;24:0.388:0.234:b0.376:0.229:occ1;36:0.368:0.229:b0.363:0.212:occ1;48:0.367:0.223:b0.349:0.234:occ1;60:0.359:0.228:b0.369:0.227:occ1;72:0.365:0.230:b0.367:0.233:occ1;84:0.368:0.232:b0.340:0.229:occ1;89:0.367:0.232:b0.370:0.229:occ1
ablate_no_distractor_filter,false_reappearance,0,1002,,1,19,0.04465,0.02838,72,16,29,0.03735,0.02838,0.54167,0.00000,0,0.62222,0.78889,90.00000,0,0.95357,0.12943,0.30000,0.08577,0:0.055:-0.480:b0.401:0.173:occ0;12:0.366:-0.022:b0.424:0.145:occ0;24:0.394:0.195:b0.380:0.192:occ1;36:0.368:0.197:b0.364:0.198:occ1;48:0.362:0.192:b0.342:0.221:occ1;60:0.357:0.198:b0.360:0.209:occ1;72:0.365:0.201:b0.372:0.200:occ1;84:0.354:0.200:b0.343:0.193:occ1;89:0.352:0.198:b0.375:0.202:occ1
occlusion_aware_permanence_v4,false_reappearance,0,1002,,1,18,0.03327,0.03227,73,14,26,0.02763,0.03227,0.63014,0.00000,0,0.00000,0.80000,90.00000,0,0.91132,0.15229,0.30000,0.14396,0:0.055:-0.480:b0.371:0.169:occ0;12:0.352:-0.019:b0.390:0.238:occ0;24:0.416:0.205:b0.417:0.194:occ1;36:0.416:0.205:b0.414:0.198:occ1;48:0.414:0.198:b0.415:0.199:occ1;60:0.410:0.213:b0.408:0.217:occ1;72:0.407:0.220:b0.405:0.223:occ1;84:0.407:0.219:b0.408:0.218:occ1;89:0.408:0.219:b0.408:0.217:occ1
learned_only_branch,false_reappearance,0,1002,,1,18,0.07802,0.07819,73,15,19,0.06974,0.07819,0.26027,0.00000,0,0.00000,0.80000,90.00000,0,0.95572,0.05895,0.23600,0.12595,0:0.055:-0.480:b0.409:0.150:occ0;12:0.345:-0.019:b0.452:0.203:occ0;24:0.386:0.253:b0.367:0.254:occ1;36:0.368:0.261:b0.366:0.250:occ1;48:0.366:0.253:b0.369:0.257:occ1;60:0.369:0.258:b0.371:0.260:occ1;72:0.370:0.259:b0.370:0.258:occ1;84:0.370:0.258:b0.370:0.258:occ1;89:0.370:0.258:b0.370:0.258:occ1
occlusion_full_v5,false_reappearance,0,1003,,1,23,0.01986,0.01719,68,19,30,0.01423,0.01719,0.51471,0.00000,0,0.00000,0.74444,90.00000,0,1.06026,0.13343,0.30000,0.13365,0:-0.089:-0.480:b-0.310:0.405:occ0;12:-0.283:0.011:b-0.287:0.443:occ0;24:-0.317:0.382:b-0.323:0.424:occ1;36:-0.324:0.436:b-0.327:0.420:occ1;48:-0.326:0.422:b-0.325:0.420:occ1;60:-0.323:0.419:b-0.323:0.419:occ1;72:-0.323:0.418:b-0.324:0.418:occ1;84:-0.323:0.418:b-0.322:0.421:occ1;89:-0.322:0.418:b-0.320:0.424:occ1
ablate_no_self_mask,false_reappearance,0,1003,,0,23,0.08273,0.06803,68,20,24,0.08586,0.06803,0.66176,0.00000,0,0.00000,0.28889,90.00000,0,1.14512,0.11791,0.30000,0.21619,0:-0.089:-0.480:b-0.320:0.428:occ0;12:-0.293:0.008:b-0.268:0.361:occ0;24:-0.341:0.394:b-0.386:0.449:occ1;36:-0.404:0.467:b-0.372:0.450:occ1;48:-0.401:0.454:b-0.412:0.456:occ1;60:-0.400:0.451:b-0.414:0.457:occ1;72:-0.394:0.450:b-0.387:0.442:occ1;84:-0.398:0.449:b-0.410:0.455:occ1;89:-0.399:0.450:b-0.385:0.446:occ1
ablate_no_branch_belief,false_reappearance,0,1003,,1,23,0.06773,0.06887,68,20,33,0.06245,0.06887,0.51471,0.03030,0,0.64444,0.74444,90.00000,0,1.08778,0.09890,0.30000,0.08198,0:-0.089:-0.480:b-0.307:0.422:occ0;12:-0.281:0.010:b-0.337:0.425:occ0;24:-0.324:0.382:b-0.265:0.401:occ1;36:-0.278:0.414:b-0.273:0.391:occ1;48:-0.274:0.392:b-0.276:0.393:occ1;60:-0.274:0.390:b-0.275:0.391:occ1;72:-0.276:0.391:b-0.276:0.391:occ1;84:-0.275:0.391:b-0.273:0.390:occ1;89:-0.274:0.391:b-0.273:0.390:occ1
ablate_no_contact_update,false_reappearance,0,1003,,1,24,0.06155,0.06208,68,19,25,0.05138,0.06208,0.51471,0.00000,0,0.00000,0.73333,90.00000,0,1.04623,0.10629,0.30000,0.11123,0:-0.091:-0.480:b-0.366:0.370:occ0;12:-0.306:0.011:b-0.333:0.444:occ0;24:-0.328:0.365:b-0.300:0.378:occ1;36:-0.306:0.398:b-0.308:0.386:occ1;48:-0.307:0.385:b-0.309:0.385:occ1;60:-0.306:0.382:b-0.304:0.381:occ1;72:-0.304:0.380:b-0.304:0.380:occ1;84:-0.303:0.380:b-0.303:0.379:occ1;89:-0.303:0.379:b-0.303:0.379:occ1
ablate_no_uncertainty_inflation,false_reappearance,0,1003,,1,23,0.03774,0.03830,68,22,25,0.02729,0.03830,0.00000,0.00000,0,0.00000,0.74444,90.00000,0,1.05834,0.04598,0.14000,0.13202,0:-0.089:-0.480:b-0.322:0.360:occ0;12:-0.295:0.010:b-0.320:0.412:occ0;24:-0.336:0.375:b-0.321:0.407:occ1;36:-0.325:0.423:b-0.329:0.408:occ1;48:-0.327:0.411:b-0.328:0.408:occ1;60:-0.326:0.406:b-0.324:0.404:occ1;72:-0.324:0.404:b-0.322:0.404:occ1;84:-0.323:0.404:b-0.323:0.406:occ1;89:-0.323:0.404:b-0.323:0.403:occ1
ablate_no_identity_filter,false_reappearance,0,1003,,1,23,0.04444,0.04260,68,17,33,0.03469,0.04260,0.60294,0.03030,0,0.00000,0.74444,90.00000,0,1.05342,0.13453,0.30000,0.11231,0:-0.088:-0.480:b-0.297:0.478:occ0;12:-0.294:0.009:b-0.345:0.457:occ0;24:-0.314:0.378:b-0.309:0.405:occ1;36:-0.306:0.419:b-0.311:0.408:occ1;48:-0.309:0.407:b-0.309:0.405:occ1;60:-0.306:0.402:b-0.306:0.402:occ1;72:-0.305:0.401:b-0.304:0.400:occ1;84:-0.304:0.401:b-0.304:0.400:occ1;89:-0.304:0.401:b-0.303:0.404:occ1
ablate_no_reacquisition_guard,false_reappearance,0,1003,,1,24,0.04503,0.04574,68,20,26,0.03896,0.04574,0.51471,0.00000,0,0.00000,0.73333,90.00000,0,1.04261,0.11507,0.30000,0.13006,0:-0.089:-0.480:b-0.327:0.420:occ0;12:-0.304:0.013:b-0.340:0.475:occ0;24:-0.335:0.368:b-0.322:0.380:occ1;36:-0.328:0.402:b-0.328:0.388:occ1;48:-0.327:0.389:b-0.329:0.388:occ1;60:-0.326:0.385:b-0.326:0.384:occ1;72:-0.324:0.384:b-0.324:0.383:occ1;84:-0.323:0.383:b-0.323:0.383:occ1;89:-0.322:0.383:b-0.324:0.382:occ1
ablate_no_tail_risk_objective,false_reappearance,0,1003,,1,23,0.06018,0.05792,68,21,29,0.06250,0.05792,0.51471,0.00000,0,0.00000,0.67778,90.00000,0,1.21470,0.10369,0.30000,0.17847,0:-0.089:-0.480:b-0.319:0.401:occ0;12:-0.290:0.009:b-0.293:0.381:occ0;24:-0.325:0.406:b-0.335:0.483:occ1;36:-0.344:0.487:b-0.343:0.484:occ1;48:-0.341:0.484:b-0.342:0.486:occ1;60:-0.342:0.485:b-0.339:0.484:occ1;72:-0.341:0.485:b-0.344:0.484:occ1;84:-0.340:0.484:b-0.342:0.485:occ1;89:-0.341:0.487:b-0.341:0.485:occ1
ablate_no_false_detection_rejection,false_reappearance,0,1003,,1,23,0.02428,0.04496,68,19,29,0.03731,0.04496,0.51471,0.00000,0,0.00000,0.74444,90.00000,0,1.10779,0.12236,0.30000,0.16124,0:-0.089:-0.480:b-0.301:0.424:occ0;12:-0.270:0.011:b-0.381:0.421:occ0;24:-0.339:0.376:b-0.324:0.364:occ1;36:-0.363:0.418:b-0.348:0.407:occ1;48:-0.344:0.407:b-0.386:0.411:occ1;60:-0.354:0.405:b-0.375:0.402:occ1;72:-0.371:0.402:b-0.351:0.399:occ1;84:-0.353:0.402:b-0.378:0.404:occ1;89:-0.353:0.403:b-0.375:0.403:occ1
ablate_no_distractor_filter,false_reappearance,0,1003,,1,24,0.07676,0.07653,68,20,17,0.07208,0.07653,0.51471,0.23529,0,0.70000,0.73333,90.00000,0,1.05416,0.09417,0.30000,0.08403,0:-0.088:-0.480:b-0.298:0.419:occ0;12:-0.288:0.009:b-0.313:0.416:occ0;24:-0.303:0.364:b-0.277:0.379:occ1;36:-0.274:0.394:b-0.282:0.376:occ1;48:-0.271:0.377:b-0.264:0.369:occ1;60:-0.273:0.374:b-0.280:0.374:occ1;72:-0.275:0.375:b-0.279:0.374:occ1;84:-0.274:0.374:b-0.282:0.376:occ1;89:-0.275:0.375:b-0.277:0.373:occ1
occlusion_aware_permanence_v4,false_reappearance,0,1003,,1,23,0.01738,0.01702,68,20,27,0.01556,0.01702,0.60294,0.00000,0,0.00000,0.74444,90.00000,0,1.07707,0.14647,0.30000,0.12931,0:-0.090:-0.480:b-0.334:0.464:occ0;12:-0.289:0.011:b-0.308:0.398:occ0;24:-0.316:0.394:b-0.324:0.432:occ1;36:-0.317:0.448:b-0.320:0.431:occ1;48:-0.317:0.433:b-0.317:0.432:occ1;60:-0.316:0.430:b-0.315:0.429:occ1;72:-0.315:0.430:b-0.315:0.430:occ1;84:-0.315:0.430:b-0.315:0.430:occ1;89:-0.315:0.430:b-0.314:0.429:occ1
learned_only_branch,false_reappearance,0,1003,,1,23,0.00979,0.00983,68,18,31,0.01806,0.00983,0.20588,0.00000,0,0.00000,0.74444,90.00000,0,1.07385,0.08399,0.22100,0.15640,0:-0.088:-0.480:b-0.283:0.424:occ0;12:-0.269:0.013:b-0.240:0.450:occ0;24:-0.327:0.385:b-0.347:0.436:occ1;36:-0.348:0.449:b-0.350:0.435:occ1;48:-0.347:0.439:b-0.343:0.439:occ1;60:-0.342:0.437:b-0.341:0.436:occ1;72:-0.341:0.436:b-0.341:0.436:occ1;84:-0.341:0.436:b-0.341:0.436:occ1;89:-0.341:0.436:b-0.341:0.436:occ1
occlusion_full_v5,false_reappearance,1,1000,,0,23,0.08300,0.07977,68,22,30,0.08156,0.07977,0.51471,0.00000,0,0.72222,0.27778,90.00000,0,1.09959,0.09166,0.30000,0.09600,0:-0.061:-0.480:b-0.343:0.444:occ0;12:-0.293:0.009:b-0.378:0.388:occ0;24:-0.352:0.381:b-0.383:0.373:occ1;36:-0.378:0.385:b-0.377:0.372:occ1;48:-0.379:0.368:b-0.371:0.359:occ1;60:-0.374:0.362:b-0.379:0.368:occ1;72:-0.380:0.364:b-0.389:0.372:occ1;84:-0.371:0.363:b-0.378:0.364:occ1;89:-0.374:0.365:b-0.374:0.369:occ1
ablate_no_self_mask,false_reappearance,1,1000,,1,24,0.04028,0.02803,67,19,35,0.03861,0.02803,0.67164,0.00000,0,0.10000,0.73333,90.00000,0,1.13032,0.14278,0.30000,0.12147,0:-0.062:-0.480:b-0.370:0.475:occ0;12:-0.296:0.009:b-0.373:0.385:occ0;24:-0.342:0.384:b-0.297:0.461:occ1;36:-0.312:0.462:b-0.302:0.451:occ1;48:-0.303:0.450:b-0.311:0.443:occ1;60:-0.301:0.446:b-0.302:0.446:occ1;72:-0.301:0.447:b-0.310:0.445:occ1;84:-0.302:0.447:b-0.298:0.437:occ1;89:-0.300:0.446:b-0.312:0.448:occ1
ablate_no_branch_belief,false_reappearance,1,1000,,1,23,0.03913,0.04022,68,20,24,0.04401,0.04022,0.51471,0.00000,0,0.73333,0.74444,90.00000,0,1.14702,0.11468,0.30000,0.05970,0:-0.060:-0.480:b-0.281:0.450:occ0;12:-0.318:0.011:b-0.337:0.386:occ0;24:-0.368:0.405:b-0.382:0.482:occ1;36:-0.377:0.488:b-0.377:0.473:occ1;48:-0.371:0.479:b-0.364:0.480:occ1;60:-0.365:0.477:b-0.366:0.475:occ1;72:-0.366:0.473:b-0.368:0.473:occ1;84:-0.367:0.473:b-0.364:0.475:occ1;89:-0.366:0.473:b-0.367:0.474:occ1
ablate_no_contact_update,false_reappearance,1,1000,,1,24,0.04014,0.04134,65,24,24,0.06004,0.03541,0.21538,0.00000,0,0.54444,0.60000,0.00000,0,1.21930,0.07070,0.24700,0.10489,0:-0.062:-0.480:b-0.372:0.507:occ0;12:-0.309:0.010:b-0.310:0.417:occ0;24:-0.367:0.369:b-0.405:0.327:occ1;36:-0.393:0.356:b-0.399:0.347:occ1;48:-0.356:0.413:b-0.321:0.478:occ1;60:-0.318:0.476:b-0.314:0.473:occ1;72:-0.319:0.476:b-0.320:0.475:occ1;84:-0.321:0.475:b-0.320:0.479:occ1;89:-0.319:0.475:b-0.317:0.474:occ1
ablate_no_uncertainty_inflation,false_reappearance,1,1000,,1,23,0.05379,0.05605,68,20,30,0.05436,0.05605,0.00000,0.00000,0,0.44444,0.74444,90.00000,0,1.08523,0.03459,0.14000,0.09907,0:-0.061:-0.480:b-0.314:0.458:occ0;12:-0.293:0.011:b-0.363:0.420:occ0;24:-0.340:0.383:b-0.324:0.382:occ1;36:-0.334:0.404:b-0.326:0.384:occ1;48:-0.340:0.392:b-0.329:0.389:occ1;60:-0.334:0.388:b-0.319:0.378:occ1;72:-0.332:0.385:b-0.325:0.382:occ1;84:-0.337:0.388:b-0.349:0.397:occ1;89:-0.341:0.391:b-0.335:0.388:occ1
ablate_no_identity_filter,false_reappearance,1,1000,,1,23,0.04267,0.04348,68,19,25,0.04152,0.04348,0.60294,0.00000,0,0.73333,0.74444,90.00000,0,1.08497,0.12956,0.30000,0.06362,0:-0.062:-0.480:b-0.391:0.446:occ0;12:-0.294:0.011:b-0.400:0.415:occ0;24:-0.365:0.389:b-0.378:0.413:occ1;36:-0.376:0.431:b-0.377:0.419:occ1;48:-0.375:0.421:b-0.377:0.427:occ1;60:-0.373:0.416:b-0.369:0.413:occ1;72:-0.369:0.413:b-0.368:0.410:occ1;84:-0.368:0.414:b-0.369:0.414:occ1;89:-0.369:0.413:b-0.368:0.411:occ1
ablate_no_reacquisition_guard,false_reappearance,1,1000,,1,23,0.04744,0.04696,68,20,28,0.04912,0.04696,0.51471,0.10714,0,0.74444,0.74444,90.00000,0,1.10576,0.11224,0.30000,0.03926,0:-0.062:-0.480:b-0.364:0.381:occ0;12:-0.318:0.009:b-0.378:0.391:occ0;24:-0.377:0.401:b-0.396:0.419:occ1;36:-0.393:0.438:b-0.395:0.422:occ1;48:-0.395:0.428:b-0.393:0.428:occ1;60:-0.392:0.428:b-0.387:0.421:occ1;72:-0.389:0.429:b-0.392:0.441:occ1;84:-0.388:0.426:b-0.389:0.425:occ1;89:-0.389:0.426:b-0.390:0.432:occ1
ablate_no_tail_risk_objective,false_reappearance,1,1000,,1,23,0.01975,0.03265,68,20,19,0.03051,0.03265,0.51471,0.05263,0,0.73333,0.74444,90.00000,0,1.19448,0.12304,0.30000,0.06236,0:-0.062:-0.480:b-0.366:0.387:occ0;12:-0.312:0.013:b-0.423:0.485:occ0;24:-0.362:0.400:b-0.376:0.417:occ1;36:-0.373:0.425:b-0.374:0.425:occ1;48:-0.368:0.428:b-0.368:0.435:occ1;60:-0.361:0.417:b-0.363:0.417:occ1;72:-0.364:0.415:b-0.364:0.421:occ1;84:-0.362:0.416:b-0.362:0.415:occ1;89:-0.361:0.430:b-0.359:0.411:occ1
ablate_no_false_detection_rejection,false_reappearance,1,1000,,1,24,0.02378,0.03646,67,23,23,0.02775,0.03646,0.50746,0.00000,0,0.54444,0.73333,90.00000,0,1.15938,0.11892,0.30000,0.10281,0:-0.062:-0.480:b-0.387:0.458:occ0;12:-0.309:0.011:b-0.348:0.411:occ0;24:-0.345:0.383:b-0.343:0.424:occ1;36:-0.313:0.446:b-0.330:0.427:occ1;48:-0.320:0.434:b-0.333:0.430:occ1;60:-0.327:0.433:b-0.309:0.427:occ1;72:-0.330:0.434:b-0.296:0.432:occ1;84:-0.317:0.433:b-0.305:0.429:occ1;89:-0.319:0.433:b-0.306:0.430:occ1
ablate_no_distractor_filter,false_reappearance,1,1000,,1,23,0.04127,0.03613,68,20,22,0.04480,0.03613,0.51471,0.04545,0,0.30000,0.74444,90.00000,0,1.13075,0.11600,0.30000,0.11042,0:-0.062:-0.480:b-0.392:0.429:occ0;12:-0.297:0.011:b-0.367:0.446:occ0;24:-0.351:0.389:b-0.298:0.405:occ1;36:-0.332:0.430:b-0.307:0.408:occ1;48:-0.323:0.415:b-0.317:0.403:occ1;60:-0.309:0.405:b-0.306:0.403:occ1;72:-0.312:0.403:b-0.304:0.402:occ1;84:-0.319:0.410:b-0.317:0.406:occ1;89:-0.318:0.410:b-0.318:0.417:occ1
occlusion_aware_permanence_v4,false_reappearance,1,1000,,1,23,0.02974,0.03038,68,18,27,0.03523,0.03038,0.61765,0.00000,0,0.73333,0.74444,90.00000,0,1.14023,0.13732,0.30000,0.06154,0:-0.061:-0.480:b-0.336:0.417:occ0;12:-0.312:0.013:b-0.218:0.458:occ0;24:-0.355:0.402:b-0.369:0.465:occ1;36:-0.371:0.483:b-0.367:0.469:occ1;48:-0.365:0.472:b-0.359:0.472:occ1;60:-0.358:0.469:b-0.358:0.469:occ1;72:-0.358:0.468:b-0.358:0.468:occ1;84:-0.362:0.464:b-0.359:0.466:occ1;89:-0.361:0.464:b-0.362:0.465:occ1
learned_only_branch,false_reappearance,1,1000,,1,24,0.06899,0.07952,67,22,28,0.07189,0.07952,0.19403,0.00000,0,0.05556,0.73333,90.00000,0,1.16092,0.05529,0.21800,0.15468,0:-0.061:-0.480:b-0.335:0.456:occ0;12:-0.298:0.010:b-0.331:0.355:occ0;24:-0.345:0.394:b-0.258:0.450:occ1;36:-0.274:0.466:b-0.282:0.454:occ1;48:-0.266:0.454:b-0.280:0.455:occ1;60:-0.262:0.450:b-0.280:0.454:occ1;72:-0.266:0.451:b-0.255:0.449:occ1;84:-0.266:0.452:b-0.255:0.448:occ1;89:-0.266:0.452:b-0.255:0.449:occ1
occlusion_full_v5,false_reappearance,1,1001,,1,18,0.01171,0.01198,73,14,25,0.01128,0.01198,0.54795,0.00000,0,0.00000,0.80000,90.00000,0,0.83564,0.14990,0.30000,0.19162,0:-0.027:-0.480:b-0.234:0.182:occ0;12:-0.225:-0.023:b-0.273:0.124:occ0;24:-0.265:0.196:b-0.253:0.190:occ1;36:-0.255:0.198:b-0.253:0.191:occ1;48:-0.253:0.191:b-0.254:0.189:occ1;60:-0.255:0.189:b-0.255:0.189:occ1;72:-0.255:0.189:b-0.255:0.189:occ1;84:-0.255:0.189:b-0.255:0.189:occ1;89:-0.255:0.189:b-0.255:0.189:occ1
ablate_no_self_mask,false_reappearance,1,1001,,1,17,0.04644,0.05569,74,15,34,0.05351,0.05569,0.68919,0.00000,0,0.00000,0.81111,90.00000,0,0.88077,0.14644,0.30000,0.16695,0:-0.028:-0.480:b-0.259:0.223:occ0;12:-0.225:-0.021:b-0.203:0.203:occ0;24:-0.214:0.216:b-0.203:0.201:occ1;36:-0.198:0.223:b-0.209:0.228:occ1;48:-0.201:0.215:b-0.210:0.229:occ1;60:-0.197:0.213:b-0.191:0.207:occ1;72:-0.198:0.213:b-0.195:0.201:occ1;84:-0.202:0.218:b-0.209:0.225:occ1;89:-0.203:0.218:b-0.188:0.208:occ1
ablate_no_branch_belief,false_reappearance,1,1001,,1,18,0.03179,0.03142,74,16,40,0.02566,0.03142,0.55405,0.00000,0,0.00000,0.80000,90.00000,0,0.81494,0.14299,0.30000,0.18501,0:-0.028:-0.480:b-0.248:0.203:occ0;12:-0.231:-0.022:b-0.276:0.203:occ0;24:-0.260:0.182:b-0.256:0.166:occ1;36:-0.258:0.174:b-0.257:0.167:occ1;48:-0.257:0.166:b-0.257:0.167:occ1;60:-0.258:0.167:b-0.259:0.167:occ1;72:-0.259:0.167:b-0.258:0.167:occ1;84:-0.258:0.167:b-0.256:0.167:occ1;89:-0.258:0.167:b-0.256:0.167:occ1
ablate_no_contact_update,false_reappearance,1,1001,,1,18,0.05403,0.05418,73,15,31,0.05071,0.05418,0.54795,0.00000,0,0.00000,0.80000,90.00000,0,0.80822,0.11912,0.30000,0.19806,0:-0.028:-0.480:b-0.248:0.165:occ0;12:-0.219:-0.029:b-0.224:0.189:occ0;24:-0.272:0.166:b-0.278:0.147:occ1;36:-0.281:0.153:b-0.278:0.145:occ1;48:-0.278:0.144:b-0.278:0.145:occ1;60:-0.278:0.145:b-0.278:0.145:occ1;72:-0.277:0.145:b-0.278:0.145:occ1;84:-0.278:0.145:b-0.278:0.145:occ1;89:-0.278:0.145:b-0.278:0.145:occ1
ablate_no_uncertainty_inflation,false_reappearance,1,1001,,1,18,0.03693,0.03687,73,17,26,0.03893,0.03687,0.00000,0.00000,0,0.00000,0.80000,90.00000,0,0.83798,0.04848,0.14000,0.22060,0:-0.026:-0.480:b-0.187:0.141:occ0;12:-0.212:-0.027:b-0.275:0.186:occ0;24:-0.278:0.199:b-0.279:0.201:occ1;36:-0.282:0.207:b-0.281:0.198:occ1;48:-0.281:0.199:b-0.281:0.199:occ1;60:-0.282:0.199:b-0.282:0.199:occ1;72:-0.282:0.200:b-0.283:0.199:occ1;84:-0.282:0.199:b-0.282:0.199:occ1;89:-0.282:0.199:b-0.282:0.199:occ1
ablate_no_identity_filter,false_reappearance,1,1001,,1,18,0.03452,0.03456,73,15,31,0.04300,0.03456,0.63014,0.00000,0,0.00000,0.80000,90.00000,0,0.85198,0.14455,0.30000,0.23099,0:-0.028:-0.480:b-0.261:0.198:occ0;12:-0.207:-0.025:b-0.210:0.134:occ0;24:-0.281:0.207:b-0.288:0.213:occ1;36:-0.290:0.218:b-0.288:0.208:occ1;48:-0.287:0.208:b-0.287:0.210:occ1;60:-0.288:0.210:b-0.288:0.210:occ1;72:-0.288:0.210:b-0.288:0.210:occ1;84:-0.288:0.210:b-0.288:0.210:occ1;89:-0.288:0.210:b-0.288:0.210:occ1
ablate_no_reacquisition_guard,false_reappearance,1,1001,,1,18,0.04627,0.04631,73,15,24,0.05186,0.04631,0.54795,0.00000,0,0.00000,0.80000,90.00000,0,0.86932,0.12298,0.30000,0.17999,0:-0.026:-0.480:b-0.191:0.195:occ0;12:-0.213:-0.026:b-0.236:0.242:occ0;24:-0.224:0.216:b-0.207:0.225:occ1;36:-0.206:0.232:b-0.205:0.223:occ1;48:-0.209:0.223:b-0.215:0.223:occ1;60:-0.217:0.222:b-0.216:0.223:occ1;72:-0.217:0.222:b-0.217:0.221:occ1;84:-0.217:0.222:b-0.217:0.222:occ1;89:-0.217:0.222:b-0.217:0.222:occ1
ablate_no_tail_risk_objective,false_reappearance,1,1001,,1,17,0.03547,0.03370,73,15,30,0.03766,0.03370,0.56164,0.00000,0,0.00000,0.81111,90.00000,0,0.97385,0.13354,0.30000,0.21512,0:-0.028:-0.480:b-0.240:0.253:occ0;12:-0.208:-0.022:b-0.228:0.168:occ0;24:-0.269:0.241:b-0.265:0.215:occ1;36:-0.265:0.215:b-0.264:0.216:occ1;48:-0.264:0.214:b-0.265:0.214:occ1;60:-0.267:0.217:b-0.265:0.215:occ1;72:-0.266:0.216:b-0.265:0.215:occ1;84:-0.266:0.216:b-0.265:0.215:occ1;89:-0.266:0.217:b-0.265:0.215:occ1
ablate_no_false_detection_rejection,false_reappearance,1,1001,,0,18,0.09393,0.11580,73,17,29,0.08089,0.11580,0.54795,0.37931,0,0.33333,0.55556,90.00000,0,0.87982,0.10513,0.30000,0.09249,0:-0.028:-0.480:b-0.265:0.130:occ0;12:-0.210:-0.023:b-0.237:0.160:occ0;24:-0.203:0.174:b-0.173:0.174:occ1;36:-0.164:0.164:b-0.177:0.161:occ1;48:-0.171:0.160:b-0.183:0.167:occ1;60:-0.177:0.158:b-0.174:0.158:occ1;72:-0.177:0.162:b-0.181:0.165:occ1;84:-0.162:0.148:b-0.152:0.138:occ1;89:-0.164:0.149:b-0.144:0.138:occ1
ablate_no_distractor_filter,false_reappearance,1,1001,,1,18,0.07765,0.07375,73,15,37,0.06968,0.07375,0.54795,0.18919,0,0.10000,0.74444,90.00000,0,0.90109,0.10770,0.30000,0.11007,0:-0.029:-0.480:b-0.270:0.144:occ0;12:-0.228:-0.027:b-0.223:0.180:occ0;24:-0.228:0.174:b-0.183:0.154:occ1;36:-0.182:0.155:b-0.207:0.167:occ1;48:-0.173:0.150:b-0.163:0.135:occ1;60:-0.187:0.152:b-0.194:0.161:occ1;72:-0.196:0.159:b-0.186:0.150:occ1;84:-0.192:0.155:b-0.167:0.136:occ1;89:-0.183:0.150:b-0.192:0.143:occ1
occlusion_aware_permanence_v4,false_reappearance,1,1001,,1,18,0.00612,0.00563,73,16,29,0.01234,0.00563,0.63014,0.00000,0,0.00000,0.80000,90.00000,0,0.85301,0.16494,0.30000,0.19497,0:-0.027:-0.480:b-0.236:0.166:occ0;12:-0.246:-0.031:b-0.265:0.193:occ0;24:-0.269:0.200:b-0.252:0.199:occ1;36:-0.253:0.206:b-0.253:0.198:occ1;48:-0.252:0.198:b-0.253:0.198:occ1;60:-0.253:0.197:b-0.254:0.198:occ1;72:-0.254:0.198:b-0.254:0.198:occ1;84:-0.253:0.198:b-0.254:0.197:occ1;89:-0.254:0.198:b-0.254:0.198:occ1
learned_only_branch,false_reappearance,1,1001,,1,18,0.05339,0.05262,74,12,33,0.04574,0.05262,0.27027,0.00000,0,0.00000,0.80000,90.00000,0,0.81821,0.07609,0.23900,0.17857,0:-0.028:-0.480:b-0.262:0.260:occ0;12:-0.235:-0.021:b-0.259:0.251:occ0;24:-0.271:0.172:b-0.256:0.147:occ1;36:-0.259:0.152:b-0.260:0.146:occ1;48:-0.258:0.144:b-0.256:0.144:occ1;60:-0.258:0.144:b-0.260:0.144:occ1;72:-0.258:0.144:b-0.256:0.144:occ1;84:-0.259:0.144:b-0.256:0.144:occ1;89:-0.258:0.144:b-0.256:0.144:occ1
occlusion_full_v5,false_reappearance,1,1002,,1,25,0.00889,0.01355,66,21,27,0.01837,0.01355,0.50000,0.00000,0,0.00000,0.72222,90.00000,0,1.11949,0.12595,0.30000,0.18277,0:0.060:-0.480:b0.113:0.419:occ0;12:0.117:0.014:b0.112:0.531:occ0;24:0.103:0.422:b0.085:0.496:occ1;36:0.094:0.508:b0.081:0.489:occ1;48:0.102:0.499:b0.083:0.489:occ1;60:0.099:0.494:b0.100:0.496:occ1;72:0.098:0.494:b0.107:0.498:occ1;84:0.108:0.498:b0.126:0.503:occ1;89:0.107:0.498:b0.128:0.504:occ1
ablate_no_self_mask,false_reappearance,1,1002,,1,25,0.01804,0.00990,66,24,21,0.02435,0.00990,0.65152,0.00000,0,0.00000,0.72222,90.00000,0,1.13342,0.14956,0.30000,0.17079,0:0.060:-0.480:b0.125:0.464:occ0;12:0.097:0.014:b0.086:0.563:occ0;24:0.114:0.435:b0.104:0.511:occ1;36:0.134:0.536:b0.134:0.525:occ1;48:0.136:0.526:b0.143:0.521:occ1;60:0.138:0.517:b0.136:0.517:occ1;72:0.136:0.518:b0.131:0.525:occ1;84:0.136:0.521:b0.144:0.515:occ1;89:0.137:0.521:b0.134:0.513:occ1
ablate_no_branch_belief,false_reappearance,1,1002,,1,25,0.05131,0.04664,67,21,29,0.05102,0.04664,0.50746,0.00000,0,0.00000,0.72222,90.00000,0,1.07367,0.10769,0.30000,0.16234,0:0.062:-0.480:b0.197:0.469:occ0;12:0.105:0.014:b0.099:0.507:occ0;24:0.118:0.429:b0.099:0.420:occ1;36:0.119:0.466:b0.121:0.448:occ1;48:0.117:0.451:b0.115:0.451:occ1;60:0.111:0.450:b0.108:0.449:occ1;72:0.112:0.451:b0.113:0.450:occ1;84:0.112:0.452:b0.115:0.451:occ1;89:0.112:0.452:b0.119:0.455:occ1
ablate_no_contact_update,false_reappearance,1,1002,,1,25,0.02327,0.00671,66,21,23,0.01804,0.00671,0.50000,0.00000,0,0.00000,0.72222,90.00000,0,1.13319,0.12569,0.30000,0.18145,0:0.059:-0.480:b0.093:0.493:occ0;12:0.095:0.013:b0.119:0.473:occ0;24:0.115:0.429:b0.131:0.480:occ1;36:0.113:0.506:b0.092:0.483:occ1;48:0.100:0.488:b0.094:0.483:occ1;60:0.115:0.491:b0.111:0.490:occ1;72:0.109:0.489:b0.116:0.491:occ1;84:0.109:0.489:b0.096:0.483:occ1;89:0.104:0.487:b0.120:0.493:occ1
ablate_no_uncertainty_inflation,false_reappearance,1,1002,,1,25,0.06567,0.08630,66,23,26,0.06051,0.08630,0.00000,0.00000,0,0.00000,0.72222,90.00000,0,1.14179,0.03307,0.14000,0.22605,0:0.061:-0.480:b0.156:0.461:occ0;12:0.106:0.014:b0.158:0.477:occ0;24:0.093:0.429:b0.019:0.506:occ1;36:0.055:0.514:b0.098:0.506:occ1;48:0.070:0.504:b0.093:0.505:occ1;60:0.062:0.498:b0.063:0.497:occ1;72:0.059:0.496:b0.061:0.496:occ1;84:0.060:0.496:b0.062:0.497:occ1;89:0.059:0.496:b0.039:0.491:occ1
ablate_no_identity_filter,false_reappearance,1,1002,,1,25,0.01994,0.03530,67,20,30,0.02184,0.03530,0.59701,0.00000,0,0.00000,0.72222,90.00000,0,1.13514,0.14082,0.30000,0.18064,0:0.059:-0.480:b0.077:0.417:occ0;12:0.091:0.014:b0.156:0.523:occ0;24:0.111:0.435:b0.137:0.490:occ1;36:0.105:0.503:b0.117:0.489:occ1;48:0.110:0.490:b0.090:0.482:occ1;60:0.098:0.484:b0.131:0.495:occ1;72:0.107:0.488:b0.118:0.493:occ1;84:0.108:0.489:b0.090:0.482:occ1;89:0.105:0.488:b0.090:0.483:occ1
ablate_no_reacquisition_guard,false_reappearance,1,1002,,1,24,0.01983,0.03039,67,22,23,0.02754,0.03039,0.50746,0.00000,0,0.00000,0.73333,90.00000,0,1.17689,0.11872,0.30000,0.18535,0:0.059:-0.480:b0.083:0.436:occ0;12:0.108:0.013:b0.133:0.455:occ0;24:0.106:0.443:b0.087:0.505:occ1;36:0.104:0.528:b0.140:0.528:occ1;48:0.103:0.511:b0.094:0.503:occ1;60:0.109:0.511:b0.144:0.531:occ1;72:0.104:0.508:b0.093:0.502:occ1;84:0.119:0.516:b0.088:0.501:occ1;89:0.114:0.514:b0.090:0.500:occ1
ablate_no_tail_risk_objective,false_reappearance,1,1002,,1,25,0.00686,0.00779,66,23,25,0.01311,0.00779,0.50000,0.00000,0,0.00000,0.72222,90.00000,0,1.25502,0.12861,0.30000,0.17270,0:0.060:-0.480:b0.107:0.439:occ0;12:0.113:0.014:b0.036:0.527:occ0;24:0.108:0.424:b0.133:0.517:occ1;36:0.110:0.496:b0.110:0.493:occ1;48:0.121:0.495:b0.098:0.487:occ1;60:0.110:0.491:b0.138:0.503:occ1;72:0.114:0.493:b0.113:0.494:occ1;84:0.114:0.492:b0.114:0.493:occ1;89:0.117:0.494:b0.115:0.493:occ1
ablate_no_false_detection_rejection,false_reappearance,1,1002,,1,25,0.01560,0.02978,66,21,34,0.03561,0.02978,0.50000,0.00000,0,0.00000,0.72222,90.00000,0,1.19127,0.11615,0.30000,0.16100,0:0.058:-0.480:b0.071:0.490:occ0;12:0.106:0.013:b0.095:0.474:occ0;24:0.110:0.431:b0.176:0.549:occ1;36:0.123:0.512:b0.196:0.476:occ1;48:0.136:0.493:b0.099:0.500:occ1;60:0.124:0.494:b0.126:0.505:occ1;72:0.132:0.492:b0.134:0.493:occ1;84:0.135:0.493:b0.126:0.496:occ1;89:0.130:0.494:b0.093:0.500:occ1
ablate_no_distractor_filter,false_reappearance,1,1002,,1,25,0.02082,0.01639,66,20,29,0.03214,0.01639,0.50000,0.06897,0,0.00000,0.72222,90.00000,0,1.18632,0.11858,0.30000,0.18278,0:0.060:-0.480:b0.135:0.452:occ0;12:0.118:0.011:b0.217:0.400:occ0;24:0.143:0.430:b0.106:0.527:occ1;36:0.100:0.508:b0.117:0.480:occ1;48:0.101:0.487:b0.088:0.491:occ1;60:0.122:0.484:b0.082:0.493:occ1;72:0.111:0.490:b0.111:0.485:occ1;84:0.108:0.487:b0.073:0.494:occ1;89:0.104:0.490:b0.112:0.487:occ1
occlusion_aware_permanence_v4,false_reappearance,1,1002,,1,24,0.01981,0.01996,67,22,27,0.02868,0.01996,0.59701,0.00000,0,0.00000,0.73333,90.00000,0,1.16346,0.13428,0.30000,0.18756,0:0.060:-0.480:b0.113:0.484:occ0;12:0.107:0.014:b0.117:0.478:occ0;24:0.116:0.443:b0.113:0.521:occ1;36:0.100:0.527:b0.116:0.517:occ1;48:0.106:0.515:b0.081:0.499:occ1;60:0.106:0.511:b0.120:0.518:occ1;72:0.124:0.521:b0.136:0.526:occ1;84:0.116:0.516:b0.093:0.505:occ1;89:0.111:0.514:b0.121:0.518:occ1
learned_only_branch,false_reappearance,1,1002,,1,25,0.05772,0.05914,66,21,29,0.05554,0.05914,0.18182,0.00000,0,0.00000,0.72222,90.00000,0,1.07773,0.05439,0.21500,0.16475,0:0.060:-0.480:b0.119:0.496:occ0;12:0.106:0.014:b0.089:0.499:occ0;24:0.113:0.427:b0.109:0.444:occ1;36:0.116:0.465:b0.109:0.444:occ1;48:0.115:0.446:b0.125:0.446:occ1;60:0.115:0.447:b0.105:0.446:occ1;72:0.113:0.448:b0.106:0.446:occ1;84:0.109:0.447:b0.120:0.447:occ1;89:0.109:0.447:b0.105:0.446:occ1
occlusion_full_v5,false_reappearance,1,1003,,1,22,0.03776,0.04281,69,21,26,0.03747,0.04281,0.52174,0.00000,0,0.61111,0.75556,90.00000,0,1.02185,0.11803,0.30000,0.10800,0:-0.019:-0.480:b-0.223:0.383:occ0;12:-0.140:0.004:b-0.204:0.396:occ0;24:-0.177:0.342:b-0.173:0.355:occ1;36:-0.188:0.376:b-0.171:0.343:occ1;48:-0.188:0.365:b-0.201:0.375:occ1;60:-0.189:0.359:b-0.213:0.368:occ1;72:-0.189:0.361:b-0.188:0.361:occ1;84:-0.180:0.355:b-0.172:0.347:occ1;89:-0.179:0.354:b-0.168:0.343:occ1
ablate_no_self_mask,false_reappearance,1,1003,,1,22,0.02209,0.02268,69,20,28,0.03361,0.02268,0.66667,0.00000,0,0.00000,0.75556,90.00000,0,1.02639,0.14940,0.30000,0.11365,0:-0.018:-0.480:b-0.192:0.401:occ0;12:-0.140:0.005:b-0.202:0.350:occ0;24:-0.151:0.346:b-0.141:0.408:occ1;36:-0.150:0.415:b-0.160:0.403:occ1;48:-0.153:0.401:b-0.148:0.401:occ1;60:-0.155:0.399:b-0.141:0.401:occ1;72:-0.150:0.401:b-0.162:0.395:occ1;84:-0.150:0.398:b-0.162:0.403:occ1;89:-0.150:0.399:b-0.151:0.400:occ1
ablate_no_branch_belief,false_reappearance,1,1003,,1,22,0.01354,0.00985,69,19,27,0.02442,0.00985,0.53623,0.00000,0,0.10000,0.75556,90.00000,0,1.08035,0.13530,0.30000,0.12645,0:-0.018:-0.480:b-0.186:0.364:occ0;12:-0.146:0.007:b-0.156:0.397:occ0;24:-0.156:0.341:b-0.204:0.385:occ1;36:-0.154:0.389:b-0.148:0.365:occ1;48:-0.152:0.372:b-0.141:0.361:occ1;60:-0.157:0.376:b-0.184:0.402:occ1;72:-0.166:0.383:b-0.164:0.383:occ1;84:-0.150:0.367:b-0.140:0.360:occ1;89:-0.148:0.366:b-0.165:0.380:occ1
ablate_no_contact_update,false_reappearance,1,1003,,0,22,0.08638,0.10304,69,21,30,0.07567,0.10304,0.52174,0.00000,0,0.00000,0.45556,90.00000,0,0.98461,0.09394,0.30000,0.17189,0:-0.018:-0.480:b-0.193:0.316:occ0;12:-0.148:0.008:b-0.134:0.374:occ0;24:-0.167:0.322:b-0.141:0.300:occ1;36:-0.154:0.317:b-0.154:0.302:occ1;48:-0.145:0.291:b-0.149:0.297:occ1;60:-0.149:0.294:b-0.139:0.273:occ1;72:-0.149:0.294:b-0.140:0.273:occ1;84:-0.150:0.294:b-0.159:0.310:occ1;89:-0.149:0.293:b-0.140:0.277:occ1
ablate_no_uncertainty_inflation,false_reappearance,1,1003,,1,22,0.01089,0.01037,69,19,24,0.02044,0.01037,0.00000,0.00000,0,0.14444,0.75556,90.00000,0,1.03158,0.05745,0.14000,0.11767,0:-0.018:-0.480:b-0.201:0.354:occ0;12:-0.130:0.009:b-0.132:0.428:occ0;24:-0.156:0.346:b-0.168:0.388:occ1;36:-0.159:0.396:b-0.146:0.374:occ1;48:-0.159:0.383:b-0.152:0.375:occ1;60:-0.167:0.394:b-0.157:0.389:occ1;72:-0.152:0.380:b-0.171:0.394:occ1;84:-0.150:0.376:b-0.149:0.376:occ1;89:-0.152:0.379:b-0.156:0.376:occ1
ablate_no_identity_filter,false_reappearance,1,1003,,1,22,0.02454,0.05820,69,21,29,0.02251,0.05820,0.60870,0.00000,0,0.27778,0.75556,90.00000,0,1.04793,0.14479,0.30000,0.09769,0:-0.016:-0.480:b-0.132:0.334:occ0;12:-0.144:0.006:b-0.205:0.362:occ0;24:-0.167:0.353:b-0.166:0.365:occ1;36:-0.157:0.384:b-0.179:0.392:occ1;48:-0.169:0.381:b-0.154:0.368:occ1;60:-0.162:0.378:b-0.147:0.361:occ1;72:-0.156:0.372:b-0.169:0.382:occ1;84:-0.165:0.383:b-0.146:0.361:occ1;89:-0.171:0.386:b-0.197:0.408:occ1
ablate_no_reacquisition_guard,false_reappearance,1,1003,,1,22,0.06439,0.08243,69,19,24,0.06161,0.08243,0.52174,0.00000,0,0.00000,0.75556,90.00000,0,0.96978,0.10153,0.30000,0.16113,0:-0.017:-0.480:b-0.177:0.358:occ0;12:-0.134:0.006:b-0.121:0.350:occ0;24:-0.157:0.318:b-0.137:0.295:occ1;36:-0.145:0.319:b-0.153:0.322:occ1;48:-0.142:0.306:b-0.137:0.299:occ1;60:-0.146:0.309:b-0.137:0.295:occ1;72:-0.143:0.305:b-0.163:0.330:occ1;84:-0.150:0.312:b-0.151:0.314:occ1;89:-0.148:0.309:b-0.133:0.292:occ1
ablate_no_tail_risk_objective,false_reappearance,1,1003,,1,22,0.02049,0.03350,69,20,23,0.02538,0.03350,0.53623,0.08696,0,0.34444,0.75556,90.00000,0,1.23207,0.13373,0.30000,0.10645,0:-0.016:-0.480:b-0.121:0.382:occ0;12:-0.144:0.004:b-0.206:0.310:occ0;24:-0.179:0.355:b-0.154:0.354:occ1;36:-0.175:0.368:b-0.157:0.355:occ1;48:-0.179:0.369:b-0.178:0.358:occ1;60:-0.168:0.362:b-0.167:0.356:occ1;72:-0.174:0.370:b-0.158:0.352:occ1;84:-0.155:0.353:b-0.159:0.357:occ1;89:-0.173:0.365:b-0.196:0.386:occ1
ablate_no_false_detection_rejection,false_reappearance,1,1003,,1,22,0.02138,0.02298,69,21,25,0.02611,0.02298,0.52174,0.04000,0,0.00000,0.75556,90.00000,0,1.02584,0.12964,0.30000,0.12007,0:-0.017:-0.480:b-0.152:0.405:occ0;12:-0.143:0.007:b-0.128:0.431:occ0;24:-0.146:0.337:b-0.182:0.373:occ1;36:-0.161:0.375:b-0.166:0.373:occ1;48:-0.157:0.368:b-0.165:0.359:occ1;60:-0.153:0.357:b-0.141:0.349:occ1;72:-0.158:0.363:b-0.142:0.352:occ1;84:-0.163:0.364:b-0.179:0.376:occ1;89:-0.157:0.363:b-0.144:0.363:occ1
ablate_no_distractor_filter,false_reappearance,1,1003,,1,22,0.03308,0.04567,69,17,32,0.03557,0.04567,0.52174,0.06250,0,0.24444,0.75556,90.00000,0,1.03869,0.12123,0.30000,0.11446,0:-0.018:-0.480:b-0.179:0.406:occ0;12:-0.127:0.004:b-0.097:0.357:occ0;24:-0.166:0.343:b-0.188:0.360:occ1;36:-0.181:0.372:b-0.162:0.343:occ1;48:-0.176:0.353:b-0.201:0.381:occ1;60:-0.174:0.354:b-0.157:0.338:occ1;72:-0.177:0.354:b-0.186:0.351:occ1;84:-0.179:0.360:b-0.154:0.332:occ1;89:-0.170:0.355:b-0.158:0.341:occ1
occlusion_aware_permanence_v4,false_reappearance,1,1003,,1,22,0.04358,0.03235,69,20,26,0.04794,0.03235,0.60870,0.00000,0,0.00000,0.75556,90.00000,0,1.04430,0.12842,0.30000,0.16834,0:-0.017:-0.480:b-0.162:0.392:occ0;12:-0.157:0.006:b-0.160:0.374:occ0;24:-0.158:0.336:b-0.132:0.388:occ1;36:-0.110:0.371:b-0.122:0.376:occ1;48:-0.107:0.358:b-0.109:0.367:occ1;60:-0.109:0.361:b-0.103:0.348:occ1;72:-0.111:0.359:b-0.099:0.344:occ1;84:-0.104:0.351:b-0.122:0.389:occ1;89:-0.106:0.357:b-0.115:0.367:occ1
learned_only_branch,false_reappearance,1,1003,,1,22,0.06196,0.05080,69,21,36,0.06427,0.05080,0.21739,0.00000,0,0.00000,0.75556,90.00000,0,1.03126,0.05854,0.22400,0.16586,0:-0.016:-0.480:b-0.116:0.354:occ0;12:-0.137:0.001:b-0.178:0.332:occ0;24:-0.142:0.357:b-0.098:0.395:occ1;36:-0.103:0.405:b-0.093:0.395:occ1;48:-0.097:0.394:b-0.102:0.393:occ1;60:-0.099:0.392:b-0.104:0.392:occ1;72:-0.099:0.393:b-0.093:0.397:occ1;84:-0.096:0.395:b-0.093:0.398:occ1;89:-0.097:0.394:b-0.107:0.375:occ1
occlusion_full_v5,false_reappearance,2,1000,,1,24,0.01311,0.01870,68,20,25,0.01953,0.01870,0.51471,0.00000,0,0.00000,0.73333,90.00000,0,1.21234,0.13137,0.30000,0.20024,0:-0.065:-0.480:b0.433:0.394:occ0;12:0.278:0.011:b0.358:0.425:occ0;24:0.351:0.396:b0.351:0.469:occ1;36:0.339:0.463:b0.331:0.442:occ1;48:0.334:0.446:b0.323:0.438:occ1;60:0.342:0.447:b0.340:0.453:occ1;72:0.329:0.443:b0.322:0.440:occ1;84:0.333:0.449:b0.332:0.441:occ1;89:0.337:0.449:b0.339:0.454:occ1
ablate_no_self_mask,false_reappearance,2,1000,,1,24,0.02481,0.01970,67,20,31,0.02541,0.01970,0.65672,0.00000,0,0.00000,0.73333,90.00000,0,1.16588,0.14837,0.30000,0.17762,0:-0.065:-0.480:b0.305:0.466:occ0;12:0.286:0.011:b0.363:0.399:occ0;24:0.358:0.372:b0.354:0.428:occ1;36:0.361:0.440:b0.359:0.429:occ1;48:0.364:0.429:b0.352:0.426:occ1;60:0.368:0.426:b0.366:0.426:occ1;72:0.365:0.429:b0.374:0.434:occ1;84:0.363:0.428:b0.378:0.428:occ1;89:0.367:0.428:b0.354:0.425:occ1
ablate_no_branch_belief,false_reappearance,2,1000,,1,24,0.03235,0.03088,67,22,21,0.04083,0.03088,0.50746,0.04762,0,0.00000,0.73333,90.00000,0,1.22350,0.11322,0.30000,0.16411,0:-0.065:-0.480:b0.293:0.439:occ0;12:0.284:0.009:b0.318:0.372:occ0;24:0.375:0.393:b0.370:0.454:occ1;36:0.383:0.463:b0.403:0.477:occ1;48:0.381:0.451:b0.385:0.458:occ1;60:0.375:0.436:b0.383:0.456:occ1;72:0.379:0.443:b0.385:0.450:occ1;84:0.382:0.446:b0.360:0.429:occ1;89:0.376:0.442:b0.372:0.436:occ1
ablate_no_contact_update,false_reappearance,2,1000,,1,24,0.05258,0.05450,67,19,27,0.05417,0.05450,0.50746,0.00000,0,0.00000,0.73333,90.00000,0,1.21251,0.10715,0.30000,0.24252,0:-0.065:-0.480:b0.337:0.353:occ0;12:0.265:0.011:b0.350:0.493:occ0;24:0.345:0.390:b0.295:0.473:occ1;36:0.301:0.476:b0.291:0.472:occ1;48:0.290:0.464:b0.285:0.458:occ1;60:0.288:0.461:b0.279:0.455:occ1;72:0.290:0.462:b0.289:0.466:occ1;84:0.290:0.465:b0.301:0.471:occ1;89:0.292:0.466:b0.310:0.486:occ1
ablate_no_uncertainty_inflation,false_reappearance,2,1000,,1,23,0.06046,0.06158,68,19,27,0.05744,0.06158,0.00000,0.00000,0,0.00000,0.74444,90.00000,0,1.14015,0.03919,0.14000,0.20789,0:-0.065:-0.480:b0.394:0.440:occ0;12:0.274:0.013:b0.354:0.496:occ0;24:0.347:0.391:b0.352:0.391:occ1;36:0.359:0.402:b0.362:0.388:occ1;48:0.354:0.386:b0.354:0.388:occ1;60:0.352:0.387:b0.354:0.384:occ1;72:0.352:0.386:b0.350:0.388:occ1;84:0.354:0.385:b0.355:0.384:occ1;89:0.354:0.385:b0.354:0.384:occ1
ablate_no_identity_filter,false_reappearance,2,1000,,1,23,0.06041,0.05743,68,18,30,0.06584,0.05743,0.61765,0.03333,0,0.00000,0.74444,90.00000,0,1.24704,0.12114,0.30000,0.14009,0:-0.065:-0.480:b0.408:0.460:occ0;12:0.293:0.011:b0.310:0.426:occ0;24:0.366:0.415:b0.431:0.502:occ1;36:0.397:0.476:b0.417:0.478:occ1;48:0.398:0.460:b0.389:0.444:occ1;60:0.396:0.454:b0.402:0.457:occ1;72:0.400:0.461:b0.407:0.477:occ1;84:0.396:0.459:b0.382:0.442:occ1;89:0.396:0.460:b0.394:0.452:occ1
ablate_no_reacquisition_guard,false_reappearance,2,1000,,1,24,0.05474,0.05889,67,20,26,0.05833,0.05889,0.50746,0.00000,0,0.00000,0.73333,90.00000,0,1.22793,0.10600,0.30000,0.23783,0:-0.065:-0.480:b0.411:0.460:occ0;12:0.267:0.012:b0.375:0.455:occ0;24:0.351:0.396:b0.282:0.512:occ1;36:0.300:0.497:b0.299:0.495:occ1;48:0.294:0.485:b0.293:0.476:occ1;60:0.296:0.482:b0.295:0.469:occ1;72:0.294:0.482:b0.288:0.473:occ1;84:0.295:0.484:b0.295:0.488:occ1;89:0.295:0.484:b0.298:0.493:occ1
ablate_no_tail_risk_objective,false_reappearance,2,1000,,1,23,0.05659,0.05325,67,22,28,0.08178,0.04111,0.14925,0.00000,0,0.00000,0.36667,0.00000,0,1.50038,0.04422,0.13200,0.13888,0:-0.065:-0.480:b0.296:0.448:occ0;12:0.278:0.013:b0.364:0.457:occ0;24:0.327:0.383:b0.259:0.372:occ1;36:0.273:0.373:b0.283:0.380:occ1;48:0.279:0.377:b0.266:0.376:occ1;60:0.285:0.380:b0.268:0.377:occ1;72:0.373:0.441:b0.429:0.481:occ1;84:0.417:0.465:b0.400:0.442:occ1;89:0.406:0.435:b0.403:0.444:occ1
ablate_no_false_detection_rejection,false_reappearance,2,1000,,1,23,0.03653,0.02698,68,21,30,0.03054,0.02698,0.51471,0.03333,0,0.00000,0.74444,90.00000,0,1.24521,0.11981,0.30000,0.17123,0:-0.065:-0.480:b0.343:0.410:occ0;12:0.285:0.010:b0.315:0.429:occ0;24:0.355:0.398:b0.355:0.462:occ1;36:0.342:0.458:b0.384:0.452:occ1;48:0.346:0.446:b0.348:0.432:occ1;60:0.359:0.450:b0.343:0.451:occ1;72:0.355:0.453:b0.388:0.484:occ1;84:0.350:0.447:b0.416:0.462:occ1;89:0.367:0.450:b0.357:0.449:occ1
ablate_no_distractor_filter,false_reappearance,2,1000,,1,24,0.06252,0.03046,67,20,29,0.06169,0.03046,0.50746,0.17241,0,0.00000,0.73333,90.00000,0,1.22188,0.10177,0.30000,0.12824,0:-0.065:-0.480:b0.343:0.451:occ0;12:0.272:0.012:b0.359:0.455:occ0;24:0.370:0.383:b0.453:0.477:occ1;36:0.395:0.454:b0.422:0.445:occ1;48:0.400:0.446:b0.440:0.443:occ1;60:0.397:0.443:b0.393:0.422:occ1;72:0.407:0.445:b0.409:0.431:occ1;84:0.407:0.445:b0.380:0.431:occ1;89:0.411:0.450:b0.377:0.430:occ1
occlusion_aware_permanence_v4,false_reappearance,2,1000,,1,24,0.07771,0.07266,67,23,24,0.07302,0.07266,0.59701,0.00000,0,0.00000,0.65556,90.00000,0,1.25486,0.11005,0.30000,0.12639,0:-0.065:-0.480:b0.353:0.404:occ0;12:0.297:0.009:b0.332:0.376:occ0;24:0.369:0.403:b0.420:0.511:occ1;36:0.397:0.495:b0.408:0.490:occ1;48:0.405:0.486:b0.386:0.466:occ1;60:0.403:0.482:b0.400:0.470:occ1;72:0.399:0.480:b0.392:0.478:occ1;84:0.404:0.487:b0.397:0.476:occ1;89:0.407:0.492:b0.405:0.485:occ1
learned_only_branch,false_reappearance,2,1000,,0,24,0.08666,0.09272,67,19,27,0.08058,0.09272,0.20896,0.00000,0,0.00000,0.35556,90.00000,0,1.17953,0.04978,0.22100,0.28488,0:-0.065:-0.480:b0.317:0.369:occ0;12:0.258:0.011:b0.273:0.435:occ0;24:0.329:0.376:b0.280:0.416:occ1;36:0.273:0.420:b0.253:0.400:occ1;48:0.262:0.403:b0.256:0.403:occ1;60:0.263:0.403:b0.284:0.418:occ1;72:0.270:0.409:b0.257:0.401:occ1;84:0.261:0.403:b0.259:0.401:occ1;89:0.262:0.403:b0.256:0.400:occ1
occlusion_full_v5,false_reappearance,2,1001,,1,22,0.05138,0.05017,70,17,28,0.04617,0.05017,0.52857,0.00000,0,0.67778,0.75556,90.00000,0,1.06945,0.11725,0.30000,0.10248,0:0.023:-0.480:b0.341:0.320:occ0;12:0.329:-0.001:b0.366:0.317:occ0;24:0.403:0.314:b0.407:0.351:occ1;36:0.407:0.366:b0.410:0.348:occ1;48:0.408:0.357:b0.397:0.374:occ1;60:0.407:0.355:b0.413:0.347:occ1;72:0.406:0.358:b0.401:0.370:occ1;84:0.409:0.352:b0.414:0.346:occ1;89:0.410:0.351:b0.413:0.341:occ1
ablate_no_self_mask,false_reappearance,2,1001,,0,21,0.08752,0.08974,70,20,25,0.09306,0.08974,0.67143,1.00000,0,0.72222,0.11111,90.00000,0,1.13243,0.11482,0.30000,0.03840,0:0.023:-0.480:b0.340:0.314:occ0;12:0.347:0.001:b0.396:0.318:occ0;24:0.374:0.338:b0.322:0.410:occ1;36:0.309:0.405:b0.301:0.396:occ1;48:0.305:0.393:b0.309:0.392:occ1;60:0.305:0.390:b0.306:0.390:occ1;72:0.303:0.391:b0.302:0.390:occ1;84:0.303:0.390:b0.302:0.390:occ1;89:0.305:0.390:b0.302:0.390:occ1
ablate_no_branch_belief,false_reappearance,2,1001,,1,21,0.04388,0.04451,70,17,27,0.04060,0.04451,0.52857,0.00000,0,0.70000,0.76667,90.00000,0,1.07466,0.11727,0.30000,0.08774,0:0.023:-0.480:b0.369:0.399:occ0;12:0.331:0.004:b0.330:0.343:occ0;24:0.398:0.325:b0.400:0.371:occ1;36:0.406:0.367:b0.400:0.367:occ1;48:0.406:0.357:b0.401:0.365:occ1;60:0.408:0.352:b0.398:0.366:occ1;72:0.405:0.353:b0.402:0.359:occ1;84:0.401:0.359:b0.407:0.351:occ1;89:0.400:0.362:b0.399:0.364:occ1
ablate_no_contact_update,false_reappearance,2,1001,,1,21,0.01946,0.02143,70,20,26,0.02311,0.02143,0.52857,0.00000,0,0.71111,0.76667,90.00000,0,1.06732,0.13217,0.30000,0.08883,0:0.023:-0.480:b0.348:0.337:occ0;12:0.332:0.003:b0.429:0.382:occ0;24:0.394:0.323:b0.372:0.323:occ1;36:0.368:0.342:b0.369:0.324:occ1;48:0.361:0.332:b0.365:0.327:occ1;60:0.360:0.333:b0.366:0.325:occ1;72:0.358:0.338:b0.361:0.334:occ1;84:0.360:0.334:b0.368:0.321:occ1;89:0.361:0.333:b0.367:0.324:occ1
ablate_no_uncertainty_inflation,false_reappearance,2,1001,,1,21,0.03175,0.03683,70,19,28,0.03581,0.03683,0.00000,0.00000,0,0.70000,0.76667,90.00000,0,1.09146,0.04565,0.14000,0.10370,0:0.023:-0.480:b0.376:0.309:occ0;12:0.334:0.003:b0.380:0.358:occ0;24:0.411:0.331:b0.396:0.377:occ1;36:0.407:0.374:b0.398:0.375:occ1;48:0.410:0.355:b0.415:0.343:occ1;60:0.407:0.359:b0.405:0.361:occ1;72:0.410:0.354:b0.396:0.380:occ1;84:0.411:0.351:b0.399:0.369:occ1;89:0.411:0.350:b0.403:0.369:occ1
ablate_no_identity_filter,false_reappearance,2,1001,,1,21,0.04518,0.04390,70,19,32,0.04087,0.04390,0.61429,0.00000,0,0.64444,0.76667,90.00000,0,1.08989,0.13361,0.30000,0.10879,0:0.023:-0.480:b0.416:0.298:occ0;12:0.349:-0.002:b0.375:0.301:occ0;24:0.406:0.326:b0.399:0.371:occ1;36:0.407:0.373:b0.419:0.334:occ1;48:0.408:0.358:b0.407:0.362:occ1;60:0.406:0.360:b0.410:0.354:occ1;72:0.408:0.356:b0.410:0.354:occ1;84:0.412:0.349:b0.416:0.343:occ1;89:0.414:0.346:b0.405:0.369:occ1
ablate_no_reacquisition_guard,false_reappearance,2,1001,,1,21,0.03915,0.04376,70,19,24,0.03503,0.04376,0.52857,0.00000,0,0.71111,0.76667,90.00000,0,1.08506,0.11984,0.30000,0.07979,0:0.023:-0.480:b0.365:0.325:occ0;12:0.343:-0.001:b0.414:0.304:occ0;24:0.407:0.332:b0.385:0.367:occ1;36:0.389:0.372:b0.377:0.368:occ1;48:0.387:0.358:b0.382:0.366:occ1;60:0.390:0.353:b0.381:0.370:occ1;72:0.388:0.354:b0.394:0.345:occ1;84:0.385:0.359:b0.387:0.358:occ1;89:0.386:0.358:b0.383:0.366:occ1
ablate_no_tail_risk_objective,false_reappearance,2,1001,,1,21,0.04162,0.04512,70,20,26,0.04202,0.04512,0.52857,0.00000,0,0.51111,0.76667,90.00000,0,1.21039,0.11935,0.30000,0.10300,0:0.023:-0.480:b0.378:0.411:occ0;12:0.357:-0.001:b0.363:0.301:occ0;24:0.414:0.350:b0.413:0.342:occ1;36:0.410:0.357:b0.417:0.342:occ1;48:0.417:0.346:b0.407:0.369:occ1;60:0.413:0.352:b0.408:0.374:occ1;72:0.409:0.359:b0.419:0.333:occ1;84:0.410:0.360:b0.415:0.353:occ1;89:0.412:0.352:b0.408:0.368:occ1
ablate_no_false_detection_rejection,false_reappearance,2,1001,,1,21,0.02640,0.02966,70,19,31,0.03277,0.02966,0.52857,0.03226,0,0.71111,0.76667,90.00000,0,1.08158,0.12770,0.30000,0.09977,0:0.023:-0.480:b0.403:0.322:occ0;12:0.323:0.003:b0.434:0.378:occ0;24:0.390:0.319:b0.335:0.385:occ1;36:0.356:0.341:b0.348:0.349:occ1;48:0.349:0.341:b0.346:0.325:occ1;60:0.353:0.330:b0.361:0.336:occ1;72:0.354:0.328:b0.359:0.335:occ1;84:0.356:0.320:b0.356:0.312:occ1;89:0.354:0.320:b0.357:0.311:occ1
ablate_no_distractor_filter,false_reappearance,2,1001,,1,21,0.03141,0.03681,70,16,26,0.03867,0.03681,0.52857,0.15385,0,0.73333,0.76667,90.00000,0,1.09034,0.12485,0.30000,0.06022,0:0.023:-0.480:b0.327:0.346:occ0;12:0.314:-0.001:b0.337:0.354:occ0;24:0.371:0.340:b0.343:0.377:occ1;36:0.353:0.375:b0.349:0.365:occ1;48:0.356:0.358:b0.351:0.351:occ1;60:0.353:0.355:b0.354:0.353:occ1;72:0.351:0.363:b0.353:0.357:occ1;84:0.354:0.363:b0.349:0.358:occ1;89:0.352:0.360:b0.352:0.367:occ1
occlusion_aware_permanence_v4,false_reappearance,2,1001,,1,22,0.04846,0.04817,70,18,27,0.04533,0.04817,0.62857,0.00000,0,0.60000,0.75556,90.00000,0,1.09763,0.13458,0.30000,0.10563,0:0.023:-0.480:b0.382:0.344:occ0;12:0.356:0.001:b0.336:0.319:occ0;24:0.420:0.323:b0.409:0.345:occ1;36:0.411:0.364:b0.416:0.344:occ1;48:0.409:0.353:b0.406:0.359:occ1;60:0.405:0.359:b0.409:0.351:occ1;72:0.405:0.361:b0.413:0.342:occ1;84:0.412:0.347:b0.414:0.344:occ1;89:0.412:0.348:b0.413:0.341:occ1
learned_only_branch,false_reappearance,2,1001,,1,21,0.04594,0.04095,70,18,24,0.04961,0.04095,0.22857,0.58333,0,0.72222,0.76667,90.00000,0,1.08936,0.06845,0.22700,0.04458,0:0.023:-0.480:b0.402:0.292:occ0;12:0.331:0.002:b0.350:0.330:occ0;24:0.385:0.334:b0.353:0.369:occ1;36:0.351:0.383:b0.352:0.367:occ1;48:0.344:0.373:b0.349:0.368:occ1;60:0.345:0.372:b0.333:0.385:occ1;72:0.343:0.374:b0.349:0.368:occ1;84:0.343:0.374:b0.349:0.368:occ1;89:0.343:0.374:b0.346:0.370:occ1
occlusion_full_v5,false_reappearance,2,1002,,1,20,0.01312,0.01482,71,18,36,0.01560,0.01482,0.54930,0.00000,0,0.00000,0.77778,90.00000,0,0.99537,0.14244,0.30000,0.27319,0:0.056:-0.480:b0.410:0.265:occ0;12:0.367:-0.002:b0.399:0.321:occ0;24:0.404:0.269:b0.391:0.264:occ1;36:0.388:0.277:b0.390:0.267:occ1;48:0.387:0.269:b0.391:0.270:occ1;60:0.385:0.279:b0.375:0.289:occ1;72:0.384:0.280:b0.379:0.284:occ1;84:0.383:0.280:b0.374:0.289:occ1;89:0.380:0.284:b0.380:0.285:occ1
ablate_no_self_mask,false_reappearance,2,1002,,1,20,0.02123,0.01960,71,19,27,0.03246,0.01960,0.67606,0.00000,0,0.00000,0.77778,90.00000,0,0.99484,0.15459,0.30000,0.24079,0:0.056:-0.480:b0.364:0.236:occ0;12:0.353:-0.001:b0.317:0.348:occ0;24:0.389:0.264:b0.370:0.257:occ1;36:0.372:0.264:b0.371:0.253:occ1;48:0.373:0.251:b0.374:0.254:occ1;60:0.377:0.251:b0.379:0.249:occ1;72:0.384:0.241:b0.370:0.254:occ1;84:0.378:0.249:b0.377:0.244:occ1;89:0.379:0.247:b0.369:0.262:occ1
ablate_no_branch_belief,false_reappearance,2,1002,,1,20,0.05273,0.05297,71,17,32,0.07139,0.05297,0.53521,0.00000,0,0.00000,0.64444,90.00000,0,1.01187,0.11132,0.30000,0.20850,0:0.056:-0.480:b0.402:0.244:occ0;12:0.345:-0.008:b0.409:0.247:occ0;24:0.403:0.252:b0.389:0.204:occ1;36:0.374:0.203:b0.367:0.194:occ1;48:0.377:0.196:b0.379:0.202:occ1;60:0.371:0.203:b0.366:0.207:occ1;72:0.377:0.207:b0.386:0.207:occ1;84:0.375:0.206:b0.362:0.207:occ1;89:0.374:0.206:b0.384:0.203:occ1
ablate_no_contact_update,false_reappearance,2,1002,,0,20,0.08248,0.08493,71,18,28,0.07079,0.08493,0.53521,0.00000,0,0.00000,0.54444,90.00000,0,1.03802,0.10318,0.30000,0.30858,0:0.056:-0.480:b0.379:0.288:occ0;12:0.339:-0.009:b0.399:0.240:occ0;24:0.421:0.314:b0.419:0.343:occ1;36:0.424:0.350:b0.426:0.337:occ1;48:0.425:0.338:b0.430:0.328:occ1;60:0.425:0.335:b0.429:0.331:occ1;72:0.426:0.335:b0.422:0.337:occ1;84:0.424:0.335:b0.421:0.343:occ1;89:0.424:0.336:b0.421:0.341:occ1
ablate_no_uncertainty_inflation,false_reappearance,2,1002,,1,20,0.02995,0.03258,71,18,25,0.04081,0.03258,0.00000,0.00000,0,0.00000,0.77778,90.00000,0,1.01196,0.04902,0.14000,0.26397,0:0.056:-0.480:b0.379:0.307:occ0;12:0.358:-0.007:b0.422:0.218:occ0;24:0.398:0.268:b0.361:0.253:occ1;36:0.359:0.260:b0.365:0.247:occ1;48:0.353:0.252:b0.358:0.261:occ1;60:0.357:0.261:b0.358:0.261:occ1;72:0.358:0.260:b0.374:0.257:occ1;84:0.356:0.259:b0.348:0.261:occ1;89:0.355:0.260:b0.352:0.260:occ1
ablate_no_identity_filter,false_reappearance,2,1002,,1,20,0.05609,0.05622,71,17,32,0.05240,0.05622,0.61972,0.00000,0,0.00000,0.77778,90.00000,0,1.02429,0.12916,0.30000,0.30984,0:0.056:-0.480:b0.389:0.224:occ0;12:0.359:-0.007:b0.341:0.244:occ0;24:0.394:0.302:b0.374:0.315:occ1;36:0.371:0.329:b0.370:0.316:occ1;48:0.367:0.318:b0.369:0.317:occ1;60:0.366:0.318:b0.367:0.318:occ1;72:0.366:0.319:b0.368:0.317:occ1;84:0.366:0.318:b0.363:0.320:occ1;89:0.367:0.318:b0.367:0.318:occ1
ablate_no_reacquisition_guard,false_reappearance,2,1002,,1,20,0.03677,0.05076,71,15,29,0.02932,0.05076,0.54930,0.00000,0,0.00000,0.77778,90.00000,0,1.03570,0.13597,0.30000,0.28467,0:0.056:-0.480:b0.433:0.280:occ0;12:0.356:-0.004:b0.369:0.274:occ0;24:0.428:0.299:b0.401:0.308:occ1;36:0.410:0.306:b0.406:0.298:occ1;48:0.402:0.301:b0.397:0.315:occ1;60:0.402:0.304:b0.404:0.302:occ1;72:0.399:0.309:b0.410:0.298:occ1;84:0.401:0.306:b0.409:0.298:occ1;89:0.402:0.305:b0.390:0.320:occ1
ablate_no_tail_risk_objective,false_reappearance,2,1002,,1,20,0.07132,0.07380,71,17,29,0.06246,0.07380,0.53521,0.00000,0,0.00000,0.77778,90.00000,0,1.15155,0.10828,0.30000,0.30284,0:0.056:-0.480:b0.387:0.327:occ0;12:0.356:-0.006:b0.412:0.222:occ0;24:0.425:0.327:b0.415:0.336:occ1;36:0.421:0.327:b0.425:0.331:occ1;48:0.421:0.333:b0.418:0.332:occ1;60:0.426:0.324:b0.427:0.322:occ1;72:0.423:0.329:b0.415:0.336:occ1;84:0.425:0.331:b0.423:0.331:occ1;89:0.423:0.330:b0.422:0.334:occ1
ablate_no_false_detection_rejection,false_reappearance,2,1002,,1,20,0.04441,0.02556,71,18,26,0.03994,0.02556,0.53521,0.00000,0,0.00000,0.77778,90.00000,0,1.05195,0.12349,0.30000,0.21841,0:0.056:-0.480:b0.427:0.224:occ0;12:0.343:-0.004:b0.389:0.325:occ0;24:0.407:0.265:b0.395:0.265:occ1;36:0.415:0.249:b0.415:0.259:occ1;48:0.402:0.256:b0.421:0.226:occ1;60:0.412:0.243:b0.413:0.254:occ1;72:0.403:0.259:b0.394:0.274:occ1;84:0.404:0.261:b0.429:0.232:occ1;89:0.416:0.239:b0.386:0.292:occ1
ablate_no_distractor_filter,false_reappearance,2,1002,,1,20,0.03924,0.05443,71,17,26,0.05843,0.05443,0.53521,0.00000,0,0.00000,0.77778,90.00000,0,1.04471,0.11181,0.30000,0.21603,0:0.056:-0.480:b0.457:0.216:occ0;12:0.346:-0.001:b0.420:0.323:occ0;24:0.407:0.257:b0.388:0.228:occ1;36:0.386:0.232:b0.379:0.222:occ1;48:0.385:0.208:b0.377:0.232:occ1;60:0.400:0.212:b0.403:0.222:occ1;72:0.396:0.219:b0.424:0.179:occ1;84:0.394:0.221:b0.378:0.238:occ1;89:0.389:0.224:b0.404:0.211:occ1
occlusion_aware_permanence_v4,false_reappearance,2,1002,,1,20,0.00785,0.02032,71,17,35,0.01430,0.02032,0.61972,0.00000,0,0.00000,0.77778,90.00000,0,0.99686,0.15579,0.30000,0.26517,0:0.056:-0.480:b0.405:0.207:occ0;12:0.356:-0.001:b0.372:0.324:occ0;24:0.408:0.271:b0.399:0.271:occ1;36:0.402:0.281:b0.405:0.268:occ1;48:0.401:0.272:b0.412:0.265:occ1;60:0.401:0.276:b0.391:0.287:occ1;72:0.394:0.286:b0.396:0.285:occ1;84:0.394:0.286:b0.411:0.268:occ1;89:0.398:0.283:b0.410:0.269:occ1
learned_only_branch,false_reappearance,2,1002,,1,21,0.02965,0.03162,71,19,28,0.03805,0.03162,0.23944,0.00000,0,0.00000,0.76667,90.00000,0,0.96581,0.07586,0.23000,0.23740,0:0.056:-0.480:b0.386:0.276:occ0;12:0.359:-0.006:b0.389:0.277:occ0;24:0.395:0.251:b0.376:0.242:occ1;36:0.386:0.246:b0.401:0.234:occ1;48:0.386:0.237:b0.398:0.245:occ1;60:0.385:0.245:b0.391:0.242:occ1;72:0.387:0.246:b0.398:0.243:occ1;84:0.384:0.245:b0.377:0.247:occ1;89:0.383:0.245:b0.377:0.247:occ1
occlusion_full_v5,false_reappearance,2,1003,,1,18,0.04750,0.04714,73,17,32,0.05044,0.04714,0.54795,0.00000,0,0.62222,0.80000,90.00000,0,0.87379,0.12236,0.30000,0.10227,0:0.106:-0.480:b-0.145:0.168:occ0;12:-0.074:-0.026:b-0.052:0.157:occ0;24:-0.120:0.229:b-0.117:0.242:occ1;36:-0.119:0.251:b-0.115:0.242:occ1;48:-0.116:0.242:b-0.119:0.240:occ1;60:-0.116:0.241:b-0.119:0.242:occ1;72:-0.118:0.241:b-0.117:0.241:occ1;84:-0.118:0.242:b-0.118:0.239:occ1;89:-0.118:0.242:b-0.117:0.242:occ1
ablate_no_self_mask,false_reappearance,2,1003,,1,18,0.06129,0.06766,73,14,28,0.06263,0.06766,0.68493,0.00000,0,0.00000,0.80000,90.00000,0,0.84422,0.13943,0.30000,0.17328,0:0.106:-0.480:b-0.127:0.134:occ0;12:-0.097:-0.026:b-0.083:0.188:occ0;24:-0.140:0.163:b-0.152:0.139:occ1;36:-0.148:0.144:b-0.131:0.136:occ1;48:-0.149:0.136:b-0.145:0.135:occ1;60:-0.144:0.137:b-0.161:0.130:occ1;72:-0.147:0.139:b-0.134:0.147:occ1;84:-0.146:0.140:b-0.159:0.131:occ1;89:-0.152:0.136:b-0.157:0.131:occ1
ablate_no_branch_belief,false_reappearance,2,1003,,0,18,0.08803,0.08885,73,17,18,0.08166,0.08885,0.54795,0.00000,0,0.00000,0.50000,90.00000,0,0.82381,0.10179,0.30000,0.18289,0:0.106:-0.480:b-0.116:0.140:occ0;12:-0.081:-0.023:b-0.101:0.214:occ0;24:-0.136:0.146:b-0.140:0.102:occ1;36:-0.132:0.123:b-0.140:0.103:occ1;48:-0.136:0.108:b-0.139:0.105:occ1;60:-0.132:0.117:b-0.139:0.106:occ1;72:-0.134:0.114:b-0.142:0.104:occ1;84:-0.138:0.109:b-0.139:0.108:occ1;89:-0.139:0.108:b-0.139:0.107:occ1
ablate_no_contact_update,false_reappearance,2,1003,,1,18,0.02350,0.01883,73,15,30,0.01826,0.01883,0.54795,0.00000,0,0.72222,0.80000,90.00000,0,0.84615,0.14653,0.30000,0.09919,0:0.108:-0.480:b-0.052:0.217:occ0;12:-0.070:-0.022:b-0.116:0.279:occ0;24:-0.110:0.200:b-0.099:0.181:occ1;36:-0.099:0.189:b-0.094:0.174:occ1;48:-0.095:0.177:b-0.095:0.184:occ1;60:-0.094:0.179:b-0.094:0.182:occ1;72:-0.092:0.179:b-0.094:0.186:occ1;84:-0.093:0.181:b-0.093:0.177:occ1;89:-0.093:0.181:b-0.096:0.186:occ1
ablate_no_uncertainty_inflation,false_reappearance,2,1003,,1,18,0.01902,0.01803,73,15,32,0.02050,0.01803,0.00000,0.00000,0,0.74444,0.80000,90.00000,0,0.84964,0.06002,0.14000,0.09204,0:0.106:-0.480:b-0.116:0.216:occ0;12:-0.075:-0.023:b-0.155:0.165:occ0;24:-0.107:0.210:b-0.103:0.210:occ1;36:-0.103:0.220:b-0.101:0.208:occ1;48:-0.099:0.208:b-0.099:0.213:occ1;60:-0.101:0.208:b-0.101:0.207:occ1;72:-0.101:0.207:b-0.101:0.205:occ1;84:-0.100:0.206:b-0.099:0.209:occ1;89:-0.100:0.206:b-0.100:0.205:occ1
ablate_no_identity_filter,false_reappearance,2,1003,,1,18,0.03293,0.02867,73,16,33,0.03016,0.02867,0.63014,0.00000,0,0.70000,0.80000,90.00000,0,0.85793,0.14946,0.30000,0.09360,0:0.107:-0.480:b-0.097:0.174:occ0;12:-0.075:-0.020:b-0.073:0.174:occ0;24:-0.119:0.213:b-0.109:0.212:occ1;36:-0.109:0.226:b-0.107:0.214:occ1;48:-0.106:0.216:b-0.104:0.219:occ1;60:-0.106:0.213:b-0.106:0.217:occ1;72:-0.106:0.216:b-0.104:0.221:occ1;84:-0.106:0.215:b-0.107:0.214:occ1;89:-0.106:0.217:b-0.107:0.213:occ1
ablate_no_reacquisition_guard,false_reappearance,2,1003,,1,18,0.02580,0.02365,73,15,29,0.02613,0.02365,0.54795,0.03448,0,0.76667,0.80000,90.00000,0,0.85046,0.13859,0.30000,0.09327,0:0.108:-0.480:b-0.067:0.250:occ0;12:-0.060:-0.019:b-0.074:0.211:occ0;24:-0.104:0.218:b-0.105:0.213:occ1;36:-0.105:0.224:b-0.103:0.212:occ1;48:-0.103:0.213:b-0.102:0.216:occ1;60:-0.103:0.212:b-0.105:0.221:occ1;72:-0.104:0.213:b-0.105:0.214:occ1;84:-0.104:0.213:b-0.104:0.211:occ1;89:-0.103:0.212:b-0.103:0.209:occ1
ablate_no_tail_risk_objective,false_reappearance,2,1003,,1,18,0.05400,0.05438,73,15,31,0.05647,0.05438,0.54795,0.00000,0,0.00000,0.80000,90.00000,0,1.06398,0.11941,0.30000,0.16911,0:0.108:-0.480:b-0.064:0.148:occ0;12:-0.084:-0.028:b-0.135:0.199:occ0;24:-0.178:0.195:b-0.169:0.172:occ1;36:-0.151:0.162:b-0.165:0.168:occ1;48:-0.155:0.160:b-0.159:0.160:occ1;60:-0.164:0.166:b-0.159:0.164:occ1;72:-0.167:0.174:b-0.166:0.168:occ1;84:-0.168:0.171:b-0.167:0.170:occ1;89:-0.165:0.163:b-0.162:0.158:occ1
ablate_no_false_detection_rejection,false_reappearance,2,1003,,1,18,0.04720,0.04877,73,17,31,0.04948,0.04877,0.54795,0.00000,0,0.74444,0.80000,90.00000,0,0.90683,0.12074,0.30000,0.08014,0:0.107:-0.480:b-0.090:0.215:occ0;12:-0.067:-0.024:b-0.126:0.136:occ0;24:-0.085:0.191:b-0.074:0.176:occ1;36:-0.051:0.181:b-0.049:0.179:occ1;48:-0.060:0.164:b-0.055:0.163:occ1;60:-0.062:0.178:b-0.073:0.163:occ1;72:-0.057:0.172:b-0.076:0.207:occ1;84:-0.062:0.173:b-0.078:0.191:occ1;89:-0.062:0.178:b-0.058:0.193:occ1
ablate_no_distractor_filter,false_reappearance,2,1003,,1,18,0.02641,0.03746,73,17,22,0.02602,0.03746,0.54795,0.00000,0,0.56667,0.80000,90.00000,0,0.86384,0.13758,0.30000,0.09390,0:0.108:-0.480:b-0.061:0.154:occ0;12:-0.073:-0.021:b-0.053:0.185:occ0;24:-0.105:0.188:b-0.101:0.193:occ1;36:-0.092:0.187:b-0.106:0.164:occ1;48:-0.093:0.172:b-0.077:0.179:occ1;60:-0.091:0.172:b-0.099:0.169:occ1;72:-0.095:0.174:b-0.095:0.184:occ1;84:-0.092:0.183:b-0.059:0.222:occ1;89:-0.088:0.183:b-0.085:0.165:occ1
occlusion_aware_permanence_v4,false_reappearance,2,1003,,1,18,0.02081,0.02054,73,15,30,0.02209,0.02054,0.63014,0.00000,0,0.00000,0.80000,90.00000,0,0.83417,0.15673,0.30000,0.11610,0:0.107:-0.480:b-0.089:0.181:occ0;12:-0.079:-0.025:b-0.113:0.116:occ0;24:-0.114:0.180:b-0.105:0.161:occ1;36:-0.108:0.172:b-0.107:0.157:occ1;48:-0.105:0.163:b-0.104:0.166:occ1;60:-0.104:0.168:b-0.106:0.171:occ1;72:-0.105:0.166:b-0.106:0.170:occ1;84:-0.104:0.167:b-0.100:0.163:occ1;89:-0.104:0.167:b-0.103:0.168:occ1
learned_only_branch,false_reappearance,2,1003,,1,18,0.02305,0.02710,73,16,30,0.02021,0.02710,0.26027,0.00000,0,0.00000,0.80000,90.00000,0,0.83557,0.09212,0.23600,0.11481,0:0.104:-0.480:b-0.189:0.137:occ0;12:-0.072:-0.025:b-0.111:0.184:occ0;24:-0.113:0.189:b-0.115:0.184:occ1;36:-0.111:0.177:b-0.109:0.174:occ1;48:-0.110:0.173:b-0.102:0.167:occ1;60:-0.105:0.170:b-0.105:0.166:occ1;72:-0.104:0.172:b-0.103:0.167:occ1;84:-0.105:0.171:b-0.106:0.179:occ1;89:-0.105:0.171:b-0.104:0.166:occ1
occlusion_full_v5,false_reappearance,3,1000,,1,23,0.05587,0.05171,68,22,23,0.06232,0.05171,0.51471,0.00000,0,0.00000,0.70000,90.00000,0,1.09790,0.10545,0.30000,0.11427,0:0.104:-0.480:b0.260:0.427:occ0;12:0.258:0.006:b0.301:0.394:occ0;24:0.305:0.358:b0.270:0.456:occ1;36:0.276:0.460:b0.269:0.450:occ1;48:0.270:0.453:b0.243:0.475:occ1;60:0.272:0.449:b0.274:0.447:occ1;72:0.273:0.447:b0.268:0.450:occ1;84:0.265:0.454:b0.277:0.445:occ1;89:0.270:0.451:b0.275:0.446:occ1
ablate_no_self_mask,false_reappearance,3,1000,,1,22,0.07380,0.07415,69,20,27,0.07877,0.07415,0.66667,0.07407,0,0.68889,0.53333,90.00000,0,1.09409,0.12213,0.30000,0.08612,0:0.105:-0.480:b0.292:0.431:occ0;12:0.276:0.008:b0.315:0.354:occ0;24:0.275:0.382:b0.216:0.448:occ1;36:0.239:0.470:b0.241:0.456:occ1;48:0.240:0.460:b0.244:0.459:occ1;60:0.240:0.455:b0.246:0.460:occ1;72:0.241:0.457:b0.239:0.456:occ1;84:0.242:0.458:b0.244:0.459:occ1;89:0.240:0.457:b0.238:0.457:occ1
ablate_no_branch_belief,false_reappearance,3,1000,,1,23,0.07366,0.07000,68,21,22,0.08206,0.07000,0.51471,0.31818,0,0.66667,0.48889,90.00000,0,1.11521,0.09573,0.30000,0.07433,0:0.105:-0.480:b0.297:0.390:occ0;12:0.277:0.005:b0.336:0.338:occ0;24:0.289:0.363:b0.233:0.462:occ1;36:0.231:0.466:b0.220:0.458:occ1;48:0.226:0.456:b0.232:0.450:occ1;60:0.227:0.454:b0.227:0.456:occ1;72:0.228:0.454:b0.227:0.452:occ1;84:0.231:0.449:b0.230:0.451:occ1;89:0.229:0.452:b0.231:0.449:occ1
ablate_no_contact_update,false_reappearance,3,1000,,1,22,0.01853,0.02362,69,20,26,0.01938,0.02362,0.52174,0.00000,0,0.00000,0.75556,90.00000,0,1.01400,0.13124,0.30000,0.13298,0:0.105:-0.480:b0.301:0.372:occ0;12:0.244:0.007:b0.318:0.411:occ0;24:0.278:0.356:b0.263:0.368:occ1;36:0.266:0.384:b0.265:0.369:occ1;48:0.268:0.369:b0.269:0.376:occ1;60:0.270:0.365:b0.271:0.367:occ1;72:0.270:0.370:b0.270:0.362:occ1;84:0.270:0.369:b0.270:0.372:occ1;89:0.269:0.372:b0.270:0.367:occ1
ablate_no_uncertainty_inflation,false_reappearance,3,1000,,1,22,0.05602,0.04845,69,20,32,0.06115,0.04845,0.00000,0.00000,0,0.00000,0.68889,90.00000,0,1.08941,0.04136,0.14000,0.11143,0:0.108:-0.480:b0.380:0.339:occ0;12:0.255:0.007:b0.255:0.417:occ0;24:0.276:0.379:b0.263:0.447:occ1;36:0.273:0.461:b0.260:0.453:occ1;48:0.271:0.447:b0.279:0.440:occ1;60:0.272:0.444:b0.259:0.472:occ1;72:0.272:0.447:b0.264:0.448:occ1;84:0.268:0.445:b0.279:0.441:occ1;89:0.267:0.449:b0.271:0.442:occ1
ablate_no_identity_filter,false_reappearance,3,1000,,1,22,0.05617,0.06695,69,21,33,0.06480,0.06695,0.60870,0.00000,0,0.00000,0.64444,90.00000,0,1.10308,0.11721,0.30000,0.11939,0:0.104:-0.480:b0.279:0.385:occ0;12:0.261:0.005:b0.309:0.352:occ0;24:0.286:0.374:b0.270:0.453:occ1;36:0.273:0.466:b0.267:0.455:occ1;48:0.273:0.453:b0.282:0.445:occ1;60:0.275:0.448:b0.265:0.466:occ1;72:0.273:0.451:b0.280:0.444:occ1;84:0.273:0.450:b0.281:0.445:occ1;89:0.275:0.448:b0.260:0.456:occ1
ablate_no_reacquisition_guard,false_reappearance,3,1000,,1,22,0.04537,0.04145,69,16,28,0.05056,0.04145,0.53623,0.00000,0,0.50000,0.75556,90.00000,0,1.06810,0.11395,0.30000,0.10130,0:0.105:-0.480:b0.287:0.374:occ0;12:0.248:0.003:b0.268:0.393:occ0;24:0.275:0.371:b0.265:0.431:occ1;36:0.257:0.445:b0.260:0.429:occ1;48:0.252:0.436:b0.253:0.434:occ1;60:0.255:0.431:b0.259:0.429:occ1;72:0.260:0.427:b0.256:0.429:occ1;84:0.260:0.429:b0.254:0.441:occ1;89:0.257:0.432:b0.258:0.429:occ1
ablate_no_tail_risk_objective,false_reappearance,3,1000,,1,22,0.03320,0.03144,69,18,28,0.04169,0.03144,0.52174,0.00000,0,0.66667,0.75556,90.00000,0,1.22158,0.11545,0.30000,0.09904,0:0.104:-0.480:b0.283:0.334:occ0;12:0.247:0.007:b0.287:0.436:occ0;24:0.271:0.378:b0.252:0.404:occ1;36:0.243:0.406:b0.247:0.407:occ1;48:0.239:0.419:b0.248:0.408:occ1;60:0.249:0.413:b0.251:0.412:occ1;72:0.245:0.420:b0.250:0.407:occ1;84:0.248:0.416:b0.249:0.414:occ1;89:0.248:0.405:b0.250:0.405:occ1
ablate_no_false_detection_rejection,false_reappearance,3,1000,,1,22,0.01351,0.01339,69,20,31,0.02225,0.01339,0.52174,0.00000,0,0.00000,0.75556,90.00000,0,1.05648,0.13075,0.30000,0.12389,0:0.103:-0.480:b0.251:0.389:occ0;12:0.254:0.002:b0.263:0.384:occ0;24:0.278:0.354:b0.251:0.389:occ1;36:0.264:0.401:b0.271:0.365:occ1;48:0.264:0.383:b0.217:0.408:occ1;60:0.261:0.381:b0.275:0.380:occ1;72:0.264:0.382:b0.278:0.366:occ1;84:0.268:0.376:b0.277:0.367:occ1;89:0.263:0.378:b0.277:0.374:occ1
ablate_no_distractor_filter,false_reappearance,3,1000,,1,22,0.06154,0.06382,69,20,18,0.06473,0.06382,0.52174,0.00000,0,0.00000,0.75556,90.00000,0,1.11365,0.10434,0.30000,0.14811,0:0.104:-0.480:b0.253:0.379:occ0;12:0.264:0.010:b0.315:0.429:occ0;24:0.304:0.374:b0.311:0.439:occ1;36:0.314:0.450:b0.287:0.423:occ1;48:0.291:0.437:b0.289:0.436:occ1;60:0.309:0.434:b0.317:0.434:occ1;72:0.313:0.435:b0.317:0.434:occ1;84:0.309:0.436:b0.244:0.463:occ1;89:0.304:0.439:b0.317:0.434:occ1
occlusion_aware_permanence_v4,false_reappearance,3,1000,,1,23,0.01078,0.01084,68,21,35,0.01442,0.01084,0.60294,0.00000,0,0.00000,0.74444,90.00000,0,1.01209,0.14514,0.30000,0.12591,0:0.105:-0.480:b0.297:0.423:occ0;12:0.249:0.008:b0.273:0.420:occ0;24:0.282:0.346:b0.257:0.385:occ1;36:0.263:0.393:b0.261:0.388:occ1;48:0.264:0.382:b0.266:0.381:occ1;60:0.267:0.381:b0.266:0.394:occ1;72:0.267:0.384:b0.266:0.384:occ1;84:0.267:0.381:b0.267:0.373:occ1;89:0.266:0.381:b0.267:0.389:occ1
learned_only_branch,false_reappearance,3,1000,,1,23,0.07756,0.08479,69,20,27,0.07819,0.08479,0.21739,0.00000,0,0.00000,0.56667,90.00000,0,1.01240,0.05566,0.22400,0.14179,0:0.102:-0.480:b0.191:0.359:occ0;12:0.250:0.003:b0.243:0.357:occ0;24:0.266:0.337:b0.212:0.314:occ1;36:0.228:0.337:b0.229:0.315:occ1;48:0.230:0.317:b0.231:0.316:occ1;60:0.234:0.320:b0.234:0.317:occ1;72:0.236:0.322:b0.240:0.335:occ1;84:0.237:0.327:b0.234:0.317:occ1;89:0.237:0.325:b0.234:0.318:occ1
occlusion_full_v5,false_reappearance,3,1001,,1,19,0.03881,0.03812,72,16,23,0.04187,0.03812,0.54167,0.00000,0,0.00000,0.78889,90.00000,0,0.90412,0.12347,0.30000,0.17187,0:0.088:-0.480:b0.245:0.208:occ0;12:0.229:-0.013:b0.222:0.264:occ0;24:0.265:0.251:b0.257:0.268:occ1;36:0.272:0.278:b0.274:0.267:occ1;48:0.270:0.269:b0.270:0.268:occ1;60:0.276:0.267:b0.286:0.265:occ1;72:0.276:0.267:b0.266:0.271:occ1;84:0.274:0.268:b0.296:0.261:occ1;89:0.275:0.268:b0.268:0.270:occ1
ablate_no_self_mask,false_reappearance,3,1001,,1,19,0.04268,0.03386,72,18,34,0.03724,0.03386,0.68056,0.00000,0,0.00000,0.78889,90.00000,0,0.89707,0.15122,0.30000,0.18371,0:0.088:-0.480:b0.246:0.223:occ0;12:0.229:-0.012:b0.215:0.244:occ0;24:0.254:0.257:b0.252:0.270:occ1;36:0.257:0.276:b0.254:0.269:occ1;48:0.260:0.264:b0.251:0.269:occ1;60:0.260:0.259:b0.261:0.255:occ1;72:0.260:0.259:b0.261:0.247:occ1;84:0.259:0.260:b0.251:0.269:occ1;89:0.256:0.263:b0.260:0.254:occ1
ablate_no_branch_belief,false_reappearance,3,1001,,1,19,0.07308,0.09482,72,17,29,0.07202,0.09482,0.54167,0.00000,0,0.00000,0.78889,90.00000,0,0.90644,0.10202,0.30000,0.23978,0:0.088:-0.480:b0.237:0.226:occ0;12:0.233:-0.017:b0.218:0.218:occ0;24:0.210:0.241:b0.194:0.239:occ1;36:0.177:0.250:b0.170:0.243:occ1;48:0.180:0.242:b0.167:0.244:occ1;60:0.177:0.242:b0.195:0.242:occ1;72:0.177:0.243:b0.173:0.244:occ1;84:0.179:0.243:b0.202:0.241:occ1;89:0.182:0.243:b0.160:0.245:occ1
ablate_no_contact_update,false_reappearance,3,1001,,1,19,0.07571,0.06693,72,17,22,0.06693,0.06693,0.54167,0.00000,0,0.00000,0.78889,90.00000,0,0.92986,0.10751,0.30000,0.23090,0:0.087:-0.480:b0.197:0.241:occ0;12:0.221:-0.015:b0.214:0.230:occ0;24:0.234:0.275:b0.217:0.285:occ1;36:0.222:0.299:b0.222:0.289:occ1;48:0.221:0.290:b0.225:0.289:occ1;60:0.226:0.290:b0.217:0.292:occ1;72:0.223:0.291:b0.232:0.288:occ1;84:0.217:0.292:b0.215:0.292:occ1;89:0.219:0.292:b0.229:0.289:occ1
ablate_no_uncertainty_inflation,false_reappearance,3,1001,,1,19,0.01693,0.00914,72,18,27,0.02859,0.00914,0.00000,0.00000,0,0.00000,0.78889,90.00000,0,0.89847,0.05715,0.14000,0.14070,0:0.088:-0.480:b0.239:0.238:occ0;12:0.228:-0.019:b0.213:0.179:occ0;24:0.270:0.239:b0.295:0.237:occ1;36:0.294:0.247:b0.276:0.241:occ1;48:0.287:0.237:b0.302:0.231:occ1;60:0.289:0.240:b0.282:0.243:occ1;72:0.295:0.240:b0.293:0.242:occ1;84:0.289:0.240:b0.310:0.240:occ1;89:0.292:0.239:b0.280:0.243:occ1
ablate_no_identity_filter,false_reappearance,3,1001,,1,19,0.02648,0.02032,72,18,31,0.03099,0.02032,0.62500,0.00000,0,0.00000,0.78889,90.00000,0,0.88986,0.14642,0.30000,0.14027,0:0.090:-0.480:b0.291:0.242:occ0;12:0.231:-0.014:b0.200:0.264:occ0;24:0.268:0.237:b0.281:0.243:occ1;36:0.291:0.249:b0.275:0.241:occ1;48:0.284:0.239:b0.272:0.240:occ1;60:0.283:0.240:b0.296:0.237:occ1;72:0.291:0.241:b0.292:0.238:occ1;84:0.292:0.239:b0.304:0.236:occ1;89:0.293:0.239:b0.287:0.245:occ1
ablate_no_reacquisition_guard,false_reappearance,3,1001,,1,20,0.03263,0.02159,72,18,31,0.04152,0.02159,0.54167,0.00000,0,0.00000,0.77778,90.00000,0,0.87893,0.12584,0.30000,0.13137,0:0.087:-0.480:b0.207:0.245:occ0;12:0.228:-0.016:b0.262:0.188:occ0;24:0.279:0.223:b0.287:0.220:occ1;36:0.293:0.226:b0.290:0.213:occ1;48:0.291:0.215:b0.280:0.215:occ1;60:0.295:0.218:b0.304:0.227:occ1;72:0.292:0.217:b0.305:0.210:occ1;84:0.288:0.217:b0.280:0.217:occ1;89:0.291:0.220:b0.278:0.218:occ1
ablate_no_tail_risk_objective,false_reappearance,3,1001,,1,19,0.07956,0.07450,72,17,29,0.07631,0.07450,0.54167,0.00000,0,0.00000,0.46667,90.00000,0,1.09432,0.10226,0.30000,0.23236,0:0.089:-0.480:b0.257:0.189:occ0;12:0.232:-0.015:b0.262:0.289:occ0;24:0.215:0.297:b0.217:0.284:occ1;36:0.218:0.298:b0.210:0.300:occ1;48:0.213:0.298:b0.218:0.295:occ1;60:0.208:0.299:b0.211:0.299:occ1;72:0.219:0.293:b0.221:0.294:occ1;84:0.205:0.301:b0.220:0.295:occ1;89:0.220:0.296:b0.229:0.295:occ1
ablate_no_false_detection_rejection,false_reappearance,3,1001,,1,19,0.04345,0.02620,72,16,34,0.05333,0.02620,0.54167,0.08824,0,0.00000,0.78889,90.00000,0,0.92202,0.11885,0.30000,0.12019,0:0.090:-0.480:b0.295:0.237:occ0;12:0.238:-0.014:b0.232:0.245:occ0;24:0.280:0.227:b0.295:0.217:occ1;36:0.298:0.220:b0.319:0.180:occ1;48:0.302:0.203:b0.303:0.199:occ1;60:0.309:0.201:b0.280:0.222:occ1;72:0.303:0.210:b0.311:0.200:occ1;84:0.295:0.209:b0.290:0.208:occ1;89:0.298:0.209:b0.285:0.221:occ1
ablate_no_distractor_filter,false_reappearance,3,1001,,1,19,0.03044,0.02611,72,18,31,0.04015,0.02611,0.54167,0.00000,0,0.00000,0.78889,90.00000,0,0.95183,0.12791,0.30000,0.14761,0:0.090:-0.480:b0.305:0.207:occ0;12:0.241:-0.012:b0.301:0.281:occ0;24:0.274:0.260:b0.278:0.265:occ1;36:0.279:0.274:b0.307:0.255:occ1;48:0.300:0.250:b0.295:0.247:occ1;60:0.286:0.258:b0.296:0.261:occ1;72:0.286:0.258:b0.296:0.259:occ1;84:0.290:0.257:b0.314:0.243:occ1;89:0.295:0.254:b0.288:0.257:occ1
occlusion_aware_permanence_v4,false_reappearance,3,1001,,1,19,0.06686,0.06882,72,17,31,0.06115,0.06882,0.62500,0.00000,0,0.00000,0.78889,90.00000,0,0.82574,0.12598,0.30000,0.14935,0:0.088:-0.480:b0.241:0.304:occ0;12:0.224:-0.013:b0.235:0.248:occ0;24:0.252:0.205:b0.259:0.177:occ1;36:0.260:0.189:b0.253:0.180:occ1;48:0.259:0.181:b0.260:0.180:occ1;60:0.259:0.180:b0.259:0.179:occ1;72:0.258:0.179:b0.255:0.178:occ1;84:0.258:0.179:b0.253:0.177:occ1;89:0.258:0.179:b0.255:0.178:occ1
learned_only_branch,false_reappearance,3,1001,,1,19,0.05251,0.04856,72,17,30,0.05942,0.04856,0.25000,0.00000,0,0.00000,0.78889,90.00000,0,0.87032,0.06868,0.23300,0.11225,0:0.088:-0.480:b0.236:0.188:occ0;12:0.219:-0.009:b0.266:0.253:occ0;24:0.280:0.215:b0.297:0.196:occ1;36:0.303:0.200:b0.293:0.193:occ1;48:0.298:0.193:b0.310:0.200:occ1;60:0.300:0.197:b0.310:0.203:occ1;72:0.303:0.196:b0.293:0.197:occ1;84:0.302:0.197:b0.310:0.193:occ1;89:0.301:0.197:b0.293:0.197:occ1
occlusion_full_v5,false_reappearance,3,1002,,1,24,0.07497,0.07344,67,23,23,0.07434,0.07344,0.50746,0.00000,0,0.06667,0.73333,90.00000,0,1.14362,0.09191,0.30000,0.27497,0:0.128:-0.480:b0.410:0.443:occ0;12:0.336:0.012:b0.330:0.436:occ0;24:0.359:0.398:b0.281:0.466:occ1;36:0.295:0.471:b0.284:0.462:occ1;48:0.287:0.461:b0.283:0.462:occ1;60:0.288:0.457:b0.296:0.452:occ1;72:0.287:0.459:b0.285:0.460:occ1;84:0.291:0.455:b0.288:0.458:occ1;89:0.290:0.456:b0.292:0.456:occ1
ablate_no_self_mask,false_reappearance,3,1002,,1,24,0.06122,0.08051,67,17,29,0.07393,0.08051,0.65672,0.00000,0,0.06667,0.51111,90.00000,0,1.20244,0.12629,0.30000,0.32942,0:0.125:-0.480:b0.340:0.440:occ0;12:0.328:0.012:b0.372:0.481:occ0;24:0.379:0.409:b0.374:0.550:occ1;36:0.384:0.543:b0.385:0.532:occ1;48:0.384:0.536:b0.383:0.530:occ1;60:0.381:0.520:b0.384:0.535:occ1;72:0.379:0.509:b0.378:0.513:occ1;84:0.379:0.508:b0.374:0.493:occ1;89:0.378:0.511:b0.383:0.529:occ1
ablate_no_branch_belief,false_reappearance,3,1002,,1,24,0.00763,0.00907,67,23,25,0.00922,0.00907,0.50746,0.00000,0,0.05556,0.73333,90.00000,0,1.11377,0.13391,0.30000,0.27148,0:0.124:-0.480:b0.303:0.412:occ0;12:0.340:0.014:b0.424:0.491:occ0;24:0.370:0.400:b0.345:0.461:occ1;36:0.347:0.472:b0.348:0.457:occ1;48:0.347:0.457:b0.349:0.454:occ1;60:0.348:0.453:b0.344:0.457:occ1;72:0.347:0.455:b0.345:0.456:occ1;84:0.346:0.456:b0.346:0.456:occ1;89:0.347:0.456:b0.345:0.456:occ1
ablate_no_contact_update,false_reappearance,3,1002,,1,24,0.04369,0.04263,68,22,28,0.04344,0.04263,0.51471,0.00000,0,0.06667,0.73333,90.00000,0,1.08931,0.11399,0.30000,0.24919,0:0.126:-0.480:b0.363:0.412:occ0;12:0.334:0.013:b0.354:0.493:occ0;24:0.375:0.398:b0.398:0.428:occ1;36:0.396:0.442:b0.398:0.426:occ1;48:0.400:0.424:b0.398:0.426:occ1;60:0.397:0.424:b0.397:0.424:occ1;72:0.397:0.426:b0.397:0.423:occ1;84:0.397:0.426:b0.397:0.426:occ1;89:0.397:0.425:b0.396:0.425:occ1
ablate_no_uncertainty_inflation,false_reappearance,3,1002,,1,25,0.03470,0.03597,67,22,27,0.03212,0.03597,0.00000,0.00000,0,0.06667,0.72222,90.00000,0,1.07559,0.04677,0.14000,0.25180,0:0.128:-0.480:b0.417:0.491:occ0;12:0.321:0.014:b0.328:0.526:occ0;24:0.385:0.384:b0.371:0.443:occ1;36:0.383:0.447:b0.384:0.428:occ1;48:0.382:0.432:b0.382:0.431:occ1;60:0.382:0.431:b0.381:0.432:occ1;72:0.381:0.432:b0.381:0.433:occ1;84:0.382:0.431:b0.381:0.434:occ1;89:0.382:0.431:b0.382:0.430:occ1
ablate_no_identity_filter,false_reappearance,3,1002,,1,23,0.03120,0.03889,68,22,25,0.03503,0.03889,0.60294,0.00000,0,0.05556,0.74444,90.00000,0,1.12206,0.13417,0.30000,0.27386,0:0.126:-0.480:b0.366:0.459:occ0;12:0.344:0.013:b0.360:0.452:occ0;24:0.377:0.408:b0.399:0.451:occ1;36:0.396:0.469:b0.399:0.450:occ1;48:0.402:0.448:b0.400:0.446:occ1;60:0.398:0.447:b0.398:0.450:occ1;72:0.397:0.450:b0.399:0.452:occ1;84:0.398:0.451:b0.396:0.450:occ1;89:0.397:0.450:b0.404:0.438:occ1
ablate_no_reacquisition_guard,false_reappearance,3,1002,,1,23,0.02158,0.02826,68,22,28,0.02174,0.02826,0.51471,0.00000,0,0.06667,0.74444,90.00000,0,1.09478,0.12613,0.30000,0.26098,0:0.125:-0.480:b0.335:0.476:occ0;12:0.331:0.012:b0.364:0.451:occ0;24:0.367:0.404:b0.379:0.440:occ1;36:0.378:0.459:b0.380:0.442:occ1;48:0.381:0.443:b0.380:0.443:occ1;60:0.379:0.441:b0.378:0.443:occ1;72:0.378:0.442:b0.378:0.442:occ1;84:0.378:0.442:b0.377:0.442:occ1;89:0.379:0.441:b0.382:0.436:occ1
ablate_no_tail_risk_objective,false_reappearance,3,1002,,1,23,0.04950,0.04675,68,19,26,0.04117,0.04675,0.51471,0.00000,0,0.06667,0.74444,90.00000,0,1.29276,0.11683,0.30000,0.26201,0:0.125:-0.480:b0.323:0.419:occ0;12:0.331:0.010:b0.399:0.404:occ0;24:0.368:0.420:b0.401:0.440:occ1;36:0.403:0.437:b0.400:0.439:occ1;48:0.401:0.439:b0.400:0.438:occ1;60:0.399:0.442:b0.400:0.440:occ1;72:0.402:0.435:b0.402:0.436:occ1;84:0.392:0.447:b0.401:0.441:occ1;89:0.406:0.436:b0.402:0.435:occ1
ablate_no_false_detection_rejection,false_reappearance,3,1002,,1,24,0.04662,0.05239,67,22,31,0.04200,0.05239,0.50746,0.00000,0,0.06667,0.73333,90.00000,0,1.19873,0.10862,0.30000,0.23130,0:0.125:-0.480:b0.338:0.403:occ0;12:0.334:0.011:b0.380:0.413:occ0;24:0.376:0.402:b0.381:0.436:occ1;36:0.388:0.455:b0.390:0.439:occ1;48:0.390:0.433:b0.375:0.397:occ1;60:0.378:0.401:b0.351:0.386:occ1;72:0.379:0.416:b0.384:0.418:occ1;84:0.383:0.419:b0.355:0.335:occ1;89:0.381:0.411:b0.376:0.404:occ1
ablate_no_distractor_filter,false_reappearance,3,1002,,1,24,0.06515,0.06503,67,21,36,0.06357,0.06503,0.50746,0.05556,0,0.06667,0.64444,90.00000,0,1.22734,0.09973,0.30000,0.21966,0:0.125:-0.480:b0.334:0.454:occ0;12:0.311:0.009:b0.403:0.415:occ0;24:0.366:0.395:b0.412:0.439:occ1;36:0.401:0.444:b0.405:0.432:occ1;48:0.399:0.403:b0.391:0.407:occ1;60:0.393:0.383:b0.403:0.436:occ1;72:0.397:0.424:b0.404:0.439:occ1;84:0.395:0.414:b0.394:0.406:occ1;89:0.389:0.397:b0.387:0.396:occ1
occlusion_aware_permanence_v4,false_reappearance,3,1002,,1,24,0.02514,0.04191,67,23,36,0.02751,0.04191,0.59701,0.00000,0,0.06667,0.73333,90.00000,0,1.09347,0.13761,0.30000,0.26619,0:0.128:-0.480:b0.420:0.387:occ0;12:0.319:0.011:b0.388:0.398:occ0;24:0.368:0.394:b0.396:0.460:occ1;36:0.385:0.460:b0.386:0.446:occ1;48:0.388:0.446:b0.388:0.445:occ1;60:0.386:0.442:b0.385:0.446:occ1;72:0.386:0.445:b0.387:0.442:occ1;84:0.385:0.446:b0.385:0.447:occ1;89:0.385:0.445:b0.394:0.430:occ1
learned_only_branch,false_reappearance,3,1002,,1,24,0.03441,0.03557,67,20,34,0.03634,0.03557,0.19403,0.00000,0,0.06667,0.73333,90.00000,0,1.09942,0.07089,0.21800,0.26914,0:0.125:-0.480:b0.328:0.409:occ0;12:0.317:0.011:b0.364:0.486:occ0;24:0.369:0.393:b0.394:0.444:occ1;36:0.394:0.461:b0.399:0.447:occ1;48:0.401:0.444:b0.397:0.443:occ1;60:0.398:0.444:b0.398:0.447:occ1;72:0.397:0.446:b0.398:0.447:occ1;84:0.397:0.446:b0.397:0.445:occ1;89:0.397:0.446:b0.398:0.447:occ1
occlusion_full_v5,false_reappearance,3,1003,,0,23,0.09326,0.06343,68,22,24,0.07804,0.06343,0.51471,0.00000,0,0.00000,0.41111,90.00000,0,1.13488,0.09257,0.30000,0.25858,0:-0.022:-0.480:b-0.193:0.365:occ0;12:-0.223:0.009:b-0.237:0.389:occ0;24:-0.247:0.362:b-0.183:0.352:occ1;36:-0.199:0.376:b-0.218:0.377:occ1;48:-0.192:0.357:b-0.213:0.376:occ1;60:-0.215:0.380:b-0.201:0.366:occ1;72:-0.201:0.369:b-0.234:0.399:occ1;84:-0.191:0.358:b-0.206:0.376:occ1;89:-0.194:0.360:b-0.215:0.384:occ1
ablate_no_self_mask,false_reappearance,3,1003,,1,23,0.04515,0.05106,68,19,25,0.05687,0.05106,0.66176,0.00000,0,0.00000,0.74444,90.00000,0,1.07633,0.13120,0.30000,0.12685,0:-0.025:-0.480:b-0.279:0.415:occ0;12:-0.227:0.009:b-0.189:0.398:occ0;24:-0.269:0.368:b-0.329:0.418:occ1;36:-0.315:0.423:b-0.316:0.411:occ1;48:-0.320:0.410:b-0.312:0.406:occ1;60:-0.318:0.407:b-0.313:0.405:occ1;72:-0.316:0.409:b-0.313:0.407:occ1;84:-0.316:0.409:b-0.313:0.406:occ1;89:-0.316:0.410:b-0.322:0.408:occ1
ablate_no_branch_belief,false_reappearance,3,1003,,1,23,0.05434,0.05479,68,21,29,0.05456,0.05479,0.51471,0.00000,0,0.00000,0.74444,90.00000,0,1.10423,0.10611,0.30000,0.17091,0:-0.024:-0.480:b-0.258:0.411:occ0;12:-0.229:0.008:b-0.272:0.375:occ0;24:-0.263:0.381:b-0.263:0.460:occ1;36:-0.261:0.468:b-0.257:0.456:occ1;48:-0.261:0.461:b-0.255:0.455:occ1;60:-0.255:0.455:b-0.251:0.455:occ1;72:-0.256:0.457:b-0.245:0.452:occ1;84:-0.257:0.457:b-0.256:0.455:occ1;89:-0.259:0.457:b-0.267:0.459:occ1
ablate_no_contact_update,false_reappearance,3,1003,,1,23,0.04856,0.03669,68,21,29,0.05122,0.03669,0.51471,0.00000,0,0.00000,0.74444,90.00000,0,1.08615,0.10695,0.30000,0.21224,0:-0.026:-0.480:b-0.315:0.486:occ0;12:-0.219:0.008:b-0.285:0.410:occ0;24:-0.261:0.359:b-0.232:0.370:occ1;36:-0.253:0.379:b-0.255:0.358:occ1;48:-0.260:0.361:b-0.257:0.361:occ1;60:-0.257:0.359:b-0.222:0.346:occ1;72:-0.245:0.355:b-0.262:0.363:occ1;84:-0.237:0.352:b-0.260:0.361:occ1;89:-0.248:0.357:b-0.285:0.370:occ1
ablate_no_uncertainty_inflation,false_reappearance,3,1003,,1,23,0.05748,0.05371,69,20,29,0.06441,0.05371,0.00000,0.00000,0,0.00000,0.74444,90.00000,0,1.07443,0.03734,0.14000,0.15403,0:-0.023:-0.480:b-0.220:0.418:occ0;12:-0.217:0.005:b-0.254:0.355:occ0;24:-0.289:0.374:b-0.294:0.370:occ1;36:-0.310:0.389:b-0.291:0.366:occ1;48:-0.309:0.374:b-0.290:0.365:occ1;60:-0.308:0.373:b-0.290:0.365:occ1;72:-0.320:0.380:b-0.328:0.384:occ1;84:-0.312:0.376:b-0.302:0.370:occ1;89:-0.307:0.374:b-0.297:0.369:occ1
ablate_no_identity_filter,false_reappearance,3,1003,,1,22,0.03597,0.03662,69,16,26,0.04283,0.03662,0.60870,0.03846,0,0.00000,0.75556,90.00000,0,1.11284,0.13337,0.30000,0.17553,0:-0.024:-0.480:b-0.260:0.404:occ0;12:-0.242:0.014:b-0.227:0.544:occ0;24:-0.275:0.376:b-0.300:0.390:occ1;36:-0.294:0.399:b-0.290:0.380:occ1;48:-0.291:0.381:b-0.301:0.383:occ1;60:-0.278:0.376:b-0.272:0.374:occ1;72:-0.283:0.377:b-0.312:0.385:occ1;84:-0.289:0.379:b-0.268:0.373:occ1;89:-0.279:0.377:b-0.271:0.375:occ1
ablate_no_reacquisition_guard,false_reappearance,3,1003,,1,23,0.06291,0.05618,68,21,31,0.05727,0.05618,0.51471,0.00000,0,0.00000,0.74444,90.00000,0,1.06702,0.10210,0.30000,0.20908,0:-0.022:-0.480:b-0.192:0.430:occ0;12:-0.212:0.009:b-0.259:0.436:occ0;24:-0.260:0.357:b-0.244:0.369:occ1;36:-0.260:0.377:b-0.296:0.371:occ1;48:-0.265:0.359:b-0.228:0.346:occ1;60:-0.255:0.355:b-0.293:0.369:occ1;72:-0.265:0.359:b-0.253:0.354:occ1;84:-0.252:0.354:b-0.273:0.362:occ1;89:-0.253:0.355:b-0.265:0.359:occ1
ablate_no_tail_risk_objective,false_reappearance,3,1003,,1,23,0.05644,0.03910,68,21,33,0.05886,0.03910,0.51471,0.00000,0,0.04444,0.65556,90.00000,0,1.24737,0.10630,0.30000,0.13007,0:-0.024:-0.480:b-0.241:0.417:occ0;12:-0.226:0.010:b-0.244:0.391:occ0;24:-0.277:0.368:b-0.328:0.392:occ1;36:-0.339:0.393:b-0.290:0.381:occ1;48:-0.319:0.393:b-0.320:0.394:occ1;60:-0.320:0.390:b-0.306:0.385:occ1;72:-0.295:0.381:b-0.322:0.391:occ1;84:-0.312:0.388:b-0.313:0.388:occ1;89:-0.324:0.391:b-0.289:0.377:occ1
ablate_no_false_detection_rejection,false_reappearance,3,1003,,1,23,0.05195,0.03420,68,20,29,0.05429,0.03420,0.51471,0.00000,0,0.00000,0.74444,90.00000,0,1.15178,0.10938,0.30000,0.13418,0:-0.027:-0.480:b-0.345:0.445:occ0;12:-0.237:0.013:b-0.245:0.476:occ0;24:-0.264:0.383:b-0.272:0.444:occ1;36:-0.285:0.461:b-0.270:0.443:occ1;48:-0.297:0.451:b-0.279:0.451:occ1;60:-0.289:0.447:b-0.285:0.449:occ1;72:-0.285:0.447:b-0.301:0.458:occ1;84:-0.288:0.450:b-0.343:0.451:occ1;89:-0.297:0.449:b-0.269:0.441:occ1
ablate_no_distractor_filter,false_reappearance,3,1003,,1,22,0.03833,0.02972,69,20,22,0.05260,0.02972,0.52174,0.18182,0,0.00000,0.75556,90.00000,0,1.11494,0.11436,0.30000,0.15302,0:-0.024:-0.480:b-0.232:0.412:occ0;12:-0.237:0.011:b-0.219:0.395:occ0;24:-0.265:0.373:b-0.289:0.383:occ1;36:-0.311:0.407:b-0.280:0.373:occ1;48:-0.310:0.395:b-0.315:0.403:occ1;60:-0.304:0.387:b-0.282:0.376:occ1;72:-0.302:0.387:b-0.366:0.405:occ1;84:-0.305:0.385:b-0.285:0.379:occ1;89:-0.302:0.383:b-0.283:0.377:occ1
occlusion_aware_permanence_v4,false_reappearance,3,1003,,1,23,0.03467,0.03490,68,18,31,0.03905,0.03490,0.60294,0.03226,0,0.00000,0.74444,90.00000,0,1.08694,0.13563,0.30000,0.14560,0:-0.026:-0.480:b-0.305:0.425:occ0;12:-0.235:0.008:b-0.227:0.376:occ0;24:-0.294:0.383:b-0.308:0.433:occ1;36:-0.291:0.440:b-0.306:0.431:occ1;48:-0.293:0.429:b-0.291:0.426:occ1;60:-0.292:0.427:b-0.294:0.427:occ1;72:-0.290:0.426:b-0.289:0.426:occ1;84:-0.291:0.426:b-0.294:0.427:occ1;89:-0.290:0.426:b-0.290:0.426:occ1
learned_only_branch,false_reappearance,3,1003,,0,23,0.08710,0.09492,68,22,28,0.07895,0.09492,0.20588,0.00000,0,0.00000,0.38889,90.00000,0,1.10813,0.04929,0.22100,0.25045,0:-0.025:-0.480:b-0.286:0.335:occ0;12:-0.214:0.009:b-0.259:0.394:occ0;24:-0.248:0.381:b-0.176:0.411:occ1;36:-0.187:0.432:b-0.175:0.408:occ1;48:-0.185:0.421:b-0.180:0.408:occ1;60:-0.186:0.419:b-0.176:0.410:occ1;72:-0.185:0.421:b-0.172:0.410:occ1;84:-0.183:0.418:b-0.173:0.409:occ1;89:-0.184:0.420:b-0.176:0.410:occ1
occlusion_full_v5,false_reappearance,4,1000,,1,23,0.00609,0.02252,69,21,22,0.00932,0.02252,0.52174,0.00000,0,0.00000,0.74444,90.00000,0,1.01572,0.13951,0.30000,0.20417,0:-0.077:-0.480:b0.087:0.397:occ0;12:0.073:0.006:b0.069:0.346:occ0;24:0.087:0.348:b0.049:0.378:occ1;36:0.066:0.389:b0.052:0.380:occ1;48:0.063:0.379:b0.069:0.378:occ1;60:0.063:0.380:b0.052:0.385:occ1;72:0.056:0.383:b0.060:0.381:occ1;84:0.060:0.382:b0.059:0.383:occ1;89:0.058:0.383:b0.042:0.387:occ1
ablate_no_self_mask,false_reappearance,4,1000,,1,22,0.05876,0.07022,69,20,30,0.06361,0.07022,0.66667,0.00000,0,0.00000,0.75556,90.00000,0,1.05782,0.12987,0.30000,0.24878,0:-0.077:-0.480:b0.084:0.381:occ0;12:0.061:0.007:b0.073:0.366:occ0;24:0.106:0.365:b0.105:0.427:occ1;36:0.115:0.441:b0.113:0.428:occ1;48:0.113:0.430:b0.115:0.428:occ1;60:0.113:0.427:b0.115:0.428:occ1;72:0.108:0.426:b0.091:0.426:occ1;84:0.103:0.426:b0.120:0.429:occ1;89:0.103:0.427:b0.117:0.428:occ1
ablate_no_branch_belief,false_reappearance,4,1000,,1,22,0.03782,0.03411,69,18,35,0.04093,0.03411,0.52174,0.00000,0,0.00000,0.75556,90.00000,0,1.05106,0.12003,0.30000,0.17182,0:-0.077:-0.480:b0.080:0.352:occ0;12:0.059:0.006:b0.050:0.381:occ0;24:0.067:0.365:b0.022:0.396:occ1;36:0.025:0.406:b0.042:0.388:occ1;48:0.027:0.390:b0.031:0.390:occ1;60:0.032:0.391:b0.024:0.393:occ1;72:0.028:0.392:b0.043:0.393:occ1;84:0.027:0.392:b0.036:0.393:occ1;89:0.027:0.393:b0.030:0.391:occ1
ablate_no_contact_update,false_reappearance,4,1000,,1,24,0.00529,0.00325,67,20,23,0.01225,0.00325,0.50746,0.00000,0,0.00000,0.73333,90.00000,0,0.99818,0.13605,0.30000,0.20859,0:-0.076:-0.480:b0.100:0.399:occ0;12:0.060:0.008:b0.012:0.378:occ0;24:0.045:0.322:b0.046:0.374:occ1;36:0.055:0.387:b0.067:0.376:occ1;48:0.057:0.380:b0.058:0.376:occ1;60:0.056:0.380:b0.069:0.378:occ1;72:0.059:0.380:b0.046:0.379:occ1;84:0.062:0.380:b0.066:0.380:occ1;89:0.063:0.380:b0.064:0.379:occ1
ablate_no_uncertainty_inflation,false_reappearance,4,1000,,1,22,0.03475,0.03516,69,19,30,0.03106,0.03516,0.00000,0.00000,0,0.00000,0.75556,90.00000,0,1.01084,0.04715,0.14000,0.24133,0:-0.078:-0.480:b0.067:0.447:occ0;12:0.066:0.007:b0.121:0.370:occ0;24:0.105:0.357:b0.084:0.392:occ1;36:0.098:0.402:b0.099:0.389:occ1;48:0.096:0.392:b0.092:0.394:occ1;60:0.096:0.393:b0.099:0.392:occ1;72:0.096:0.394:b0.090:0.397:occ1;84:0.097:0.393:b0.095:0.394:occ1;89:0.096:0.393:b0.097:0.393:occ1
ablate_no_identity_filter,false_reappearance,4,1000,,1,22,0.05267,0.04770,69,20,24,0.05931,0.04770,0.60870,0.00000,0,0.00000,0.75556,90.00000,0,1.04576,0.11951,0.30000,0.17666,0:-0.077:-0.480:b0.082:0.339:occ0;12:0.051:0.007:b0.071:0.394:occ0;24:0.073:0.343:b0.030:0.337:occ1;36:0.032:0.355:b0.013:0.352:occ1;48:0.015:0.347:b0.012:0.354:occ1;60:0.026:0.346:b0.003:0.352:occ1;72:0.028:0.349:b0.041:0.344:occ1;84:0.023:0.352:b0.048:0.343:occ1;89:0.024:0.352:b0.045:0.343:occ1
ablate_no_reacquisition_guard,false_reappearance,4,1000,,1,22,0.03533,0.02502,69,20,29,0.04197,0.02502,0.52174,0.00000,0,0.00000,0.75556,90.00000,0,1.03237,0.11757,0.30000,0.17361,0:-0.077:-0.480:b0.096:0.367:occ0;12:0.061:0.003:b0.067:0.279:occ0;24:0.059:0.349:b0.016:0.364:occ1;36:0.030:0.373:b0.003:0.368:occ1;48:0.020:0.363:b0.040:0.359:occ1;60:0.025:0.364:b0.018:0.367:occ1;72:0.028:0.364:b0.013:0.371:occ1;84:0.024:0.364:b0.049:0.359:occ1;89:0.025:0.365:b0.043:0.360:occ1
ablate_no_tail_risk_objective,false_reappearance,4,1000,,1,22,0.04143,0.04087,69,19,27,0.04743,0.04087,0.52174,0.00000,0,0.00000,0.75556,90.00000,0,1.23104,0.11373,0.30000,0.17946,0:-0.078:-0.480:b0.041:0.396:occ0;12:0.067:0.002:b0.112:0.359:occ0;24:0.072:0.376:b0.029:0.413:occ1;36:0.026:0.412:b0.031:0.410:occ1;48:0.030:0.418:b0.028:0.412:occ1;60:0.036:0.421:b0.035:0.417:occ1;72:0.038:0.419:b0.030:0.414:occ1;84:0.035:0.414:b0.035:0.414:occ1;89:0.034:0.411:b0.038:0.413:occ1
ablate_no_false_detection_rejection,false_reappearance,4,1000,,0,22,0.10231,0.10031,69,20,20,0.10645,0.10031,0.52174,0.05000,0,0.00000,0.07778,90.00000,0,1.16087,0.08578,0.30000,0.17381,0:-0.077:-0.480:b0.078:0.329:occ0;12:0.053:0.006:b0.068:0.382:occ0;24:0.069:0.393:b0.032:0.475:occ1;36:0.028:0.488:b0.043:0.473:occ1;48:0.016:0.470:b0.035:0.470:occ1;60:0.025:0.463:b0.004:0.459:occ1;72:0.027:0.462:b0.039:0.469:occ1;84:0.013:0.458:b0.015:0.460:occ1;89:0.018:0.462:b0.038:0.468:occ1
ablate_no_distractor_filter,false_reappearance,4,1000,,1,23,0.05700,0.11393,68,21,24,0.06005,0.11393,0.51471,0.04167,0,0.00000,0.74444,90.00000,0,1.06739,0.10634,0.30000,0.16076,0:-0.078:-0.480:b0.037:0.370:occ0;12:0.061:0.008:b0.055:0.373:occ0;24:0.069:0.334:b0.013:0.366:occ1;36:0.006:0.374:b0.041:0.357:occ1;48:0.011:0.368:b0.048:0.353:occ1;60:0.022:0.364:b0.007:0.367:occ1;72:0.019:0.367:b0.021:0.364:occ1;84:0.012:0.367:b-0.000:0.377:occ1;89:0.012:0.367:b-0.049:0.386:occ1
occlusion_aware_permanence_v4,false_reappearance,4,1000,,1,23,0.05031,0.04837,68,21,28,0.05438,0.04837,0.60294,0.00000,0,0.00000,0.74444,90.00000,0,1.06449,0.12484,0.30000,0.18616,0:-0.079:-0.480:b0.025:0.361:occ0;12:0.043:0.008:b0.113:0.437:occ0;24:0.087:0.351:b0.030:0.433:occ1;36:0.039:0.441:b0.033:0.428:occ1;48:0.037:0.429:b0.037:0.426:occ1;60:0.039:0.425:b0.036:0.423:occ1;72:0.039:0.425:b0.043:0.427:occ1;84:0.040:0.425:b0.043:0.428:occ1;89:0.040:0.425:b0.040:0.424:occ1
learned_only_branch,false_reappearance,4,1000,,1,22,0.03138,0.05388,69,20,30,0.03884,0.05388,0.21739,0.00000,0,0.00000,0.75556,90.00000,0,1.02652,0.07365,0.22400,0.17863,0:-0.077:-0.480:b0.083:0.400:occ0;12:0.055:0.006:b0.153:0.377:occ0;24:0.065:0.354:b0.008:0.374:occ1;36:0.034:0.376:b0.046:0.359:occ1;48:0.027:0.367:b0.007:0.377:occ1;60:0.024:0.369:b0.047:0.362:occ1;72:0.031:0.368:b0.009:0.372:occ1;84:0.030:0.368:b0.047:0.362:occ1;89:0.030:0.367:b0.005:0.378:occ1
occlusion_full_v5,false_reappearance,4,1001,,1,19,0.05209,0.05781,72,17,22,0.04675,0.05781,0.55556,0.00000,0,0.00000,0.78889,90.00000,0,0.89836,0.12294,0.30000,0.24395,0:-0.105:-0.480:b0.195:0.164:occ0;12:0.157:-0.013:b0.200:0.231:occ0;24:0.187:0.210:b0.164:0.188:occ1;36:0.172:0.199:b0.184:0.190:occ1;48:0.169:0.190:b0.166:0.190:occ1;60:0.168:0.190:b0.167:0.189:occ1;72:0.168:0.190:b0.173:0.193:occ1;84:0.168:0.191:b0.180:0.192:occ1;89:0.168:0.191:b0.163:0.189:occ1
ablate_no_self_mask,false_reappearance,4,1001,,1,19,0.05837,0.06343,72,13,34,0.06824,0.06343,0.68056,0.00000,0,0.00000,0.68889,90.00000,0,0.97916,0.13976,0.30000,0.18343,0:-0.104:-0.480:b0.209:0.169:occ0;12:0.136:-0.015:b0.230:0.238:occ0;24:0.216:0.249:b0.251:0.274:occ1;36:0.255:0.280:b0.260:0.264:occ1;48:0.260:0.267:b0.244:0.276:occ1;60:0.255:0.265:b0.262:0.265:occ1;72:0.253:0.269:b0.246:0.276:occ1;84:0.251:0.270:b0.255:0.266:occ1;89:0.253:0.268:b0.266:0.261:occ1
ablate_no_branch_belief,false_reappearance,4,1001,,1,19,0.07290,0.07646,72,16,27,0.08084,0.07646,0.54167,0.03704,0,0.00000,0.56667,90.00000,0,0.95561,0.10792,0.30000,0.13240,0:-0.104:-0.480:b0.197:0.233:occ0;12:0.155:-0.010:b0.245:0.204:occ0;24:0.265:0.224:b0.286:0.222:occ1;36:0.294:0.229:b0.282:0.219:occ1;48:0.285:0.219:b0.287:0.218:occ1;60:0.289:0.221:b0.293:0.218:occ1;72:0.288:0.221:b0.288:0.219:occ1;84:0.287:0.222:b0.279:0.220:occ1;89:0.288:0.222:b0.290:0.232:occ1
ablate_no_contact_update,false_reappearance,4,1001,,1,19,0.07265,0.07035,72,17,28,0.08393,0.07035,0.54167,0.00000,0,0.00000,0.46667,90.00000,0,0.96723,0.10445,0.30000,0.15232,0:-0.105:-0.480:b0.194:0.151:occ0;12:0.151:-0.014:b0.168:0.266:occ0;24:0.262:0.245:b0.280:0.253:occ1;36:0.290:0.264:b0.287:0.254:occ1;48:0.285:0.254:b0.283:0.250:occ1;60:0.284:0.255:b0.278:0.257:occ1;72:0.290:0.257:b0.290:0.267:occ1;84:0.286:0.257:b0.278:0.256:occ1;89:0.282:0.256:b0.280:0.256:occ1
ablate_no_uncertainty_inflation,false_reappearance,4,1001,,1,19,0.04296,0.05212,72,15,31,0.03834,0.05212,0.00000,0.03226,0,0.00000,0.78889,90.00000,0,0.98124,0.04932,0.14000,0.25181,0:-0.104:-0.480:b0.228:0.207:occ0;12:0.179:-0.012:b0.217:0.236:occ0;24:0.206:0.232:b0.175:0.239:occ1;36:0.175:0.249:b0.181:0.241:occ1;48:0.165:0.243:b0.194:0.239:occ1;60:0.179:0.241:b0.193:0.241:occ1;72:0.170:0.243:b0.183:0.242:occ1;84:0.170:0.244:b0.161:0.244:occ1;89:0.169:0.243:b0.160:0.245:occ1
ablate_no_identity_filter,false_reappearance,4,1001,,0,18,0.09105,0.07924,73,16,31,0.09095,0.07924,0.63014,0.00000,0,0.00000,0.08889,90.00000,0,0.99569,0.11043,0.30000,0.16743,0:-0.104:-0.480:b0.200:0.174:occ0;12:0.155:-0.016:b0.146:0.224:occ0;24:0.248:0.266:b0.285:0.275:occ1;36:0.275:0.286:b0.259:0.278:occ1;48:0.270:0.277:b0.262:0.277:occ1;60:0.273:0.277:b0.271:0.279:occ1;72:0.272:0.278:b0.266:0.279:occ1;84:0.278:0.277:b0.291:0.277:occ1;89:0.278:0.277:b0.263:0.279:occ1
ablate_no_reacquisition_guard,false_reappearance,4,1001,,1,19,0.00777,0.01651,72,18,39,0.01213,0.01651,0.54167,0.00000,0,0.00000,0.78889,90.00000,0,0.94577,0.14589,0.30000,0.21000,0:-0.105:-0.480:b0.183:0.186:occ0;12:0.185:-0.016:b0.220:0.233:occ0;24:0.221:0.233:b0.214:0.225:occ1;36:0.208:0.233:b0.189:0.223:occ1;48:0.205:0.223:b0.191:0.223:occ1;60:0.200:0.224:b0.200:0.224:occ1;72:0.204:0.224:b0.216:0.222:occ1;84:0.205:0.223:b0.217:0.223:occ1;89:0.207:0.223:b0.218:0.222:occ1
ablate_no_tail_risk_objective,false_reappearance,4,1001,,1,18,0.06190,0.05262,73,14,34,0.05489,0.05262,0.57534,0.00000,0,0.00000,0.80000,90.00000,0,1.07738,0.12426,0.30000,0.26580,0:-0.104:-0.480:b0.231:0.232:occ0;12:0.158:-0.013:b0.132:0.229:occ0;24:0.169:0.249:b0.162:0.225:occ1;36:0.165:0.224:b0.155:0.228:occ1;48:0.151:0.229:b0.174:0.223:occ1;60:0.162:0.231:b0.151:0.228:occ1;72:0.146:0.231:b0.161:0.226:occ1;84:0.135:0.232:b0.139:0.231:occ1;89:0.152:0.233:b0.160:0.227:occ1
ablate_no_false_detection_rejection,false_reappearance,4,1001,,1,18,0.04474,0.06023,72,17,37,0.04869,0.06023,0.54167,0.00000,0,0.00000,0.80000,90.00000,0,1.03082,0.11943,0.30000,0.22286,0:-0.104:-0.480:b0.229:0.213:occ0;12:0.142:-0.022:b0.177:0.202:occ0;24:0.198:0.255:b0.187:0.258:occ1;36:0.196:0.269:b0.213:0.250:occ1;48:0.217:0.248:b0.256:0.235:occ1;60:0.208:0.250:b0.213:0.251:occ1;72:0.216:0.245:b0.216:0.247:occ1;84:0.216:0.252:b0.206:0.257:occ1;89:0.204:0.255:b0.179:0.263:occ1
ablate_no_distractor_filter,false_reappearance,4,1001,,0,19,0.08570,0.08341,72,15,24,0.09030,0.08341,0.54167,0.00000,0,0.00000,0.21111,90.00000,0,0.92831,0.09895,0.30000,0.22070,0:-0.104:-0.480:b0.233:0.210:occ0;12:0.161:-0.022:b0.294:0.105:occ0;24:0.206:0.173:b0.195:0.127:occ1;36:0.197:0.137:b0.261:0.151:occ1;48:0.196:0.127:b0.187:0.122:occ1;60:0.201:0.130:b0.203:0.134:occ1;72:0.195:0.132:b0.172:0.124:occ1;84:0.195:0.131:b0.200:0.145:occ1;89:0.195:0.133:b0.200:0.134:occ1
occlusion_aware_permanence_v4,false_reappearance,4,1001,,1,19,0.05927,0.04900,72,15,23,0.05260,0.04900,0.62500,0.04348,0,0.00000,0.78889,90.00000,0,0.95949,0.13243,0.30000,0.24989,0:-0.104:-0.480:b0.199:0.271:occ0;12:0.171:-0.015:b0.180:0.222:occ0;24:0.189:0.250:b0.171:0.262:occ1;36:0.174:0.273:b0.188:0.259:occ1;48:0.180:0.261:b0.188:0.257:occ1;60:0.186:0.258:b0.183:0.261:occ1;72:0.183:0.261:b0.190:0.258:occ1;84:0.183:0.261:b0.169:0.267:occ1;89:0.178:0.263:b0.190:0.258:occ1
learned_only_branch,false_reappearance,4,1001,,1,18,0.07213,0.08188,73,16,31,0.07335,0.08188,0.26027,0.00000,0,0.00000,0.65556,90.00000,0,0.96864,0.06435,0.23600,0.16027,0:-0.104:-0.480:b0.236:0.176:occ0;12:0.152:-0.016:b0.148:0.181:occ0;24:0.246:0.251:b0.279:0.254:occ1;36:0.269:0.267:b0.254:0.259:occ1;48:0.262:0.258:b0.285:0.252:occ1;60:0.267:0.258:b0.260:0.260:occ1;72:0.272:0.257:b0.259:0.261:occ1;84:0.270:0.259:b0.288:0.264:occ1;89:0.274:0.258:b0.287:0.253:occ1
occlusion_full_v5,false_reappearance,4,1002,,1,17,0.02867,0.02851,74,15,30,0.04289,0.02851,0.55405,0.00000,0,0.08889,0.81111,90.00000,0,0.84068,0.13236,0.30000,0.15255,0:-0.012:-0.480:b-0.217:0.105:occ0;12:-0.169:-0.032:b-0.220:0.164:occ0;24:-0.191:0.198:b-0.179:0.205:occ1;36:-0.179:0.210:b-0.180:0.193:occ1;48:-0.179:0.198:b-0.180:0.200:occ1;60:-0.182:0.198:b-0.184:0.200:occ1;72:-0.184:0.199:b-0.185:0.196:occ1;84:-0.184:0.199:b-0.182:0.199:occ1;89:-0.184:0.199:b-0.184:0.199:occ1
ablate_no_self_mask,false_reappearance,4,1002,,1,17,0.07241,0.08196,74,16,30,0.08304,0.08196,0.68919,0.00000,0,0.08889,0.48889,90.00000,0,0.88306,0.12805,0.30000,0.16044,0:-0.012:-0.480:b-0.221:0.122:occ0;12:-0.195:-0.033:b-0.270:0.190:occ0;24:-0.171:0.198:b-0.135:0.228:occ1;36:-0.138:0.221:b-0.146:0.201:occ1;48:-0.138:0.214:b-0.137:0.222:occ1;60:-0.140:0.208:b-0.141:0.192:occ1;72:-0.141:0.210:b-0.137:0.222:occ1;84:-0.141:0.209:b-0.136:0.223:occ1;89:-0.143:0.207:b-0.137:0.216:occ1
ablate_no_branch_belief,false_reappearance,4,1002,,1,17,0.03180,0.03524,74,15,31,0.03908,0.03524,0.56757,0.00000,0,0.08889,0.81111,90.00000,0,0.83957,0.13433,0.30000,0.12054,0:-0.012:-0.480:b-0.225:0.186:occ0;12:-0.192:-0.032:b-0.222:0.151:occ0;24:-0.198:0.182:b-0.175:0.175:occ1;36:-0.169:0.178:b-0.168:0.173:occ1;48:-0.167:0.169:b-0.167:0.166:occ1;60:-0.171:0.170:b-0.169:0.170:occ1;72:-0.171:0.170:b-0.169:0.168:occ1;84:-0.172:0.168:b-0.178:0.161:occ1;89:-0.172:0.168:b-0.170:0.172:occ1
ablate_no_contact_update,false_reappearance,4,1002,,1,18,0.02140,0.02351,74,14,31,0.02630,0.02351,0.55405,0.00000,0,0.10000,0.80000,90.00000,0,0.80632,0.14391,0.30000,0.11137,0:-0.013:-0.480:b-0.250:0.232:occ0;12:-0.167:-0.033:b-0.189:0.086:occ0;24:-0.199:0.165:b-0.177:0.161:occ1;36:-0.177:0.167:b-0.175:0.160:occ1;48:-0.175:0.157:b-0.178:0.160:occ1;60:-0.178:0.158:b-0.180:0.161:occ1;72:-0.180:0.158:b-0.179:0.157:occ1;84:-0.179:0.158:b-0.177:0.157:occ1;89:-0.179:0.158:b-0.177:0.155:occ1
ablate_no_uncertainty_inflation,false_reappearance,4,1002,,1,17,0.02385,0.02253,74,16,36,0.03171,0.02253,0.00000,0.00000,0,0.08889,0.81111,90.00000,0,0.82932,0.05338,0.14000,0.11858,0:-0.012:-0.480:b-0.212:0.123:occ0;12:-0.185:-0.034:b-0.227:0.176:occ0;24:-0.194:0.182:b-0.174:0.173:occ1;36:-0.172:0.175:b-0.169:0.167:occ1;48:-0.170:0.166:b-0.176:0.158:occ1;60:-0.173:0.164:b-0.175:0.168:occ1;72:-0.175:0.165:b-0.173:0.165:occ1;84:-0.174:0.164:b-0.175:0.170:occ1;89:-0.175:0.166:b-0.176:0.169:occ1
ablate_no_identity_filter,false_reappearance,4,1002,,1,17,0.02253,0.01686,74,15,31,0.03271,0.01686,0.63514,0.00000,0,0.08889,0.81111,90.00000,0,0.83193,0.15177,0.30000,0.11924,0:-0.014:-0.480:b-0.276:0.149:occ0;12:-0.189:-0.033:b-0.218:0.156:occ0;24:-0.195:0.179:b-0.172:0.171:occ1;36:-0.172:0.177:b-0.171:0.170:occ1;48:-0.170:0.167:b-0.174:0.168:occ1;60:-0.174:0.166:b-0.174:0.167:occ1;72:-0.174:0.166:b-0.175:0.169:occ1;84:-0.175:0.166:b-0.175:0.170:occ1;89:-0.175:0.166:b-0.180:0.159:occ1
ablate_no_reacquisition_guard,false_reappearance,4,1002,,1,17,0.04797,0.04860,74,15,40,0.05227,0.04860,0.55405,0.00000,0,0.07778,0.81111,90.00000,0,0.84954,0.12270,0.30000,0.15508,0:-0.011:-0.480:b-0.189:0.144:occ0;12:-0.185:-0.031:b-0.171:0.199:occ0;24:-0.201:0.209:b-0.186:0.201:occ1;36:-0.184:0.209:b-0.182:0.200:occ1;48:-0.183:0.199:b-0.186:0.201:occ1;60:-0.187:0.200:b-0.186:0.201:occ1;72:-0.188:0.201:b-0.189:0.200:occ1;84:-0.188:0.201:b-0.189:0.202:occ1;89:-0.188:0.201:b-0.188:0.201:occ1
ablate_no_tail_risk_objective,false_reappearance,4,1002,,1,17,0.02189,0.02180,74,14,28,0.03227,0.02180,0.55405,0.00000,0,0.07778,0.81111,90.00000,0,1.02308,0.13526,0.30000,0.13123,0:-0.013:-0.480:b-0.228:0.113:occ0;12:-0.174:-0.026:b-0.232:0.227:occ0;24:-0.176:0.195:b-0.175:0.174:occ1;36:-0.171:0.165:b-0.177:0.175:occ1;48:-0.166:0.161:b-0.173:0.167:occ1;60:-0.170:0.155:b-0.172:0.162:occ1;72:-0.169:0.164:b-0.172:0.166:occ1;84:-0.171:0.163:b-0.174:0.169:occ1;89:-0.183:0.177:b-0.181:0.174:occ1
ablate_no_false_detection_rejection,false_reappearance,4,1002,,1,17,0.03709,0.03502,74,15,28,0.03323,0.03502,0.55405,0.03571,0,0.73333,0.81111,90.00000,0,0.81146,0.13721,0.30000,0.08979,0:-0.012:-0.480:b-0.213:0.153:occ0;12:-0.175:-0.037:b-0.183:0.174:occ0;24:-0.210:0.149:b-0.202:0.132:occ1;36:-0.202:0.135:b-0.208:0.135:occ1;48:-0.206:0.120:b-0.202:0.125:occ1;60:-0.202:0.121:b-0.200:0.115:occ1;72:-0.202:0.121:b-0.208:0.140:occ1;84:-0.207:0.129:b-0.211:0.091:occ1;89:-0.207:0.126:b-0.200:0.128:occ1
ablate_no_distractor_filter,false_reappearance,4,1002,,1,17,0.05706,0.05439,74,16,27,0.05126,0.05439,0.55405,0.00000,0,0.35556,0.81111,90.00000,0,0.83940,0.12340,0.30000,0.09858,0:-0.009:-0.480:b-0.132:0.118:occ0;12:-0.186:-0.033:b-0.214:0.176:occ0;24:-0.252:0.147:b-0.253:0.132:occ1;36:-0.245:0.129:b-0.230:0.120:occ1;48:-0.232:0.113:b-0.225:0.108:occ1;60:-0.241:0.121:b-0.247:0.126:occ1;72:-0.241:0.120:b-0.247:0.126:occ1;84:-0.240:0.119:b-0.223:0.090:occ1;89:-0.237:0.112:b-0.246:0.128:occ1
occlusion_aware_permanence_v4,false_reappearance,4,1002,,1,17,0.03630,0.03691,74,14,31,0.03873,0.03691,0.63514,0.00000,0,0.68889,0.81111,90.00000,0,0.80890,0.14487,0.30000,0.09515,0:-0.011:-0.480:b-0.193:0.134:occ0;12:-0.182:-0.035:b-0.190:0.147:occ0;24:-0.193:0.158:b-0.174:0.152:occ1;36:-0.168:0.153:b-0.163:0.142:occ1;48:-0.165:0.141:b-0.167:0.142:occ1;60:-0.166:0.142:b-0.166:0.142:occ1;72:-0.169:0.141:b-0.172:0.141:occ1;84:-0.169:0.142:b-0.170:0.142:occ1;89:-0.168:0.143:b-0.167:0.144:occ1
learned_only_branch,false_reappearance,4,1002,,1,17,0.02913,0.03204,74,15,34,0.03282,0.03204,0.27027,0.00000,0,0.08889,0.81111,90.00000,0,0.81388,0.08414,0.23900,0.11587,0:-0.013:-0.480:b-0.250:0.112:occ0;12:-0.179:-0.031:b-0.146:0.186:occ0;24:-0.194:0.175:b-0.181:0.171:occ1;36:-0.178:0.170:b-0.176:0.163:occ1;48:-0.175:0.162:b-0.178:0.163:occ1;60:-0.178:0.160:b-0.175:0.159:occ1;72:-0.179:0.159:b-0.175:0.159:occ1;84:-0.179:0.162:b-0.180:0.163:occ1;89:-0.179:0.162:b-0.176:0.161:occ1
occlusion_full_v5,false_reappearance,4,1003,,1,17,0.04061,0.03523,74,16,31,0.04645,0.03523,0.55405,0.00000,0,0.00000,0.81111,90.00000,0,0.87163,0.12731,0.30000,0.13537,0:-0.060:-0.480:b-0.350:0.200:occ0;12:-0.333:-0.029:b-0.378:0.198:occ0;24:-0.408:0.160:b-0.402:0.146:occ1;36:-0.405:0.141:b-0.396:0.124:occ1;48:-0.402:0.134:b-0.395:0.125:occ1;60:-0.396:0.136:b-0.397:0.119:occ1;72:-0.396:0.137:b-0.397:0.125:occ1;84:-0.399:0.141:b-0.396:0.123:occ1;89:-0.398:0.141:b-0.395:0.145:occ1
ablate_no_self_mask,false_reappearance,4,1003,,1,17,0.02835,0.03537,74,13,33,0.03794,0.03537,0.68919,0.00000,0,0.74444,0.81111,90.00000,0,0.89103,0.15705,0.30000,0.08169,0:-0.061:-0.480:b-0.356:0.212:occ0;12:-0.336:-0.029:b-0.356:0.146:occ0;24:-0.392:0.200:b-0.398:0.215:occ1;36:-0.396:0.210:b-0.398:0.194:occ1;48:-0.392:0.201:b-0.392:0.197:occ1;60:-0.393:0.197:b-0.394:0.195:occ1;72:-0.393:0.200:b-0.397:0.197:occ1;84:-0.394:0.198:b-0.395:0.193:occ1;89:-0.394:0.197:b-0.392:0.206:occ1
ablate_no_branch_belief,false_reappearance,4,1003,,0,17,0.09332,0.09054,74,14,35,0.08763,0.09054,0.55405,0.77143,0,0.76667,0.10000,90.00000,0,0.93596,0.10035,0.30000,0.05526,0:-0.060:-0.480:b-0.334:0.178:occ0;12:-0.328:-0.030:b-0.355:0.175:occ0;24:-0.378:0.241:b-0.369:0.240:occ1;36:-0.368:0.254:b-0.366:0.247:occ1;48:-0.364:0.247:b-0.363:0.246:occ1;60:-0.365:0.251:b-0.371:0.253:occ1;72:-0.366:0.254:b-0.370:0.258:occ1;84:-0.368:0.253:b-0.375:0.251:occ1;89:-0.368:0.252:b-0.362:0.248:occ1
ablate_no_contact_update,false_reappearance,4,1003,,1,18,0.03709,0.02432,73,16,31,0.04772,0.02432,0.54795,0.00000,0,0.00000,0.80000,90.00000,0,0.85798,0.12384,0.30000,0.15685,0:-0.061:-0.480:b-0.374:0.222:occ0;12:-0.320:-0.032:b-0.470:0.122:occ0;24:-0.385:0.145:b-0.371:0.099:occ1;36:-0.377:0.120:b-0.383:0.122:occ1;48:-0.376:0.115:b-0.380:0.115:occ1;60:-0.379:0.114:b-0.373:0.130:occ1;72:-0.372:0.112:b-0.372:0.127:occ1;84:-0.375:0.120:b-0.379:0.109:occ1;89:-0.379:0.123:b-0.382:0.136:occ1
ablate_no_uncertainty_inflation,false_reappearance,4,1003,,0,17,0.11126,0.11007,74,12,35,0.10514,0.11007,0.00000,0.97143,0,0.76667,0.08889,90.00000,0,0.96003,0.03474,0.14000,0.01883,0:-0.061:-0.480:b-0.376:0.152:occ0;12:-0.328:-0.030:b-0.316:0.141:occ0;24:-0.418:0.232:b-0.427:0.241:occ1;36:-0.426:0.257:b-0.407:0.237:occ1;48:-0.407:0.250:b-0.412:0.258:occ1;60:-0.409:0.255:b-0.415:0.243:occ1;72:-0.412:0.251:b-0.413:0.250:occ1;84:-0.410:0.257:b-0.406:0.262:occ1;89:-0.410:0.258:b-0.413:0.256:occ1
ablate_no_identity_filter,false_reappearance,4,1003,,1,18,0.03400,0.03257,73,16,29,0.04606,0.03257,0.63014,0.00000,0,0.72222,0.80000,90.00000,0,0.89358,0.14299,0.30000,0.09825,0:-0.061:-0.480:b-0.386:0.127:occ0;12:-0.314:-0.031:b-0.334:0.162:occ0;24:-0.409:0.176:b-0.425:0.174:occ1;36:-0.426:0.181:b-0.413:0.189:occ1;48:-0.413:0.176:b-0.410:0.171:occ1;60:-0.410:0.177:b-0.411:0.177:occ1;72:-0.416:0.172:b-0.410:0.179:occ1;84:-0.412:0.176:b-0.409:0.185:occ1;89:-0.411:0.177:b-0.412:0.173:occ1
ablate_no_reacquisition_guard,false_reappearance,4,1003,,1,18,0.07978,0.08798,73,17,26,0.08046,0.08798,0.54795,0.92308,0,0.75556,0.52222,90.00000,0,0.93106,0.10376,0.30000,0.03701,0:-0.061:-0.480:b-0.363:0.165:occ0;12:-0.326:-0.034:b-0.329:0.159:occ0;24:-0.397:0.219:b-0.403:0.229:occ1;36:-0.404:0.248:b-0.390:0.236:occ1;48:-0.394:0.242:b-0.389:0.237:occ1;60:-0.393:0.242:b-0.402:0.244:occ1;72:-0.395:0.245:b-0.399:0.255:occ1;84:-0.394:0.249:b-0.391:0.249:occ1;89:-0.392:0.249:b-0.392:0.257:occ1
ablate_no_tail_risk_objective,false_reappearance,4,1003,,1,18,0.07855,0.06608,73,16,32,0.05803,0.06608,0.54795,0.00000,0,0.00000,0.80000,90.00000,0,1.00107,0.11473,0.30000,0.18815,0:-0.061:-0.480:b-0.394:0.188:occ0;12:-0.332:-0.035:b-0.408:0.144:occ0;24:-0.342:0.145:b-0.341:0.123:occ1;36:-0.343:0.123:b-0.333:0.113:occ1;48:-0.341:0.123:b-0.327:0.113:occ1;60:-0.338:0.124:b-0.331:0.114:occ1;72:-0.338:0.122:b-0.339:0.126:occ1;84:-0.332:0.118:b-0.334:0.119:occ1;89:-0.326:0.111:b-0.334:0.121:occ1
ablate_no_false_detection_rejection,false_reappearance,4,1003,,1,18,0.02083,0.02247,73,15,33,0.03870,0.02247,0.54795,0.03030,0,0.00000,0.80000,90.00000,0,0.91856,0.13200,0.30000,0.12038,0:-0.060:-0.480:b-0.341:0.172:occ0;12:-0.315:-0.039:b-0.405:0.132:occ0;24:-0.397:0.168:b-0.395:0.124:occ1;36:-0.396:0.150:b-0.392:0.127:occ1;48:-0.391:0.151:b-0.391:0.121:occ1;60:-0.399:0.155:b-0.420:0.182:occ1;72:-0.396:0.150:b-0.391:0.136:occ1;84:-0.392:0.148:b-0.397:0.239:occ1;89:-0.394:0.157:b-0.395:0.157:occ1
ablate_no_distractor_filter,false_reappearance,4,1003,,1,18,0.04806,0.06462,73,15,32,0.04926,0.06462,0.54795,0.00000,0,0.00000,0.80000,90.00000,0,0.93291,0.12348,0.30000,0.15983,0:-0.061:-0.480:b-0.379:0.192:occ0;12:-0.327:-0.028:b-0.263:0.086:occ0;24:-0.384:0.144:b-0.380:0.108:occ1;36:-0.387:0.134:b-0.381:0.100:occ1;48:-0.381:0.123:b-0.391:0.195:occ1;60:-0.382:0.125:b-0.382:0.141:occ1;72:-0.385:0.148:b-0.382:0.119:occ1;84:-0.386:0.135:b-0.377:0.102:occ1;89:-0.383:0.119:b-0.379:0.103:occ1
occlusion_aware_permanence_v4,false_reappearance,4,1003,,0,17,0.08016,0.08492,74,14,32,0.07372,0.08492,0.63514,0.00000,0,0.00000,0.67778,90.00000,0,0.90955,0.12210,0.30000,0.13066,0:-0.060:-0.480:b-0.326:0.194:occ0;12:-0.319:-0.025:b-0.334:0.143:occ0;24:-0.333:0.205:b-0.306:0.196:occ1;36:-0.307:0.205:b-0.298:0.191:occ1;48:-0.310:0.207:b-0.294:0.188:occ1;60:-0.307:0.202:b-0.310:0.206:occ1;72:-0.311:0.207:b-0.325:0.224:occ1;84:-0.308:0.204:b-0.300:0.195:occ1;89:-0.308:0.204:b-0.296:0.191:occ1
learned_only_branch,false_reappearance,4,1003,,1,18,0.04325,0.02115,73,15,35,0.04501,0.02115,0.26027,0.00000,0,0.00000,0.80000,90.00000,0,0.85512,0.07612,0.23600,0.15268,0:-0.060:-0.480:b-0.342:0.148:occ0;12:-0.334:-0.028:b-0.379:0.173:occ0;24:-0.376:0.149:b-0.379:0.154:occ1;36:-0.382:0.144:b-0.377:0.110:occ1;48:-0.382:0.122:b-0.377:0.108:occ1;60:-0.379:0.120:b-0.376:0.108:occ1;72:-0.377:0.121:b-0.396:0.137:occ1;84:-0.381:0.123:b-0.377:0.110:occ1;89:-0.380:0.127:b-0.376:0.152:occ1
occlusion_full_v5,false_reappearance,5,1000,,0,18,0.08603,0.09359,73,15,29,0.08383,0.09359,0.54795,0.00000,0,0.00000,0.23333,90.00000,0,0.94716,0.10129,0.30000,0.24579,0:-0.012:-0.480:b0.137:0.250:occ0;12:0.153:-0.019:b0.186:0.183:occ0;24:0.171:0.267:b0.173:0.273:occ1;36:0.156:0.301:b0.147:0.298:occ1;48:0.153:0.294:b0.167:0.284:occ1;60:0.163:0.289:b0.142:0.305:occ1;72:0.160:0.292:b0.181:0.275:occ1;84:0.159:0.293:b0.148:0.301:occ1;89:0.155:0.295:b0.146:0.302:occ1
ablate_no_self_mask,false_reappearance,5,1000,,1,18,0.01446,0.03916,73,14,28,0.02741,0.03916,0.68493,0.03571,0,0.00000,0.80000,90.00000,0,0.90124,0.16428,0.30000,0.20077,0:-0.011:-0.480:b0.188:0.147:occ0;12:0.160:-0.022:b0.155:0.192:occ0;24:0.158:0.225:b0.132:0.219:occ1;36:0.139:0.223:b0.128:0.221:occ1;48:0.148:0.214:b0.134:0.219:occ1;60:0.143:0.216:b0.130:0.220:occ1;72:0.144:0.218:b0.132:0.219:occ1;84:0.151:0.214:b0.158:0.212:occ1;89:0.153:0.212:b0.130:0.221:occ1
ablate_no_branch_belief,false_reappearance,5,1000,,1,18,0.05169,0.05166,73,15,34,0.05346,0.05166,0.54795,0.00000,0,0.00000,0.80000,90.00000,0,0.91541,0.11912,0.30000,0.22453,0:-0.011:-0.480:b0.186:0.199:occ0;12:0.154:-0.019:b0.186:0.188:occ0;24:0.169:0.249:b0.165:0.248:occ1;36:0.147:0.264:b0.133:0.261:occ1;48:0.143:0.256:b0.146:0.255:occ1;60:0.146:0.255:b0.152:0.254:occ1;72:0.151:0.255:b0.149:0.256:occ1;84:0.152:0.255:b0.136:0.260:occ1;89:0.150:0.255:b0.151:0.255:occ1
ablate_no_contact_update,false_reappearance,5,1000,,1,18,0.06517,0.06668,73,14,26,0.07000,0.06668,0.54795,0.00000,0,0.00000,0.80000,90.00000,0,0.86903,0.11054,0.30000,0.22850,0:-0.011:-0.480:b0.174:0.190:occ0;12:0.164:-0.013:b0.196:0.254:occ0;24:0.139:0.191:b0.118:0.164:occ1;36:0.107:0.175:b0.101:0.173:occ1;48:0.108:0.169:b0.119:0.166:occ1;60:0.113:0.168:b0.117:0.168:occ1;72:0.108:0.172:b0.101:0.174:occ1;84:0.111:0.169:b0.098:0.176:occ1;89:0.110:0.169:b0.109:0.169:occ1
ablate_no_uncertainty_inflation,false_reappearance,5,1000,,1,18,0.01947,0.01815,73,15,35,0.02373,0.01815,0.00000,0.00000,0,0.00000,0.80000,90.00000,0,0.86301,0.06028,0.14000,0.18461,0:-0.011:-0.480:b0.169:0.173:occ0;12:0.172:-0.017:b0.206:0.226:occ0;24:0.184:0.202:b0.159:0.179:occ1;36:0.158:0.191:b0.156:0.184:occ1;48:0.159:0.183:b0.169:0.182:occ1;60:0.158:0.183:b0.151:0.183:occ1;72:0.156:0.184:b0.166:0.184:occ1;84:0.160:0.184:b0.166:0.183:occ1;89:0.159:0.183:b0.162:0.184:occ1
ablate_no_identity_filter,false_reappearance,5,1000,,1,19,0.05412,0.05613,72,17,28,0.05163,0.05613,0.62500,0.00000,0,0.00000,0.78889,90.00000,0,0.89975,0.13128,0.30000,0.21008,0:-0.012:-0.480:b0.156:0.202:occ0;12:0.142:-0.019:b0.190:0.169:occ0;24:0.192:0.234:b0.182:0.253:occ1;36:0.182:0.262:b0.156:0.256:occ1;48:0.173:0.254:b0.162:0.255:occ1;60:0.177:0.253:b0.173:0.254:occ1;72:0.178:0.254:b0.159:0.255:occ1;84:0.169:0.255:b0.163:0.256:occ1;89:0.168:0.255:b0.159:0.256:occ1
ablate_no_reacquisition_guard,false_reappearance,5,1000,,1,19,0.01923,0.02053,72,15,31,0.02340,0.02053,0.54167,0.00000,0,0.00000,0.78889,90.00000,0,0.84935,0.13748,0.30000,0.19059,0:-0.012:-0.480:b0.155:0.192:occ0;12:0.154:-0.021:b0.119:0.201:occ0;24:0.179:0.204:b0.150:0.187:occ1;36:0.158:0.196:b0.165:0.190:occ1;48:0.155:0.188:b0.154:0.189:occ1;60:0.152:0.189:b0.146:0.190:occ1;72:0.152:0.189:b0.157:0.189:occ1;84:0.154:0.190:b0.153:0.189:occ1;89:0.155:0.189:b0.153:0.189:occ1
ablate_no_tail_risk_objective,false_reappearance,5,1000,,1,18,0.04544,0.04312,73,15,28,0.04048,0.04312,0.54795,0.00000,0,0.00000,0.80000,90.00000,0,0.98693,0.12900,0.30000,0.15127,0:-0.009:-0.480:b0.224:0.158:occ0;12:0.156:-0.021:b0.239:0.238:occ0;24:0.182:0.197:b0.176:0.171:occ1;36:0.184:0.171:b0.189:0.169:occ1;48:0.178:0.168:b0.177:0.171:occ1;60:0.176:0.172:b0.176:0.170:occ1;72:0.174:0.171:b0.177:0.170:occ1;84:0.181:0.172:b0.177:0.170:occ1;89:0.189:0.167:b0.186:0.168:occ1
ablate_no_false_detection_rejection,false_reappearance,5,1000,,1,18,0.04785,0.04707,73,17,26,0.04952,0.04707,0.54795,0.00000,0,0.00000,0.80000,90.00000,0,0.92851,0.12212,0.30000,0.19338,0:-0.014:-0.480:b0.070:0.187:occ0;12:0.133:-0.018:b0.185:0.199:occ0;24:0.188:0.239:b0.162:0.254:occ1;36:0.175:0.260:b0.156:0.263:occ1;48:0.193:0.244:b0.149:0.260:occ1;60:0.185:0.246:b0.179:0.242:occ1;72:0.174:0.251:b0.173:0.245:occ1;84:0.179:0.248:b0.174:0.247:occ1;89:0.183:0.247:b0.179:0.248:occ1
ablate_no_distractor_filter,false_reappearance,5,1000,,1,18,0.02089,0.01025,73,17,30,0.02972,0.01025,0.54795,0.00000,0,0.00000,0.80000,90.00000,0,0.91703,0.13528,0.30000,0.20719,0:-0.009:-0.480:b0.242:0.250:occ0;12:0.171:-0.017:b0.207:0.263:occ0;24:0.183:0.208:b0.117:0.208:occ1;36:0.146:0.207:b0.169:0.210:occ1;48:0.160:0.193:b0.177:0.187:occ1;60:0.149:0.196:b0.123:0.205:occ1;72:0.145:0.199:b0.151:0.196:occ1;84:0.144:0.199:b0.143:0.197:occ1;89:0.141:0.200:b0.152:0.198:occ1
occlusion_aware_permanence_v4,false_reappearance,5,1000,,0,18,0.12342,0.11616,73,16,32,0.11179,0.11616,0.63014,0.00000,0,0.00000,0.08889,90.00000,0,0.91682,0.09513,0.30000,0.14880,0:-0.010:-0.480:b0.190:0.172:occ0;12:0.158:-0.017:b0.180:0.251:occ0;24:0.240:0.249:b0.249:0.263:occ1;36:0.257:0.271:b0.262:0.259:occ1;48:0.253:0.262:b0.265:0.258:occ1;60:0.256:0.262:b0.266:0.259:occ1;72:0.263:0.261:b0.250:0.265:occ1;84:0.262:0.261:b0.275:0.256:occ1;89:0.266:0.260:b0.256:0.262:occ1
learned_only_branch,false_reappearance,5,1000,,1,18,0.03884,0.03739,73,15,25,0.03929,0.03739,0.26027,0.00000,0,0.00000,0.80000,90.00000,0,0.89071,0.07841,0.23600,0.19581,0:-0.013:-0.480:b0.111:0.199:occ0;12:0.149:-0.013:b0.165:0.224:occ0;24:0.184:0.238:b0.165:0.245:occ1;36:0.180:0.252:b0.165:0.245:occ1;48:0.178:0.243:b0.164:0.245:occ1;60:0.169:0.244:b0.196:0.241:occ1;72:0.175:0.244:b0.165:0.245:occ1;84:0.176:0.244:b0.197:0.241:occ1;89:0.177:0.244:b0.165:0.246:occ1
occlusion_full_v5,false_reappearance,5,1001,,1,20,0.06347,0.06648,71,17,29,0.06781,0.06648,0.54930,0.00000,0,0.00000,0.66667,90.00000,0,0.98626,0.11169,0.30000,0.19078,0:0.026:-0.480:b0.216:0.245:occ0;12:0.226:-0.008:b0.202:0.229:occ0;24:0.269:0.293:b0.271:0.321:occ1;36:0.289:0.330:b0.291:0.321:occ1;48:0.287:0.318:b0.276:0.317:occ1;60:0.290:0.314:b0.293:0.315:occ1;72:0.288:0.315:b0.297:0.314:occ1;84:0.285:0.315:b0.279:0.316:occ1;89:0.285:0.315:b0.304:0.314:occ1
ablate_no_self_mask,false_reappearance,5,1001,,1,19,0.03027,0.03861,72,17,29,0.03672,0.03861,0.68056,0.00000,0,0.00000,0.78889,90.00000,0,0.90846,0.15313,0.30000,0.13409,0:0.026:-0.480:b0.245:0.204:occ0;12:0.233:-0.010:b0.286:0.249:occ0;24:0.282:0.246:b0.286:0.231:occ1;36:0.294:0.238:b0.293:0.226:occ1;48:0.291:0.229:b0.299:0.231:occ1;60:0.294:0.228:b0.291:0.230:occ1;72:0.290:0.228:b0.286:0.231:occ1;84:0.290:0.228:b0.286:0.231:occ1;89:0.291:0.229:b0.301:0.229:occ1
ablate_no_branch_belief,false_reappearance,5,1001,,1,19,0.07588,0.05590,72,17,40,0.06800,0.05590,0.54167,0.00000,0,0.00000,0.78889,90.00000,0,0.94710,0.10950,0.30000,0.23794,0:0.025:-0.480:b0.208:0.202:occ0;12:0.229:-0.006:b0.231:0.288:occ0;24:0.218:0.257:b0.187:0.254:occ1;36:0.190:0.264:b0.193:0.254:occ1;48:0.196:0.252:b0.193:0.252:occ1;60:0.202:0.251:b0.196:0.254:occ1;72:0.193:0.255:b0.191:0.256:occ1;84:0.190:0.256:b0.182:0.259:occ1;89:0.190:0.257:b0.211:0.253:occ1
ablate_no_contact_update,false_reappearance,5,1001,,1,19,0.02329,0.02084,72,18,28,0.02568,0.02084,0.54167,0.00000,0,0.00000,0.78889,90.00000,0,0.92343,0.13581,0.30000,0.14641,0:0.025:-0.480:b0.190:0.267:occ0;12:0.221:-0.012:b0.280:0.210:occ0;24:0.278:0.256:b0.280:0.245:occ1;36:0.286:0.253:b0.289:0.241:occ1;48:0.279:0.242:b0.295:0.240:occ1;60:0.282:0.245:b0.283:0.244:occ1;72:0.281:0.245:b0.282:0.245:occ1;84:0.281:0.246:b0.282:0.242:occ1;89:0.285:0.245:b0.282:0.244:occ1
ablate_no_uncertainty_inflation,false_reappearance,5,1001,,1,20,0.02961,0.02682,71,16,21,0.03662,0.02682,0.00000,0.00000,0,0.00000,0.77778,90.00000,0,0.92204,0.05251,0.14000,0.13393,0:0.029:-0.480:b0.347:0.245:occ0;12:0.235:-0.014:b0.313:0.272:occ0;24:0.276:0.246:b0.296:0.240:occ1;36:0.301:0.247:b0.288:0.238:occ1;48:0.294:0.236:b0.300:0.242:occ1;60:0.294:0.239:b0.310:0.245:occ1;72:0.296:0.239:b0.290:0.240:occ1;84:0.296:0.239:b0.300:0.237:occ1;89:0.296:0.239:b0.293:0.239:occ1
ablate_no_identity_filter,false_reappearance,5,1001,,1,20,0.04718,0.05104,71,15,34,0.05340,0.05104,0.61972,0.02941,0,0.00000,0.77778,90.00000,0,0.94065,0.13236,0.30000,0.13766,0:0.024:-0.480:b0.181:0.238:occ0;12:0.229:-0.011:b0.337:0.261:occ0;24:0.306:0.262:b0.327:0.268:occ1;36:0.315:0.277:b0.316:0.266:occ1;48:0.314:0.265:b0.308:0.266:occ1;60:0.309:0.266:b0.320:0.265:occ1;72:0.313:0.268:b0.315:0.266:occ1;84:0.314:0.266:b0.318:0.265:occ1;89:0.311:0.266:b0.315:0.263:occ1
ablate_no_reacquisition_guard,false_reappearance,5,1001,,1,20,0.01927,0.02298,71,18,24,0.02411,0.02298,0.53521,0.00000,0,0.00000,0.77778,90.00000,0,0.93088,0.13420,0.30000,0.16499,0:0.026:-0.480:b0.225:0.212:occ0;12:0.219:-0.015:b0.187:0.252:occ0;24:0.264:0.260:b0.285:0.268:occ1;36:0.280:0.277:b0.289:0.266:occ1;48:0.284:0.268:b0.271:0.266:occ1;60:0.280:0.268:b0.284:0.269:occ1;72:0.284:0.270:b0.302:0.269:occ1;84:0.281:0.270:b0.275:0.269:occ1;89:0.279:0.270:b0.285:0.271:occ1
ablate_no_tail_risk_objective,false_reappearance,5,1001,,1,20,0.05968,0.05355,71,18,33,0.04986,0.05355,0.53521,0.03030,0,0.02222,0.77778,90.00000,0,1.08861,0.11858,0.30000,0.10588,0:0.028:-0.480:b0.289:0.206:occ0;12:0.234:-0.011:b0.258:0.265:occ0;24:0.302:0.237:b0.300:0.211:occ1;36:0.272:0.207:b0.279:0.213:occ1;48:0.301:0.210:b0.303:0.224:occ1;60:0.290:0.214:b0.284:0.213:occ1;72:0.291:0.209:b0.295:0.211:occ1;84:0.305:0.210:b0.308:0.209:occ1;89:0.314:0.210:b0.306:0.211:occ1
ablate_no_false_detection_rejection,false_reappearance,5,1001,,1,20,0.04517,0.03819,71,18,31,0.04497,0.03819,0.53521,0.03226,0,0.00000,0.77778,90.00000,0,0.94716,0.12037,0.30000,0.12013,0:0.026:-0.480:b0.247:0.271:occ0;12:0.218:-0.011:b0.283:0.289:occ0;24:0.288:0.253:b0.294:0.246:occ1;36:0.307:0.248:b0.300:0.240:occ1;48:0.306:0.236:b0.285:0.239:occ1;60:0.305:0.236:b0.308:0.240:occ1;72:0.306:0.241:b0.293:0.246:occ1;84:0.307:0.239:b0.302:0.248:occ1;89:0.313:0.241:b0.303:0.233:occ1
ablate_no_distractor_filter,false_reappearance,5,1001,,1,20,0.03220,0.06398,71,17,31,0.03756,0.06398,0.53521,0.00000,0,0.00000,0.77778,90.00000,0,0.95601,0.12385,0.30000,0.14023,0:0.026:-0.480:b0.239:0.259:occ0;12:0.227:-0.010:b0.214:0.278:occ0;24:0.274:0.257:b0.288:0.262:occ1;36:0.296:0.263:b0.291:0.268:occ1;48:0.299:0.251:b0.306:0.247:occ1;60:0.308:0.250:b0.328:0.228:occ1;72:0.298:0.255:b0.282:0.265:occ1;84:0.297:0.256:b0.296:0.261:occ1;89:0.299:0.256:b0.330:0.242:occ1
occlusion_aware_permanence_v4,false_reappearance,5,1001,,1,20,0.04106,0.03392,71,19,25,0.04090,0.03392,0.61972,0.00000,0,0.00000,0.77778,90.00000,0,0.92887,0.13618,0.30000,0.15010,0:0.027:-0.480:b0.267:0.190:occ0;12:0.219:-0.013:b0.236:0.255:occ0;24:0.274:0.251:b0.286:0.260:occ1;36:0.298:0.275:b0.295:0.264:occ1;48:0.293:0.266:b0.310:0.263:occ1;60:0.296:0.264:b0.305:0.264:occ1;72:0.291:0.265:b0.284:0.265:occ1;84:0.296:0.266:b0.301:0.266:occ1;89:0.294:0.266:b0.287:0.265:occ1
learned_only_branch,false_reappearance,5,1001,,1,20,0.03075,0.02232,72,17,27,0.03230,0.02232,0.26389,0.00000,0,0.00000,0.77778,90.00000,0,0.90972,0.08623,0.23600,0.13687,0:0.028:-0.480:b0.285:0.256:occ0;12:0.230:-0.008:b0.191:0.266:occ0;24:0.290:0.248:b0.286:0.242:occ1;36:0.287:0.252:b0.282:0.241:occ1;48:0.290:0.241:b0.282:0.243:occ1;60:0.291:0.243:b0.303:0.242:occ1;72:0.293:0.242:b0.304:0.240:occ1;84:0.293:0.243:b0.285:0.243:occ1;89:0.295:0.243:b0.285:0.243:occ1
occlusion_full_v5,false_reappearance,5,1002,,1,21,0.03027,0.01578,71,18,36,0.03986,0.01578,0.54930,0.00000,0,0.00000,0.76667,90.00000,0,0.96096,0.12886,0.30000,0.39718,0:-0.110:-0.480:b-0.401:0.382:occ0;12:-0.293:-0.000:b-0.367:0.333:occ0;24:-0.305:0.281:b-0.260:0.277:occ1;36:-0.281:0.291:b-0.277:0.276:occ1;48:-0.291:0.285:b-0.286:0.284:occ1;60:-0.294:0.289:b-0.304:0.290:occ1;72:-0.290:0.289:b-0.291:0.291:occ1;84:-0.294:0.290:b-0.303:0.292:occ1;89:-0.295:0.290:b-0.309:0.295:occ1
ablate_no_self_mask,false_reappearance,5,1002,,1,21,0.05689,0.05369,70,17,28,0.07192,0.05369,0.67143,0.00000,0,0.00000,0.61111,90.00000,0,0.98573,0.13065,0.30000,0.38323,0:-0.108:-0.480:b-0.341:0.285:occ0;12:-0.286:-0.000:b-0.305:0.314:occ0;24:-0.292:0.292:b-0.254:0.311:occ1;36:-0.251:0.323:b-0.250:0.313:occ1;48:-0.250:0.314:b-0.253:0.313:occ1;60:-0.253:0.313:b-0.253:0.313:occ1;72:-0.253:0.313:b-0.253:0.313:occ1;84:-0.261:0.324:b-0.261:0.328:occ1;89:-0.267:0.330:b-0.269:0.327:occ1
ablate_no_branch_belief,false_reappearance,5,1002,,1,21,0.01021,0.01802,71,18,36,0.01505,0.01802,0.53521,0.00000,0,0.00000,0.76667,90.00000,0,0.95542,0.13759,0.30000,0.37555,0:-0.106:-0.480:b-0.283:0.337:occ0;12:-0.290:-0.002:b-0.347:0.342:occ0;24:-0.343:0.287:b-0.336:0.295:occ1;36:-0.332:0.298:b-0.320:0.277:occ1;48:-0.329:0.290:b-0.324:0.279:occ1;60:-0.338:0.297:b-0.331:0.287:occ1;72:-0.336:0.296:b-0.328:0.286:occ1;84:-0.332:0.291:b-0.336:0.297:occ1;89:-0.333:0.293:b-0.324:0.280:occ1
ablate_no_contact_update,false_reappearance,5,1002,,1,21,0.07939,0.08019,70,18,22,0.07218,0.08019,0.52857,0.00000,0,0.00000,0.64444,90.00000,0,0.96296,0.10186,0.30000,0.35389,0:-0.107:-0.480:b-0.298:0.336:occ0;12:-0.313:-0.004:b-0.350:0.338:occ0;24:-0.365:0.281:b-0.383:0.269:occ1;36:-0.389:0.285:b-0.390:0.290:occ1;48:-0.390:0.288:b-0.389:0.290:occ1;60:-0.386:0.285:b-0.377:0.273:occ1;72:-0.386:0.288:b-0.377:0.273:occ1;84:-0.390:0.294:b-0.388:0.291:occ1;89:-0.387:0.291:b-0.388:0.292:occ1
ablate_no_uncertainty_inflation,false_reappearance,5,1002,,1,21,0.05410,0.05320,70,17,36,0.05055,0.05320,0.00000,0.00000,0,0.00000,0.76667,90.00000,0,0.94581,0.03761,0.14000,0.37488,0:-0.109:-0.480:b-0.361:0.321:occ0;12:-0.313:-0.003:b-0.339:0.282:occ0;24:-0.341:0.273:b-0.365:0.284:occ1;36:-0.363:0.279:b-0.371:0.288:occ1;48:-0.362:0.271:b-0.364:0.277:occ1;60:-0.364:0.276:b-0.353:0.258:occ1;72:-0.365:0.277:b-0.366:0.278:occ1;84:-0.365:0.277:b-0.359:0.268:occ1;89:-0.365:0.277:b-0.363:0.274:occ1
ablate_no_identity_filter,false_reappearance,5,1002,,1,20,0.01356,0.01545,71,16,26,0.03022,0.01545,0.61972,0.00000,0,0.00000,0.77778,90.00000,0,0.98003,0.14756,0.30000,0.38829,0:-0.109:-0.480:b-0.350:0.258:occ0;12:-0.311:-0.002:b-0.321:0.300:occ0;24:-0.317:0.300:b-0.316:0.310:occ1;36:-0.290:0.307:b-0.316:0.307:occ1;48:-0.290:0.297:b-0.298:0.304:occ1;60:-0.289:0.298:b-0.278:0.291:occ1;72:-0.289:0.298:b-0.278:0.290:occ1;84:-0.296:0.300:b-0.296:0.299:occ1;89:-0.296:0.300:b-0.295:0.302:occ1
ablate_no_reacquisition_guard,false_reappearance,5,1002,,1,20,0.01367,0.01368,71,18,29,0.01922,0.01368,0.53521,0.00000,0,0.00000,0.77778,90.00000,0,0.94963,0.13647,0.30000,0.37265,0:-0.109:-0.480:b-0.375:0.303:occ0;12:-0.294:0.000:b-0.313:0.310:occ0;24:-0.320:0.292:b-0.299:0.291:occ1;36:-0.308:0.307:b-0.318:0.306:occ1;48:-0.310:0.303:b-0.314:0.305:occ1;60:-0.313:0.304:b-0.313:0.303:occ1;72:-0.318:0.307:b-0.304:0.299:occ1;84:-0.313:0.306:b-0.305:0.300:occ1;89:-0.315:0.307:b-0.302:0.295:occ1
ablate_no_tail_risk_objective,false_reappearance,5,1002,,1,20,0.06725,0.06522,71,18,26,0.06294,0.06522,0.53521,0.00000,0,0.00000,0.77778,90.00000,0,1.15211,0.10850,0.30000,0.37067,0:-0.108:-0.480:b-0.330:0.348:occ0;12:-0.301:-0.002:b-0.204:0.295:occ0;24:-0.375:0.299:b-0.384:0.295:occ1;36:-0.378:0.284:b-0.376:0.271:occ1;48:-0.388:0.300:b-0.382:0.284:occ1;60:-0.374:0.277:b-0.386:0.298:occ1;72:-0.380:0.287:b-0.387:0.298:occ1;84:-0.381:0.287:b-0.381:0.288:occ1;89:-0.375:0.278:b-0.371:0.275:occ1
ablate_no_false_detection_rejection,false_reappearance,5,1002,,1,21,0.07325,0.07688,71,17,30,0.06810,0.07688,0.53521,0.00000,0,0.00000,0.76667,90.00000,0,0.98190,0.10643,0.30000,0.35179,0:-0.106:-0.480:b-0.284:0.267:occ0;12:-0.310:0.001:b-0.299:0.387:occ0;24:-0.362:0.275:b-0.378:0.250:occ1;36:-0.378:0.269:b-0.371:0.255:occ1;48:-0.381:0.273:b-0.370:0.254:occ1;60:-0.376:0.268:b-0.381:0.276:occ1;72:-0.374:0.267:b-0.385:0.289:occ1;84:-0.384:0.282:b-0.409:0.350:occ1;89:-0.386:0.293:b-0.390:0.307:occ1
ablate_no_distractor_filter,false_reappearance,5,1002,,1,20,0.03715,0.13385,71,17,39,0.03260,0.13385,0.53521,0.00000,0,0.00000,0.77778,90.00000,0,0.99596,0.13082,0.30000,0.34831,0:-0.107:-0.480:b-0.302:0.303:occ0;12:-0.292:-0.005:b-0.325:0.319:occ0;24:-0.320:0.290:b-0.275:0.289:occ1;36:-0.298:0.307:b-0.306:0.301:occ1;48:-0.300:0.300:b-0.321:0.313:occ1;60:-0.304:0.302:b-0.347:0.348:occ1;72:-0.307:0.305:b-0.295:0.298:occ1;84:-0.313:0.315:b-0.356:0.395:occ1;89:-0.325:0.329:b-0.398:0.396:occ1
occlusion_aware_permanence_v4,false_reappearance,5,1002,,1,20,0.01297,0.01579,71,16,30,0.02595,0.01579,0.61972,0.00000,0,0.00000,0.77778,90.00000,0,0.97348,0.14922,0.30000,0.37773,0:-0.106:-0.480:b-0.267:0.342:occ0;12:-0.300:-0.005:b-0.363:0.259:occ0;24:-0.317:0.295:b-0.282:0.289:occ1;36:-0.301:0.310:b-0.283:0.291:occ1;48:-0.298:0.302:b-0.299:0.300:occ1;60:-0.298:0.302:b-0.306:0.304:occ1;72:-0.303:0.304:b-0.288:0.294:occ1;84:-0.299:0.304:b-0.295:0.302:occ1;89:-0.305:0.307:b-0.322:0.311:occ1
learned_only_branch,false_reappearance,5,1002,,1,20,0.03202,0.02950,71,18,26,0.03289,0.02950,0.23944,0.00000,0,0.00000,0.77778,90.00000,0,0.98429,0.07991,0.23000,0.35187,0:-0.108:-0.480:b-0.327:0.242:occ0;12:-0.307:-0.010:b-0.385:0.214:occ0;24:-0.335:0.308:b-0.310:0.317:occ1;36:-0.321:0.339:b-0.313:0.322:occ1;48:-0.317:0.328:b-0.314:0.325:occ1;60:-0.320:0.328:b-0.314:0.326:occ1;72:-0.321:0.331:b-0.331:0.341:occ1;84:-0.319:0.330:b-0.314:0.325:occ1;89:-0.318:0.329:b-0.314:0.327:occ1
occlusion_full_v5,false_reappearance,5,1003,,1,24,0.01962,0.02245,67,20,25,0.02289,0.02245,0.50746,0.00000,0,0.00000,0.73333,90.00000,0,1.11535,0.12395,0.30000,0.17662,0:-0.025:-0.480:b0.070:0.455:occ0;12:0.055:0.013:b0.047:0.473:occ0;24:0.055:0.421:b0.038:0.490:occ1;36:0.049:0.501:b0.045:0.480:occ1;48:0.046:0.484:b0.078:0.490:occ1;60:0.057:0.482:b0.054:0.480:occ1;72:0.055:0.480:b0.067:0.482:occ1;84:0.060:0.481:b0.042:0.476:occ1;89:0.058:0.480:b0.055:0.480:occ1
ablate_no_self_mask,false_reappearance,5,1003,,1,25,0.02919,0.03058,67,22,31,0.02824,0.03058,0.65672,0.00000,0,0.00000,0.72222,90.00000,0,1.08568,0.14791,0.30000,0.16927,0:-0.023:-0.480:b0.121:0.500:occ0;12:0.053:0.014:b0.102:0.524:occ0;24:0.062:0.411:b0.060:0.456:occ1;36:0.058:0.478:b0.051:0.473:occ1;48:0.058:0.468:b0.056:0.463:occ1;60:0.065:0.463:b0.067:0.459:occ1;72:0.060:0.465:b0.052:0.468:occ1;84:0.062:0.463:b0.069:0.457:occ1;89:0.061:0.463:b0.052:0.468:occ1
ablate_no_branch_belief,false_reappearance,5,1003,,1,24,0.03901,0.03664,67,20,30,0.03940,0.03664,0.50746,0.00000,0,0.00000,0.73333,90.00000,0,1.07763,0.11619,0.30000,0.17819,0:-0.025:-0.480:b0.055:0.451:occ0;12:0.050:0.011:b0.063:0.396:occ0;24:0.063:0.417:b0.015:0.451:occ1;36:0.043:0.474:b0.049:0.452:occ1;48:0.047:0.456:b0.047:0.453:occ1;60:0.049:0.453:b0.049:0.455:occ1;72:0.050:0.455:b0.046:0.451:occ1;84:0.050:0.455:b0.051:0.456:occ1;89:0.050:0.455:b0.053:0.457:occ1
ablate_no_contact_update,false_reappearance,5,1003,,1,26,0.01215,0.00991,63,26,26,0.04198,0.02743,0.31746,0.00000,0,0.00000,0.58889,0.00000,0,1.17269,0.09832,0.27700,0.17067,0:-0.024:-0.480:b0.084:0.500:occ0;12:0.055:0.011:b0.091:0.407:occ0;24:0.075:0.396:b0.065:0.304:occ1;36:0.063:0.377:b0.070:0.510:occ0;48:0.082:0.490:b0.072:0.501:occ1;60:0.074:0.507:b0.085:0.504:occ1;72:0.071:0.500:b0.062:0.493:occ1;84:0.072:0.497:b0.059:0.492:occ1;89:0.070:0.496:b0.078:0.499:occ1
ablate_no_uncertainty_inflation,false_reappearance,5,1003,,1,24,0.00669,0.00835,67,22,32,0.01671,0.00835,0.00000,0.00000,0,0.00000,0.73333,90.00000,0,1.12132,0.05653,0.14000,0.15888,0:-0.025:-0.480:b0.065:0.440:occ0;12:0.065:0.013:b0.131:0.446:occ0;24:0.071:0.421:b0.074:0.503:occ1;36:0.073:0.512:b0.081:0.497:occ1;48:0.081:0.500:b0.082:0.496:occ1;60:0.084:0.497:b0.078:0.494:occ1;72:0.083:0.495:b0.093:0.499:occ1;84:0.084:0.495:b0.087:0.497:occ1;89:0.083:0.495:b0.085:0.497:occ1
ablate_no_identity_filter,false_reappearance,5,1003,,1,25,0.07391,0.06203,66,22,29,0.07450,0.06203,0.59091,0.00000,0,0.00000,0.63333,90.00000,0,1.13355,0.10528,0.30000,0.23754,0:-0.024:-0.480:b0.102:0.496:occ0;12:0.057:0.014:b0.047:0.497:occ0;24:0.066:0.409:b-0.031:0.539:occ1;36:0.009:0.522:b-0.003:0.513:occ1;48:0.002:0.515:b0.004:0.511:occ1;60:0.003:0.510:b0.016:0.508:occ1;72:0.006:0.509:b0.002:0.508:occ1;84:0.004:0.509:b0.003:0.509:occ1;89:0.003:0.509:b0.015:0.507:occ1
ablate_no_reacquisition_guard,false_reappearance,5,1003,,1,24,0.03764,0.00785,67,23,25,0.03727,0.00785,0.50746,0.00000,0,0.00000,0.73333,90.00000,0,1.17576,0.11487,0.30000,0.14675,0:-0.024:-0.480:b0.097:0.467:occ0;12:0.065:0.013:b0.048:0.473:occ0;24:0.071:0.428:b0.100:0.525:occ1;36:0.099:0.528:b0.112:0.518:occ1;48:0.096:0.513:b0.118:0.521:occ1;60:0.109:0.515:b0.143:0.534:occ1;72:0.099:0.510:b0.086:0.504:occ1;84:0.101:0.511:b0.137:0.532:occ1;89:0.109:0.516:b0.075:0.498:occ1
ablate_no_tail_risk_objective,false_reappearance,5,1003,,0,25,0.08248,0.08393,67,22,29,0.07740,0.08393,0.50746,0.03448,0,0.67778,0.51111,90.00000,0,1.22362,0.09441,0.30000,0.08466,0:-0.025:-0.480:b0.063:0.537:occ0;12:0.079:0.014:b0.077:0.529:occ0;24:0.097:0.415:b0.143:0.438:occ1;36:0.145:0.446:b0.147:0.450:occ1;48:0.149:0.451:b0.140:0.447:occ1;60:0.142:0.452:b0.141:0.447:occ1;72:0.133:0.447:b0.133:0.447:occ1;84:0.134:0.450:b0.150:0.452:occ1;89:0.145:0.449:b0.148:0.453:occ1
ablate_no_false_detection_rejection,false_reappearance,5,1003,,1,24,0.00426,0.04057,67,22,27,0.03123,0.04057,0.50746,0.00000,0,0.00000,0.73333,90.00000,0,1.18276,0.11906,0.30000,0.16752,0:-0.024:-0.480:b0.084:0.463:occ0;12:0.066:0.014:b0.045:0.548:occ0;24:0.087:0.425:b0.097:0.515:occ1;36:0.075:0.509:b0.081:0.485:occ1;48:0.059:0.497:b0.033:0.498:occ1;60:0.050:0.491:b0.123:0.459:occ1;72:0.075:0.490:b0.086:0.498:occ1;84:0.081:0.488:b0.025:0.499:occ1;89:0.071:0.489:b0.035:0.494:occ1
ablate_no_distractor_filter,false_reappearance,5,1003,,1,24,0.04004,0.08137,67,21,32,0.03034,0.08137,0.50746,0.00000,0,0.00000,0.73333,90.00000,0,1.16467,0.12005,0.30000,0.12254,0:-0.024:-0.480:b0.083:0.473:occ0;12:0.050:0.013:b0.063:0.469:occ0;24:0.067:0.427:b0.111:0.477:occ1;36:0.077:0.502:b0.062:0.484:occ1;48:0.082:0.482:b0.099:0.474:occ1;60:0.080:0.477:b0.081:0.476:occ1;72:0.096:0.474:b0.077:0.479:occ1;84:0.100:0.473:b0.070:0.482:occ1;89:0.112:0.471:b0.153:0.459:occ1
occlusion_aware_permanence_v4,false_reappearance,5,1003,,1,24,0.03849,0.03742,67,21,24,0.03962,0.03742,0.59701,0.00000,0,0.00000,0.73333,90.00000,0,1.07400,0.12742,0.30000,0.13087,0:-0.025:-0.480:b0.053:0.501:occ0;12:0.037:0.014:b0.056:0.520:occ0;24:0.083:0.415:b0.119:0.460:occ1;36:0.103:0.467:b0.098:0.448:occ1;48:0.101:0.452:b0.098:0.451:occ1;60:0.098:0.451:b0.101:0.453:occ1;72:0.098:0.454:b0.093:0.449:occ1;84:0.098:0.452:b0.093:0.450:occ1;89:0.098:0.451:b0.094:0.451:occ1
learned_only_branch,false_reappearance,5,1003,,1,24,0.05870,0.06231,67,20,29,0.05553,0.06231,0.19403,0.00000,0,0.00000,0.73333,90.00000,0,1.07359,0.05654,0.21800,0.17349,0:-0.024:-0.480:b0.087:0.423:occ0;12:0.060:0.011:b0.064:0.431:occ0;24:0.059:0.417:b0.045:0.445:occ1;36:0.047:0.459:b0.051:0.433:occ1;48:0.052:0.437:b0.052:0.436:occ1;60:0.053:0.435:b0.052:0.435:occ1;72:0.053:0.437:b0.052:0.435:occ1;84:0.054:0.437:b0.052:0.435:occ1;89:0.053:0.437:b0.052:0.434:occ1
occlusion_full_v5,false_reappearance,6,1000,,1,22,0.04046,0.03181,69,19,31,0.04791,0.03181,0.52174,0.00000,0,0.76667,0.75556,90.00000,0,1.02162,0.11376,0.30000,0.07716,0:-0.059:-0.480:b-0.153:0.357:occ0;12:-0.162:0.007:b-0.113:0.351:occ0;24:-0.208:0.337:b-0.232:0.355:occ1;36:-0.235:0.363:b-0.228:0.343:occ1;48:-0.235:0.343:b-0.259:0.346:occ1;60:-0.232:0.341:b-0.224:0.340:occ1;72:-0.239:0.342:b-0.228:0.343:occ1;84:-0.236:0.342:b-0.234:0.343:occ1;89:-0.234:0.342:b-0.225:0.341:occ1
ablate_no_self_mask,false_reappearance,6,1000,,1,22,0.05377,0.05091,69,19,26,0.06435,0.05091,0.66667,0.00000,0,0.80000,0.75556,90.00000,0,0.95770,0.12859,0.30000,0.07599,0:-0.060:-0.480:b-0.198:0.288:occ0;12:-0.177:0.005:b-0.162:0.348:occ0;24:-0.194:0.320:b-0.183:0.283:occ1;36:-0.179:0.302:b-0.174:0.286:occ1;48:-0.177:0.288:b-0.177:0.288:occ1;60:-0.178:0.287:b-0.176:0.289:occ1;72:-0.179:0.288:b-0.182:0.285:occ1;84:-0.177:0.288:b-0.173:0.288:occ1;89:-0.177:0.289:b-0.180:0.291:occ1
ablate_no_branch_belief,false_reappearance,6,1000,,1,22,0.05976,0.04829,69,18,28,0.05338,0.04829,0.52174,0.03571,0,0.07778,0.75556,90.00000,0,1.02552,0.11150,0.30000,0.16706,0:-0.058:-0.480:b-0.130:0.379:occ0;12:-0.152:0.004:b-0.146:0.338:occ0;24:-0.183:0.366:b-0.158:0.388:occ1;36:-0.161:0.414:b-0.164:0.399:occ1;48:-0.156:0.403:b-0.152:0.406:occ1;60:-0.157:0.402:b-0.168:0.401:occ1;72:-0.158:0.403:b-0.152:0.402:occ1;84:-0.155:0.403:b-0.151:0.404:occ1;89:-0.154:0.403:b-0.167:0.397:occ1
ablate_no_contact_update,false_reappearance,6,1000,,1,22,0.04605,0.04343,69,20,30,0.04849,0.04343,0.52174,0.00000,0,0.08889,0.75556,90.00000,0,0.98333,0.11324,0.30000,0.10895,0:-0.060:-0.480:b-0.185:0.406:occ0;12:-0.173:0.004:b-0.209:0.305:occ0;24:-0.174:0.334:b-0.149:0.320:occ1;36:-0.151:0.331:b-0.144:0.317:occ1;48:-0.155:0.319:b-0.158:0.319:occ1;60:-0.154:0.320:b-0.156:0.321:occ1;72:-0.152:0.319:b-0.160:0.320:occ1;84:-0.155:0.319:b-0.145:0.319:occ1;89:-0.154:0.320:b-0.158:0.319:occ1
ablate_no_uncertainty_inflation,false_reappearance,6,1000,,1,22,0.01725,0.01805,69,17,34,0.02760,0.01805,0.00000,0.00000,0,0.80000,0.75556,90.00000,0,0.98316,0.04946,0.14000,0.08712,0:-0.059:-0.480:b-0.169:0.403:occ0;12:-0.173:0.005:b-0.173:0.386:occ0;24:-0.200:0.329:b-0.182:0.336:occ1;36:-0.190:0.346:b-0.173:0.330:occ1;48:-0.184:0.332:b-0.185:0.329:occ1;60:-0.184:0.331:b-0.177:0.332:occ1;72:-0.185:0.332:b-0.179:0.329:occ1;84:-0.194:0.332:b-0.176:0.329:occ1;89:-0.192:0.333:b-0.197:0.333:occ1
ablate_no_identity_filter,false_reappearance,6,1000,,1,21,0.01615,0.01158,69,19,38,0.01963,0.01158,0.60870,0.00000,0,0.41111,0.76667,90.00000,0,1.00590,0.14687,0.30000,0.10482,0:-0.060:-0.480:b-0.183:0.366:occ0;12:-0.164:0.002:b-0.170:0.285:occ0;24:-0.179:0.351:b-0.184:0.343:occ1;36:-0.185:0.357:b-0.179:0.341:occ1;48:-0.184:0.341:b-0.181:0.342:occ1;60:-0.173:0.341:b-0.165:0.341:occ1;72:-0.177:0.342:b-0.198:0.347:occ1;84:-0.175:0.342:b-0.188:0.345:occ1;89:-0.176:0.341:b-0.181:0.342:occ1
ablate_no_reacquisition_guard,false_reappearance,6,1000,,1,22,0.04572,0.07063,69,18,28,0.05000,0.07063,0.52174,0.00000,0,0.67778,0.75556,90.00000,0,1.01785,0.11342,0.30000,0.08854,0:-0.062:-0.480:b-0.249:0.339:occ0;12:-0.184:0.005:b-0.165:0.390:occ0;24:-0.216:0.345:b-0.257:0.360:occ1;36:-0.240:0.374:b-0.232:0.353:occ1;48:-0.240:0.354:b-0.228:0.353:occ1;60:-0.232:0.352:b-0.230:0.353:occ1;72:-0.234:0.355:b-0.229:0.353:occ1;84:-0.237:0.354:b-0.232:0.354:occ1;89:-0.239:0.355:b-0.264:0.359:occ1
ablate_no_tail_risk_objective,false_reappearance,6,1000,,1,22,0.01488,0.01400,69,21,24,0.02508,0.01400,0.52174,0.00000,0,0.75556,0.75556,90.00000,0,1.13090,0.12620,0.30000,0.08798,0:-0.062:-0.480:b-0.237:0.372:occ0;12:-0.164:0.006:b-0.206:0.376:occ0;24:-0.196:0.349:b-0.192:0.333:occ1;36:-0.174:0.326:b-0.196:0.334:occ1;48:-0.177:0.332:b-0.168:0.329:occ1;60:-0.189:0.331:b-0.190:0.333:occ1;72:-0.181:0.335:b-0.168:0.331:occ1;84:-0.186:0.334:b-0.198:0.335:occ1;89:-0.192:0.334:b-0.190:0.333:occ1
ablate_no_false_detection_rejection,false_reappearance,6,1000,,1,22,0.01988,0.02378,69,19,30,0.03692,0.02378,0.52174,0.16667,0,0.78889,0.75556,90.00000,0,0.99807,0.12393,0.30000,0.08307,0:-0.061:-0.480:b-0.225:0.378:occ0;12:-0.160:0.005:b-0.187:0.335:occ0;24:-0.199:0.323:b-0.228:0.323:occ1;36:-0.212:0.335:b-0.205:0.336:occ1;48:-0.222:0.321:b-0.185:0.332:occ1;60:-0.204:0.329:b-0.194:0.337:occ1;72:-0.199:0.332:b-0.191:0.327:occ1;84:-0.196:0.332:b-0.205:0.332:occ1;89:-0.200:0.333:b-0.212:0.337:occ1
ablate_no_distractor_filter,false_reappearance,6,1000,,1,22,0.06733,0.07938,69,20,33,0.07630,0.07938,0.52174,0.06061,0,0.80000,0.70000,90.00000,0,1.01315,0.10034,0.30000,0.09368,0:-0.060:-0.480:b-0.197:0.369:occ0;12:-0.175:0.003:b-0.168:0.351:occ0;24:-0.189:0.321:b-0.174:0.291:occ1;36:-0.157:0.296:b-0.174:0.268:occ1;48:-0.159:0.283:b-0.141:0.280:occ1;60:-0.154:0.287:b-0.166:0.283:occ1;72:-0.167:0.283:b-0.176:0.269:occ1;84:-0.155:0.286:b-0.138:0.285:occ1;89:-0.158:0.289:b-0.153:0.278:occ1
occlusion_aware_permanence_v4,false_reappearance,6,1000,,1,22,0.03357,0.03177,69,20,35,0.04532,0.03177,0.60870,0.00000,0,0.24444,0.75556,90.00000,0,0.97224,0.13035,0.30000,0.09828,0:-0.060:-0.480:b-0.197:0.349:occ0;12:-0.150:0.004:b-0.227:0.403:occ0;24:-0.176:0.325:b-0.146:0.314:occ1;36:-0.159:0.332:b-0.151:0.317:occ1;48:-0.157:0.319:b-0.143:0.315:occ1;60:-0.151:0.317:b-0.155:0.317:occ1;72:-0.153:0.317:b-0.153:0.319:occ1;84:-0.168:0.320:b-0.162:0.319:occ1;89:-0.167:0.320:b-0.169:0.320:occ1
learned_only_branch,false_reappearance,6,1000,,1,22,0.01888,0.02579,69,21,31,0.01992,0.02579,0.21739,0.00000,0,0.08889,0.75556,90.00000,0,1.00660,0.08686,0.22400,0.11243,0:-0.059:-0.480:b-0.172:0.305:occ0;12:-0.168:0.004:b-0.271:0.374:occ0;24:-0.185:0.343:b-0.169:0.351:occ1;36:-0.179:0.364:b-0.164:0.345:occ1;48:-0.177:0.348:b-0.164:0.346:occ1;60:-0.167:0.346:b-0.169:0.345:occ1;72:-0.175:0.349:b-0.167:0.346:occ1;84:-0.176:0.348:b-0.164:0.347:occ1;89:-0.171:0.347:b-0.164:0.347:occ1
occlusion_full_v5,false_reappearance,6,1001,,1,25,0.06561,0.06555,66,21,26,0.06039,0.06555,0.50000,0.00000,0,0.00000,0.72222,90.00000,0,1.19492,0.10329,0.30000,0.14407,0:-0.020:-0.480:b0.078:0.514:occ0;12:0.064:0.013:b0.060:0.460:occ0;24:0.064:0.447:b0.119:0.534:occ1;36:0.100:0.540:b0.133:0.536:occ1;48:0.104:0.524:b0.075:0.505:occ1;60:0.095:0.515:b0.076:0.505:occ1;72:0.089:0.510:b0.103:0.518:occ1;84:0.098:0.516:b0.073:0.503:occ1;89:0.098:0.516:b0.098:0.516:occ1
ablate_no_self_mask,false_reappearance,6,1001,,1,25,0.05069,0.05648,66,22,25,0.05207,0.05648,0.65152,0.00000,0,0.00000,0.72222,90.00000,0,1.16297,0.13209,0.30000,0.14082,0:-0.020:-0.480:b0.090:0.550:occ0;12:0.055:0.012:b-0.028:0.516:occ0;24:0.041:0.439:b0.124:0.490:occ1;36:0.100:0.531:b0.091:0.527:occ1;48:0.105:0.520:b0.092:0.523:occ1;60:0.105:0.512:b0.110:0.505:occ1;72:0.104:0.512:b0.109:0.517:occ1;84:0.100:0.519:b0.096:0.522:occ1;89:0.102:0.516:b0.106:0.507:occ1
ablate_no_branch_belief,false_reappearance,6,1001,,1,26,0.01203,0.02930,66,22,32,0.02459,0.02930,0.50000,0.00000,0,0.00000,0.71111,90.00000,0,1.18766,0.12313,0.30000,0.18447,0:-0.023:-0.480:b-0.021:0.506:occ0;12:0.032:0.014:b-0.035:0.620:occ0;24:0.033:0.433:b0.004:0.540:occ1;36:0.036:0.534:b0.008:0.511:occ1;48:0.050:0.522:b0.038:0.516:occ1;60:0.048:0.518:b0.074:0.523:occ1;72:0.048:0.516:b0.067:0.522:occ1;84:0.050:0.517:b0.033:0.514:occ1;89:0.051:0.517:b0.023:0.511:occ1
ablate_no_contact_update,false_reappearance,6,1001,,0,25,0.08960,0.08872,66,21,34,0.08585,0.08872,0.50000,0.00000,0,0.00000,0.21111,90.00000,0,1.10915,0.08946,0.30000,0.11502,0:-0.021:-0.480:b0.058:0.539:occ0;12:0.040:0.014:b0.003:0.588:occ0;24:0.066:0.437:b0.110:0.441:occ1;36:0.103:0.469:b0.105:0.444:occ1;48:0.108:0.449:b0.103:0.451:occ1;60:0.101:0.448:b0.094:0.445:occ1;72:0.099:0.450:b0.094:0.445:occ1;84:0.099:0.448:b0.099:0.446:occ1;89:0.100:0.448:b0.094:0.445:occ1
ablate_no_uncertainty_inflation,false_reappearance,6,1001,,0,25,0.08053,0.08078,66,24,22,0.07657,0.08078,0.00000,0.00000,0,0.00000,0.41111,90.00000,0,1.10144,0.02915,0.14000,0.12602,0:-0.021:-0.480:b0.049:0.529:occ0;12:0.039:0.014:b0.082:0.528:occ0;24:0.060:0.435:b0.097:0.464:occ1;36:0.092:0.473:b0.097:0.452:occ1;48:0.094:0.455:b0.088:0.453:occ1;60:0.088:0.455:b0.085:0.453:occ1;72:0.089:0.454:b0.091:0.455:occ1;84:0.091:0.456:b0.085:0.454:occ1;89:0.090:0.456:b0.084:0.452:occ1
ablate_no_identity_filter,false_reappearance,6,1001,,1,25,0.01949,0.02610,66,19,25,0.02575,0.02610,0.60606,0.00000,0,0.00000,0.72222,90.00000,0,1.16429,0.14739,0.30000,0.18567,0:-0.021:-0.480:b0.043:0.513:occ0;12:0.062:0.014:b0.020:0.514:occ0;24:0.063:0.439:b-0.034:0.453:occ1;36:0.041:0.524:b0.016:0.505:occ1;48:0.046:0.512:b0.058:0.511:occ1;60:0.042:0.507:b0.066:0.510:occ1;72:0.042:0.506:b0.023:0.502:occ1;84:0.046:0.507:b0.065:0.510:occ1;89:0.044:0.507:b0.068:0.510:occ1
ablate_no_reacquisition_guard,false_reappearance,6,1001,,1,24,0.05825,0.07424,67,20,22,0.05033,0.07424,0.52239,0.00000,0,0.00000,0.73333,90.00000,0,1.19654,0.11183,0.30000,0.14501,0:-0.021:-0.480:b0.053:0.482:occ0;12:0.045:0.014:b0.084:0.504:occ0;24:0.070:0.464:b0.097:0.514:occ1;36:0.100:0.543:b0.074:0.508:occ1;48:0.088:0.516:b0.102:0.521:occ1;60:0.092:0.514:b0.108:0.522:occ1;72:0.086:0.510:b0.079:0.508:occ1;84:0.095:0.516:b0.097:0.517:occ1;89:0.097:0.516:b0.114:0.525:occ1
ablate_no_tail_risk_objective,false_reappearance,6,1001,,1,25,0.05778,0.05766,66,22,32,0.04997,0.05766,0.50000,0.00000,0,0.00000,0.72222,90.00000,0,1.27070,0.10562,0.30000,0.16152,0:-0.022:-0.480:b0.019:0.469:occ0;12:0.038:0.014:b0.084:0.496:occ0;24:0.065:0.437:b0.060:0.474:occ1;36:0.057:0.479:b0.065:0.475:occ1;48:0.066:0.484:b0.080:0.478:occ1;60:0.065:0.471:b0.066:0.470:occ1;72:0.073:0.478:b0.054:0.474:occ1;84:0.049:0.468:b0.053:0.468:occ1;89:0.057:0.470:b0.051:0.469:occ1
ablate_no_false_detection_rejection,false_reappearance,6,1001,,1,25,0.05974,0.04686,66,23,37,0.05475,0.04686,0.50000,0.10811,0,0.00000,0.72222,90.00000,0,1.20806,0.10263,0.30000,0.14407,0:-0.019:-0.480:b0.110:0.489:occ0;12:0.045:0.014:b0.007:0.480:occ0;24:0.043:0.447:b0.030:0.483:occ1;36:0.050:0.500:b0.079:0.476:occ1;48:0.092:0.472:b0.035:0.490:occ1;60:0.070:0.478:b0.065:0.471:occ1;72:0.065:0.477:b0.035:0.480:occ1;84:0.084:0.469:b0.091:0.479:occ1;89:0.076:0.472:b0.078:0.488:occ1
ablate_no_distractor_filter,false_reappearance,6,1001,,1,25,0.03450,0.06439,66,23,27,0.04383,0.06439,0.50000,0.14815,0,0.00000,0.72222,90.00000,0,1.21613,0.10858,0.30000,0.15637,0:-0.020:-0.480:b0.067:0.486:occ0;12:0.047:0.014:b0.083:0.481:occ0;24:0.052:0.434:b0.075:0.542:occ1;36:0.082:0.520:b0.093:0.493:occ1;48:0.085:0.501:b0.063:0.504:occ1;60:0.093:0.499:b0.160:0.503:occ1;72:0.093:0.503:b0.062:0.502:occ1;84:0.075:0.499:b0.053:0.501:occ1;89:0.074:0.500:b0.109:0.499:occ1
occlusion_aware_permanence_v4,false_reappearance,6,1001,,1,25,0.02073,0.03084,66,22,32,0.02463,0.03084,0.59091,0.00000,0,0.00000,0.72222,90.00000,0,1.18371,0.13498,0.30000,0.17272,0:-0.023:-0.480:b-0.001:0.541:occ0;12:0.029:0.014:b0.096:0.538:occ0;24:0.062:0.450:b0.065:0.496:occ1;36:0.063:0.526:b0.068:0.507:occ1;48:0.064:0.510:b0.066:0.507:occ1;60:0.061:0.504:b0.048:0.500:occ1;72:0.068:0.506:b0.095:0.515:occ1;84:0.065:0.505:b0.047:0.500:occ1;89:0.057:0.503:b0.078:0.508:occ1
learned_only_branch,false_reappearance,6,1001,,1,26,0.07624,0.07397,65,23,25,0.07486,0.07397,0.16923,0.00000,0,0.00000,0.71111,90.00000,0,1.08038,0.04923,0.21200,0.16127,0:-0.019:-0.480:b0.105:0.525:occ0;12:0.038:0.014:b0.078:0.521:occ0;24:0.048:0.424:b0.058:0.424:occ0;36:0.050:0.461:b0.052:0.433:occ1;48:0.053:0.435:b0.055:0.438:occ1;60:0.054:0.435:b0.052:0.433:occ1;72:0.053:0.434:b0.052:0.433:occ1;84:0.052:0.434:b0.055:0.437:occ1;89:0.052:0.434:b0.054:0.436:occ1
occlusion_full_v5,false_reappearance,6,1002,,1,23,0.04681,0.04478,68,21,27,0.03535,0.04478,0.51471,0.00000,0,0.00000,0.74444,90.00000,0,1.03798,0.11531,0.30000,0.17326,0:0.080:-0.480:b-0.095:0.368:occ0;12:-0.101:0.009:b-0.084:0.410:occ0;24:-0.120:0.367:b-0.115:0.385:occ1;36:-0.114:0.406:b-0.111:0.401:occ1;48:-0.114:0.394:b-0.112:0.401:occ1;60:-0.110:0.397:b-0.103:0.413:occ1;72:-0.109:0.396:b-0.107:0.399:occ1;84:-0.108:0.399:b-0.108:0.394:occ1;89:-0.108:0.400:b-0.110:0.401:occ1
ablate_no_self_mask,false_reappearance,6,1002,,1,23,0.01196,0.01534,68,19,28,0.01811,0.01534,0.66176,0.00000,0,0.00000,0.74444,90.00000,0,1.05854,0.15749,0.30000,0.20293,0:0.078:-0.480:b-0.154:0.417:occ0;12:-0.104:0.008:b-0.103:0.401:occ0;24:-0.127:0.355:b-0.162:0.385:occ1;36:-0.140:0.402:b-0.111:0.396:occ1;48:-0.124:0.394:b-0.154:0.389:occ1;60:-0.138:0.390:b-0.139:0.388:occ1;72:-0.136:0.391:b-0.149:0.389:occ1;84:-0.135:0.389:b-0.126:0.395:occ1;89:-0.137:0.390:b-0.152:0.388:occ1
ablate_no_branch_belief,false_reappearance,6,1002,,1,23,0.03245,0.03288,66,18,34,0.07919,0.05378,0.18182,0.00000,0,0.00000,0.33333,1.00000,0,1.08412,0.04956,0.11700,0.23420,0:0.077:-0.480:b-0.176:0.341:occ0;12:-0.100:0.014:b-0.196:0.508:occ0;24:-0.155:0.335:b-0.152:0.298:occ1;36:-0.154:0.316:b-0.159:0.324:occ1;48:-0.152:0.298:b-0.154:0.323:occ1;60:-0.152:0.301:b-0.153:0.304:occ1;72:-0.153:0.322:b-0.166:0.367:occ1;84:-0.166:0.365:b-0.164:0.376:occ1;89:-0.165:0.371:b-0.166:0.371:occ1
ablate_no_contact_update,false_reappearance,6,1002,,1,22,0.06574,0.07004,69,19,23,0.06812,0.07004,0.52174,0.00000,0,0.00000,0.75556,90.00000,0,1.03434,0.10173,0.30000,0.16999,0:0.079:-0.480:b-0.124:0.357:occ0;12:-0.102:0.010:b-0.205:0.408:occ0;24:-0.124:0.357:b-0.104:0.337:occ1;36:-0.098:0.357:b-0.102:0.332:occ1;48:-0.096:0.344:b-0.103:0.330:occ1;60:-0.097:0.344:b-0.101:0.334:occ1;72:-0.099:0.342:b-0.090:0.359:occ1;84:-0.096:0.347:b-0.093:0.358:occ1;89:-0.094:0.353:b-0.097:0.343:occ1
ablate_no_uncertainty_inflation,false_reappearance,6,1002,,1,23,0.05664,0.05843,68,22,31,0.05305,0.05843,0.00000,0.00000,0,0.00000,0.74444,90.00000,0,1.05766,0.03423,0.14000,0.15938,0:0.080:-0.480:b-0.088:0.398:occ0;12:-0.093:0.010:b-0.095:0.407:occ0;24:-0.123:0.372:b-0.095:0.415:occ1;36:-0.094:0.431:b-0.093:0.420:occ1;48:-0.091:0.422:b-0.097:0.418:occ1;60:-0.092:0.422:b-0.096:0.420:occ1;72:-0.094:0.421:b-0.086:0.427:occ1;84:-0.094:0.422:b-0.091:0.423:occ1;89:-0.094:0.421:b-0.093:0.423:occ1
ablate_no_identity_filter,false_reappearance,6,1002,,1,23,0.04624,0.04713,68,17,35,0.04014,0.04713,0.60294,0.05714,0,0.00000,0.74444,90.00000,0,1.08945,0.14084,0.30000,0.22428,0:0.077:-0.480:b-0.186:0.372:occ0;12:-0.106:0.006:b-0.117:0.397:occ0;24:-0.090:0.364:b-0.160:0.364:occ1;36:-0.149:0.379:b-0.157:0.356:occ1;48:-0.157:0.365:b-0.151:0.366:occ1;60:-0.151:0.369:b-0.148:0.369:occ1;72:-0.150:0.365:b-0.152:0.356:occ1;84:-0.151:0.356:b-0.153:0.355:occ1;89:-0.152:0.355:b-0.153:0.355:occ1
ablate_no_reacquisition_guard,false_reappearance,6,1002,,1,22,0.07776,0.07840,69,20,33,0.08361,0.07840,0.52174,0.00000,0,0.00000,0.47778,90.00000,0,1.11221,0.09570,0.30000,0.24490,0:0.080:-0.480:b-0.082:0.427:occ0;12:-0.098:0.007:b-0.125:0.366:occ0;24:-0.149:0.394:b-0.182:0.471:occ1;36:-0.182:0.487:b-0.178:0.473:occ1;48:-0.175:0.475:b-0.174:0.471:occ1;60:-0.172:0.471:b-0.172:0.471:occ1;72:-0.172:0.471:b-0.173:0.471:occ1;84:-0.173:0.471:b-0.173:0.471:occ1;89:-0.173:0.471:b-0.172:0.472:occ1
ablate_no_tail_risk_objective,false_reappearance,6,1002,,1,23,0.05073,0.06282,68,21,27,0.04877,0.06282,0.51471,0.00000,0,0.00000,0.74444,90.00000,0,1.14392,0.11025,0.30000,0.21025,0:0.078:-0.480:b-0.141:0.429:occ0;12:-0.102:0.007:b-0.092:0.350:occ0;24:-0.140:0.346:b-0.139:0.325:occ1;36:-0.142:0.353:b-0.141:0.342:occ1;48:-0.135:0.344:b-0.140:0.329:occ1;60:-0.134:0.336:b-0.132:0.374:occ1;72:-0.137:0.342:b-0.134:0.354:occ1;84:-0.139:0.343:b-0.135:0.340:occ1;89:-0.132:0.340:b-0.138:0.327:occ1
ablate_no_false_detection_rejection,false_reappearance,6,1002,,1,23,0.02403,0.05789,68,20,31,0.03884,0.05789,0.51471,0.03226,0,0.00000,0.74444,90.00000,0,1.15004,0.11799,0.30000,0.21434,0:0.079:-0.480:b-0.109:0.392:occ0;12:-0.108:0.004:b-0.192:0.370:occ0;24:-0.159:0.368:b-0.170:0.409:occ1;36:-0.156:0.429:b-0.136:0.425:occ1;48:-0.138:0.417:b-0.024:0.426:occ1;60:-0.120:0.419:b-0.152:0.402:occ1;72:-0.111:0.415:b-0.063:0.436:occ1;84:-0.142:0.419:b-0.166:0.415:occ1;89:-0.149:0.419:b-0.099:0.432:occ1
ablate_no_distractor_filter,false_reappearance,6,1002,,1,22,0.00723,0.00901,69,20,23,0.02429,0.00901,0.52174,0.00000,0,0.00000,0.75556,90.00000,0,1.10121,0.12824,0.30000,0.20462,0:0.080:-0.480:b-0.080:0.376:occ0;12:-0.111:0.007:b-0.094:0.395:occ0;24:-0.134:0.374:b-0.124:0.398:occ1;36:-0.138:0.406:b-0.146:0.388:occ1;48:-0.128:0.394:b-0.163:0.384:occ1;60:-0.128:0.397:b-0.150:0.388:occ1;72:-0.113:0.401:b-0.159:0.382:occ1;84:-0.128:0.398:b-0.150:0.396:occ1;89:-0.139:0.396:b-0.136:0.400:occ1
occlusion_aware_permanence_v4,false_reappearance,6,1002,,1,23,0.03359,0.04559,68,22,21,0.03105,0.04559,0.60294,0.00000,0,0.00000,0.74444,90.00000,0,1.03152,0.13680,0.30000,0.16980,0:0.076:-0.480:b-0.198:0.460:occ0;12:-0.105:0.007:b-0.145:0.402:occ0;24:-0.123:0.363:b-0.100:0.397:occ1;36:-0.105:0.406:b-0.107:0.394:occ1;48:-0.104:0.398:b-0.100:0.399:occ1;60:-0.105:0.397:b-0.107:0.397:occ1;72:-0.105:0.398:b-0.110:0.395:occ1;84:-0.104:0.398:b-0.107:0.397:occ1;89:-0.104:0.398:b-0.093:0.407:occ1
learned_only_branch,false_reappearance,6,1002,,1,23,0.03905,0.00995,68,21,29,0.03968,0.00995,0.20588,0.00000,0,0.00000,0.74444,90.00000,0,1.04112,0.07067,0.22100,0.22205,0:0.080:-0.480:b-0.090:0.368:occ0;12:-0.111:0.007:b-0.155:0.409:occ0;24:-0.154:0.362:b-0.146:0.392:occ1;36:-0.153:0.384:b-0.152:0.393:occ1;48:-0.153:0.365:b-0.154:0.358:occ1;60:-0.153:0.361:b-0.151:0.359:occ1;72:-0.153:0.364:b-0.154:0.358:occ1;84:-0.152:0.365:b-0.155:0.358:occ1;89:-0.152:0.367:b-0.143:0.395:occ1
occlusion_full_v5,false_reappearance,6,1003,,1,16,0.03652,0.03568,74,15,36,0.03061,0.03568,0.55405,0.00000,0,0.00000,0.82222,90.00000,0,0.97341,0.13873,0.30000,0.18273,0:0.106:-0.480:b-0.472:0.109:occ0;12:-0.307:-0.032:b-0.383:0.173:occ0;24:-0.428:0.149:b-0.411:0.127:occ1;36:-0.414:0.130:b-0.403:0.128:occ1;48:-0.403:0.126:b-0.426:0.106:occ1;60:-0.408:0.123:b-0.416:0.123:occ1;72:-0.407:0.125:b-0.426:0.107:occ1;84:-0.407:0.125:b-0.395:0.133:occ1;89:-0.406:0.126:b-0.405:0.126:occ1
ablate_no_self_mask,false_reappearance,6,1003,,1,17,0.03360,0.03097,74,15,35,0.02942,0.03097,0.68919,0.00000,0,0.00000,0.81111,90.00000,0,0.96966,0.16552,0.30000,0.18280,0:0.106:-0.480:b-0.408:0.085:occ0;12:-0.289:-0.031:b-0.382:0.125:occ0;24:-0.426:0.157:b-0.403:0.149:occ1;36:-0.411:0.150:b-0.395:0.143:occ1;48:-0.404:0.144:b-0.400:0.145:occ1;60:-0.404:0.146:b-0.390:0.143:occ1;72:-0.404:0.144:b-0.419:0.147:occ1;84:-0.402:0.143:b-0.405:0.146:occ1;89:-0.404:0.144:b-0.400:0.146:occ1
ablate_no_branch_belief,false_reappearance,6,1003,,1,17,0.02376,0.01737,74,14,30,0.02028,0.01737,0.55405,0.00000,0,0.00000,0.81111,90.00000,0,0.96788,0.14516,0.30000,0.19600,0:0.106:-0.480:b-0.345:0.138:occ0;12:-0.295:-0.036:b-0.505:0.162:occ0;24:-0.424:0.130:b-0.390:0.119:occ1;36:-0.395:0.124:b-0.400:0.120:occ1;48:-0.391:0.115:b-0.381:0.120:occ1;60:-0.393:0.111:b-0.390:0.116:occ1;72:-0.395:0.110:b-0.393:0.114:occ1;84:-0.392:0.114:b-0.413:0.098:occ1;89:-0.394:0.112:b-0.390:0.116:occ1
ablate_no_contact_update,false_reappearance,6,1003,,1,17,0.03009,0.03208,74,15,26,0.03120,0.03208,0.55405,0.00000,0,0.00000,0.81111,90.00000,0,0.96194,0.13657,0.30000,0.20822,0:0.106:-0.480:b-0.422:0.148:occ0;12:-0.292:-0.037:b-0.336:0.122:occ0;24:-0.392:0.169:b-0.384:0.163:occ1;36:-0.379:0.165:b-0.372:0.158:occ1;48:-0.372:0.156:b-0.367:0.155:occ1;60:-0.374:0.155:b-0.376:0.156:occ1;72:-0.379:0.157:b-0.383:0.154:occ1;84:-0.381:0.158:b-0.380:0.154:occ1;89:-0.379:0.157:b-0.366:0.158:occ1
ablate_no_uncertainty_inflation,false_reappearance,6,1003,,1,17,0.06934,0.07027,74,15,30,0.07045,0.07027,0.00000,0.03333,0,0.00000,0.74444,90.00000,0,0.99505,0.03846,0.14000,0.23050,0:0.106:-0.480:b-0.422:0.164:occ0;12:-0.299:-0.033:b-0.353:0.169:occ0;24:-0.387:0.197:b-0.364:0.201:occ1;36:-0.372:0.208:b-0.370:0.205:occ1;48:-0.362:0.199:b-0.368:0.194:occ1;60:-0.361:0.198:b-0.370:0.196:occ1;72:-0.363:0.199:b-0.369:0.204:occ1;84:-0.365:0.199:b-0.356:0.201:occ1;89:-0.362:0.199:b-0.359:0.200:occ1
ablate_no_identity_filter,false_reappearance,6,1003,,1,17,0.03965,0.03487,74,15,35,0.03067,0.03487,0.63514,0.00000,0,0.00000,0.81111,90.00000,0,0.95648,0.15231,0.30000,0.19009,0:0.106:-0.480:b-0.317:0.164:occ0;12:-0.299:-0.036:b-0.387:0.091:occ0;24:-0.418:0.134:b-0.394:0.125:occ1;36:-0.406:0.121:b-0.384:0.126:occ1;48:-0.405:0.111:b-0.384:0.122:occ1;60:-0.398:0.116:b-0.399:0.114:occ1;72:-0.398:0.115:b-0.385:0.122:occ1;84:-0.401:0.112:b-0.398:0.113:occ1;89:-0.400:0.112:b-0.397:0.116:occ1
ablate_no_reacquisition_guard,false_reappearance,6,1003,,1,17,0.02295,0.03340,74,16,31,0.02413,0.03340,0.55405,0.00000,0,0.00000,0.81111,90.00000,0,0.93737,0.14038,0.30000,0.21065,0:0.106:-0.480:b-0.406:0.170:occ0;12:-0.290:-0.036:b-0.371:0.160:occ0;24:-0.397:0.131:b-0.371:0.112:occ1;36:-0.381:0.116:b-0.373:0.111:occ1;48:-0.377:0.113:b-0.391:0.126:occ1;60:-0.380:0.109:b-0.380:0.109:occ1;72:-0.386:0.106:b-0.384:0.110:occ1;84:-0.382:0.110:b-0.368:0.110:occ1;89:-0.380:0.109:b-0.398:0.103:occ1
ablate_no_tail_risk_objective,false_reappearance,6,1003,,1,17,0.03428,0.03219,74,14,31,0.02801,0.03219,0.55405,0.00000,0,0.00000,0.81111,90.00000,0,1.14166,0.13946,0.30000,0.19703,0:0.106:-0.480:b-0.379:0.136:occ0;12:-0.301:-0.035:b-0.365:0.131:occ0;24:-0.411:0.148:b-0.402:0.121:occ1;36:-0.394:0.121:b-0.395:0.123:occ1;48:-0.385:0.118:b-0.387:0.116:occ1;60:-0.382:0.121:b-0.385:0.121:occ1;72:-0.406:0.102:b-0.393:0.111:occ1;84:-0.409:0.102:b-0.419:0.095:occ1;89:-0.394:0.111:b-0.398:0.117:occ1
ablate_no_false_detection_rejection,false_reappearance,6,1003,,1,17,0.03795,0.02294,74,15,34,0.03856,0.02294,0.55405,0.02941,0,0.00000,0.81111,90.00000,0,1.02791,0.12952,0.30000,0.17853,0:0.106:-0.480:b-0.431:0.123:occ0;12:-0.294:-0.035:b-0.407:0.150:occ0;24:-0.402:0.157:b-0.452:0.141:occ1;36:-0.396:0.154:b-0.390:0.145:occ1;48:-0.402:0.144:b-0.378:0.146:occ1;60:-0.394:0.145:b-0.471:0.125:occ1;72:-0.430:0.146:b-0.402:0.150:occ1;84:-0.414:0.154:b-0.423:0.145:occ1;89:-0.408:0.153:b-0.368:0.149:occ1
ablate_no_distractor_filter,false_reappearance,6,1003,,1,17,0.04840,0.02262,74,15,30,0.04102,0.02262,0.55405,0.03333,0,0.00000,0.81111,90.00000,0,1.04898,0.12839,0.30000,0.16874,0:0.106:-0.480:b-0.412:0.092:occ0;12:-0.302:-0.038:b-0.412:0.107:occ0;24:-0.433:0.143:b-0.433:0.127:occ1;36:-0.416:0.136:b-0.390:0.126:occ1;48:-0.418:0.127:b-0.430:0.116:occ1;60:-0.423:0.123:b-0.438:0.132:occ1;72:-0.418:0.129:b-0.396:0.127:occ1;84:-0.431:0.125:b-0.442:0.124:occ1;89:-0.420:0.125:b-0.393:0.127:occ1
occlusion_aware_permanence_v4,false_reappearance,6,1003,,1,17,0.03555,0.02045,74,15,32,0.03213,0.02045,0.63514,0.00000,0,0.00000,0.81111,90.00000,0,0.96461,0.15228,0.30000,0.18435,0:0.106:-0.480:b-0.394:0.138:occ0;12:-0.289:-0.036:b-0.395:0.182:occ0;24:-0.423:0.142:b-0.398:0.124:occ1;36:-0.418:0.121:b-0.415:0.123:occ1;48:-0.405:0.117:b-0.391:0.126:occ1;60:-0.404:0.116:b-0.427:0.100:occ1;72:-0.408:0.114:b-0.404:0.113:occ1;84:-0.408:0.116:b-0.403:0.122:occ1;89:-0.405:0.118:b-0.392:0.125:occ1
learned_only_branch,false_reappearance,6,1003,,1,17,0.03556,0.05062,74,14,37,0.03343,0.05062,0.27027,0.00000,0,0.00000,0.81111,90.00000,0,0.95601,0.08345,0.23900,0.18822,0:0.106:-0.480:b-0.416:0.122:occ0;12:-0.295:-0.038:b-0.380:0.141:occ0;24:-0.419:0.133:b-0.429:0.107:occ1;36:-0.409:0.124:b-0.393:0.124:occ1;48:-0.413:0.110:b-0.418:0.110:occ1;60:-0.409:0.114:b-0.393:0.120:occ1;72:-0.403:0.115:b-0.393:0.119:occ1;84:-0.402:0.116:b-0.393:0.119:occ1;89:-0.401:0.118:b-0.416:0.114:occ1
occlusion_full_v5,false_reappearance,7,1000,,1,18,0.07114,0.07525,73,16,29,0.07106,0.07525,0.54795,0.00000,0,0.78889,0.80000,90.00000,0,0.87068,0.10588,0.30000,0.09252,0:-0.014:-0.480:b0.051:0.216:occ0;12:0.091:-0.019:b0.074:0.190:occ0;24:0.081:0.238:b0.065:0.249:occ1;36:0.063:0.257:b0.066:0.250:occ1;48:0.063:0.246:b0.065:0.247:occ1;60:0.066:0.246:b0.068:0.248:occ1;72:0.067:0.246:b0.068:0.249:occ1;84:0.070:0.246:b0.082:0.239:occ1;89:0.070:0.245:b0.063:0.246:occ1
ablate_no_self_mask,false_reappearance,7,1000,,1,18,0.04480,0.04014,73,15,29,0.05051,0.04014,0.71233,0.00000,0,0.04444,0.80000,90.00000,0,0.79429,0.15057,0.30000,0.12201,0:-0.014:-0.480:b0.060:0.215:occ0;12:0.075:-0.021:b0.090:0.176:occ0;24:0.117:0.168:b0.138:0.146:occ1;36:0.132:0.154:b0.147:0.144:occ1;48:0.131:0.147:b0.132:0.146:occ1;60:0.132:0.150:b0.128:0.151:occ1;72:0.129:0.149:b0.142:0.147:occ1;84:0.127:0.150:b0.121:0.142:occ1;89:0.126:0.150:b0.121:0.153:occ1
ablate_no_branch_belief,false_reappearance,7,1000,,0,18,0.09472,0.09471,73,16,30,0.09136,0.09471,0.54795,0.86667,0,0.80000,0.11111,90.00000,0,0.87915,0.09849,0.30000,0.04330,0:-0.012:-0.480:b0.124:0.228:occ0;12:0.079:-0.018:b0.171:0.230:occ0;24:0.041:0.228:b0.009:0.223:occ1;36:0.017:0.234:b0.013:0.221:occ1;48:0.018:0.220:b0.019:0.221:occ1;60:0.022:0.222:b0.025:0.220:occ1;72:0.024:0.221:b0.017:0.221:occ1;84:0.019:0.221:b0.019:0.221:occ1;89:0.018:0.220:b0.017:0.217:occ1
ablate_no_contact_update,false_reappearance,7,1000,,0,17,0.13627,0.13688,74,15,31,0.12969,0.13688,0.56757,0.00000,0,0.06667,0.07778,90.00000,0,0.91673,0.07987,0.30000,0.13466,0:-0.014:-0.480:b0.062:0.162:occ0;12:0.076:-0.020:b0.088:0.226:occ0;24:0.067:0.288:b0.049:0.294:occ1;36:0.048:0.306:b0.053:0.298:occ1;48:0.050:0.299:b0.049:0.301:occ1;60:0.049:0.304:b0.051:0.305:occ1;72:0.048:0.305:b0.055:0.303:occ1;84:0.051:0.305:b0.051:0.306:occ1;89:0.052:0.305:b0.052:0.305:occ1
ablate_no_uncertainty_inflation,false_reappearance,7,1000,,1,18,0.01751,0.01776,73,16,34,0.01596,0.01776,0.00000,0.00000,0,0.80000,0.80000,90.00000,0,0.79558,0.06314,0.14000,0.08470,0:-0.014:-0.480:b0.073:0.210:occ0;12:0.068:-0.019:b0.147:0.214:occ0;24:0.086:0.196:b0.088:0.182:occ1;36:0.091:0.188:b0.091:0.179:occ1;48:0.091:0.179:b0.093:0.179:occ1;60:0.092:0.178:b0.092:0.178:occ1;72:0.092:0.178:b0.094:0.177:occ1;84:0.091:0.178:b0.090:0.176:occ1;89:0.092:0.178:b0.091:0.177:occ1
ablate_no_identity_filter,false_reappearance,7,1000,,1,18,0.02063,0.01752,73,14,27,0.01990,0.01752,0.63014,0.00000,0,0.80000,0.80000,90.00000,0,0.80064,0.15757,0.30000,0.09664,0:-0.013:-0.480:b0.090:0.181:occ0;12:0.094:-0.020:b0.087:0.231:occ0;24:0.099:0.196:b0.104:0.173:occ1;36:0.103:0.180:b0.103:0.175:occ1;48:0.104:0.173:b0.105:0.175:occ1;60:0.104:0.172:b0.103:0.171:occ1;72:0.103:0.171:b0.103:0.171:occ1;84:0.103:0.171:b0.103:0.171:occ1;89:0.103:0.171:b0.102:0.175:occ1
ablate_no_reacquisition_guard,false_reappearance,7,1000,,1,18,0.02619,0.02567,73,17,41,0.02717,0.02567,0.54795,0.00000,0,0.77778,0.80000,90.00000,0,0.78804,0.13585,0.30000,0.08715,0:-0.013:-0.480:b0.085:0.167:occ0;12:0.075:-0.029:b0.088:0.170:occ0;24:0.102:0.182:b0.092:0.166:occ1;36:0.094:0.170:b0.094:0.161:occ1;48:0.093:0.161:b0.093:0.160:occ1;60:0.092:0.160:b0.092:0.160:occ1;72:0.092:0.160:b0.093:0.160:occ1;84:0.093:0.161:b0.091:0.161:occ1;89:0.092:0.161:b0.093:0.162:occ1
ablate_no_tail_risk_objective,false_reappearance,7,1000,,1,19,0.04739,0.04150,72,16,27,0.04135,0.04150,0.54167,0.00000,0,0.78889,0.78889,90.00000,0,0.90174,0.12718,0.30000,0.06778,0:-0.015:-0.480:b0.047:0.085:occ0;12:0.085:-0.034:b-0.045:0.092:occ0;24:0.072:0.187:b0.076:0.174:occ1;36:0.072:0.168:b0.075:0.168:occ1;48:0.075:0.166:b0.077:0.168:occ1;60:0.078:0.168:b0.076:0.166:occ1;72:0.075:0.171:b0.076:0.167:occ1;84:0.077:0.171:b0.078:0.170:occ1;89:0.074:0.170:b0.082:0.167:occ1
ablate_no_false_detection_rejection,false_reappearance,7,1000,,1,18,0.04578,0.05083,73,15,33,0.04554,0.05083,0.54795,0.15152,0,0.80000,0.80000,90.00000,0,0.83290,0.12452,0.30000,0.06625,0:-0.016:-0.480:b0.004:0.188:occ0;12:0.064:-0.019:b0.139:0.209:occ0;24:0.087:0.187:b0.084:0.162:occ1;36:0.069:0.169:b0.069:0.159:occ1;48:0.072:0.161:b0.088:0.163:occ1;60:0.074:0.161:b0.074:0.160:occ1;72:0.076:0.161:b0.080:0.156:occ1;84:0.073:0.166:b0.067:0.164:occ1;89:0.072:0.166:b0.067:0.164:occ1
ablate_no_distractor_filter,false_reappearance,7,1000,,1,18,0.05462,0.04863,73,15,28,0.05651,0.04863,0.54795,0.00000,0,0.81111,0.80000,90.00000,0,0.88744,0.11885,0.30000,0.08796,0:-0.014:-0.480:b0.053:0.178:occ0;12:0.064:-0.017:b0.082:0.180:occ0;24:0.078:0.230:b0.082:0.232:occ1;36:0.074:0.248:b0.060:0.241:occ1;48:0.064:0.229:b0.045:0.240:occ1;60:0.069:0.230:b0.079:0.239:occ1;72:0.068:0.236:b0.073:0.234:occ1;84:0.070:0.236:b0.072:0.232:occ1;89:0.074:0.235:b0.064:0.215:occ1
occlusion_aware_permanence_v4,false_reappearance,7,1000,,1,18,0.02702,0.02706,73,16,28,0.03015,0.02706,0.63014,0.00000,0,0.76667,0.80000,90.00000,0,0.83310,0.14894,0.30000,0.09454,0:-0.012:-0.480:b0.125:0.210:occ0;12:0.069:-0.021:b0.087:0.190:occ0;24:0.092:0.221:b0.092:0.224:occ1;36:0.092:0.234:b0.095:0.224:occ1;48:0.091:0.224:b0.092:0.221:occ1;60:0.092:0.220:b0.092:0.220:occ1;72:0.091:0.219:b0.094:0.221:occ1;84:0.091:0.220:b0.092:0.220:occ1;89:0.092:0.220:b0.092:0.220:occ1
learned_only_branch,false_reappearance,7,1000,,1,18,0.05556,0.05550,73,15,30,0.05702,0.05550,0.26027,0.00000,0,0.07778,0.80000,90.00000,0,0.85527,0.06919,0.23600,0.11228,0:-0.013:-0.480:b0.098:0.120:occ0;12:0.071:-0.021:b0.051:0.178:occ0;24:0.095:0.246:b0.088:0.248:occ1;36:0.098:0.259:b0.096:0.252:occ1;48:0.094:0.251:b0.095:0.248:occ1;60:0.095:0.248:b0.097:0.246:occ1;72:0.093:0.247:b0.099:0.241:occ1;84:0.095:0.247:b0.096:0.248:occ1;89:0.095:0.247:b0.096:0.247:occ1
occlusion_full_v5,false_reappearance,7,1001,,1,23,0.00774,0.01042,68,20,32,0.00746,0.01042,0.51471,0.00000,0,0.04444,0.74444,90.00000,0,1.12075,0.14106,0.30000,0.13066,0:-0.062:-0.480:b0.377:0.388:occ0;12:0.304:0.007:b0.385:0.399:occ0;24:0.390:0.338:b0.373:0.362:occ1;36:0.375:0.380:b0.377:0.364:occ1;48:0.372:0.366:b0.371:0.364:occ1;60:0.371:0.366:b0.373:0.364:occ1;72:0.375:0.364:b0.379:0.363:occ1;84:0.373:0.366:b0.376:0.367:occ1;89:0.373:0.367:b0.376:0.369:occ1
ablate_no_self_mask,false_reappearance,7,1001,,1,22,0.04435,0.05316,69,19,30,0.04855,0.05316,0.66667,0.00000,0,0.02222,0.75556,90.00000,0,1.13295,0.14037,0.30000,0.16275,0:-0.062:-0.480:b0.383:0.338:occ0;12:0.303:0.009:b0.356:0.460:occ0;24:0.375:0.344:b0.345:0.328:occ1;36:0.335:0.346:b0.312:0.329:occ1;48:0.327:0.332:b0.317:0.332:occ1;60:0.328:0.333:b0.314:0.332:occ1;72:0.326:0.334:b0.333:0.338:occ1;84:0.331:0.333:b0.316:0.332:occ1;89:0.327:0.332:b0.317:0.332:occ1
ablate_no_branch_belief,false_reappearance,7,1001,,1,22,0.01493,0.01563,69,20,36,0.01880,0.01563,0.52174,0.00000,0,0.05556,0.75556,90.00000,0,1.11857,0.13207,0.30000,0.14620,0:-0.062:-0.480:b0.364:0.395:occ0;12:0.309:0.007:b0.367:0.370:occ0;24:0.390:0.338:b0.350:0.354:occ1;36:0.361:0.367:b0.356:0.353:occ1;48:0.354:0.354:b0.344:0.356:occ1;60:0.349:0.354:b0.347:0.355:occ1;72:0.350:0.355:b0.350:0.354:occ1;84:0.350:0.356:b0.343:0.356:occ1;89:0.350:0.356:b0.358:0.351:occ1
ablate_no_contact_update,false_reappearance,7,1001,,1,22,0.02691,0.03347,69,21,29,0.02528,0.03347,0.52174,0.00000,0,0.00000,0.75556,90.00000,0,1.12651,0.12862,0.30000,0.14417,0:-0.062:-0.480:b0.333:0.391:occ0;12:0.304:0.008:b0.359:0.432:occ0;24:0.383:0.348:b0.384:0.373:occ1;36:0.378:0.397:b0.374:0.387:occ1;48:0.370:0.388:b0.373:0.383:occ1;60:0.366:0.389:b0.375:0.383:occ1;72:0.369:0.388:b0.379:0.379:occ1;84:0.370:0.387:b0.367:0.389:occ1;89:0.370:0.387:b0.361:0.393:occ1
ablate_no_uncertainty_inflation,false_reappearance,7,1001,,1,23,0.01268,0.01989,69,17,31,0.01627,0.01989,0.00000,0.00000,0,0.04444,0.74444,90.00000,0,1.13494,0.06019,0.14000,0.14844,0:-0.062:-0.480:b0.373:0.359:occ0;12:0.314:0.009:b0.337:0.404:occ0;24:0.389:0.344:b0.352:0.368:occ1;36:0.361:0.379:b0.348:0.368:occ1;48:0.351:0.366:b0.343:0.369:occ1;60:0.348:0.366:b0.343:0.369:occ1;72:0.352:0.365:b0.354:0.365:occ1;84:0.351:0.365:b0.355:0.363:occ1;89:0.352:0.365:b0.346:0.368:occ1
ablate_no_identity_filter,false_reappearance,7,1001,,1,22,0.02176,0.03466,69,20,24,0.03140,0.03466,0.60870,0.00000,0,0.06667,0.75556,90.00000,0,1.17024,0.14076,0.30000,0.15811,0:-0.062:-0.480:b0.352:0.328:occ0;12:0.315:0.003:b0.352:0.369:occ0;24:0.394:0.349:b0.351:0.353:occ1;36:0.335:0.370:b0.355:0.355:occ1;48:0.330:0.359:b0.342:0.355:occ1;60:0.329:0.360:b0.327:0.362:occ1;72:0.334:0.360:b0.323:0.363:occ1;84:0.341:0.358:b0.328:0.361:occ1;89:0.339:0.358:b0.326:0.362:occ1
ablate_no_reacquisition_guard,false_reappearance,7,1001,,1,22,0.05733,0.05886,69,17,25,0.06106,0.05886,0.53623,0.04000,0,0.00000,0.75556,90.00000,0,1.16608,0.10919,0.30000,0.19102,0:-0.062:-0.480:b0.401:0.422:occ0;12:0.315:0.005:b0.404:0.328:occ0;24:0.360:0.351:b0.316:0.364:occ1;36:0.313:0.384:b0.293:0.377:occ1;48:0.309:0.371:b0.296:0.376:occ1;60:0.304:0.373:b0.294:0.378:occ1;72:0.302:0.375:b0.310:0.371:occ1;84:0.309:0.372:b0.299:0.376:occ1;89:0.309:0.372:b0.307:0.373:occ1
ablate_no_tail_risk_objective,false_reappearance,7,1001,,1,22,0.02001,0.02129,69,15,27,0.02422,0.02129,0.55072,0.00000,0,0.02222,0.75556,90.00000,0,1.27536,0.13476,0.30000,0.15559,0:-0.062:-0.480:b0.392:0.349:occ0;12:0.312:0.004:b0.288:0.300:occ0;24:0.370:0.361:b0.338:0.369:occ1;36:0.342:0.359:b0.347:0.363:occ1;48:0.338:0.367:b0.338:0.366:occ1;60:0.333:0.369:b0.349:0.365:occ1;72:0.340:0.367:b0.344:0.366:occ1;84:0.345:0.362:b0.340:0.366:occ1;89:0.345:0.366:b0.343:0.364:occ1
ablate_no_false_detection_rejection,false_reappearance,7,1001,,1,22,0.06677,0.05838,69,20,31,0.06517,0.05838,0.52174,0.00000,0,0.03333,0.72222,90.00000,0,1.26609,0.10208,0.30000,0.18589,0:-0.062:-0.480:b0.399:0.382:occ0;12:0.313:0.001:b0.412:0.314:occ0;24:0.380:0.361:b0.348:0.401:occ1;36:0.347:0.416:b0.313:0.430:occ1;48:0.337:0.413:b0.404:0.366:occ1;60:0.353:0.400:b0.311:0.428:occ1;72:0.321:0.421:b0.337:0.398:occ1;84:0.343:0.408:b0.312:0.430:occ1;89:0.337:0.413:b0.339:0.405:occ1
ablate_no_distractor_filter,false_reappearance,7,1001,,1,23,0.05687,0.06082,69,19,38,0.06159,0.06082,0.53623,0.18421,0,0.77778,0.74444,90.00000,0,1.13132,0.10980,0.30000,0.10389,0:-0.062:-0.480:b0.350:0.375:occ0;12:0.326:0.007:b0.410:0.412:occ0;24:0.405:0.315:b0.397:0.319:occ1;36:0.398:0.320:b0.369:0.304:occ1;48:0.387:0.306:b0.393:0.305:occ1;60:0.394:0.313:b0.365:0.303:occ1;72:0.384:0.311:b0.405:0.305:occ1;84:0.389:0.306:b0.378:0.299:occ1;89:0.383:0.304:b0.401:0.307:occ1
occlusion_aware_permanence_v4,false_reappearance,7,1001,,1,22,0.06587,0.07452,69,21,40,0.06173,0.07452,0.60870,0.00000,0,0.01111,0.75556,90.00000,0,1.17008,0.11787,0.30000,0.19645,0:-0.062:-0.480:b0.399:0.325:occ0;12:0.299:0.007:b0.339:0.344:occ0;24:0.379:0.364:b0.335:0.412:occ1;36:0.342:0.427:b0.348:0.407:occ1;48:0.334:0.416:b0.343:0.409:occ1;60:0.330:0.417:b0.329:0.418:occ1;72:0.330:0.417:b0.334:0.414:occ1;84:0.331:0.416:b0.325:0.420:occ1;89:0.328:0.418:b0.320:0.423:occ1
learned_only_branch,false_reappearance,7,1001,,1,23,0.06909,0.06621,69,20,23,0.06434,0.06621,0.21739,0.00000,0,0.76667,0.74444,90.00000,0,1.10457,0.05549,0.22400,0.07713,0:-0.062:-0.480:b0.375:0.362:occ0;12:0.313:0.006:b0.386:0.431:occ0;24:0.408:0.334:b0.422:0.355:occ1;36:0.426:0.363:b0.429:0.342:occ1;48:0.424:0.352:b0.423:0.349:occ1;60:0.424:0.349:b0.423:0.349:occ1;72:0.423:0.350:b0.424:0.350:occ1;84:0.424:0.349:b0.429:0.338:occ1;89:0.425:0.348:b0.422:0.348:occ1
occlusion_full_v5,false_reappearance,7,1002,,0,22,0.08872,0.06452,69,20,30,0.08979,0.06452,0.52174,0.00000,0,0.00000,0.10000,90.00000,0,1.26036,0.09131,0.30000,0.35092,0:-0.076:-0.480:b0.337:0.416:occ0;12:0.311:0.006:b0.412:0.349:occ0;24:0.421:0.377:b0.401:0.426:occ1;36:0.420:0.456:b0.422:0.454:occ1;48:0.422:0.456:b0.422:0.453:occ1;60:0.417:0.444:b0.418:0.448:occ1;72:0.422:0.453:b0.441:0.483:occ1;84:0.425:0.459:b0.404:0.424:occ1;89:0.416:0.444:b0.403:0.422:occ1
ablate_no_self_mask,false_reappearance,7,1002,,1,23,0.05302,0.05019,68,18,24,0.05449,0.05019,0.66176,0.00000,0,0.00000,0.74444,90.00000,0,1.11920,0.13600,0.30000,0.38415,0:-0.076:-0.480:b0.441:0.353:occ0;12:0.311:-0.004:b0.366:0.182:occ0;24:0.427:0.331:b0.451:0.320:occ1;36:0.453:0.346:b0.450:0.331:occ1;48:0.451:0.332:b0.450:0.334:occ1;60:0.450:0.333:b0.450:0.334:occ1;72:0.450:0.334:b0.450:0.334:occ1;84:0.452:0.336:b0.465:0.350:occ1;89:0.457:0.340:b0.452:0.335:occ1
ablate_no_branch_belief,false_reappearance,7,1002,,1,22,0.01625,0.00660,69,18,31,0.01554,0.00660,0.52174,0.00000,0,0.00000,0.75556,90.00000,0,1.16616,0.13751,0.30000,0.40074,0:-0.076:-0.480:b0.452:0.337:occ0;12:0.324:0.004:b0.429:0.341:occ0;24:0.428:0.354:b0.408:0.384:occ1;36:0.406:0.389:b0.406:0.385:occ1;48:0.402:0.377:b0.406:0.403:occ1;60:0.403:0.377:b0.402:0.364:occ1;72:0.403:0.374:b0.403:0.374:occ1;84:0.403:0.375:b0.404:0.384:occ1;89:0.403:0.375:b0.401:0.357:occ1
ablate_no_contact_update,false_reappearance,7,1002,,1,22,0.00675,0.00820,69,18,27,0.01231,0.00820,0.52174,0.00000,0,0.00000,0.75556,90.00000,0,1.15924,0.13779,0.30000,0.41004,0:-0.076:-0.480:b0.417:0.382:occ0;12:0.309:0.007:b0.427:0.366:occ0;24:0.424:0.353:b0.396:0.367:occ1;36:0.400:0.386:b0.395:0.378:occ1;48:0.394:0.379:b0.393:0.391:occ1;60:0.395:0.374:b0.394:0.382:occ1;72:0.395:0.373:b0.397:0.363:occ1;84:0.396:0.366:b0.394:0.381:occ1;89:0.396:0.369:b0.395:0.371:occ1
ablate_no_uncertainty_inflation,false_reappearance,7,1002,,1,22,0.01737,0.02673,69,19,25,0.02221,0.02673,0.00000,0.00000,0,0.00000,0.75556,90.00000,0,1.15083,0.05567,0.14000,0.39854,0:-0.076:-0.480:b0.355:0.396:occ0;12:0.309:0.009:b0.382:0.435:occ0;24:0.433:0.349:b0.414:0.348:occ1;36:0.420:0.375:b0.408:0.385:occ1;48:0.414:0.367:b0.421:0.348:occ1;60:0.416:0.361:b0.416:0.359:occ1;72:0.418:0.357:b0.421:0.347:occ1;84:0.415:0.362:b0.413:0.369:occ1;89:0.414:0.364:b0.419:0.347:occ1
ablate_no_identity_filter,false_reappearance,7,1002,,1,23,0.01988,0.01747,68,19,33,0.02559,0.01747,0.60294,0.00000,0,0.00000,0.74444,90.00000,0,1.10672,0.14391,0.30000,0.40433,0:-0.076:-0.480:b0.344:0.366:occ0;12:0.316:0.010:b0.419:0.446:occ0;24:0.415:0.319:b0.414:0.359:occ1;36:0.421:0.354:b0.423:0.337:occ1;48:0.418:0.350:b0.417:0.352:occ1;60:0.417:0.352:b0.417:0.348:occ1;72:0.416:0.354:b0.415:0.358:occ1;84:0.416:0.355:b0.421:0.337:occ1;89:0.417:0.352:b0.416:0.360:occ1
ablate_no_reacquisition_guard,false_reappearance,7,1002,,0,22,0.10681,0.05894,69,19,25,0.08480,0.05894,0.52174,0.00000,0,0.00000,0.33333,90.00000,0,1.27324,0.09010,0.30000,0.32944,0:-0.076:-0.480:b0.448:0.335:occ0;12:0.319:0.006:b0.422:0.356:occ0;24:0.418:0.375:b0.415:0.457:occ1;36:0.405:0.454:b0.417:0.456:occ1;48:0.406:0.441:b0.424:0.469:occ1;60:0.410:0.446:b0.445:0.503:occ1;72:0.417:0.461:b0.400:0.433:occ1;84:0.422:0.467:b0.438:0.493:occ1;89:0.425:0.473:b0.392:0.423:occ1
ablate_no_tail_risk_objective,false_reappearance,7,1002,,1,23,0.01739,0.01129,69,19,31,0.01996,0.01129,0.52174,0.00000,0,0.00000,0.74444,90.00000,0,1.28046,0.13438,0.30000,0.40096,0:-0.076:-0.480:b0.419:0.409:occ0;12:0.320:-0.000:b0.450:0.206:occ0;24:0.430:0.357:b0.415:0.355:occ1;36:0.420:0.354:b0.416:0.366:occ1;48:0.420:0.349:b0.418:0.362:occ1;60:0.411:0.362:b0.419:0.349:occ1;72:0.413:0.370:b0.417:0.358:occ1;84:0.417:0.358:b0.418:0.355:occ1;89:0.419:0.355:b0.415:0.360:occ1
ablate_no_false_detection_rejection,false_reappearance,7,1002,,1,23,0.04497,0.05030,69,19,18,0.04939,0.05030,0.52174,0.00000,0,0.00000,0.74444,90.00000,0,1.14116,0.11497,0.30000,0.46182,0:-0.076:-0.480:b0.403:0.370:occ0;12:0.321:0.008:b0.410:0.368:occ0;24:0.418:0.327:b0.366:0.333:occ1;36:0.374:0.333:b0.361:0.333:occ1;48:0.362:0.328:b0.369:0.317:occ1;60:0.364:0.326:b0.371:0.315:occ1;72:0.365:0.325:b0.372:0.313:occ1;84:0.368:0.321:b0.358:0.335:occ1;89:0.366:0.323:b0.371:0.315:occ1
ablate_no_distractor_filter,false_reappearance,7,1002,,1,22,0.03126,0.03847,69,20,22,0.02954,0.03847,0.52174,0.00000,0,0.00000,0.75556,90.00000,0,1.15392,0.12446,0.30000,0.38726,0:-0.076:-0.480:b0.376:0.426:occ0;12:0.316:0.004:b0.346:0.358:occ0;24:0.424:0.341:b0.418:0.355:occ1;36:0.420:0.365:b0.413:0.359:occ1;48:0.418:0.353:b0.425:0.338:occ1;60:0.418:0.351:b0.420:0.348:occ1;72:0.417:0.351:b0.421:0.345:occ1;84:0.415:0.358:b0.465:0.372:occ1;89:0.426:0.368:b0.417:0.332:occ1
occlusion_aware_permanence_v4,false_reappearance,7,1002,,0,22,0.09367,0.11440,69,18,26,0.09747,0.11440,0.60870,0.00000,0,0.00000,0.07778,90.00000,0,1.26533,0.10293,0.30000,0.35783,0:-0.076:-0.480:b0.402:0.343:occ0;12:0.323:0.005:b0.450:0.355:occ0;24:0.436:0.386:b0.445:0.501:occ1;36:0.416:0.473:b0.434:0.483:occ1;48:0.413:0.460:b0.419:0.465:occ1;60:0.411:0.454:b0.401:0.441:occ1;72:0.409:0.452:b0.419:0.470:occ1;84:0.407:0.451:b0.419:0.468:occ1;89:0.406:0.449:b0.420:0.468:occ1
learned_only_branch,false_reappearance,7,1002,,1,22,0.07725,0.12186,69,20,26,0.07852,0.12186,0.21739,0.00000,0,0.00000,0.43333,90.00000,0,1.27914,0.05816,0.22400,0.35159,0:-0.076:-0.480:b0.355:0.368:occ0;12:0.324:0.007:b0.407:0.369:occ0;24:0.418:0.373:b0.440:0.486:occ1;36:0.423:0.472:b0.439:0.486:occ1;48:0.409:0.439:b0.438:0.486:occ1;60:0.411:0.441:b0.401:0.425:occ1;72:0.416:0.451:b0.401:0.426:occ1;84:0.414:0.447:b0.438:0.486:occ1;89:0.414:0.447:b0.438:0.486:occ1
occlusion_full_v5,false_reappearance,7,1003,,1,17,0.06582,0.06705,74,15,21,0.06443,0.06705,0.55405,0.47619,0,0.83333,0.81111,90.00000,0,0.75972,0.11293,0.30000,0.04186,0:0.072:-0.480:b0.229:0.128:occ0;12:0.144:-0.032:b0.172:0.115:occ0;24:0.197:0.144:b0.207:0.125:occ1;36:0.208:0.131:b0.209:0.129:occ1;48:0.208:0.124:b0.209:0.122:occ1;60:0.205:0.125:b0.205:0.125:occ1;72:0.203:0.127:b0.203:0.125:occ1;84:0.204:0.126:b0.203:0.125:occ1;89:0.204:0.125:b0.205:0.126:occ1
ablate_no_self_mask,false_reappearance,7,1003,,1,17,0.04053,0.05114,74,15,28,0.04799,0.05114,0.68919,0.00000,0,0.06667,0.81111,90.00000,0,0.81012,0.15120,0.30000,0.12557,0:0.070:-0.480:b0.167:0.151:occ0;12:0.128:-0.042:b0.145:0.080:occ0;24:0.155:0.194:b0.148:0.207:occ1;36:0.158:0.206:b0.172:0.175:occ1;48:0.157:0.198:b0.159:0.197:occ1;60:0.156:0.197:b0.156:0.197:occ1;72:0.156:0.198:b0.157:0.183:occ1;84:0.155:0.194:b0.153:0.199:occ1;89:0.155:0.194:b0.154:0.205:occ1
ablate_no_branch_belief,false_reappearance,7,1003,,1,17,0.06459,0.05855,74,13,31,0.06698,0.05855,0.55405,0.00000,0,0.00000,0.81111,90.00000,0,0.77297,0.11355,0.30000,0.15125,0:0.069:-0.480:b0.131:0.151:occ0;12:0.122:-0.031:b0.150:0.189:occ0;24:0.098:0.149:b0.077:0.134:occ1;36:0.083:0.143:b0.085:0.138:occ1;48:0.084:0.137:b0.092:0.135:occ1;60:0.084:0.138:b0.069:0.141:occ1;72:0.081:0.137:b0.068:0.142:occ1;84:0.087:0.135:b0.084:0.135:occ1;89:0.086:0.135:b0.095:0.132:occ1
ablate_no_contact_update,false_reappearance,7,1003,,1,18,0.05221,0.06308,73,14,28,0.04867,0.06308,0.54795,0.00000,0,0.80000,0.80000,90.00000,0,0.79369,0.12525,0.30000,0.09231,0:0.069:-0.480:b0.139:0.215:occ0;12:0.119:-0.043:b0.081:0.175:occ0;24:0.166:0.170:b0.185:0.173:occ1;36:0.186:0.181:b0.191:0.172:occ1;48:0.184:0.172:b0.179:0.171:occ1;60:0.183:0.172:b0.179:0.174:occ1;72:0.183:0.173:b0.185:0.175:occ1;84:0.183:0.173:b0.185:0.172:occ1;89:0.183:0.173:b0.194:0.172:occ1
ablate_no_uncertainty_inflation,false_reappearance,7,1003,,1,17,0.05654,0.05169,74,16,30,0.06677,0.05169,0.00000,0.00000,0,0.04444,0.74444,90.00000,0,0.82637,0.04413,0.14000,0.16313,0:0.070:-0.480:b0.171:0.115:occ0;12:0.143:-0.031:b0.105:0.108:occ0;24:0.103:0.166:b0.083:0.157:occ1;36:0.070:0.170:b0.082:0.159:occ1;48:0.072:0.164:b0.076:0.160:occ1;60:0.076:0.161:b0.084:0.155:occ1;72:0.080:0.157:b0.076:0.161:occ1;84:0.083:0.157:b0.059:0.170:occ1;89:0.082:0.158:b0.087:0.152:occ1
ablate_no_identity_filter,false_reappearance,7,1003,,1,18,0.04399,0.04367,74,16,27,0.03913,0.04367,0.63514,0.00000,0,0.82222,0.80000,90.00000,0,0.74885,0.14571,0.30000,0.08008,0:0.070:-0.480:b0.168:0.116:occ0;12:0.144:-0.036:b0.136:0.132:occ0;24:0.169:0.137:b0.172:0.129:occ1;36:0.172:0.132:b0.171:0.125:occ1;48:0.169:0.119:b0.167:0.122:occ1;60:0.160:0.118:b0.155:0.118:occ1;72:0.155:0.120:b0.155:0.118:occ1;84:0.155:0.120:b0.157:0.119:occ1;89:0.156:0.119:b0.156:0.120:occ1
ablate_no_reacquisition_guard,false_reappearance,7,1003,,1,17,0.02605,0.01813,74,14,40,0.03833,0.01813,0.55405,0.02500,0,0.07778,0.81111,90.00000,0,0.83358,0.13564,0.30000,0.14143,0:0.068:-0.480:b0.105:0.182:occ0;12:0.153:-0.033:b0.253:0.126:occ0;24:0.122:0.168:b0.119:0.144:occ1;36:0.097:0.160:b0.099:0.153:occ1;48:0.100:0.152:b0.105:0.153:occ1;60:0.097:0.152:b0.115:0.141:occ1;72:0.098:0.152:b0.103:0.147:occ1;84:0.095:0.154:b0.095:0.154:occ1;89:0.102:0.150:b0.112:0.144:occ1
ablate_no_tail_risk_objective,false_reappearance,7,1003,,1,17,0.04777,0.05987,74,13,31,0.05557,0.05987,0.55405,0.03226,0,0.05556,0.77778,90.00000,0,0.96030,0.12384,0.30000,0.16087,0:0.070:-0.480:b0.161:0.203:occ0;12:0.144:-0.037:b0.196:0.105:occ0;24:0.098:0.194:b0.107:0.164:occ1;36:0.085:0.185:b0.084:0.186:occ1;48:0.092:0.181:b0.086:0.183:occ1;60:0.094:0.175:b0.084:0.184:occ1;72:0.099:0.173:b0.099:0.170:occ1;84:0.098:0.172:b0.082:0.185:occ1;89:0.096:0.180:b0.084:0.184:occ1
ablate_no_false_detection_rejection,false_reappearance,7,1003,,1,18,0.07640,0.06073,74,16,30,0.07874,0.06073,0.55405,0.00000,0,0.00000,0.62222,90.00000,0,0.82179,0.11644,0.30000,0.16560,0:0.071:-0.480:b0.195:0.144:occ0;12:0.128:-0.038:b0.116:0.147:occ0;24:0.081:0.134:b0.037:0.117:occ1;36:0.063:0.123:b0.077:0.120:occ1;48:0.081:0.117:b0.098:0.103:occ1;60:0.090:0.119:b0.098:0.112:occ1;72:0.081:0.122:b0.071:0.123:occ1;84:0.076:0.122:b0.049:0.130:occ1;89:0.069:0.123:b0.088:0.120:occ1
ablate_no_distractor_filter,false_reappearance,7,1003,,0,17,0.08547,0.07776,74,14,32,0.07912,0.07776,0.55405,0.96875,0,0.81111,0.35556,90.00000,0,0.78977,0.10783,0.30000,0.02899,0:0.070:-0.480:b0.150:0.135:occ0;12:0.121:-0.030:b0.116:0.156:occ0;24:0.185:0.129:b0.208:0.100:occ1;36:0.215:0.119:b0.203:0.106:occ1;48:0.210:0.111:b0.212:0.111:occ1;60:0.206:0.112:b0.208:0.109:occ1;72:0.204:0.107:b0.202:0.115:occ1;84:0.207:0.106:b0.202:0.117:occ1;89:0.207:0.108:b0.201:0.113:occ1
occlusion_aware_permanence_v4,false_reappearance,7,1003,,1,17,0.04425,0.07244,74,16,33,0.05645,0.07244,0.63514,0.00000,0,0.03333,0.81111,90.00000,0,0.81005,0.13448,0.30000,0.15393,0:0.069:-0.480:b0.145:0.129:occ0;12:0.137:-0.031:b0.126:0.174:occ0;24:0.103:0.173:b0.089:0.157:occ1;36:0.089:0.165:b0.086:0.159:occ1;48:0.089:0.161:b0.071:0.168:occ1;60:0.083:0.161:b0.075:0.165:occ1;72:0.079:0.164:b0.089:0.157:occ1;84:0.091:0.158:b0.085:0.157:occ1;89:0.092:0.158:b0.065:0.170:occ1
learned_only_branch,false_reappearance,7,1003,,1,18,0.06088,0.07002,74,15,35,0.06109,0.07002,0.27027,0.00000,0,0.10000,0.80000,90.00000,0,0.79299,0.06829,0.23900,0.14645,0:0.068:-0.480:b0.114:0.158:occ0;12:0.154:-0.035:b0.204:0.118:occ0;24:0.125:0.139:b0.101:0.119:occ1;36:0.090:0.131:b0.081:0.128:occ1;48:0.094:0.124:b0.101:0.119:occ1;60:0.088:0.126:b0.078:0.129:occ1;72:0.088:0.127:b0.078:0.129:occ1;84:0.087:0.125:b0.100:0.119:occ1;89:0.089:0.126:b0.078:0.129:occ1
occlusion_full_v5,stale_memory_trap,0,1000,,1,22,0.02808,0.01733,70,18,14,0.03521,0.01733,0.52857,0.00000,0,0.06667,0.75556,90.00000,0,0.97348,0.12263,0.30000,0.11735,0:-0.108:-0.480:b0.007:0.346:occ0;12:-0.032:0.001:b-0.022:0.340:occ0;24:-0.001:0.334:b0.018:0.341:occ1;36:0.017:0.353:b0.012:0.364:occ1;48:0.016:0.337:b0.015:0.334:occ1;60:0.014:0.336:b0.014:0.336:occ1;72:0.013:0.340:b0.011:0.349:occ1;84:0.013:0.342:b0.012:0.353:occ1;89:0.013:0.342:b0.012:0.352:occ1
ablate_no_self_mask,stale_memory_trap,0,1000,,1,23,0.07385,0.07509,69,18,21,0.08358,0.07509,0.66667,0.23810,0,0.70000,0.48889,90.00000,0,1.02819,0.12222,0.30000,0.07655,0:-0.109:-0.480:b-0.025:0.319:occ0;12:-0.042:0.004:b-0.070:0.484:occ0;24:0.003:0.333:b0.089:0.368:occ1;36:0.079:0.377:b0.086:0.359:occ1;48:0.083:0.363:b0.080:0.359:occ1;60:0.078:0.360:b0.069:0.370:occ1;72:0.077:0.362:b0.080:0.359:occ1;84:0.078:0.362:b0.080:0.364:occ1;89:0.079:0.361:b0.080:0.359:occ1
ablate_no_branch_belief,stale_memory_trap,0,1000,,1,22,0.05762,0.04970,69,17,21,0.05493,0.04970,0.52174,0.04762,0,0.68889,0.75556,90.00000,0,0.99508,0.11244,0.30000,0.09811,0:-0.109:-0.480:b-0.032:0.388:occ0;12:-0.010:0.003:b-0.011:0.407:occ0;24:0.005:0.334:b0.045:0.349:occ1;36:0.038:0.372:b0.036:0.356:occ1;48:0.038:0.354:b0.039:0.373:occ1;60:0.037:0.352:b0.037:0.353:occ1;72:0.037:0.353:b0.036:0.349:occ1;84:0.037:0.351:b0.036:0.347:occ1;89:0.037:0.350:b0.039:0.360:occ1
ablate_no_contact_update,stale_memory_trap,0,1000,,0,23,0.10761,0.11326,69,19,15,0.10163,0.11326,0.52174,0.00000,0,0.00000,0.16667,90.00000,0,0.97061,0.08412,0.30000,0.18499,0:-0.108:-0.480:b0.009:0.360:occ0;12:-0.037:-0.002:b-0.055:0.399:occ0;24:-0.017:0.309:b-0.002:0.282:occ1;36:-0.002:0.288:b-0.001:0.260:occ1;48:0.001:0.266:b0.001:0.257:occ1;60:0.002:0.269:b0.001:0.288:occ1;72:0.003:0.277:b0.005:0.260:occ1;84:0.004:0.267:b0.003:0.280:occ1;89:0.003:0.270:b0.003:0.264:occ1
ablate_no_uncertainty_inflation,stale_memory_trap,0,1000,,1,22,0.04857,0.03959,70,16,27,0.04343,0.03959,0.00000,0.03704,0,0.12222,0.75556,90.00000,0,0.98193,0.04205,0.14000,0.11350,0:-0.107:-0.480:b0.023:0.384:occ0;12:-0.041:0.002:b0.016:0.393:occ0;24:-0.008:0.339:b0.013:0.360:occ1;36:0.015:0.362:b0.015:0.337:occ1;48:0.015:0.348:b0.014:0.343:occ1;60:0.014:0.345:b0.015:0.338:occ1;72:0.015:0.346:b0.014:0.351:occ1;84:0.015:0.344:b0.015:0.336:occ1;89:0.015:0.345:b0.014:0.354:occ1
ablate_no_identity_filter,stale_memory_trap,0,1000,,1,23,0.03401,0.04203,69,20,14,0.02855,0.04203,0.60870,0.00000,0,0.00000,0.74444,90.00000,0,0.96294,0.14071,0.30000,0.13555,0:-0.109:-0.480:b-0.011:0.362:occ0;12:-0.036:-0.001:b-0.037:0.341:occ0;24:-0.020:0.330:b-0.015:0.349:occ1;36:-0.020:0.358:b-0.020:0.343:occ1;48:-0.020:0.347:b-0.021:0.349:occ1;60:-0.021:0.346:b-0.022:0.340:occ1;72:-0.021:0.344:b-0.020:0.358:occ1;84:-0.021:0.347:b-0.021:0.342:occ1;89:-0.021:0.348:b-0.022:0.338:occ1
ablate_no_reacquisition_guard,stale_memory_trap,0,1000,,1,22,0.03710,0.04352,70,19,18,0.04164,0.04352,0.52857,0.00000,0,0.48889,0.75556,90.00000,0,0.98698,0.12005,0.30000,0.10451,0:-0.108:-0.480:b-0.003:0.336:occ0;12:-0.040:-0.001:b-0.037:0.297:occ0;24:0.007:0.338:b0.032:0.357:occ1;36:0.033:0.361:b0.034:0.360:occ1;48:0.032:0.350:b0.028:0.335:occ1;60:0.029:0.345:b0.027:0.340:occ1;72:0.029:0.348:b0.027:0.340:occ1;84:0.028:0.346:b0.028:0.342:occ1;89:0.028:0.347:b0.027:0.341:occ1
ablate_no_tail_risk_objective,stale_memory_trap,0,1000,,1,22,0.04012,0.04346,69,18,20,0.04999,0.04346,0.52174,0.10000,0,0.72222,0.75556,90.00000,0,1.16668,0.11784,0.30000,0.09051,0:-0.109:-0.480:b-0.019:0.387:occ0;12:-0.010:-0.001:b0.010:0.326:occ0;24:0.026:0.349:b0.051:0.343:occ1;36:0.051:0.349:b0.042:0.368:occ1;48:0.051:0.343:b0.052:0.347:occ1;60:0.057:0.363:b0.055:0.352:occ1;72:0.055:0.350:b0.053:0.351:occ1;84:0.057:0.353:b0.044:0.365:occ1;89:0.052:0.352:b0.053:0.348:occ1
ablate_no_false_detection_rejection,stale_memory_trap,0,1000,,1,22,0.03678,0.04447,70,20,15,0.03728,0.04447,0.52857,0.00000,0,0.70000,0.75556,90.00000,0,1.02678,0.12238,0.30000,0.09435,0:-0.110:-0.480:b-0.043:0.403:occ0;12:-0.020:0.002:b-0.029:0.387:occ0;24:-0.010:0.359:b-0.008:0.399:occ1;36:-0.007:0.417:b-0.004:0.419:occ1;48:-0.010:0.405:b0.003:0.406:occ1;60:-0.012:0.400:b-0.016:0.401:occ1;72:-0.014:0.402:b-0.019:0.401:occ1;84:-0.013:0.405:b0.006:0.415:occ1;89:-0.009:0.406:b-0.002:0.417:occ1
ablate_no_distractor_filter,stale_memory_trap,0,1000,,1,22,0.02183,0.01799,70,15,26,0.04316,0.01799,0.52857,0.07692,0,0.71111,0.75556,90.00000,0,1.02830,0.12327,0.30000,0.07157,0:-0.108:-0.480:b-0.004:0.410:occ0;12:-0.021:0.006:b-0.007:0.437:occ0;24:0.013:0.353:b0.049:0.366:occ1;36:0.053:0.385:b0.051:0.364:occ1;48:0.053:0.371:b0.062:0.376:occ1;60:0.052:0.372:b0.051:0.363:occ1;72:0.048:0.372:b0.032:0.394:occ1;84:0.050:0.375:b0.050:0.375:occ1;89:0.050:0.373:b0.050:0.364:occ1
occlusion_aware_permanence_v4,stale_memory_trap,0,1000,,1,22,0.03736,0.04106,69,19,24,0.02525,0.04106,0.60870,0.00000,0,0.00000,0.75556,90.00000,0,0.96865,0.14184,0.30000,0.12415,0:-0.108:-0.480:b-0.005:0.385:occ0;12:-0.031:0.001:b-0.052:0.350:occ0;24:-0.021:0.337:b-0.013:0.362:occ1;36:-0.019:0.377:b-0.020:0.362:occ1;48:-0.018:0.367:b-0.018:0.364:occ1;60:-0.018:0.363:b-0.019:0.360:occ1;72:-0.018:0.364:b-0.020:0.357:occ1;84:-0.018:0.363:b-0.020:0.356:occ1;89:-0.019:0.363:b-0.020:0.356:occ1
learned_only_branch,stale_memory_trap,0,1000,,1,22,0.04342,0.03020,69,20,22,0.04971,0.03020,0.21739,0.00000,0,0.68889,0.75556,90.00000,0,1.01120,0.07032,0.22400,0.07783,0:-0.110:-0.480:b-0.067:0.400:occ0;12:-0.043:-0.002:b-0.012:0.333:occ0;24:-0.006:0.340:b0.045:0.362:occ1;36:0.046:0.383:b0.049:0.380:occ1;48:0.048:0.371:b0.045:0.360:occ1;60:0.046:0.366:b0.046:0.364:occ1;72:0.047:0.369:b0.046:0.364:occ1;84:0.047:0.367:b0.046:0.364:occ1;89:0.047:0.368:b0.036:0.380:occ1
occlusion_full_v5,stale_memory_trap,0,1001,,0,24,0.10107,0.09252,68,20,20,0.09527,0.09252,0.51471,0.00000,0,0.00000,0.12222,90.00000,0,1.15870,0.08423,0.30000,0.22290,0:-0.086:-0.480:b0.165:0.437:occ0;12:0.168:0.004:b0.167:0.399:occ0;24:0.185:0.393:b0.117:0.467:occ1;36:0.122:0.474:b0.121:0.466:occ1;48:0.115:0.464:b0.109:0.454:occ1;60:0.110:0.459:b0.117:0.467:occ1;72:0.108:0.457:b0.106:0.453:occ1;84:0.108:0.456:b0.105:0.452:occ1;89:0.107:0.455:b0.116:0.467:occ1
ablate_no_self_mask,stale_memory_trap,0,1001,,1,24,0.07569,0.07545,68,17,19,0.08074,0.07545,0.66176,0.05263,0,0.41111,0.52222,90.00000,0,1.18115,0.11990,0.30000,0.10697,0:-0.087:-0.480:b0.155:0.454:occ0;12:0.145:0.005:b0.245:0.431:occ0;24:0.222:0.397:b0.260:0.533:occ1;36:0.249:0.527:b0.252:0.516:occ1;48:0.250:0.520:b0.248:0.513:occ1;60:0.247:0.514:b0.246:0.517:occ1;72:0.248:0.517:b0.249:0.512:occ1;84:0.248:0.514:b0.248:0.513:occ1;89:0.248:0.513:b0.248:0.513:occ1
ablate_no_branch_belief,stale_memory_trap,0,1001,,1,24,0.00652,0.01684,68,21,13,0.01230,0.01684,0.51471,0.00000,0,0.00000,0.73333,90.00000,0,1.12325,0.13359,0.30000,0.17193,0:-0.085:-0.480:b0.248:0.422:occ0;12:0.162:0.005:b0.190:0.384:occ0;24:0.208:0.391:b0.215:0.446:occ1;36:0.219:0.465:b0.228:0.469:occ1;48:0.215:0.460:b0.210:0.456:occ1;60:0.210:0.455:b0.219:0.464:occ1;72:0.210:0.454:b0.204:0.448:occ1;84:0.208:0.454:b0.206:0.451:occ1;89:0.208:0.455:b0.218:0.476:occ1
ablate_no_contact_update,stale_memory_trap,0,1001,,1,24,0.07700,0.07642,68,21,23,0.07667,0.07642,0.51471,0.00000,0,0.00000,0.55556,90.00000,0,1.09425,0.09326,0.30000,0.25328,0:-0.086:-0.480:b0.173:0.472:occ0;12:0.155:0.005:b0.175:0.407:occ0;24:0.212:0.382:b0.189:0.373:occ1;36:0.187:0.391:b0.189:0.374:occ1;48:0.182:0.373:b0.187:0.374:occ1;60:0.182:0.374:b0.187:0.378:occ1;72:0.185:0.378:b0.180:0.377:occ1;84:0.185:0.378:b0.179:0.377:occ1;89:0.184:0.378:b0.185:0.378:occ1
ablate_no_uncertainty_inflation,stale_memory_trap,0,1001,,1,24,0.01703,0.01306,68,22,26,0.02045,0.01306,0.00000,0.00000,0,0.00000,0.73333,90.00000,0,1.13635,0.05540,0.14000,0.16847,0:-0.087:-0.480:b0.139:0.404:occ0;12:0.153:0.006:b0.200:0.502:occ0;24:0.200:0.397:b0.200:0.468:occ1;36:0.186:0.475:b0.186:0.470:occ1;48:0.183:0.468:b0.187:0.471:occ1;60:0.191:0.471:b0.183:0.465:occ1;72:0.185:0.469:b0.185:0.467:occ1;84:0.182:0.466:b0.195:0.478:occ1;89:0.185:0.468:b0.190:0.470:occ1
ablate_no_identity_filter,stale_memory_trap,0,1001,,1,24,0.06306,0.05060,68,20,16,0.07028,0.05060,0.60294,0.00000,0,0.00000,0.73333,90.00000,0,1.15721,0.11547,0.30000,0.16252,0:-0.085:-0.480:b0.212:0.440:occ0;12:0.170:0.007:b0.271:0.450:occ0;24:0.253:0.404:b0.277:0.454:occ1;36:0.270:0.469:b0.253:0.478:occ1;48:0.269:0.462:b0.277:0.439:occ1;60:0.270:0.450:b0.272:0.442:occ1;72:0.269:0.448:b0.265:0.468:occ1;84:0.268:0.452:b0.260:0.461:occ1;89:0.265:0.458:b0.240:0.488:occ1
ablate_no_reacquisition_guard,stale_memory_trap,0,1001,,1,24,0.05843,0.06351,68,17,22,0.06250,0.06351,0.51471,0.00000,0,0.00000,0.73333,90.00000,0,1.17672,0.10151,0.30000,0.15639,0:-0.085:-0.480:b0.215:0.432:occ0;12:0.168:0.006:b0.224:0.436:occ0;24:0.243:0.412:b0.262:0.477:occ1;36:0.259:0.486:b0.254:0.487:occ1;48:0.264:0.476:b0.266:0.477:occ1;60:0.259:0.476:b0.264:0.458:occ1;72:0.263:0.466:b0.265:0.460:occ1;84:0.263:0.467:b0.266:0.458:occ1;89:0.265:0.464:b0.266:0.473:occ1
ablate_no_tail_risk_objective,stale_memory_trap,0,1001,,0,24,0.09785,0.09656,68,18,22,0.09045,0.09656,0.51471,0.00000,0,0.00000,0.08889,90.00000,0,1.28769,0.08677,0.30000,0.22580,0:-0.086:-0.480:b0.192:0.424:occ0;12:0.167:0.006:b0.165:0.458:occ0;24:0.189:0.397:b0.118:0.442:occ1;36:0.116:0.443:b0.123:0.443:occ1;48:0.123:0.443:b0.117:0.440:occ1;60:0.132:0.449:b0.132:0.451:occ1;72:0.128:0.451:b0.127:0.450:occ1;84:0.118:0.443:b0.128:0.447:occ1;89:0.119:0.442:b0.120:0.443:occ1
ablate_no_false_detection_rejection,stale_memory_trap,0,1001,,1,24,0.00965,0.00587,68,20,20,0.01860,0.00587,0.51471,0.00000,0,0.00000,0.73333,90.00000,0,1.15746,0.12963,0.30000,0.16602,0:-0.085:-0.480:b0.220:0.449:occ0;12:0.174:0.006:b0.234:0.471:occ0;24:0.214:0.393:b0.211:0.452:occ1;36:0.216:0.477:b0.240:0.511:occ1;48:0.208:0.472:b0.201:0.457:occ1;60:0.206:0.467:b0.195:0.451:occ1;72:0.204:0.466:b0.219:0.475:occ1;84:0.204:0.467:b0.197:0.454:occ1;89:0.203:0.463:b0.212:0.469:occ1
ablate_no_distractor_filter,stale_memory_trap,0,1001,,1,24,0.03419,0.03038,68,20,22,0.04503,0.03038,0.51471,0.04545,0,0.00000,0.73333,90.00000,0,1.19199,0.11442,0.30000,0.15306,0:-0.086:-0.480:b0.178:0.407:occ0;12:0.160:0.007:b0.205:0.457:occ0;24:0.215:0.394:b0.250:0.491:occ1;36:0.241:0.489:b0.245:0.475:occ1;48:0.243:0.486:b0.233:0.491:occ1;60:0.239:0.474:b0.240:0.459:occ1;72:0.243:0.459:b0.241:0.457:occ1;84:0.238:0.469:b0.243:0.445:occ1;89:0.240:0.468:b0.241:0.457:occ1
occlusion_aware_permanence_v4,stale_memory_trap,0,1001,,1,23,0.06260,0.06091,68,20,15,0.06851,0.06091,0.60294,0.06667,0,0.20000,0.66667,90.00000,0,1.18510,0.11607,0.30000,0.11050,0:-0.085:-0.480:b0.197:0.403:occ0;12:0.168:0.007:b0.183:0.451:occ0;24:0.219:0.419:b0.230:0.523:occ1;36:0.230:0.527:b0.221:0.512:occ1;48:0.228:0.521:b0.234:0.520:occ1;60:0.227:0.515:b0.242:0.526:occ1;72:0.231:0.516:b0.227:0.513:occ1;84:0.228:0.514:b0.224:0.520:occ1;89:0.226:0.514:b0.226:0.512:occ1
learned_only_branch,stale_memory_trap,0,1001,,1,23,0.03804,0.03149,68,19,23,0.04126,0.03149,0.20588,0.00000,0,0.00000,0.74444,90.00000,0,1.16668,0.07287,0.22100,0.15990,0:-0.085:-0.480:b0.208:0.358:occ0;12:0.158:0.008:b0.210:0.534:occ0;24:0.200:0.410:b0.244:0.444:occ1;36:0.241:0.472:b0.240:0.447:occ1;48:0.242:0.459:b0.241:0.447:occ1;60:0.237:0.458:b0.239:0.445:occ1;72:0.242:0.451:b0.241:0.444:occ1;84:0.243:0.459:b0.240:0.444:occ1;89:0.242:0.461:b0.240:0.444:occ1
occlusion_full_v5,stale_memory_trap,0,1002,,1,24,0.07194,0.07356,69,18,14,0.07111,0.07356,0.52174,0.00000,0,0.00000,0.73333,90.00000,0,1.01836,0.10141,0.30000,0.24340,0:-0.050:-0.480:b-0.099:0.425:occ0;12:-0.085:0.005:b-0.076:0.413:occ0;24:-0.061:0.363:b-0.023:0.376:occ1;36:-0.022:0.384:b-0.017:0.364:occ1;48:-0.019:0.368:b-0.019:0.367:occ1;60:-0.022:0.369:b-0.026:0.374:occ1;72:-0.023:0.369:b-0.020:0.364:occ1;84:-0.022:0.367:b-0.020:0.364:occ1;89:-0.021:0.365:b-0.020:0.364:occ1
ablate_no_self_mask,stale_memory_trap,0,1002,,0,22,0.09454,0.10046,69,19,17,0.10522,0.10046,0.66667,0.00000,0,0.00000,0.07778,90.00000,0,1.15496,0.11130,0.30000,0.22998,0:-0.051:-0.480:b-0.112:0.395:occ0;12:-0.085:0.005:b-0.072:0.398:occ0;24:-0.069:0.421:b-0.033:0.524:occ1;36:-0.028:0.537:b-0.063:0.512:occ1;48:-0.016:0.532:b-0.011:0.529:occ1;60:-0.016:0.528:b-0.010:0.529:occ1;72:-0.021:0.524:b-0.007:0.530:occ1;84:-0.021:0.524:b-0.007:0.531:occ1;89:-0.017:0.526:b-0.010:0.529:occ1
ablate_no_branch_belief,stale_memory_trap,0,1002,,1,24,0.06781,0.07239,68,19,20,0.05900,0.07239,0.51471,0.00000,0,0.00000,0.73333,90.00000,0,0.98489,0.10119,0.30000,0.19086,0:-0.051:-0.480:b-0.123:0.403:occ0;12:-0.077:0.005:b-0.093:0.423:occ0;24:-0.079:0.358:b-0.078:0.377:occ1;36:-0.074:0.392:b-0.074:0.379:occ1;48:-0.074:0.380:b-0.077:0.381:occ1;60:-0.074:0.377:b-0.076:0.381:occ1;72:-0.075:0.378:b-0.071:0.370:occ1;84:-0.075:0.376:b-0.072:0.370:occ1;89:-0.074:0.376:b-0.072:0.371:occ1
ablate_no_contact_update,stale_memory_trap,0,1002,,1,23,0.02199,0.02636,69,17,16,0.02494,0.02636,0.52174,0.00000,0,0.00000,0.74444,90.00000,0,1.06807,0.13314,0.30000,0.17529,0:-0.051:-0.480:b-0.122:0.379:occ0;12:-0.083:0.005:b-0.146:0.416:occ0;24:-0.065:0.395:b-0.056:0.449:occ1;36:-0.054:0.469:b-0.054:0.453:occ1;48:-0.059:0.454:b-0.059:0.451:occ1;60:-0.060:0.452:b-0.059:0.451:occ1;72:-0.062:0.457:b-0.063:0.458:occ1;84:-0.062:0.456:b-0.065:0.456:occ1;89:-0.065:0.460:b-0.071:0.461:occ1
ablate_no_uncertainty_inflation,stale_memory_trap,0,1002,,1,23,0.03730,0.02753,69,21,19,0.04713,0.02753,0.00000,0.00000,0,0.00000,0.74444,90.00000,0,1.03348,0.04697,0.14000,0.23410,0:-0.052:-0.480:b-0.140:0.408:occ0;12:-0.078:0.005:b-0.112:0.395:occ0;24:-0.064:0.377:b-0.006:0.395:occ1;36:-0.016:0.417:b-0.012:0.403:occ1;48:-0.012:0.406:b-0.024:0.411:occ1;60:-0.015:0.408:b-0.011:0.406:occ1;72:-0.013:0.407:b-0.012:0.405:occ1;84:-0.014:0.406:b-0.011:0.406:occ1;89:-0.015:0.408:b-0.023:0.413:occ1
ablate_no_identity_filter,stale_memory_trap,0,1002,,1,23,0.04688,0.03530,69,17,22,0.04454,0.03530,0.60870,0.00000,0,0.00000,0.74444,90.00000,0,1.07484,0.12890,0.30000,0.16581,0:-0.049:-0.480:b-0.069:0.384:occ0;12:-0.071:0.006:b-0.111:0.434:occ0;24:-0.078:0.398:b-0.070:0.473:occ1;36:-0.070:0.479:b-0.068:0.466:occ1;48:-0.073:0.463:b-0.077:0.461:occ1;60:-0.073:0.459:b-0.071:0.457:occ1;72:-0.072:0.458:b-0.074:0.464:occ1;84:-0.074:0.463:b-0.078:0.474:occ1;89:-0.074:0.465:b-0.069:0.454:occ1
ablate_no_reacquisition_guard,stale_memory_trap,0,1002,,1,24,0.07773,0.08872,68,20,24,0.07347,0.08872,0.51471,0.00000,0,0.01111,0.55556,90.00000,0,1.05985,0.09350,0.30000,0.12484,0:-0.050:-0.480:b-0.096:0.454:occ0;12:-0.067:0.006:b-0.090:0.446:occ0;24:-0.108:0.370:b-0.144:0.408:occ1;36:-0.144:0.428:b-0.145:0.417:occ1;48:-0.137:0.408:b-0.130:0.401:occ1;60:-0.133:0.407:b-0.146:0.432:occ1;72:-0.140:0.415:b-0.147:0.405:occ1;84:-0.135:0.408:b-0.130:0.401:occ1;89:-0.133:0.407:b-0.149:0.419:occ1
ablate_no_tail_risk_objective,stale_memory_trap,0,1002,,1,24,0.05053,0.05258,68,21,14,0.05947,0.05258,0.51471,0.07143,0,0.00000,0.73333,90.00000,0,1.17439,0.10569,0.30000,0.23052,0:-0.049:-0.480:b-0.046:0.389:occ0;12:-0.087:0.004:b-0.060:0.362:occ0;24:-0.080:0.366:b-0.024:0.383:occ1;36:-0.017:0.370:b-0.019:0.379:occ1;48:-0.022:0.374:b-0.021:0.377:occ1;60:-0.021:0.375:b-0.020:0.370:occ1;72:-0.023:0.378:b-0.031:0.383:occ1;84:-0.027:0.378:b-0.028:0.381:occ1;89:-0.027:0.384:b-0.027:0.382:occ1
ablate_no_false_detection_rejection,stale_memory_trap,0,1002,,1,23,0.03900,0.04303,69,18,21,0.04239,0.04303,0.52174,0.00000,0,0.00000,0.74444,90.00000,0,1.11031,0.11601,0.30000,0.15775,0:-0.050:-0.480:b-0.087:0.418:occ0;12:-0.070:0.005:b-0.027:0.417:occ0;24:-0.070:0.395:b-0.060:0.459:occ1;36:-0.082:0.477:b-0.072:0.464:occ1;48:-0.092:0.463:b-0.073:0.454:occ1;60:-0.080:0.457:b-0.071:0.456:occ1;72:-0.083:0.457:b-0.092:0.462:occ1;84:-0.080:0.459:b-0.070:0.456:occ1;89:-0.083:0.459:b-0.094:0.459:occ1
ablate_no_distractor_filter,stale_memory_trap,0,1002,,1,23,0.03223,0.04373,68,20,13,0.04575,0.04373,0.51471,0.00000,0,0.00000,0.74444,90.00000,0,1.09234,0.11581,0.30000,0.20423,0:-0.050:-0.480:b-0.075:0.391:occ0;12:-0.062:0.004:b-0.053:0.364:occ0;24:-0.067:0.380:b-0.014:0.444:occ1;36:-0.028:0.454:b-0.018:0.440:occ1;48:-0.034:0.447:b-0.010:0.444:occ1;60:-0.034:0.444:b-0.058:0.457:occ1;72:-0.035:0.447:b-0.059:0.450:occ1;84:-0.042:0.447:b-0.019:0.443:occ1;89:-0.037:0.446:b-0.024:0.442:occ1
occlusion_aware_permanence_v4,stale_memory_trap,0,1002,,1,23,0.02634,0.02702,69,17,10,0.03051,0.02702,0.62319,0.00000,0,0.00000,0.74444,90.00000,0,1.06648,0.14342,0.30000,0.18866,0:-0.051:-0.480:b-0.103:0.386:occ0;12:-0.077:0.008:b-0.103:0.483:occ0;24:-0.079:0.396:b-0.058:0.449:occ1;36:-0.048:0.467:b-0.047:0.450:occ1;48:-0.048:0.454:b-0.048:0.451:occ1;60:-0.048:0.451:b-0.048:0.452:occ1;72:-0.049:0.454:b-0.046:0.449:occ1;84:-0.051:0.458:b-0.059:0.476:occ1;89:-0.052:0.459:b-0.053:0.460:occ1
learned_only_branch,stale_memory_trap,0,1002,,1,23,0.05869,0.05433,69,19,19,0.05418,0.05433,0.21739,0.00000,0,0.00000,0.74444,90.00000,0,1.00509,0.06099,0.22400,0.14938,0:-0.049:-0.480:b-0.068:0.367:occ0;12:-0.079:0.005:b-0.022:0.417:occ0;24:-0.107:0.378:b-0.106:0.387:occ1;36:-0.113:0.403:b-0.107:0.389:occ1;48:-0.114:0.393:b-0.133:0.399:occ1;60:-0.108:0.392:b-0.105:0.392:occ1;72:-0.110:0.394:b-0.105:0.392:occ1;84:-0.111:0.394:b-0.125:0.400:occ1;89:-0.112:0.395:b-0.104:0.392:occ1
occlusion_full_v5,stale_memory_trap,0,1003,,0,25,0.08071,0.08752,68,19,20,0.08615,0.08752,0.51471,0.00000,0,0.16667,0.35556,90.00000,0,1.03620,0.09298,0.30000,0.11580,0:-0.113:-0.480:b-0.011:0.444:occ0;12:-0.026:0.008:b0.010:0.480:occ0;24:-0.018:0.385:b-0.015:0.348:occ1;36:-0.022:0.378:b-0.022:0.355:occ1;48:-0.022:0.356:b-0.023:0.353:occ1;60:-0.024:0.353:b-0.025:0.354:occ1;72:-0.024:0.361:b-0.023:0.365:occ1;84:-0.024:0.361:b-0.023:0.362:occ1;89:-0.024:0.360:b-0.025:0.353:occ1
ablate_no_self_mask,stale_memory_trap,0,1003,,1,24,0.03442,0.03585,68,20,12,0.03352,0.03585,0.66176,0.00000,0,0.74444,0.73333,90.00000,0,1.04567,0.14651,0.30000,0.07511,0:-0.114:-0.480:b-0.021:0.466:occ0;12:-0.035:0.005:b0.028:0.403:occ0;24:-0.015:0.405:b-0.002:0.421:occ1;36:-0.011:0.439:b-0.010:0.415:occ1;48:-0.010:0.421:b-0.011:0.423:occ1;60:-0.012:0.421:b-0.013:0.420:occ1;72:-0.013:0.421:b-0.013:0.420:occ1;84:-0.013:0.422:b-0.012:0.429:occ1;89:-0.013:0.422:b-0.013:0.420:occ1
ablate_no_branch_belief,stale_memory_trap,0,1003,,1,24,0.07277,0.07107,68,18,17,0.07174,0.07107,0.51471,0.94118,0,0.73333,0.73333,90.00000,0,1.10891,0.09657,0.30000,0.00422,0:-0.113:-0.480:b-0.008:0.460:occ0;12:-0.025:0.007:b-0.091:0.468:occ0;24:-0.015:0.409:b0.067:0.463:occ1;36:0.048:0.467:b0.058:0.442:occ1;48:0.058:0.446:b0.057:0.444:occ1;60:0.057:0.442:b0.057:0.442:occ1;72:0.057:0.442:b0.057:0.441:occ1;84:0.057:0.441:b0.059:0.444:occ1;89:0.058:0.442:b0.056:0.442:occ1
ablate_no_contact_update,stale_memory_trap,0,1003,,1,24,0.02545,0.02336,68,19,19,0.02549,0.02336,0.51471,0.00000,0,0.73333,0.73333,90.00000,0,1.05264,0.12450,0.30000,0.06953,0:-0.115:-0.480:b-0.063:0.411:occ0;12:-0.037:0.008:b-0.032:0.481:occ0;24:-0.017:0.393:b-0.005:0.426:occ1;36:-0.007:0.445:b-0.001:0.434:occ1;48:-0.007:0.429:b-0.004:0.430:occ1;60:-0.010:0.427:b-0.002:0.436:occ1;72:-0.007:0.432:b-0.006:0.433:occ1;84:-0.010:0.428:b-0.002:0.435:occ1;89:-0.009:0.429:b-0.007:0.430:occ1
ablate_no_uncertainty_inflation,stale_memory_trap,0,1003,,1,24,0.00287,0.00300,68,22,24,0.00873,0.00300,0.00000,0.00000,0,0.73333,0.73333,90.00000,0,1.08850,0.06099,0.14000,0.06271,0:-0.114:-0.480:b-0.022:0.402:occ0;12:-0.037:0.007:b-0.021:0.451:occ0;24:-0.020:0.403:b0.009:0.457:occ1;36:0.004:0.478:b-0.007:0.451:occ1;48:-0.000:0.458:b-0.005:0.454:occ1;60:-0.005:0.452:b-0.005:0.451:occ1;72:-0.001:0.453:b-0.002:0.451:occ1;84:-0.001:0.453:b0.002:0.456:occ1;89:-0.001:0.453:b-0.006:0.450:occ1
ablate_no_identity_filter,stale_memory_trap,0,1003,,1,24,0.01970,0.02702,68,18,20,0.02164,0.02702,0.60294,0.00000,0,0.74444,0.73333,90.00000,0,1.07240,0.14414,0.30000,0.04495,0:-0.113:-0.480:b0.002:0.513:occ0;12:-0.040:0.006:b-0.039:0.429:occ0;24:-0.001:0.402:b0.026:0.461:occ1;36:0.016:0.470:b0.018:0.450:occ1;48:0.018:0.453:b0.017:0.453:occ1;60:0.018:0.454:b0.013:0.449:occ1;72:0.015:0.452:b0.014:0.451:occ1;84:0.017:0.453:b0.021:0.457:occ1;89:0.018:0.454:b0.024:0.461:occ1
ablate_no_reacquisition_guard,stale_memory_trap,0,1003,,1,24,0.01940,0.02609,68,20,18,0.02165,0.02609,0.51471,0.00000,0,0.73333,0.73333,90.00000,0,1.04841,0.12724,0.30000,0.07647,0:-0.114:-0.480:b-0.027:0.459:occ0;12:-0.045:0.008:b-0.039:0.510:occ0;24:-0.021:0.395:b-0.006:0.425:occ1;36:-0.013:0.446:b-0.014:0.428:occ1;48:-0.013:0.432:b-0.019:0.425:occ1;60:-0.016:0.431:b-0.016:0.433:occ1;72:-0.017:0.432:b-0.020:0.429:occ1;84:-0.018:0.429:b-0.009:0.438:occ1;89:-0.016:0.432:b-0.021:0.427:occ1
ablate_no_tail_risk_objective,stale_memory_trap,0,1003,,1,24,0.05365,0.04731,68,21,20,0.05111,0.04731,0.51471,0.00000,0,0.70000,0.73333,90.00000,0,1.20803,0.10674,0.30000,0.09027,0:-0.114:-0.480:b-0.019:0.440:occ0;12:-0.033:0.006:b0.005:0.422:occ0;24:-0.010:0.425:b-0.006:0.492:occ1;36:-0.012:0.502:b-0.013:0.497:occ1;48:-0.013:0.491:b-0.012:0.492:occ1;60:-0.017:0.494:b-0.015:0.494:occ1;72:-0.013:0.492:b-0.013:0.494:occ1;84:-0.016:0.493:b-0.015:0.495:occ1;89:-0.010:0.496:b-0.009:0.489:occ1
ablate_no_false_detection_rejection,stale_memory_trap,0,1003,,1,24,0.06798,0.07499,68,18,21,0.05891,0.07499,0.51471,0.00000,0,0.07778,0.73333,90.00000,0,1.10516,0.10141,0.30000,0.11981,0:-0.113:-0.480:b-0.002:0.462:occ0;12:-0.023:0.007:b-0.045:0.473:occ0;24:-0.025:0.398:b-0.050:0.430:occ1;36:-0.056:0.455:b-0.061:0.439:occ1;48:-0.052:0.448:b-0.067:0.440:occ1;60:-0.060:0.444:b-0.043:0.441:occ1;72:-0.056:0.446:b-0.038:0.452:occ1;84:-0.053:0.445:b-0.052:0.445:occ1;89:-0.060:0.443:b-0.067:0.441:occ1
ablate_no_distractor_filter,stale_memory_trap,0,1003,,1,24,0.05416,0.05526,68,20,13,0.05144,0.05526,0.51471,0.00000,0,0.74444,0.73333,90.00000,0,1.10897,0.10712,0.30000,0.07850,0:-0.113:-0.480:b0.001:0.458:occ0;12:-0.030:0.006:b-0.014:0.455:occ0;24:-0.006:0.416:b0.008:0.495:occ1;36:0.004:0.509:b0.005:0.496:occ1;48:0.009:0.493:b0.006:0.495:occ1;60:0.005:0.493:b0.006:0.482:occ1;72:0.004:0.494:b0.003:0.496:occ1;84:0.005:0.493:b0.001:0.498:occ1;89:0.004:0.494:b0.004:0.495:occ1
occlusion_aware_permanence_v4,stale_memory_trap,0,1003,,1,24,0.03918,0.03886,68,20,11,0.03706,0.03886,0.60294,0.00000,0,0.74444,0.73333,90.00000,0,1.08841,0.13006,0.30000,0.05292,0:-0.114:-0.480:b-0.034:0.500:occ0;12:-0.031:0.006:b-0.009:0.438:occ0;24:-0.001:0.416:b0.011:0.472:occ1;36:0.014:0.488:b0.027:0.471:occ1;48:0.017:0.472:b0.015:0.470:occ1;60:0.019:0.470:b0.018:0.467:occ1;72:0.019:0.469:b0.016:0.469:occ1;84:0.018:0.469:b0.015:0.468:occ1;89:0.017:0.469:b0.016:0.469:occ1
learned_only_branch,stale_memory_trap,0,1003,,1,24,0.06049,0.06126,68,18,23,0.05453,0.06126,0.20588,0.00000,0,0.74444,0.73333,90.00000,0,1.09637,0.05538,0.22100,0.09748,0:-0.112:-0.480:b0.021:0.461:occ0;12:-0.012:0.007:b0.032:0.475:occ0;24:-0.014:0.411:b-0.025:0.490:occ1;36:-0.022:0.504:b-0.022:0.490:occ1;48:-0.023:0.493:b-0.025:0.489:occ1;60:-0.023:0.488:b-0.025:0.488:occ1;72:-0.024:0.489:b-0.025:0.488:occ1;84:-0.024:0.488:b-0.025:0.488:occ1;89:-0.024:0.488:b-0.025:0.488:occ1
occlusion_full_v5,stale_memory_trap,1,1000,,1,25,0.05709,0.04965,67,21,21,0.05259,0.04965,0.50746,0.00000,0,0.05556,0.72222,90.00000,0,1.18200,0.10480,0.30000,0.36832,0:0.020:-0.480:b0.247:0.496:occ0;12:0.232:0.006:b0.214:0.443:occ0;24:0.268:0.423:b0.214:0.513:occ1;36:0.211:0.518:b0.204:0.511:occ1;48:0.201:0.512:b0.199:0.510:occ1;60:0.207:0.507:b0.209:0.508:occ1;72:0.204:0.507:b0.213:0.505:occ1;84:0.205:0.507:b0.215:0.505:occ1;89:0.207:0.507:b0.214:0.504:occ1
ablate_no_self_mask,stale_memory_trap,1,1000,,1,26,0.07742,0.08376,67,19,21,0.08970,0.08376,0.67164,0.00000,0,0.06667,0.34444,90.00000,0,1.18554,0.11505,0.30000,0.32843,0:0.019:-0.480:b0.222:0.525:occ0;12:0.228:0.006:b0.219:0.440:occ0;24:0.277:0.411:b0.363:0.488:occ1;36:0.351:0.497:b0.356:0.483:occ1;48:0.358:0.485:b0.352:0.482:occ1;60:0.352:0.481:b0.352:0.482:occ1;72:0.352:0.482:b0.352:0.482:occ1;84:0.347:0.470:b0.338:0.458:occ1;89:0.343:0.464:b0.336:0.441:occ1
ablate_no_branch_belief,stale_memory_trap,1,1000,,1,25,0.03996,0.03925,67,21,14,0.04313,0.03925,0.50746,0.00000,0,0.04444,0.72222,90.00000,0,1.12135,0.11159,0.30000,0.31453,0:0.022:-0.480:b0.305:0.501:occ0;12:0.207:0.006:b0.253:0.441:occ0;24:0.253:0.423:b0.301:0.448:occ1;36:0.284:0.476:b0.286:0.459:occ1;48:0.289:0.460:b0.290:0.457:occ1;60:0.288:0.458:b0.286:0.459:occ1;72:0.289:0.457:b0.286:0.459:occ1;84:0.287:0.458:b0.288:0.458:occ1;89:0.287:0.458:b0.288:0.459:occ1
ablate_no_contact_update,stale_memory_trap,1,1000,,1,25,0.06295,0.06447,67,21,16,0.05698,0.06447,0.50746,0.00000,0,0.05556,0.72222,90.00000,0,1.11298,0.10426,0.30000,0.29656,0:0.019:-0.480:b0.220:0.555:occ0;12:0.216:0.007:b0.278:0.471:occ0;24:0.249:0.422:b0.224:0.422:occ1;36:0.243:0.459:b0.233:0.443:occ1;48:0.238:0.442:b0.236:0.441:occ1;60:0.238:0.438:b0.232:0.440:occ1;72:0.238:0.438:b0.250:0.434:occ1;84:0.237:0.438:b0.235:0.439:occ1;89:0.237:0.438:b0.233:0.440:occ1
ablate_no_uncertainty_inflation,stale_memory_trap,1,1000,,1,25,0.05956,0.06097,67,21,16,0.04912,0.06097,0.00000,0.00000,0,0.06667,0.72222,90.00000,0,1.15821,0.03123,0.14000,0.36467,0:0.021:-0.480:b0.274:0.509:occ0;12:0.228:0.007:b0.235:0.464:occ0;24:0.258:0.425:b0.220:0.510:occ1;36:0.230:0.519:b0.231:0.506:occ1;48:0.222:0.512:b0.229:0.506:occ1;60:0.223:0.508:b0.221:0.509:occ1;72:0.224:0.507:b0.218:0.510:occ1;84:0.224:0.507:b0.221:0.509:occ1;89:0.227:0.506:b0.226:0.507:occ1
ablate_no_identity_filter,stale_memory_trap,1,1000,,1,25,0.02089,0.02005,67,19,19,0.01972,0.02005,0.59701,0.00000,0,0.06667,0.72222,90.00000,0,1.13565,0.13976,0.30000,0.33229,0:0.019:-0.480:b0.215:0.493:occ0;12:0.227:0.007:b0.256:0.465:occ0;24:0.248:0.423:b0.262:0.482:occ1;36:0.257:0.494:b0.258:0.480:occ1;48:0.261:0.479:b0.261:0.475:occ1;60:0.258:0.475:b0.257:0.475:occ1;72:0.257:0.475:b0.255:0.477:occ1;84:0.257:0.476:b0.256:0.477:occ1;89:0.257:0.476:b0.255:0.477:occ1
ablate_no_reacquisition_guard,stale_memory_trap,1,1000,,1,25,0.02919,0.02843,67,20,22,0.03411,0.02843,0.52239,0.00000,0,0.04444,0.72222,90.00000,0,1.14309,0.12181,0.30000,0.32256,0:0.019:-0.480:b0.228:0.437:occ0;12:0.221:0.006:b0.194:0.445:occ0;24:0.258:0.429:b0.288:0.467:occ1;36:0.286:0.489:b0.285:0.470:occ1;48:0.286:0.470:b0.285:0.468:occ1;60:0.285:0.466:b0.285:0.466:occ1;72:0.284:0.466:b0.283:0.466:occ1;84:0.283:0.466:b0.283:0.466:occ1;89:0.283:0.466:b0.283:0.467:occ1
ablate_no_tail_risk_objective,stale_memory_trap,1,1000,,1,25,0.07187,0.07437,67,21,19,0.07217,0.07437,0.50746,0.00000,0,0.05556,0.72222,90.00000,0,1.20679,0.09515,0.30000,0.27012,0:0.019:-0.480:b0.226:0.442:occ0;12:0.214:0.008:b0.194:0.543:occ0;24:0.254:0.413:b0.248:0.406:occ1;36:0.248:0.406:b0.248:0.414:occ1;48:0.248:0.410:b0.267:0.408:occ1;60:0.255:0.411:b0.247:0.414:occ1;72:0.248:0.414:b0.249:0.414:occ1;84:0.250:0.415:b0.256:0.413:occ1;89:0.259:0.414:b0.246:0.413:occ1
ablate_no_false_detection_rejection,stale_memory_trap,1,1000,,1,25,0.05962,0.04954,67,23,13,0.05519,0.04954,0.50746,0.00000,0,0.06667,0.72222,90.00000,0,1.12890,0.10104,0.30000,0.30532,0:0.018:-0.480:b0.206:0.508:occ0;12:0.215:0.007:b0.242:0.465:occ0;24:0.266:0.415:b0.291:0.448:occ1;36:0.294:0.475:b0.294:0.459:occ1;48:0.296:0.461:b0.295:0.459:occ1;60:0.295:0.457:b0.296:0.457:occ1;72:0.292:0.453:b0.292:0.457:occ1;84:0.294:0.451:b0.294:0.464:occ1;89:0.294:0.448:b0.295:0.461:occ1
ablate_no_distractor_filter,stale_memory_trap,1,1000,,1,25,0.04374,0.06203,67,21,19,0.04796,0.06203,0.50746,0.00000,0,0.05556,0.72222,90.00000,0,1.16614,0.11107,0.30000,0.30835,0:0.018:-0.480:b0.201:0.481:occ0;12:0.227:0.008:b0.225:0.498:occ0;24:0.257:0.425:b0.305:0.472:occ1;36:0.296:0.483:b0.301:0.466:occ1;48:0.303:0.467:b0.301:0.465:occ1;60:0.298:0.464:b0.295:0.464:occ1;72:0.296:0.463:b0.300:0.422:occ1;84:0.299:0.450:b0.300:0.468:occ1;89:0.299:0.451:b0.285:0.423:occ1
occlusion_aware_permanence_v4,stale_memory_trap,1,1000,,1,25,0.03465,0.03369,67,19,16,0.04062,0.03369,0.59701,0.00000,0,0.06667,0.72222,90.00000,0,1.11322,0.12824,0.30000,0.31662,0:0.020:-0.480:b0.254:0.470:occ0;12:0.214:0.008:b0.370:0.509:occ0;24:0.268:0.414:b0.305:0.456:occ1;36:0.291:0.475:b0.295:0.459:occ1;48:0.294:0.463:b0.293:0.461:occ1;60:0.294:0.460:b0.290:0.461:occ1;72:0.294:0.459:b0.297:0.458:occ1;84:0.295:0.459:b0.295:0.459:occ1;89:0.294:0.459:b0.293:0.460:occ1
learned_only_branch,stale_memory_trap,1,1000,,1,25,0.02530,0.02494,67,22,21,0.03672,0.02494,0.19403,0.00000,0,0.06667,0.72222,90.00000,0,1.13790,0.07376,0.21800,0.31962,0:0.020:-0.480:b0.256:0.506:occ0;12:0.226:0.006:b0.258:0.418:occ0;24:0.261:0.422:b0.298:0.464:occ1;36:0.298:0.482:b0.301:0.462:occ1;48:0.302:0.465:b0.306:0.461:occ1;60:0.299:0.462:b0.297:0.464:occ1;72:0.299:0.462:b0.300:0.461:occ1;84:0.299:0.462:b0.300:0.461:occ1;89:0.299:0.462:b0.298:0.462:occ1
occlusion_full_v5,stale_memory_trap,1,1001,,1,21,0.04232,0.04185,70,16,16,0.03709,0.04185,0.52857,0.00000,0,0.70000,0.76667,90.00000,0,1.04694,0.12407,0.30000,0.09249,0:0.026:-0.480:b-0.220:0.344:occ0;12:-0.195:-0.002:b-0.231:0.316:occ0;24:-0.267:0.346:b-0.257:0.375:occ1;36:-0.257:0.383:b-0.255:0.365:occ1;48:-0.251:0.362:b-0.251:0.361:occ1;60:-0.251:0.362:b-0.250:0.363:occ1;72:-0.251:0.363:b-0.251:0.363:occ1;84:-0.252:0.363:b-0.251:0.363:occ1;89:-0.252:0.363:b-0.251:0.363:occ1
ablate_no_self_mask,stale_memory_trap,1,1001,,1,22,0.04523,0.03233,70,19,25,0.05756,0.03233,0.67143,0.00000,0,0.00000,0.75556,90.00000,0,1.01095,0.13538,0.30000,0.15334,0:0.026:-0.480:b-0.243:0.383:occ0;12:-0.204:-0.001:b-0.191:0.364:occ0;24:-0.236:0.303:b-0.260:0.267:occ1;36:-0.259:0.287:b-0.262:0.266:occ1;48:-0.257:0.272:b-0.245:0.288:occ1;60:-0.256:0.273:b-0.259:0.269:occ1;72:-0.251:0.285:b-0.251:0.288:occ1;84:-0.251:0.285:b-0.260:0.266:occ1;89:-0.252:0.285:b-0.246:0.297:occ1
ablate_no_branch_belief,stale_memory_trap,1,1001,,1,22,0.01960,0.02165,70,17,19,0.03110,0.02165,0.52857,0.00000,0,0.00000,0.75556,90.00000,0,0.97853,0.12891,0.30000,0.13579,0:0.026:-0.480:b-0.218:0.343:occ0;12:-0.186:-0.003:b-0.260:0.364:occ0;24:-0.241:0.305:b-0.252:0.319:occ1;36:-0.251:0.316:b-0.245:0.298:occ1;48:-0.246:0.299:b-0.245:0.300:occ1;60:-0.246:0.300:b-0.244:0.297:occ1;72:-0.246:0.300:b-0.246:0.300:occ1;84:-0.246:0.301:b-0.247:0.305:occ1;89:-0.246:0.301:b-0.246:0.299:occ1
ablate_no_contact_update,stale_memory_trap,1,1001,,1,21,0.03754,0.03938,70,17,22,0.03171,0.03938,0.52857,0.00000,0,0.72222,0.76667,90.00000,0,1.06344,0.12545,0.30000,0.07353,0:0.026:-0.480:b-0.233:0.328:occ0;12:-0.222:-0.002:b-0.238:0.342:occ0;24:-0.245:0.343:b-0.228:0.374:occ1;36:-0.226:0.383:b-0.219:0.355:occ1;48:-0.220:0.358:b-0.222:0.359:occ1;60:-0.222:0.359:b-0.218:0.359:occ1;72:-0.221:0.359:b-0.219:0.358:occ1;84:-0.219:0.358:b-0.220:0.357:occ1;89:-0.219:0.358:b-0.219:0.362:occ1
ablate_no_uncertainty_inflation,stale_memory_trap,1,1001,,1,22,0.05732,0.05813,70,20,24,0.06090,0.05813,0.00000,0.00000,0,0.00000,0.75556,90.00000,0,0.99424,0.03875,0.14000,0.14508,0:0.028:-0.480:b-0.175:0.306:occ0;12:-0.193:-0.003:b-0.259:0.349:occ0;24:-0.275:0.320:b-0.289:0.321:occ1;36:-0.295:0.337:b-0.292:0.331:occ1;48:-0.292:0.326:b-0.292:0.328:occ1;60:-0.290:0.327:b-0.289:0.326:occ1;72:-0.290:0.326:b-0.290:0.324:occ1;84:-0.289:0.326:b-0.289:0.329:occ1;89:-0.289:0.326:b-0.290:0.329:occ1
ablate_no_identity_filter,stale_memory_trap,1,1001,,1,21,0.01994,0.01880,70,18,24,0.01513,0.01880,0.61429,0.00000,0,0.71111,0.76667,90.00000,0,1.02110,0.15475,0.30000,0.09904,0:0.025:-0.480:b-0.245:0.360:occ0;12:-0.187:-0.002:b-0.197:0.299:occ0;24:-0.247:0.335:b-0.243:0.354:occ1;36:-0.244:0.360:b-0.233:0.336:occ1;48:-0.236:0.338:b-0.234:0.338:occ1;60:-0.235:0.338:b-0.236:0.339:occ1;72:-0.235:0.338:b-0.235:0.338:occ1;84:-0.235:0.338:b-0.235:0.338:occ1;89:-0.236:0.338:b-0.234:0.337:occ1
ablate_no_reacquisition_guard,stale_memory_trap,1,1001,,1,22,0.05953,0.05425,70,17,16,0.05744,0.05425,0.52857,0.00000,0,0.72222,0.75556,90.00000,0,1.03483,0.10649,0.30000,0.07766,0:0.026:-0.480:b-0.228:0.370:occ0;12:-0.210:-0.002:b-0.212:0.422:occ0;24:-0.213:0.321:b-0.185:0.329:occ1;36:-0.184:0.346:b-0.180:0.326:occ1;48:-0.182:0.332:b-0.181:0.325:occ1;60:-0.181:0.327:b-0.181:0.326:occ1;72:-0.181:0.329:b-0.184:0.344:occ1;84:-0.188:0.342:b-0.187:0.343:occ1;89:-0.189:0.342:b-0.195:0.345:occ1
ablate_no_tail_risk_objective,stale_memory_trap,1,1001,,1,21,0.04828,0.04562,71,16,23,0.04203,0.04562,0.53521,0.00000,0,0.00000,0.76667,90.00000,0,1.18376,0.12182,0.30000,0.12085,0:0.026:-0.480:b-0.226:0.411:occ0;12:-0.189:-0.000:b-0.227:0.329:occ0;24:-0.270:0.360:b-0.270:0.353:occ1;36:-0.264:0.336:b-0.269:0.342:occ1;48:-0.262:0.339:b-0.265:0.342:occ1;60:-0.261:0.339:b-0.266:0.342:occ1;72:-0.260:0.338:b-0.265:0.342:occ1;84:-0.269:0.344:b-0.268:0.343:occ1;89:-0.272:0.343:b-0.269:0.341:occ1
ablate_no_false_detection_rejection,stale_memory_trap,1,1001,,1,21,0.07842,0.07217,70,19,26,0.07917,0.07217,0.52857,0.00000,0,0.11111,0.47778,90.00000,0,1.11480,0.10137,0.30000,0.10151,0:0.025:-0.480:b-0.249:0.296:occ0;12:-0.188:-0.002:b-0.165:0.349:occ0;24:-0.249:0.357:b-0.270:0.385:occ1;36:-0.291:0.403:b-0.307:0.382:occ1;48:-0.299:0.381:b-0.281:0.398:occ1;60:-0.290:0.379:b-0.302:0.375:occ1;72:-0.291:0.379:b-0.302:0.375:occ1;84:-0.282:0.386:b-0.264:0.391:occ1;89:-0.274:0.388:b-0.282:0.376:occ1
ablate_no_distractor_filter,stale_memory_trap,1,1001,,1,21,0.03150,0.02590,70,15,33,0.03201,0.02590,0.52857,0.03030,0,0.36667,0.76667,90.00000,0,1.04254,0.12705,0.30000,0.11053,0:0.025:-0.480:b-0.254:0.308:occ0;12:-0.197:-0.002:b-0.297:0.364:occ0;24:-0.240:0.331:b-0.227:0.369:occ1;36:-0.258:0.360:b-0.271:0.353:occ1;48:-0.250:0.356:b-0.247:0.360:occ1;60:-0.258:0.347:b-0.248:0.360:occ1;72:-0.260:0.344:b-0.259:0.362:occ1;84:-0.262:0.345:b-0.251:0.373:occ1;89:-0.261:0.346:b-0.270:0.335:occ1
occlusion_aware_permanence_v4,stale_memory_trap,1,1001,,1,21,0.07679,0.08526,70,19,22,0.06688,0.08526,0.61429,0.13636,0,0.72222,0.76667,90.00000,0,1.07226,0.11577,0.30000,0.07518,0:0.026:-0.480:b-0.222:0.329:occ0;12:-0.199:-0.004:b-0.255:0.354:occ0;24:-0.225:0.337:b-0.181:0.339:occ1;36:-0.180:0.362:b-0.174:0.338:occ1;48:-0.175:0.348:b-0.182:0.356:occ1;60:-0.179:0.347:b-0.193:0.354:occ1;72:-0.177:0.342:b-0.193:0.355:occ1;84:-0.179:0.348:b-0.171:0.340:occ1;89:-0.176:0.343:b-0.174:0.361:occ1
learned_only_branch,stale_memory_trap,1,1001,,0,21,0.08747,0.08746,70,18,21,0.07859,0.08746,0.22857,0.76190,0,0.73333,0.40000,90.00000,0,1.09642,0.05047,0.22700,0.05959,0:0.025:-0.480:b-0.248:0.411:occ0;12:-0.202:0.003:b-0.258:0.385:occ0;24:-0.216:0.348:b-0.167:0.357:occ1;36:-0.171:0.376:b-0.163:0.354:occ1;48:-0.163:0.360:b-0.161:0.355:occ1;60:-0.169:0.369:b-0.161:0.355:occ1;72:-0.164:0.359:b-0.179:0.388:occ1;84:-0.166:0.365:b-0.161:0.355:occ1;89:-0.164:0.361:b-0.161:0.354:occ1
occlusion_full_v5,stale_memory_trap,1,1002,,1,25,0.01926,0.02222,67,20,14,0.01442,0.02222,0.50746,0.00000,0,0.71111,0.72222,90.00000,0,1.10296,0.13091,0.30000,0.06556,0:0.111:-0.480:b-0.028:0.401:occ0;12:0.000:0.008:b-0.028:0.506:occ0;24:-0.042:0.406:b-0.013:0.470:occ1;36:-0.018:0.480:b-0.017:0.461:occ1;48:-0.017:0.462:b-0.019:0.458:occ1;60:-0.019:0.459:b-0.020:0.459:occ1;72:-0.018:0.463:b-0.017:0.467:occ1;84:-0.020:0.464:b-0.012:0.480:occ1;89:-0.019:0.466:b-0.023:0.466:occ1
ablate_no_self_mask,stale_memory_trap,1,1002,,1,24,0.05027,0.05204,67,23,19,0.06291,0.05204,0.65672,0.94737,0,0.72222,0.68889,90.00000,0,1.15246,0.13049,0.30000,0.02129,0:0.111:-0.480:b-0.016:0.443:occ0;12:-0.019:0.008:b-0.053:0.536:occ0;24:-0.026:0.418:b0.063:0.456:occ1;36:0.051:0.482:b0.060:0.456:occ1;48:0.060:0.463:b0.056:0.461:occ1;60:0.051:0.465:b0.042:0.469:occ1;72:0.054:0.463:b0.056:0.461:occ1;84:0.054:0.464:b0.058:0.460:occ1;89:0.054:0.464:b0.056:0.461:occ1
ablate_no_branch_belief,stale_memory_trap,1,1002,,1,24,0.02912,0.03285,67,21,23,0.04082,0.03285,0.50746,0.00000,0,0.72222,0.73333,90.00000,0,1.09693,0.11516,0.30000,0.05906,0:0.113:-0.480:b0.051:0.447:occ0;12:-0.011:0.008:b-0.040:0.483:occ0;24:-0.028:0.414:b-0.004:0.408:occ1;36:0.008:0.454:b0.013:0.437:occ1;48:0.011:0.435:b0.015:0.443:occ1;60:0.007:0.433:b0.007:0.433:occ1;72:0.007:0.435:b0.009:0.440:occ1;84:0.006:0.433:b0.015:0.443:occ1;89:0.008:0.436:b0.004:0.430:occ1
ablate_no_contact_update,stale_memory_trap,1,1002,,0,24,0.09178,0.09214,67,20,17,0.07502,0.09214,0.50746,0.00000,0,0.07778,0.33333,90.00000,0,1.13049,0.08889,0.30000,0.11765,0:0.110:-0.480:b-0.047:0.471:occ0;12:-0.007:0.007:b-0.022:0.452:occ0;24:-0.038:0.417:b-0.083:0.499:occ1;36:-0.066:0.508:b-0.071:0.486:occ1;48:-0.074:0.490:b-0.074:0.485:occ1;60:-0.074:0.488:b-0.073:0.491:occ1;72:-0.072:0.492:b-0.068:0.494:occ1;84:-0.073:0.486:b-0.074:0.485:occ1;89:-0.073:0.485:b-0.073:0.485:occ1
ablate_no_uncertainty_inflation,stale_memory_trap,1,1002,,1,24,0.02672,0.02501,67,22,18,0.02702,0.02501,0.00000,0.00000,0,0.71111,0.73333,90.00000,0,1.11131,0.04770,0.14000,0.04977,0:0.111:-0.480:b-0.004:0.459:occ0;12:-0.011:0.007:b0.014:0.455:occ0;24:-0.046:0.413:b0.001:0.464:occ1;36:-0.004:0.484:b0.008:0.476:occ1;48:0.003:0.472:b0.011:0.474:occ1;60:0.001:0.467:b0.006:0.475:occ1;72:0.000:0.468:b-0.001:0.473:occ1;84:-0.001:0.466:b0.002:0.470:occ1;89:-0.002:0.465:b-0.003:0.463:occ1
ablate_no_identity_filter,stale_memory_trap,1,1002,,1,24,0.02929,0.03695,68,18,19,0.02914,0.03695,0.60294,0.00000,0,0.71111,0.73333,90.00000,0,1.09057,0.14016,0.30000,0.07826,0:0.110:-0.480:b-0.062:0.399:occ0;12:-0.025:0.008:b-0.014:0.540:occ0;24:-0.038:0.414:b-0.021:0.439:occ1;36:-0.024:0.463:b-0.017:0.458:occ1;48:-0.027:0.444:b-0.032:0.442:occ1;60:-0.029:0.444:b-0.020:0.454:occ1;72:-0.027:0.447:b-0.031:0.441:occ1;84:-0.026:0.449:b-0.024:0.449:occ1;89:-0.026:0.449:b-0.031:0.440:occ1
ablate_no_reacquisition_guard,stale_memory_trap,1,1002,,1,24,0.04848,0.04998,67,22,17,0.04757,0.04998,0.50746,0.00000,0,0.72222,0.73333,90.00000,0,1.13416,0.10556,0.30000,0.04210,0:0.110:-0.480:b-0.056:0.417:occ0;12:-0.009:0.006:b-0.009:0.434:occ0;24:-0.037:0.428:b0.012:0.506:occ1;36:0.003:0.517:b0.007:0.500:occ1;48:0.009:0.503:b0.007:0.499:occ1;60:0.008:0.498:b0.006:0.499:occ1;72:0.006:0.498:b0.014:0.496:occ1;84:0.006:0.499:b0.006:0.499:occ1;89:0.006:0.499:b0.007:0.500:occ1
ablate_no_tail_risk_objective,stale_memory_trap,1,1002,,1,25,0.06408,0.05922,67,22,18,0.05621,0.05922,0.50746,0.00000,0,0.00000,0.72222,90.00000,0,1.19645,0.10222,0.30000,0.13110,0:0.110:-0.480:b-0.034:0.419:occ0;12:-0.004:0.008:b-0.100:0.503:occ0;24:-0.047:0.406:b-0.076:0.431:occ1;36:-0.063:0.419:b-0.065:0.421:occ1;48:-0.062:0.428:b-0.067:0.422:occ1;60:-0.066:0.423:b-0.067:0.421:occ1;72:-0.068:0.420:b-0.066:0.422:occ1;84:-0.063:0.431:b-0.059:0.427:occ1;89:-0.070:0.418:b-0.065:0.421:occ1
ablate_no_false_detection_rejection,stale_memory_trap,1,1002,,1,24,0.06192,0.08268,67,19,23,0.06193,0.08268,0.50746,0.04348,0,0.02222,0.73333,90.00000,0,1.10432,0.09891,0.30000,0.11798,0:0.109:-0.480:b-0.067:0.468:occ0;12:-0.013:0.007:b-0.046:0.452:occ0;24:-0.049:0.411:b-0.075:0.417:occ1;36:-0.061:0.450:b-0.076:0.423:occ1;48:-0.070:0.431:b-0.075:0.427:occ1;60:-0.071:0.429:b-0.074:0.429:occ1;72:-0.065:0.439:b-0.079:0.423:occ1;84:-0.062:0.437:b-0.074:0.428:occ1;89:-0.062:0.433:b-0.082:0.427:occ1
ablate_no_distractor_filter,stale_memory_trap,1,1002,,1,24,0.05325,0.05697,67,18,16,0.06187,0.05697,0.50746,0.75000,0,0.73333,0.73333,90.00000,0,1.14316,0.10417,0.30000,0.01991,0:0.111:-0.480:b-0.007:0.432:occ0;12:-0.002:0.004:b0.023:0.367:occ0;24:-0.004:0.419:b0.031:0.494:occ1;36:0.028:0.511:b0.031:0.498:occ1;48:0.033:0.497:b0.032:0.494:occ1;60:0.037:0.493:b0.061:0.506:occ1;72:0.041:0.496:b0.034:0.493:occ1;84:0.028:0.491:b0.036:0.494:occ1;89:0.027:0.492:b0.032:0.492:occ1
occlusion_aware_permanence_v4,stale_memory_trap,1,1002,,1,24,0.06439,0.06737,68,18,18,0.04839,0.06737,0.61765,0.00000,0,0.72222,0.73333,90.00000,0,1.12254,0.12461,0.30000,0.07619,0:0.111:-0.480:b-0.027:0.462:occ0;12:-0.016:0.008:b-0.026:0.511:occ0;24:-0.035:0.430:b-0.021:0.495:occ1;36:-0.028:0.514:b-0.029:0.495:occ1;48:-0.030:0.496:b-0.032:0.493:occ1;60:-0.031:0.494:b-0.032:0.499:occ1;72:-0.030:0.494:b-0.031:0.493:occ1;84:-0.030:0.493:b-0.031:0.492:occ1;89:-0.031:0.494:b-0.032:0.497:occ1
learned_only_branch,stale_memory_trap,1,1002,,1,24,0.04188,0.04283,67,20,20,0.03041,0.04283,0.19403,0.00000,0,0.72222,0.73333,90.00000,0,1.08766,0.07010,0.21800,0.08847,0:0.111:-0.480:b-0.020:0.476:occ0;12:-0.005:0.008:b-0.052:0.477:occ0;24:-0.035:0.416:b-0.041:0.461:occ1;36:-0.040:0.481:b-0.039:0.461:occ1;48:-0.040:0.467:b-0.043:0.458:occ1;60:-0.040:0.463:b-0.037:0.488:occ1;72:-0.041:0.464:b-0.033:0.471:occ1;84:-0.041:0.462:b-0.043:0.458:occ1;89:-0.041:0.461:b-0.042:0.458:occ1
occlusion_full_v5,stale_memory_trap,1,1003,,1,17,0.03435,0.03750,75,15,24,0.02878,0.03750,0.56000,0.00000,0,0.00000,0.81111,90.00000,0,0.80883,0.14046,0.30000,0.36392,0:-0.075:-0.480:b0.130:0.134:occ0;12:0.158:-0.048:b0.149:0.147:occ0;24:0.181:0.135:b0.169:0.131:occ1;36:0.170:0.137:b0.169:0.129:occ1;48:0.170:0.125:b0.167:0.123:occ1;60:0.160:0.122:b0.155:0.122:occ1;72:0.156:0.124:b0.156:0.125:occ1;84:0.156:0.124:b0.156:0.124:occ1;89:0.156:0.124:b0.155:0.121:occ1
ablate_no_self_mask,stale_memory_trap,1,1003,,0,16,0.08410,0.09834,75,14,17,0.10496,0.09834,0.69333,0.00000,0,0.00000,0.07778,90.00000,0,0.90010,0.12250,0.30000,0.41744,0:-0.074:-0.480:b0.159:0.151:occ0;12:0.153:-0.042:b0.179:0.139:occ0;24:0.123:0.193:b0.095:0.200:occ1;36:0.092:0.209:b0.095:0.200:occ1;48:0.096:0.197:b0.097:0.196:occ1;60:0.098:0.195:b0.136:0.184:occ1;72:0.099:0.195:b0.097:0.196:occ1;84:0.101:0.195:b0.159:0.180:occ1;89:0.111:0.192:b0.095:0.197:occ1
ablate_no_branch_belief,stale_memory_trap,1,1003,,1,16,0.01993,0.02077,75,13,23,0.02645,0.02077,0.56000,0.00000,0,0.00000,0.82222,90.00000,0,0.82180,0.14647,0.30000,0.36819,0:-0.074:-0.480:b0.166:0.117:occ0;12:0.151:-0.043:b0.227:0.091:occ0;24:0.180:0.151:b0.170:0.145:occ1;36:0.168:0.152:b0.160:0.146:occ1;48:0.162:0.140:b0.161:0.138:occ1;60:0.155:0.140:b0.149:0.141:occ1;72:0.152:0.141:b0.155:0.140:occ1;84:0.153:0.141:b0.150:0.142:occ1;89:0.153:0.142:b0.154:0.143:occ1
ablate_no_contact_update,stale_memory_trap,1,1003,,1,16,0.05625,0.05633,75,15,14,0.05161,0.05633,0.56000,0.00000,0,0.00000,0.82222,90.00000,0,0.79398,0.12384,0.30000,0.28696,0:-0.074:-0.480:b0.158:0.072:occ0;12:0.150:-0.041:b0.215:0.125:occ0;24:0.238:0.132:b0.235:0.117:occ1;36:0.237:0.126:b0.234:0.121:occ1;48:0.232:0.121:b0.233:0.120:occ1;60:0.232:0.120:b0.231:0.119:occ1;72:0.232:0.119:b0.232:0.125:occ1;84:0.233:0.119:b0.232:0.119:occ1;89:0.233:0.118:b0.232:0.117:occ1
ablate_no_uncertainty_inflation,stale_memory_trap,1,1003,,1,16,0.07827,0.07739,75,14,15,0.07358,0.07739,0.00000,0.00000,0,0.00000,0.82222,90.00000,0,0.82780,0.03217,0.14000,0.27696,0:-0.074:-0.480:b0.151:0.107:occ0;12:0.167:-0.042:b0.217:0.177:occ0;24:0.248:0.160:b0.244:0.147:occ1;36:0.247:0.156:b0.243:0.151:occ1;48:0.244:0.151:b0.249:0.152:occ1;60:0.245:0.150:b0.245:0.150:occ1;72:0.247:0.149:b0.244:0.147:occ1;84:0.246:0.148:b0.245:0.148:occ1;89:0.246:0.148:b0.245:0.147:occ1
ablate_no_identity_filter,stale_memory_trap,1,1003,,1,16,0.03426,0.03412,75,15,16,0.02651,0.03412,0.64000,0.00000,0,0.00000,0.82222,90.00000,0,0.78984,0.15693,0.30000,0.32084,0:-0.072:-0.480:b0.216:0.088:occ0;12:0.154:-0.047:b0.147:0.114:occ0;24:0.207:0.136:b0.201:0.123:occ1;36:0.204:0.130:b0.202:0.124:occ1;48:0.203:0.122:b0.205:0.119:occ1;60:0.200:0.122:b0.199:0.122:occ1;72:0.198:0.123:b0.199:0.122:occ1;84:0.199:0.123:b0.199:0.122:occ1;89:0.199:0.122:b0.199:0.122:occ1
ablate_no_reacquisition_guard,stale_memory_trap,1,1003,,1,17,0.06654,0.06426,75,13,20,0.05678,0.06426,0.56000,0.00000,0,0.00000,0.81111,90.00000,0,0.79294,0.11829,0.30000,0.28890,0:-0.074:-0.480:b0.173:0.111:occ0;12:0.164:-0.047:b0.227:0.103:occ0;24:0.237:0.126:b0.231:0.115:occ1;36:0.232:0.120:b0.228:0.116:occ1;48:0.228:0.115:b0.232:0.113:occ1;60:0.230:0.113:b0.227:0.113:occ1;72:0.229:0.111:b0.233:0.110:occ1;84:0.230:0.111:b0.234:0.109:occ1;89:0.230:0.111:b0.229:0.114:occ1
ablate_no_tail_risk_objective,stale_memory_trap,1,1003,,1,16,0.07104,0.06966,75,13,16,0.07369,0.06966,0.57333,0.00000,0,0.00000,0.72222,90.00000,0,0.98266,0.11614,0.30000,0.32720,0:-0.072:-0.480:b0.227:0.133:occ0;12:0.165:-0.040:b0.227:0.071:occ0;24:0.206:0.218:b0.203:0.189:occ1;36:0.204:0.188:b0.203:0.189:occ1;48:0.210:0.187:b0.211:0.188:occ1;60:0.202:0.189:b0.203:0.189:occ1;72:0.201:0.191:b0.203:0.189:occ1;84:0.209:0.191:b0.203:0.189:occ1;89:0.203:0.189:b0.203:0.188:occ1
ablate_no_false_detection_rejection,stale_memory_trap,1,1003,,1,16,0.02080,0.02514,75,15,17,0.02381,0.02514,0.56000,0.00000,0,0.00000,0.82222,90.00000,0,0.83972,0.14548,0.30000,0.35802,0:-0.073:-0.480:b0.197:0.155:occ0;12:0.155:-0.043:b0.220:0.180:occ0;24:0.185:0.142:b0.169:0.131:occ1;36:0.172:0.138:b0.171:0.132:occ1;48:0.169:0.124:b0.169:0.121:occ1;60:0.161:0.122:b0.157:0.122:occ1;72:0.170:0.122:b0.192:0.118:occ1;84:0.168:0.121:b0.158:0.122:occ1;89:0.162:0.122:b0.157:0.121:occ1
ablate_no_distractor_filter,stale_memory_trap,1,1003,,1,17,0.04659,0.03977,75,13,14,0.03832,0.03977,0.56000,0.00000,0,0.00000,0.81111,90.00000,0,0.84189,0.13415,0.30000,0.30952,0:-0.074:-0.480:b0.172:0.156:occ0;12:0.168:-0.046:b0.234:0.094:occ0;24:0.218:0.124:b0.206:0.122:occ1;36:0.207:0.128:b0.205:0.123:occ1;48:0.209:0.121:b0.231:0.113:occ1;60:0.222:0.116:b0.237:0.112:occ1;72:0.212:0.118:b0.202:0.120:occ1;84:0.213:0.119:b0.194:0.118:occ1;89:0.210:0.120:b0.202:0.120:occ1
occlusion_aware_permanence_v4,stale_memory_trap,1,1003,,1,16,0.02873,0.03218,75,15,18,0.04000,0.03218,0.64000,0.00000,0,0.00000,0.82222,90.00000,0,0.82437,0.14983,0.30000,0.38480,0:-0.073:-0.480:b0.188:0.143:occ0;12:0.142:-0.044:b0.190:0.125:occ0;24:0.161:0.161:b0.145:0.154:occ1;36:0.144:0.162:b0.142:0.155:occ1;48:0.143:0.150:b0.142:0.149:occ1;60:0.138:0.152:b0.137:0.153:occ1;72:0.137:0.153:b0.134:0.153:occ1;84:0.136:0.153:b0.134:0.152:occ1;89:0.137:0.153:b0.134:0.152:occ1
learned_only_branch,stale_memory_trap,1,1003,,1,16,0.01493,0.01164,75,14,24,0.01446,0.01164,0.28000,0.00000,0,0.00000,0.82222,90.00000,0,0.79776,0.10040,0.24200,0.35526,0:-0.072:-0.480:b0.233:0.108:occ0;12:0.147:-0.043:b0.179:0.100:occ0;24:0.182:0.133:b0.176:0.121:occ1;36:0.178:0.127:b0.182:0.126:occ1;48:0.176:0.115:b0.172:0.112:occ1;60:0.166:0.113:b0.162:0.113:occ1;72:0.163:0.114:b0.162:0.113:occ1;84:0.163:0.115:b0.162:0.113:occ1;89:0.164:0.115:b0.165:0.119:occ1
occlusion_full_v5,stale_memory_trap,2,1000,,1,22,0.06620,0.07173,69,17,11,0.06198,0.07173,0.53623,0.00000,0,0.00000,0.75556,90.00000,0,1.14478,0.10731,0.30000,0.33302,0:0.058:-0.480:b-0.238:0.341:occ0;12:-0.247:0.002:b-0.273:0.369:occ0;24:-0.289:0.350:b-0.244:0.384:occ1;36:-0.238:0.390:b-0.229:0.368:occ1;48:-0.233:0.370:b-0.253:0.373:occ1;60:-0.235:0.366:b-0.229:0.365:occ1;72:-0.242:0.369:b-0.229:0.365:occ1;84:-0.237:0.367:b-0.251:0.369:occ1;89:-0.235:0.366:b-0.230:0.365:occ1
ablate_no_self_mask,stale_memory_trap,2,1000,,1,22,0.05052,0.03148,70,17,24,0.06797,0.03148,0.67143,0.00000,0,0.00000,0.54444,90.00000,0,1.20225,0.13373,0.30000,0.33467,0:0.058:-0.480:b-0.323:0.408:occ0;12:-0.241:0.001:b-0.268:0.344:occ0;24:-0.280:0.384:b-0.238:0.456:occ1;36:-0.238:0.469:b-0.237:0.456:occ1;48:-0.236:0.456:b-0.238:0.451:occ1;60:-0.245:0.446:b-0.236:0.452:occ1;72:-0.255:0.441:b-0.239:0.451:occ1;84:-0.248:0.446:b-0.233:0.454:occ1;89:-0.249:0.446:b-0.265:0.434:occ1
ablate_no_branch_belief,stale_memory_trap,2,1000,,1,22,0.06008,0.04805,69,20,20,0.05075,0.04805,0.53623,0.00000,0,0.00000,0.75556,90.00000,0,1.14531,0.11409,0.30000,0.32046,0:0.058:-0.480:b-0.335:0.382:occ0;12:-0.243:0.000:b-0.310:0.319:occ0;24:-0.275:0.361:b-0.278:0.396:occ1;36:-0.246:0.405:b-0.240:0.381:occ1;48:-0.255:0.387:b-0.241:0.383:occ1;60:-0.254:0.383:b-0.263:0.390:occ1;72:-0.259:0.385:b-0.263:0.385:occ1;84:-0.255:0.384:b-0.241:0.382:occ1;89:-0.249:0.383:b-0.262:0.385:occ1
ablate_no_contact_update,stale_memory_trap,2,1000,,1,23,0.03362,0.02973,69,18,25,0.03953,0.02973,0.52174,0.00000,0,0.00000,0.74444,90.00000,0,1.12873,0.12117,0.30000,0.26218,0:0.058:-0.480:b-0.293:0.301:occ0;12:-0.264:0.000:b-0.341:0.391:occ0;24:-0.324:0.364:b-0.318:0.420:occ1;36:-0.318:0.436:b-0.324:0.423:occ1;48:-0.317:0.424:b-0.319:0.421:occ1;60:-0.315:0.419:b-0.312:0.418:occ1;72:-0.315:0.419:b-0.318:0.420:occ1;84:-0.316:0.419:b-0.318:0.420:occ1;89:-0.316:0.420:b-0.313:0.418:occ1
ablate_no_uncertainty_inflation,stale_memory_trap,2,1000,,1,23,0.02352,0.02711,69,18,19,0.02451,0.02711,0.00000,0.00000,0,0.00000,0.74444,90.00000,0,1.11999,0.05742,0.14000,0.29465,0:0.058:-0.480:b-0.239:0.383:occ0;12:-0.252:0.004:b-0.277:0.436:occ0;24:-0.275:0.347:b-0.267:0.381:occ1;36:-0.288:0.396:b-0.289:0.383:occ1;48:-0.285:0.384:b-0.305:0.391:occ1;60:-0.287:0.381:b-0.288:0.380:occ1;72:-0.272:0.377:b-0.289:0.380:occ1;84:-0.279:0.379:b-0.267:0.377:occ1;89:-0.275:0.378:b-0.288:0.380:occ1
ablate_no_identity_filter,stale_memory_trap,2,1000,,1,22,0.05735,0.05302,70,17,23,0.04556,0.05302,0.61429,0.00000,0,0.00000,0.75556,90.00000,0,1.09841,0.13078,0.30000,0.28647,0:0.058:-0.480:b-0.226:0.402:occ0;12:-0.231:0.001:b-0.318:0.370:occ0;24:-0.317:0.351:b-0.274:0.359:occ1;36:-0.284:0.369:b-0.287:0.358:occ1;48:-0.285:0.358:b-0.276:0.352:occ1;60:-0.286:0.354:b-0.302:0.357:occ1;72:-0.284:0.354:b-0.275:0.350:occ1;84:-0.282:0.353:b-0.295:0.357:occ1;89:-0.281:0.353:b-0.287:0.355:occ1
ablate_no_reacquisition_guard,stale_memory_trap,2,1000,,1,22,0.07985,0.09129,69,18,16,0.06887,0.09129,0.52174,0.00000,0,0.00000,0.66667,90.00000,0,1.14563,0.09676,0.30000,0.32264,0:0.058:-0.480:b-0.260:0.395:occ0;12:-0.257:0.005:b-0.307:0.441:occ0;24:-0.290:0.352:b-0.237:0.376:occ1;36:-0.250:0.383:b-0.231:0.359:occ1;48:-0.236:0.361:b-0.234:0.360:occ1;60:-0.252:0.359:b-0.286:0.365:occ1;72:-0.250:0.360:b-0.266:0.361:occ1;84:-0.245:0.358:b-0.230:0.357:occ1;89:-0.245:0.358:b-0.231:0.357:occ1
ablate_no_tail_risk_objective,stale_memory_trap,2,1000,,1,22,0.04215,0.03911,70,19,19,0.03829,0.03911,0.52857,0.00000,0,0.00000,0.75556,90.00000,0,1.26400,0.12020,0.30000,0.27812,0:0.058:-0.480:b-0.332:0.391:occ0;12:-0.247:0.003:b-0.268:0.399:occ0;24:-0.289:0.361:b-0.264:0.356:occ1;36:-0.298:0.354:b-0.307:0.360:occ1;48:-0.259:0.353:b-0.267:0.353:occ1;60:-0.272:0.353:b-0.265:0.353:occ1;72:-0.268:0.352:b-0.284:0.356:occ1;84:-0.275:0.355:b-0.271:0.353:occ1;89:-0.290:0.355:b-0.286:0.358:occ1
ablate_no_false_detection_rejection,stale_memory_trap,2,1000,,1,23,0.02659,0.04161,69,20,24,0.02920,0.04161,0.52174,0.00000,0,0.00000,0.74444,90.00000,0,1.15845,0.12427,0.30000,0.26463,0:0.058:-0.480:b-0.287:0.355:occ0;12:-0.244:0.002:b-0.339:0.432:occ0;24:-0.303:0.350:b-0.306:0.392:occ1;36:-0.288:0.404:b-0.299:0.391:occ1;48:-0.289:0.392:b-0.309:0.395:occ1;60:-0.310:0.385:b-0.424:0.395:occ1;72:-0.300:0.385:b-0.343:0.394:occ1;84:-0.306:0.381:b-0.363:0.373:occ1;89:-0.305:0.380:b-0.330:0.376:occ1
ablate_no_distractor_filter,stale_memory_trap,2,1000,,1,23,0.05666,0.05282,69,16,17,0.04404,0.05282,0.52174,0.00000,0,0.00000,0.74444,90.00000,0,1.11546,0.11150,0.30000,0.26784,0:0.058:-0.480:b-0.287:0.394:occ0;12:-0.256:-0.004:b-0.277:0.360:occ0;24:-0.302:0.337:b-0.273:0.358:occ1;36:-0.283:0.369:b-0.274:0.356:occ1;48:-0.287:0.358:b-0.277:0.357:occ1;60:-0.278:0.356:b-0.294:0.365:occ1;72:-0.282:0.356:b-0.272:0.355:occ1;84:-0.298:0.353:b-0.383:0.350:occ1;89:-0.300:0.353:b-0.270:0.353:occ1
occlusion_aware_permanence_v4,stale_memory_trap,2,1000,,1,22,0.02178,0.03146,69,21,24,0.02259,0.03146,0.60870,0.00000,0,0.00000,0.75556,90.00000,0,1.10828,0.14323,0.30000,0.27206,0:0.058:-0.480:b-0.278:0.349:occ0;12:-0.232:0.000:b-0.298:0.323:occ0;24:-0.300:0.352:b-0.278:0.383:occ1;36:-0.294:0.400:b-0.284:0.386:occ1;48:-0.299:0.392:b-0.297:0.388:occ1;60:-0.302:0.390:b-0.275:0.378:occ1;72:-0.293:0.385:b-0.300:0.389:occ1;84:-0.296:0.386:b-0.307:0.393:occ1;89:-0.299:0.389:b-0.281:0.379:occ1
learned_only_branch,stale_memory_trap,2,1000,,1,22,0.00282,0.00392,69,18,20,0.01608,0.00392,0.23188,0.00000,0,0.00000,0.75556,90.00000,0,1.13459,0.09163,0.22700,0.28171,0:0.058:-0.480:b-0.309:0.317:occ0;12:-0.262:0.002:b-0.296:0.411:occ0;24:-0.318:0.371:b-0.305:0.412:occ1;36:-0.296:0.421:b-0.294:0.406:occ1;48:-0.296:0.409:b-0.310:0.413:occ1;60:-0.296:0.406:b-0.291:0.404:occ1;72:-0.299:0.407:b-0.291:0.404:occ1;84:-0.295:0.406:b-0.291:0.404:occ1;89:-0.292:0.404:b-0.291:0.404:occ1
occlusion_full_v5,stale_memory_trap,2,1001,,1,24,0.03571,0.03609,68,18,16,0.02486,0.03609,0.51471,0.00000,0,0.10000,0.73333,90.00000,0,1.17080,0.12673,0.30000,0.12704,0:0.055:-0.480:b-0.347:0.431:occ0;12:-0.322:0.004:b-0.487:0.404:occ0;24:-0.417:0.372:b-0.397:0.417:occ1;36:-0.395:0.430:b-0.395:0.421:occ1;48:-0.392:0.421:b-0.390:0.418:occ1;60:-0.388:0.416:b-0.384:0.415:occ1;72:-0.384:0.413:b-0.384:0.414:occ1;84:-0.383:0.413:b-0.383:0.414:occ1;89:-0.384:0.413:b-0.383:0.414:occ1
ablate_no_self_mask,stale_memory_trap,2,1001,,1,23,0.07897,0.07517,68,20,17,0.08321,0.07517,0.67647,0.00000,0,0.07778,0.48889,90.00000,0,1.23536,0.11885,0.30000,0.16059,0:0.055:-0.480:b-0.444:0.406:occ0;12:-0.317:0.006:b-0.385:0.431:occ0;24:-0.430:0.396:b-0.474:0.455:occ1;36:-0.487:0.474:b-0.492:0.465:occ1;48:-0.490:0.465:b-0.483:0.454:occ1;60:-0.486:0.461:b-0.481:0.458:occ1;72:-0.485:0.461:b-0.488:0.462:occ1;84:-0.487:0.465:b-0.489:0.468:occ1;89:-0.488:0.466:b-0.487:0.460:occ1
ablate_no_branch_belief,stale_memory_trap,2,1001,,1,24,0.01919,0.01839,68,17,14,0.01847,0.01839,0.51471,0.00000,0,0.11111,0.73333,90.00000,0,1.16092,0.12913,0.30000,0.11621,0:0.055:-0.480:b-0.417:0.486:occ0;12:-0.330:0.006:b-0.454:0.433:occ0;24:-0.432:0.375:b-0.428:0.405:occ1;36:-0.425:0.426:b-0.428:0.418:occ1;48:-0.427:0.420:b-0.424:0.422:occ1;60:-0.423:0.421:b-0.419:0.418:occ1;72:-0.419:0.419:b-0.418:0.419:occ1;84:-0.418:0.419:b-0.418:0.419:occ1;89:-0.418:0.419:b-0.419:0.418:occ1
ablate_no_contact_update,stale_memory_trap,2,1001,,1,23,0.04573,0.04719,68,22,21,0.04647,0.04719,0.51471,0.00000,0,0.07778,0.74444,90.00000,0,1.21364,0.11042,0.30000,0.17274,0:0.055:-0.480:b-0.437:0.427:occ0;12:-0.329:0.007:b-0.361:0.470:occ0;24:-0.414:0.395:b-0.402:0.474:occ1;36:-0.406:0.483:b-0.403:0.470:occ1;48:-0.403:0.474:b-0.404:0.472:occ1;60:-0.402:0.474:b-0.400:0.474:occ1;72:-0.403:0.471:b-0.403:0.470:occ1;84:-0.402:0.472:b-0.399:0.475:occ1;89:-0.401:0.473:b-0.400:0.474:occ1
ablate_no_uncertainty_inflation,stale_memory_trap,2,1001,,0,23,0.08236,0.07958,68,21,19,0.08324,0.07958,0.00000,0.94737,0,0.78889,0.24444,90.00000,0,1.15891,0.03154,0.14000,0.06219,0:0.055:-0.480:b-0.410:0.401:occ0;12:-0.330:0.007:b-0.407:0.447:occ0;24:-0.413:0.368:b-0.410:0.344:occ1;36:-0.425:0.358:b-0.404:0.349:occ1;48:-0.416:0.345:b-0.405:0.353:occ1;60:-0.416:0.344:b-0.426:0.344:occ1;72:-0.411:0.346:b-0.432:0.332:occ1;84:-0.407:0.347:b-0.426:0.336:occ1;89:-0.407:0.347:b-0.401:0.351:occ1
ablate_no_identity_filter,stale_memory_trap,2,1001,,1,23,0.04809,0.04525,68,21,19,0.03708,0.04525,0.60294,0.00000,0,0.07778,0.74444,90.00000,0,1.20416,0.13132,0.30000,0.15041,0:0.055:-0.480:b-0.373:0.390:occ0;12:-0.323:0.004:b-0.453:0.376:occ0;24:-0.414:0.392:b-0.394:0.436:occ1;36:-0.393:0.453:b-0.393:0.436:occ1;48:-0.382:0.441:b-0.373:0.440:occ1;60:-0.374:0.437:b-0.369:0.433:occ1;72:-0.370:0.433:b-0.372:0.433:occ1;84:-0.370:0.433:b-0.370:0.433:occ1;89:-0.371:0.433:b-0.374:0.432:occ1
ablate_no_reacquisition_guard,stale_memory_trap,2,1001,,1,24,0.01188,0.01317,68,21,21,0.02068,0.01317,0.51471,0.00000,0,0.10000,0.73333,90.00000,0,1.16401,0.12652,0.30000,0.12589,0:0.055:-0.480:b-0.421:0.416:occ0;12:-0.319:0.004:b-0.374:0.396:occ0;24:-0.424:0.380:b-0.435:0.428:occ1;36:-0.436:0.440:b-0.435:0.431:occ1;48:-0.434:0.435:b-0.432:0.436:occ1;60:-0.431:0.434:b-0.426:0.434:occ1;72:-0.426:0.432:b-0.424:0.432:occ1;84:-0.425:0.431:b-0.424:0.432:occ1;89:-0.425:0.431:b-0.424:0.432:occ1
ablate_no_tail_risk_objective,stale_memory_trap,2,1001,,1,23,0.05517,0.04928,68,22,15,0.04363,0.04928,0.51471,0.00000,0,0.74444,0.74444,90.00000,0,1.28092,0.11311,0.30000,0.07711,0:0.055:-0.480:b-0.408:0.497:occ0;12:-0.309:0.004:b-0.422:0.393:occ0;24:-0.420:0.383:b-0.425:0.388:occ1;36:-0.429:0.385:b-0.426:0.393:occ1;48:-0.424:0.394:b-0.423:0.395:occ1;60:-0.419:0.390:b-0.423:0.391:occ1;72:-0.413:0.388:b-0.417:0.391:occ1;84:-0.417:0.387:b-0.417:0.392:occ1;89:-0.431:0.382:b-0.423:0.388:occ1
ablate_no_false_detection_rejection,stale_memory_trap,2,1001,,1,24,0.06498,0.06003,68,21,22,0.05944,0.06003,0.51471,0.22727,0,0.74444,0.73333,90.00000,0,1.19801,0.10024,0.30000,0.09025,0:0.055:-0.480:b-0.385:0.413:occ0;12:-0.329:0.007:b-0.355:0.466:occ0;24:-0.410:0.373:b-0.400:0.382:occ1;36:-0.405:0.395:b-0.404:0.382:occ1;48:-0.409:0.367:b-0.423:0.341:occ1;60:-0.401:0.365:b-0.396:0.368:occ1;72:-0.392:0.366:b-0.402:0.358:occ1;84:-0.388:0.371:b-0.388:0.352:occ1;89:-0.388:0.369:b-0.385:0.376:occ1
ablate_no_distractor_filter,stale_memory_trap,2,1001,,1,24,0.04723,0.05224,68,18,21,0.03423,0.05224,0.51471,0.00000,0,0.10000,0.73333,90.00000,0,1.18442,0.11955,0.30000,0.11337,0:0.055:-0.480:b-0.457:0.436:occ0;12:-0.335:0.004:b-0.426:0.408:occ0;24:-0.405:0.374:b-0.397:0.410:occ1;36:-0.396:0.423:b-0.398:0.413:occ1;48:-0.398:0.410:b-0.388:0.397:occ1;60:-0.395:0.400:b-0.391:0.401:occ1;72:-0.388:0.401:b-0.378:0.395:occ1;84:-0.386:0.399:b-0.388:0.390:occ1;89:-0.386:0.398:b-0.395:0.389:occ1
occlusion_aware_permanence_v4,stale_memory_trap,2,1001,,1,24,0.06282,0.05921,68,20,20,0.05967,0.05921,0.60294,0.10000,0,0.78889,0.73333,90.00000,0,1.15639,0.11678,0.30000,0.07129,0:0.055:-0.480:b-0.405:0.434:occ0;12:-0.314:0.003:b-0.448:0.410:occ0;24:-0.409:0.364:b-0.406:0.369:occ1;36:-0.415:0.383:b-0.425:0.359:occ1;48:-0.413:0.368:b-0.410:0.370:occ1;60:-0.419:0.365:b-0.411:0.362:occ1;72:-0.408:0.365:b-0.409:0.363:occ1;84:-0.412:0.362:b-0.402:0.369:occ1;89:-0.410:0.363:b-0.398:0.372:occ1
learned_only_branch,stale_memory_trap,2,1001,,1,24,0.03049,0.03060,68,20,15,0.02090,0.03060,0.20588,0.00000,0,0.11111,0.73333,90.00000,0,1.15401,0.08174,0.22100,0.11978,0:0.055:-0.480:b-0.387:0.382:occ0;12:-0.326:0.004:b-0.433:0.417:occ0;24:-0.423:0.372:b-0.414:0.411:occ1;36:-0.418:0.426:b-0.418:0.419:occ1;48:-0.415:0.421:b-0.414:0.422:occ1;60:-0.412:0.421:b-0.409:0.420:occ1;72:-0.408:0.419:b-0.408:0.419:occ1;84:-0.408:0.418:b-0.407:0.419:occ1;89:-0.407:0.418:b-0.407:0.419:occ1
occlusion_full_v5,stale_memory_trap,2,1002,,1,20,0.02985,0.03772,72,18,24,0.02457,0.03772,0.54167,0.00000,0,0.00000,0.77778,90.00000,0,0.95483,0.13474,0.30000,0.13053,0:0.083:-0.480:b-0.188:0.247:occ0;12:-0.149:-0.009:b-0.198:0.299:occ0;24:-0.215:0.259:b-0.203:0.256:occ1;36:-0.203:0.276:b-0.206:0.251:occ1;48:-0.206:0.260:b-0.206:0.266:occ1;60:-0.213:0.256:b-0.206:0.275:occ1;72:-0.214:0.260:b-0.216:0.255:occ1;84:-0.215:0.256:b-0.216:0.255:occ1;89:-0.214:0.259:b-0.218:0.252:occ1
ablate_no_self_mask,stale_memory_trap,2,1002,,1,20,0.05645,0.05010,72,18,17,0.06900,0.05010,0.68056,0.00000,0,0.00000,0.62222,90.00000,0,1.02770,0.13889,0.30000,0.18032,0:0.083:-0.480:b-0.231:0.219:occ0;12:-0.164:-0.009:b-0.275:0.325:occ0;24:-0.255:0.293:b-0.273:0.331:occ1;36:-0.270:0.341:b-0.279:0.334:occ1;48:-0.266:0.330:b-0.272:0.330:occ1;60:-0.269:0.328:b-0.271:0.329:occ1;72:-0.260:0.324:b-0.265:0.325:occ1;84:-0.259:0.324:b-0.258:0.327:occ1;89:-0.262:0.326:b-0.256:0.323:occ1
ablate_no_branch_belief,stale_memory_trap,2,1002,,1,20,0.02900,0.03211,72,16,19,0.02618,0.03211,0.54167,0.00000,0,0.00000,0.77778,90.00000,0,0.94468,0.13375,0.30000,0.14566,0:0.083:-0.480:b-0.195:0.227:occ0;12:-0.167:-0.013:b-0.214:0.272:occ0;24:-0.215:0.261:b-0.220:0.239:occ1;36:-0.217:0.261:b-0.218:0.243:occ1;48:-0.218:0.248:b-0.224:0.245:occ1;60:-0.224:0.251:b-0.220:0.265:occ1;72:-0.227:0.252:b-0.228:0.248:occ1;84:-0.226:0.254:b-0.231:0.245:occ1;89:-0.227:0.251:b-0.229:0.248:occ1
ablate_no_contact_update,stale_memory_trap,2,1002,,1,20,0.07884,0.08223,72,17,20,0.07466,0.08223,0.54167,0.15000,0,0.74444,0.61111,90.00000,0,0.99388,0.10267,0.30000,0.05274,0:0.083:-0.480:b-0.217:0.268:occ0;12:-0.177:-0.016:b-0.198:0.223:occ0;24:-0.173:0.276:b-0.134:0.278:occ1;36:-0.136:0.290:b-0.139:0.288:occ1;48:-0.135:0.278:b-0.135:0.275:occ1;60:-0.136:0.276:b-0.136:0.276:occ1;72:-0.139:0.282:b-0.136:0.275:occ1;84:-0.138:0.280:b-0.140:0.280:occ1;89:-0.138:0.279:b-0.136:0.275:occ1
ablate_no_uncertainty_inflation,stale_memory_trap,2,1002,,1,20,0.03692,0.03934,72,17,20,0.03451,0.03934,0.00000,0.10000,0,0.72222,0.77778,90.00000,0,0.97362,0.04864,0.14000,0.10174,0:0.083:-0.480:b-0.217:0.286:occ0;12:-0.159:-0.014:b-0.176:0.202:occ0;24:-0.189:0.275:b-0.175:0.282:occ1;36:-0.178:0.288:b-0.179:0.271:occ1;48:-0.180:0.273:b-0.183:0.269:occ1;60:-0.184:0.277:b-0.188:0.269:occ1;72:-0.187:0.273:b-0.188:0.270:occ1;84:-0.186:0.273:b-0.187:0.271:occ1;89:-0.187:0.272:b-0.182:0.281:occ1
ablate_no_identity_filter,stale_memory_trap,2,1002,,1,19,0.01726,0.01622,72,16,18,0.02332,0.01622,0.62500,0.00000,0,0.00000,0.78889,90.00000,0,0.97754,0.15355,0.30000,0.13642,0:0.083:-0.480:b-0.207:0.209:occ0;12:-0.153:-0.014:b-0.189:0.299:occ0;24:-0.223:0.287:b-0.217:0.286:occ1;36:-0.216:0.301:b-0.213:0.289:occ1;48:-0.214:0.290:b-0.219:0.288:occ1;60:-0.220:0.293:b-0.223:0.292:occ1;72:-0.221:0.295:b-0.218:0.305:occ1;84:-0.222:0.294:b-0.223:0.291:occ1;89:-0.222:0.292:b-0.223:0.291:occ1
ablate_no_reacquisition_guard,stale_memory_trap,2,1002,,1,19,0.01985,0.02146,72,15,20,0.01870,0.02146,0.54167,0.05000,0,0.00000,0.78889,90.00000,0,0.95063,0.14288,0.30000,0.13231,0:0.084:-0.480:b-0.166:0.261:occ0;12:-0.158:-0.011:b-0.226:0.256:occ0;24:-0.194:0.270:b-0.206:0.250:occ1;36:-0.203:0.267:b-0.202:0.256:occ1;48:-0.207:0.252:b-0.212:0.250:occ1;60:-0.214:0.253:b-0.217:0.253:occ1;72:-0.215:0.257:b-0.213:0.258:occ1;84:-0.214:0.258:b-0.214:0.257:occ1;89:-0.215:0.256:b-0.216:0.254:occ1
ablate_no_tail_risk_objective,stale_memory_trap,2,1002,,1,20,0.06598,0.06713,72,16,21,0.05562,0.06713,0.54167,0.00000,0,0.10000,0.77778,90.00000,0,1.05246,0.11168,0.30000,0.11930,0:0.083:-0.480:b-0.209:0.305:occ0;12:-0.156:-0.013:b-0.185:0.206:occ0;24:-0.189:0.257:b-0.187:0.230:occ1;36:-0.186:0.232:b-0.188:0.232:occ1;48:-0.188:0.237:b-0.185:0.242:occ1;60:-0.196:0.234:b-0.196:0.233:occ1;72:-0.194:0.233:b-0.191:0.238:occ1;84:-0.193:0.240:b-0.183:0.252:occ1;89:-0.193:0.234:b-0.198:0.231:occ1
ablate_no_false_detection_rejection,stale_memory_trap,2,1002,,1,20,0.06574,0.07056,72,17,20,0.06118,0.07056,0.54167,0.15000,0,0.71111,0.77778,90.00000,0,0.99994,0.10738,0.30000,0.07632,0:0.084:-0.480:b-0.171:0.208:occ0;12:-0.171:-0.012:b-0.207:0.304:occ0;24:-0.193:0.270:b-0.157:0.275:occ1;36:-0.152:0.280:b-0.132:0.269:occ1;48:-0.144:0.271:b-0.164:0.266:occ1;60:-0.157:0.268:b-0.166:0.265:occ1;72:-0.162:0.268:b-0.146:0.272:occ1;84:-0.160:0.270:b-0.147:0.259:occ1;89:-0.160:0.267:b-0.155:0.265:occ1
ablate_no_distractor_filter,stale_memory_trap,2,1002,,1,19,0.01011,0.04328,72,15,19,0.02064,0.04328,0.54167,0.00000,0,0.00000,0.78889,90.00000,0,0.97851,0.14307,0.30000,0.12890,0:0.085:-0.480:b-0.144:0.201:occ0;12:-0.156:-0.010:b-0.187:0.282:occ0;24:-0.202:0.288:b-0.187:0.283:occ1;36:-0.206:0.302:b-0.218:0.294:occ1;48:-0.207:0.296:b-0.220:0.295:occ1;60:-0.212:0.300:b-0.223:0.295:occ1;72:-0.215:0.298:b-0.221:0.297:occ1;84:-0.218:0.297:b-0.223:0.296:occ1;89:-0.215:0.296:b-0.176:0.283:occ1
occlusion_aware_permanence_v4,stale_memory_trap,2,1002,,1,20,0.04351,0.03228,72,16,22,0.04084,0.03228,0.62500,0.00000,0,0.00000,0.77778,90.00000,0,0.93486,0.13838,0.30000,0.14403,0:0.083:-0.480:b-0.192:0.193:occ0;12:-0.160:-0.009:b-0.224:0.302:occ0;24:-0.227:0.246:b-0.216:0.247:occ1;36:-0.220:0.251:b-0.212:0.251:occ1;48:-0.216:0.246:b-0.225:0.233:occ1;60:-0.222:0.244:b-0.227:0.236:occ1;72:-0.225:0.241:b-0.224:0.246:occ1;84:-0.223:0.245:b-0.229:0.236:occ1;89:-0.224:0.244:b-0.214:0.259:occ1
learned_only_branch,stale_memory_trap,2,1002,,0,21,0.08138,0.08675,72,18,14,0.07402,0.08675,0.25000,0.00000,0,0.00000,0.65556,90.00000,0,0.91861,0.05368,0.23300,0.16497,0:0.083:-0.480:b-0.210:0.256:occ0;12:-0.158:-0.013:b-0.207:0.256:occ0;24:-0.230:0.229:b-0.228:0.206:occ1;36:-0.229:0.218:b-0.222:0.246:occ1;48:-0.228:0.212:b-0.224:0.246:occ1;60:-0.231:0.215:b-0.233:0.205:occ1;72:-0.232:0.214:b-0.233:0.205:occ1;84:-0.232:0.210:b-0.233:0.205:occ1;89:-0.232:0.210:b-0.233:0.205:occ1
occlusion_full_v5,stale_memory_trap,2,1003,,1,24,0.00527,0.00253,68,21,27,0.01015,0.00253,0.51471,0.03704,0,0.00000,0.73333,90.00000,0,1.07318,0.13862,0.30000,0.23859,0:-0.091:-0.480:b0.005:0.410:occ0;12:0.030:0.004:b0.093:0.399:occ0;24:0.032:0.375:b0.040:0.456:occ1;36:0.040:0.464:b0.044:0.439:occ1;48:0.049:0.451:b0.051:0.451:occ1;60:0.049:0.444:b0.049:0.444:occ1;72:0.047:0.441:b0.047:0.441:occ1;84:0.048:0.443:b0.047:0.439:occ1;89:0.049:0.443:b0.050:0.446:occ1
ablate_no_self_mask,stale_memory_trap,2,1003,,1,24,0.01708,0.02268,68,18,17,0.02093,0.02268,0.66176,0.00000,0,0.00000,0.73333,90.00000,0,1.07787,0.15540,0.30000,0.23364,0:-0.091:-0.480:b0.022:0.377:occ0;12:0.008:0.005:b0.063:0.428:occ0;24:0.058:0.383:b0.050:0.463:occ1;36:0.046:0.455:b0.051:0.453:occ1;48:0.037:0.443:b0.017:0.418:occ1;60:0.036:0.437:b0.050:0.448:occ1;72:0.040:0.442:b0.041:0.439:occ1;84:0.044:0.444:b0.032:0.423:occ1;89:0.043:0.442:b0.035:0.438:occ1
ablate_no_branch_belief,stale_memory_trap,2,1003,,1,24,0.05763,0.05718,68,22,14,0.06035,0.05718,0.51471,0.00000,0,0.00000,0.73333,90.00000,0,1.08132,0.10332,0.30000,0.29401,0:-0.090:-0.480:b0.032:0.383:occ0;12:0.023:0.006:b0.047:0.452:occ0;24:0.065:0.392:b0.111:0.467:occ1;36:0.106:0.474:b0.107:0.462:occ1;48:0.106:0.464:b0.104:0.463:occ1;60:0.101:0.462:b0.100:0.462:occ1;72:0.101:0.462:b0.102:0.463:occ1;84:0.102:0.462:b0.102:0.463:occ1;89:0.102:0.462:b0.101:0.462:occ1
ablate_no_contact_update,stale_memory_trap,2,1003,,1,24,0.03547,0.04312,68,18,18,0.02535,0.04312,0.51471,0.00000,0,0.00000,0.73333,90.00000,0,1.07116,0.12852,0.30000,0.22356,0:-0.088:-0.480:b0.092:0.455:occ0;12:0.034:0.002:b0.081:0.427:occ0;24:0.082:0.377:b0.032:0.432:occ1;36:0.044:0.445:b0.048:0.424:occ1;48:0.044:0.428:b0.047:0.427:occ1;60:0.046:0.425:b0.047:0.426:occ1;72:0.046:0.424:b0.047:0.426:occ1;84:0.045:0.423:b0.044:0.422:occ1;89:0.044:0.421:b0.040:0.415:occ1
ablate_no_uncertainty_inflation,stale_memory_trap,2,1003,,1,23,0.00952,0.01227,68,21,25,0.01518,0.01227,0.00000,0.00000,0,0.00000,0.74444,90.00000,0,1.08569,0.06102,0.14000,0.23595,0:-0.090:-0.480:b0.032:0.455:occ0;12:0.014:0.004:b0.018:0.380:occ0;24:0.032:0.395:b0.029:0.469:occ1;36:0.031:0.479:b0.035:0.451:occ1;48:0.036:0.458:b0.041:0.461:occ1;60:0.038:0.453:b0.038:0.453:occ1;72:0.038:0.453:b0.041:0.458:occ1;84:0.039:0.454:b0.037:0.451:occ1;89:0.038:0.454:b0.037:0.451:occ1
ablate_no_identity_filter,stale_memory_trap,2,1003,,1,23,0.01660,0.01931,68,21,21,0.01989,0.01931,0.60294,0.00000,0,0.00000,0.74444,90.00000,0,1.09395,0.14358,0.30000,0.23595,0:-0.090:-0.480:b0.051:0.415:occ0;12:0.029:0.005:b0.073:0.415:occ0;24:0.038:0.397:b0.033:0.468:occ1;36:0.035:0.476:b0.036:0.440:occ1;48:0.040:0.453:b0.042:0.453:occ1;60:0.041:0.449:b0.037:0.441:occ1;72:0.041:0.449:b0.042:0.453:occ1;84:0.042:0.452:b0.042:0.453:occ1;89:0.041:0.450:b0.039:0.445:occ1
ablate_no_reacquisition_guard,stale_memory_trap,2,1003,,1,23,0.02784,0.02625,68,20,17,0.02738,0.02625,0.51471,0.00000,0,0.00000,0.74444,90.00000,0,1.09588,0.12318,0.30000,0.22638,0:-0.089:-0.480:b0.079:0.487:occ0;12:0.040:0.007:b0.072:0.450:occ0;24:0.054:0.389:b0.036:0.464:occ1;36:0.034:0.465:b0.040:0.439:occ1;48:0.035:0.438:b0.036:0.435:occ1;60:0.037:0.436:b0.039:0.441:occ1;72:0.035:0.434:b0.034:0.431:occ1;84:0.036:0.436:b0.040:0.441:occ1;89:0.037:0.438:b0.038:0.440:occ1
ablate_no_tail_risk_objective,stale_memory_trap,2,1003,,1,23,0.06253,0.06167,68,20,20,0.06679,0.06167,0.51471,0.00000,0,0.00000,0.65556,90.00000,0,1.25687,0.10349,0.30000,0.26775,0:-0.089:-0.480:b0.081:0.390:occ0;12:0.020:0.005:b0.015:0.439:occ0;24:0.032:0.416:b0.021:0.507:occ1;36:0.026:0.513:b0.030:0.506:occ1;48:0.031:0.501:b0.026:0.499:occ1;60:0.035:0.499:b0.029:0.498:occ1;72:0.019:0.495:b0.037:0.503:occ1;84:0.029:0.501:b0.026:0.496:occ1;89:0.039:0.503:b0.036:0.501:occ1
ablate_no_false_detection_rejection,stale_memory_trap,2,1003,,1,23,0.03068,0.02172,68,21,14,0.03319,0.02172,0.51471,0.00000,0,0.00000,0.74444,90.00000,0,1.13365,0.12030,0.30000,0.22750,0:-0.089:-0.480:b0.057:0.453:occ0;12:0.036:0.004:b0.023:0.379:occ0;24:0.046:0.390:b0.020:0.462:occ1;36:0.024:0.470:b0.035:0.465:occ1;48:0.034:0.456:b0.040:0.456:occ1;60:0.028:0.445:b-0.045:0.385:occ1;72:0.030:0.446:b0.040:0.455:occ1;84:0.029:0.442:b0.038:0.451:occ1;89:0.033:0.447:b0.039:0.454:occ1
ablate_no_distractor_filter,stale_memory_trap,2,1003,,1,23,0.02309,0.04170,69,20,11,0.05092,0.04170,0.52174,0.00000,0,0.00000,0.74444,90.00000,0,1.15271,0.11558,0.30000,0.25611,0:-0.089:-0.480:b0.084:0.397:occ0;12:0.032:0.007:b0.043:0.476:occ0;24:0.072:0.420:b0.055:0.491:occ1;36:0.063:0.511:b0.062:0.493:occ1;48:0.067:0.498:b0.069:0.496:occ1;60:0.064:0.490:b0.068:0.492:occ1;72:0.061:0.485:b0.045:0.470:occ1;84:0.045:0.473:b0.085:0.506:occ1;89:0.047:0.476:b0.066:0.490:occ1
occlusion_aware_permanence_v4,stale_memory_trap,2,1003,,1,24,0.00994,0.00915,68,20,17,0.01276,0.00915,0.60294,0.00000,0,0.00000,0.73333,90.00000,0,1.07367,0.14873,0.30000,0.23075,0:-0.089:-0.480:b0.058:0.421:occ0;12:0.013:0.002:b0.036:0.363:occ0;24:0.049:0.385:b0.028:0.452:occ1;36:0.038:0.462:b0.041:0.434:occ1;48:0.042:0.443:b0.038:0.434:occ1;60:0.042:0.438:b0.039:0.435:occ1;72:0.041:0.439:b0.045:0.444:occ1;84:0.042:0.439:b0.043:0.441:occ1;89:0.042:0.439:b0.044:0.443:occ1
learned_only_branch,stale_memory_trap,2,1003,,1,23,0.02142,0.02239,68,19,18,0.03068,0.02239,0.20588,0.00000,0,0.00000,0.74444,90.00000,0,1.11141,0.07830,0.22100,0.24277,0:-0.092:-0.480:b-0.035:0.378:occ0;12:0.030:0.006:b0.038:0.426:occ0;24:0.054:0.400:b0.030:0.487:occ1;36:0.030:0.495:b0.035:0.474:occ1;48:0.032:0.476:b0.023:0.465:occ1;60:0.030:0.469:b0.023:0.463:occ1;72:0.032:0.469:b0.036:0.472:occ1;84:0.035:0.471:b0.036:0.472:occ1;89:0.034:0.470:b0.036:0.472:occ1
occlusion_full_v5,stale_memory_trap,3,1000,,1,20,0.06439,0.06588,72,18,21,0.07135,0.06588,0.54167,0.00000,0,0.00000,0.66667,90.00000,0,0.90611,0.10634,0.30000,0.42302,0:0.008:-0.480:b-0.257:0.286:occ0;12:-0.206:-0.017:b-0.218:0.255:occ0;24:-0.211:0.215:b-0.185:0.198:occ1;36:-0.171:0.205:b-0.176:0.189:occ1;48:-0.167:0.197:b-0.180:0.198:occ1;60:-0.174:0.200:b-0.173:0.200:occ1;72:-0.176:0.199:b-0.179:0.197:occ1;84:-0.178:0.198:b-0.181:0.196:occ1;89:-0.177:0.198:b-0.173:0.200:occ1
ablate_no_self_mask,stale_memory_trap,3,1000,,1,19,0.04412,0.04640,73,16,13,0.06407,0.04640,0.68493,0.00000,0,0.00000,0.61111,90.00000,0,0.96297,0.14062,0.30000,0.48047,0:0.009:-0.480:b-0.227:0.290:occ0;12:-0.187:-0.012:b-0.205:0.275:occ0;24:-0.197:0.264:b-0.157:0.273:occ1;36:-0.156:0.283:b-0.157:0.273:occ1;48:-0.158:0.272:b-0.161:0.271:occ1;60:-0.161:0.270:b-0.161:0.271:occ1;72:-0.165:0.267:b-0.156:0.275:occ1;84:-0.166:0.267:b-0.161:0.271:occ1;89:-0.163:0.269:b-0.161:0.271:occ1
ablate_no_branch_belief,stale_memory_trap,3,1000,,1,20,0.02126,0.02151,72,17,12,0.03933,0.02151,0.54167,0.00000,0,0.00000,0.77778,90.00000,0,0.91781,0.12887,0.30000,0.44960,0:0.010:-0.480:b-0.222:0.251:occ0;12:-0.187:-0.018:b-0.185:0.202:occ0;24:-0.202:0.247:b-0.188:0.250:occ1;36:-0.179:0.261:b-0.184:0.250:occ1;48:-0.182:0.251:b-0.186:0.252:occ1;60:-0.191:0.254:b-0.191:0.255:occ1;72:-0.194:0.254:b-0.190:0.255:occ1;84:-0.192:0.254:b-0.190:0.255:occ1;89:-0.191:0.254:b-0.191:0.255:occ1
ablate_no_contact_update,stale_memory_trap,3,1000,,1,19,0.03922,0.03158,73,14,15,0.03816,0.03158,0.54795,0.00000,0,0.00000,0.78889,90.00000,0,0.95863,0.13103,0.30000,0.43599,0:0.010:-0.480:b-0.219:0.234:occ0;12:-0.214:-0.016:b-0.223:0.277:occ0;24:-0.247:0.274:b-0.227:0.281:occ1;36:-0.237:0.291:b-0.232:0.281:occ1;48:-0.240:0.280:b-0.233:0.280:occ1;60:-0.233:0.280:b-0.232:0.281:occ1;72:-0.235:0.280:b-0.244:0.280:occ1;84:-0.239:0.280:b-0.232:0.281:occ1;89:-0.240:0.280:b-0.230:0.280:occ1
ablate_no_uncertainty_inflation,stale_memory_trap,3,1000,,1,19,0.06899,0.06799,73,16,18,0.07498,0.06799,0.00000,0.00000,0,0.00000,0.63333,90.00000,0,0.93504,0.04090,0.14000,0.42663,0:0.012:-0.480:b-0.143:0.203:occ0;12:-0.209:-0.014:b-0.261:0.277:occ0;24:-0.216:0.221:b-0.170:0.203:occ1;36:-0.166:0.204:b-0.165:0.192:occ1;48:-0.166:0.196:b-0.170:0.201:occ1;60:-0.173:0.200:b-0.171:0.202:occ1;72:-0.175:0.200:b-0.176:0.198:occ1;84:-0.174:0.199:b-0.177:0.198:occ1;89:-0.174:0.200:b-0.179:0.198:occ1
ablate_no_identity_filter,stale_memory_trap,3,1000,,0,19,0.09300,0.08902,72,18,20,0.07500,0.08902,0.62500,0.00000,0,0.00000,0.46667,90.00000,0,0.93103,0.11352,0.30000,0.39058,0:0.009:-0.480:b-0.239:0.246:occ0;12:-0.203:-0.017:b-0.211:0.215:occ0;24:-0.282:0.255:b-0.294:0.262:occ1;36:-0.299:0.269:b-0.300:0.259:occ1;48:-0.297:0.263:b-0.291:0.267:occ1;60:-0.297:0.266:b-0.293:0.268:occ1;72:-0.296:0.267:b-0.294:0.267:occ1;84:-0.300:0.267:b-0.294:0.267:occ1;89:-0.299:0.267:b-0.295:0.267:occ1
ablate_no_reacquisition_guard,stale_memory_trap,3,1000,,1,20,0.03555,0.04315,72,14,19,0.03167,0.04315,0.54167,0.00000,0,0.00000,0.77778,90.00000,0,0.93643,0.12965,0.30000,0.41920,0:0.009:-0.480:b-0.232:0.236:occ0;12:-0.215:-0.020:b-0.249:0.254:occ0;24:-0.258:0.253:b-0.251:0.266:occ1;36:-0.249:0.276:b-0.234:0.264:occ1;48:-0.244:0.265:b-0.240:0.263:occ1;60:-0.246:0.263:b-0.250:0.264:occ1;72:-0.249:0.264:b-0.252:0.264:occ1;84:-0.244:0.263:b-0.242:0.263:occ1;89:-0.246:0.263:b-0.253:0.264:occ1
ablate_no_tail_risk_objective,stale_memory_trap,3,1000,,1,19,0.03991,0.03396,72,14,13,0.04427,0.03396,0.54167,0.00000,0,0.00000,0.78889,90.00000,0,1.15091,0.12261,0.30000,0.43523,0:0.009:-0.480:b-0.235:0.198:occ0;12:-0.208:-0.014:b-0.308:0.181:occ0;24:-0.232:0.292:b-0.220:0.286:occ1;36:-0.226:0.278:b-0.223:0.283:occ1;48:-0.232:0.283:b-0.239:0.283:occ1;60:-0.228:0.288:b-0.221:0.286:occ1;72:-0.235:0.280:b-0.219:0.284:occ1;84:-0.227:0.287:b-0.227:0.284:occ1;89:-0.242:0.280:b-0.221:0.283:occ1
ablate_no_false_detection_rejection,stale_memory_trap,3,1000,,0,20,0.09029,0.08900,72,17,12,0.07825,0.08900,0.54167,0.00000,0,0.00000,0.45556,90.00000,0,0.95711,0.09876,0.30000,0.39485,0:0.008:-0.480:b-0.266:0.250:occ0;12:-0.209:-0.021:b-0.254:0.245:occ0;24:-0.289:0.256:b-0.286:0.271:occ1;36:-0.297:0.279:b-0.292:0.274:occ1;48:-0.299:0.272:b-0.310:0.276:occ1;60:-0.298:0.281:b-0.298:0.282:occ1;72:-0.303:0.280:b-0.299:0.283:occ1;84:-0.304:0.277:b-0.299:0.285:occ1;89:-0.305:0.276:b-0.303:0.278:occ1
ablate_no_distractor_filter,stale_memory_trap,3,1000,,1,20,0.04224,0.03850,72,17,15,0.03441,0.03850,0.54167,0.00000,0,0.00000,0.77778,90.00000,0,0.92703,0.12755,0.30000,0.41824,0:0.008:-0.480:b-0.263:0.241:occ0;12:-0.209:-0.014:b-0.205:0.288:occ0;24:-0.255:0.254:b-0.255:0.266:occ1;36:-0.246:0.276:b-0.242:0.265:occ1;48:-0.251:0.266:b-0.259:0.265:occ1;60:-0.249:0.264:b-0.256:0.264:occ1;72:-0.250:0.264:b-0.244:0.263:occ1;84:-0.246:0.263:b-0.246:0.263:occ1;89:-0.248:0.264:b-0.244:0.263:occ1
occlusion_aware_permanence_v4,stale_memory_trap,3,1000,,1,20,0.03913,0.03183,72,15,25,0.03361,0.03183,0.62500,0.00000,0,0.00000,0.77778,90.00000,0,0.92776,0.14266,0.30000,0.41164,0:0.010:-0.480:b-0.222:0.282:occ0;12:-0.202:-0.015:b-0.237:0.252:occ0;24:-0.261:0.251:b-0.250:0.264:occ1;36:-0.257:0.273:b-0.264:0.263:occ1;48:-0.255:0.262:b-0.249:0.262:occ1;60:-0.257:0.262:b-0.265:0.262:occ1;72:-0.261:0.262:b-0.264:0.262:occ1;84:-0.257:0.262:b-0.253:0.261:occ1;89:-0.256:0.262:b-0.248:0.261:occ1
learned_only_branch,stale_memory_trap,3,1000,,0,20,0.09272,0.10130,72,18,20,0.07468,0.10130,0.25000,0.00000,0,0.00000,0.45556,90.00000,0,0.92010,0.05326,0.23300,0.38271,0:0.007:-0.480:b-0.320:0.225:occ0;12:-0.211:-0.018:b-0.271:0.221:occ0;24:-0.284:0.248:b-0.288:0.256:occ1;36:-0.298:0.263:b-0.297:0.253:occ1;48:-0.299:0.256:b-0.296:0.260:occ1;60:-0.298:0.258:b-0.296:0.260:occ1;72:-0.301:0.260:b-0.296:0.260:occ1;84:-0.303:0.259:b-0.296:0.260:occ1;89:-0.302:0.259:b-0.311:0.258:occ1
occlusion_full_v5,stale_memory_trap,3,1001,,1,25,0.03243,0.01890,67,21,21,0.02953,0.01890,0.50746,0.00000,0,0.00000,0.72222,90.00000,0,1.16703,0.11920,0.30000,0.14821,0:-0.071:-0.480:b-0.262:0.466:occ0;12:-0.233:0.008:b-0.284:0.519:occ0;24:-0.277:0.430:b-0.287:0.512:occ1;36:-0.271:0.514:b-0.265:0.494:occ1;48:-0.277:0.501:b-0.260:0.494:occ1;60:-0.283:0.501:b-0.279:0.499:occ1;72:-0.281:0.501:b-0.267:0.495:occ1;84:-0.272:0.496:b-0.261:0.493:occ1;89:-0.276:0.497:b-0.262:0.495:occ1
ablate_no_self_mask,stale_memory_trap,3,1001,,0,24,0.10130,0.10094,67,21,18,0.10058,0.10094,0.67164,0.00000,0,0.00000,0.10000,90.00000,0,1.23932,0.10439,0.30000,0.14018,0:-0.071:-0.480:b-0.261:0.480:occ0;12:-0.234:0.008:b-0.290:0.500:occ0;24:-0.286:0.445:b-0.221:0.575:occ1;36:-0.231:0.593:b-0.237:0.591:occ1;48:-0.228:0.587:b-0.243:0.583:occ1;60:-0.226:0.579:b-0.219:0.578:occ1;72:-0.224:0.579:b-0.217:0.577:occ1;84:-0.222:0.579:b-0.242:0.582:occ1;89:-0.225:0.579:b-0.219:0.578:occ1
ablate_no_branch_belief,stale_memory_trap,3,1001,,1,25,0.03900,0.03615,67,22,16,0.03554,0.03615,0.50746,0.00000,0,0.00000,0.72222,90.00000,0,1.13716,0.11290,0.30000,0.14638,0:-0.072:-0.480:b-0.269:0.483:occ0;12:-0.230:0.007:b-0.288:0.476:occ0;24:-0.281:0.425:b-0.296:0.484:occ1;36:-0.281:0.508:b-0.278:0.492:occ1;48:-0.286:0.496:b-0.296:0.499:occ1;60:-0.284:0.494:b-0.292:0.499:occ1;72:-0.285:0.495:b-0.298:0.505:occ1;84:-0.285:0.496:b-0.283:0.496:occ1;89:-0.283:0.495:b-0.280:0.493:occ1
ablate_no_contact_update,stale_memory_trap,3,1001,,1,26,0.07721,0.07741,67,20,11,0.07587,0.07741,0.50746,0.00000,0,0.00000,0.71111,90.00000,0,1.07843,0.09193,0.30000,0.22053,0:-0.073:-0.480:b-0.308:0.497:occ0;12:-0.253:0.008:b-0.293:0.488:occ0;24:-0.270:0.406:b-0.264:0.407:occ1;36:-0.272:0.438:b-0.266:0.418:occ1;48:-0.270:0.420:b-0.264:0.418:occ1;60:-0.266:0.418:b-0.264:0.418:occ1;72:-0.264:0.418:b-0.265:0.419:occ1;84:-0.268:0.420:b-0.266:0.419:occ1;89:-0.267:0.419:b-0.265:0.418:occ1
ablate_no_uncertainty_inflation,stale_memory_trap,3,1001,,1,25,0.04152,0.04031,67,20,16,0.03844,0.04031,0.00000,0.00000,0,0.00000,0.72222,90.00000,0,1.13638,0.03999,0.14000,0.16753,0:-0.072:-0.480:b-0.267:0.494:occ0;12:-0.228:0.008:b-0.300:0.533:occ0;24:-0.271:0.426:b-0.280:0.464:occ1;36:-0.280:0.494:b-0.270:0.470:occ1;48:-0.278:0.477:b-0.285:0.480:occ1;60:-0.278:0.477:b-0.270:0.473:occ1;72:-0.279:0.479:b-0.268:0.471:occ1;84:-0.274:0.475:b-0.285:0.483:occ1;89:-0.275:0.475:b-0.271:0.473:occ1
ablate_no_identity_filter,stale_memory_trap,3,1001,,1,25,0.03112,0.04260,67,21,19,0.03547,0.04260,0.62687,0.00000,0,0.00000,0.72222,90.00000,0,1.15096,0.13442,0.30000,0.17850,0:-0.070:-0.480:b-0.219:0.498:occ0;12:-0.232:0.008:b-0.304:0.519:occ0;24:-0.277:0.418:b-0.231:0.469:occ1;36:-0.249:0.486:b-0.228:0.465:occ1;48:-0.245:0.474:b-0.230:0.465:occ1;60:-0.250:0.472:b-0.234:0.466:occ1;72:-0.247:0.471:b-0.235:0.466:occ1;84:-0.251:0.473:b-0.284:0.487:occ1;89:-0.255:0.475:b-0.231:0.464:occ1
ablate_no_reacquisition_guard,stale_memory_trap,3,1001,,1,25,0.00992,0.01581,67,22,16,0.02190,0.01581,0.52239,0.00000,0,0.00000,0.72222,90.00000,0,1.17321,0.12757,0.30000,0.18957,0:-0.073:-0.480:b-0.298:0.501:occ0;12:-0.234:0.007:b-0.246:0.447:occ0;24:-0.253:0.425:b-0.217:0.486:occ1;36:-0.236:0.504:b-0.219:0.485:occ1;48:-0.235:0.492:b-0.219:0.484:occ1;60:-0.234:0.488:b-0.225:0.485:occ1;72:-0.232:0.487:b-0.260:0.496:occ1;84:-0.234:0.488:b-0.220:0.483:occ1;89:-0.225:0.485:b-0.220:0.483:occ1
ablate_no_tail_risk_objective,stale_memory_trap,3,1001,,1,25,0.04033,0.04046,67,21,16,0.03913,0.04046,0.52239,0.00000,0,0.00000,0.72222,90.00000,0,1.25786,0.11515,0.30000,0.17744,0:-0.071:-0.480:b-0.251:0.448:occ0;12:-0.231:0.008:b-0.246:0.542:occ0;24:-0.276:0.419:b-0.278:0.465:occ1;36:-0.280:0.467:b-0.294:0.475:occ1;48:-0.267:0.462:b-0.271:0.466:occ1;60:-0.268:0.462:b-0.271:0.465:occ1;72:-0.281:0.475:b-0.266:0.463:occ1;84:-0.269:0.462:b-0.271:0.465:occ1;89:-0.271:0.466:b-0.267:0.463:occ1
ablate_no_false_detection_rejection,stale_memory_trap,3,1001,,1,25,0.02426,0.04250,67,21,21,0.02698,0.04250,0.50746,0.04762,0,0.00000,0.72222,90.00000,0,1.17986,0.12163,0.30000,0.16407,0:-0.070:-0.480:b-0.215:0.493:occ0;12:-0.226:0.008:b-0.274:0.501:occ0;24:-0.266:0.424:b-0.222:0.491:occ1;36:-0.254:0.515:b-0.218:0.481:occ1;48:-0.264:0.510:b-0.263:0.507:occ1;60:-0.247:0.496:b-0.235:0.488:occ1;72:-0.246:0.494:b-0.228:0.483:occ1;84:-0.250:0.497:b-0.259:0.496:occ1;89:-0.251:0.497:b-0.268:0.504:occ1
ablate_no_distractor_filter,stale_memory_trap,3,1001,,1,24,0.01688,0.01549,68,18,23,0.03241,0.01549,0.57353,0.21739,0,0.00000,0.73333,90.00000,0,1.25894,0.13867,0.30000,0.16863,0:-0.070:-0.480:b-0.206:0.465:occ0;12:-0.222:0.008:b-0.209:0.535:occ0;24:-0.298:0.465:b-0.254:0.508:occ1;36:-0.252:0.520:b-0.234:0.490:occ1;48:-0.268:0.517:b-0.227:0.487:occ1;60:-0.267:0.508:b-0.253:0.498:occ1;72:-0.247:0.498:b-0.235:0.491:occ1;84:-0.252:0.499:b-0.237:0.492:occ1;89:-0.245:0.496:b-0.235:0.491:occ1
occlusion_aware_permanence_v4,stale_memory_trap,3,1001,,0,26,0.08810,0.08627,66,22,22,0.08303,0.08627,0.59091,0.00000,0,0.00000,0.22222,90.00000,0,1.11976,0.09826,0.30000,0.18107,0:-0.072:-0.480:b-0.266:0.556:occ0;12:-0.239:0.008:b-0.272:0.504:occ0;24:-0.280:0.412:b-0.346:0.431:occ1;36:-0.311:0.469:b-0.317:0.438:occ1;48:-0.316:0.447:b-0.315:0.453:occ1;60:-0.312:0.445:b-0.312:0.440:occ1;72:-0.312:0.444:b-0.311:0.435:occ1;84:-0.311:0.443:b-0.311:0.441:occ1;89:-0.311:0.445:b-0.311:0.448:occ1
learned_only_branch,stale_memory_trap,3,1001,,1,25,0.00976,0.01866,66,21,11,0.02582,0.01866,0.18182,0.00000,0,0.00000,0.72222,90.00000,0,1.15277,0.07434,0.21500,0.17600,0:-0.072:-0.480:b-0.274:0.448:occ0;12:-0.242:0.008:b-0.246:0.492:occ0;24:-0.271:0.413:b-0.230:0.483:occ1;36:-0.243:0.499:b-0.226:0.481:occ1;48:-0.231:0.486:b-0.226:0.483:occ1;60:-0.235:0.485:b-0.228:0.483:occ1;72:-0.235:0.485:b-0.227:0.483:occ1;84:-0.236:0.486:b-0.228:0.483:occ1;89:-0.242:0.488:b-0.228:0.483:occ1
occlusion_full_v5,stale_memory_trap,3,1002,,1,22,0.07474,0.07506,70,20,15,0.08178,0.07506,0.52857,0.13333,0,0.78889,0.56667,90.00000,0,1.12316,0.10022,0.30000,0.06829,0:0.060:-0.480:b-0.320:0.347:occ0;12:-0.301:-0.002:b-0.395:0.340:occ0;24:-0.348:0.319:b-0.272:0.330:occ1;36:-0.275:0.343:b-0.272:0.333:occ1;48:-0.273:0.335:b-0.273:0.334:occ1;60:-0.276:0.334:b-0.273:0.332:occ1;72:-0.274:0.334:b-0.273:0.334:occ1;84:-0.273:0.334:b-0.273:0.335:occ1;89:-0.273:0.334:b-0.273:0.333:occ1
ablate_no_self_mask,stale_memory_trap,3,1002,,1,23,0.04313,0.03858,70,15,26,0.04892,0.03858,0.67143,0.07692,0,0.78889,0.74444,90.00000,0,1.07602,0.14470,0.30000,0.05191,0:0.060:-0.480:b-0.386:0.344:occ0;12:-0.298:-0.002:b-0.356:0.382:occ0;24:-0.373:0.302:b-0.327:0.309:occ1;36:-0.331:0.315:b-0.322:0.305:occ1;48:-0.327:0.304:b-0.333:0.300:occ1;60:-0.331:0.306:b-0.336:0.305:occ1;72:-0.331:0.307:b-0.336:0.304:occ1;84:-0.332:0.305:b-0.330:0.307:occ1;89:-0.332:0.305:b-0.340:0.308:occ1
ablate_no_branch_belief,stale_memory_trap,3,1002,,1,22,0.00314,0.00242,70,20,15,0.00635,0.00242,0.52857,0.00000,0,0.07778,0.75556,90.00000,0,1.10151,0.14398,0.30000,0.10874,0:0.060:-0.480:b-0.421:0.318:occ0;12:-0.291:-0.000:b-0.307:0.392:occ0;24:-0.381:0.339:b-0.373:0.355:occ1;36:-0.374:0.372:b-0.371:0.356:occ1;48:-0.371:0.356:b-0.370:0.357:occ1;60:-0.369:0.354:b-0.361:0.355:occ1;72:-0.363:0.353:b-0.362:0.352:occ1;84:-0.362:0.353:b-0.363:0.355:occ1;89:-0.363:0.353:b-0.362:0.355:occ1
ablate_no_contact_update,stale_memory_trap,3,1002,,1,22,0.05150,0.04822,70,20,18,0.04436,0.04822,0.52857,0.00000,0,0.14444,0.75556,90.00000,0,1.07757,0.11690,0.30000,0.10474,0:0.060:-0.480:b-0.364:0.318:occ0;12:-0.301:-0.000:b-0.373:0.394:occ0;24:-0.391:0.323:b-0.386:0.328:occ1;36:-0.389:0.339:b-0.387:0.327:occ1;48:-0.386:0.324:b-0.386:0.321:occ1;60:-0.386:0.322:b-0.382:0.322:occ1;72:-0.385:0.322:b-0.384:0.326:occ1;84:-0.384:0.324:b-0.391:0.314:occ1;89:-0.385:0.321:b-0.384:0.325:occ1
ablate_no_uncertainty_inflation,stale_memory_trap,3,1002,,1,22,0.04620,0.05021,70,19,23,0.04487,0.05021,0.00000,0.00000,0,0.78889,0.75556,90.00000,0,1.06210,0.04128,0.14000,0.08379,0:0.060:-0.480:b-0.313:0.392:occ0;12:-0.308:0.000:b-0.397:0.425:occ0;24:-0.383:0.312:b-0.376:0.294:occ1;36:-0.373:0.320:b-0.370:0.311:occ1;48:-0.369:0.307:b-0.368:0.309:occ1;60:-0.369:0.306:b-0.367:0.310:occ1;72:-0.368:0.308:b-0.368:0.304:occ1;84:-0.368:0.309:b-0.367:0.310:occ1;89:-0.368:0.308:b-0.369:0.304:occ1
ablate_no_identity_filter,stale_memory_trap,3,1002,,1,21,0.04303,0.03463,70,20,17,0.04955,0.03463,0.61429,0.00000,0,0.80000,0.76667,90.00000,0,1.11252,0.12997,0.30000,0.06950,0:0.060:-0.480:b-0.361:0.361:occ0;12:-0.291:-0.000:b-0.367:0.355:occ0;24:-0.356:0.338:b-0.300:0.337:occ1;36:-0.309:0.354:b-0.309:0.341:occ1;48:-0.307:0.341:b-0.308:0.341:occ1;60:-0.308:0.339:b-0.306:0.340:occ1;72:-0.306:0.338:b-0.310:0.335:occ1;84:-0.306:0.338:b-0.304:0.338:occ1;89:-0.305:0.338:b-0.314:0.336:occ1
ablate_no_reacquisition_guard,stale_memory_trap,3,1002,,1,21,0.04238,0.04199,70,19,20,0.03705,0.04199,0.54286,0.00000,0,0.04444,0.76667,90.00000,0,1.12317,0.12383,0.30000,0.12746,0:0.060:-0.480:b-0.390:0.378:occ0;12:-0.300:-0.001:b-0.363:0.354:occ0;24:-0.402:0.341:b-0.381:0.365:occ1;36:-0.387:0.380:b-0.383:0.366:occ1;48:-0.384:0.367:b-0.388:0.362:occ1;60:-0.386:0.364:b-0.377:0.366:occ1;72:-0.379:0.365:b-0.378:0.366:occ1;84:-0.379:0.364:b-0.380:0.363:occ1;89:-0.379:0.364:b-0.378:0.366:occ1
ablate_no_tail_risk_objective,stale_memory_trap,3,1002,,1,21,0.01201,0.01215,70,18,12,0.01287,0.01215,0.54286,0.00000,0,0.45556,0.76667,90.00000,0,1.28360,0.14361,0.30000,0.09851,0:0.060:-0.480:b-0.402:0.324:occ0;12:-0.301:-0.004:b-0.331:0.310:occ0;24:-0.383:0.356:b-0.358:0.354:occ1;36:-0.361:0.340:b-0.360:0.349:occ1;48:-0.360:0.347:b-0.359:0.348:occ1;60:-0.354:0.351:b-0.350:0.346:occ1;72:-0.352:0.347:b-0.354:0.345:occ1;84:-0.354:0.349:b-0.354:0.349:occ1;89:-0.352:0.349:b-0.353:0.349:occ1
ablate_no_false_detection_rejection,stale_memory_trap,3,1002,,1,22,0.03112,0.02134,70,20,15,0.02259,0.02134,0.52857,0.00000,0,0.64444,0.75556,90.00000,0,1.08700,0.13124,0.30000,0.09086,0:0.060:-0.480:b-0.387:0.309:occ0;12:-0.300:-0.004:b-0.348:0.319:occ0;24:-0.381:0.329:b-0.351:0.300:occ1;36:-0.365:0.348:b-0.364:0.339:occ1;48:-0.361:0.336:b-0.343:0.334:occ1;60:-0.362:0.336:b-0.361:0.337:occ1;72:-0.361:0.334:b-0.361:0.337:occ1;84:-0.361:0.330:b-0.358:0.333:occ1;89:-0.362:0.330:b-0.361:0.339:occ1
ablate_no_distractor_filter,stale_memory_trap,3,1002,,1,22,0.04375,0.04347,70,18,30,0.03799,0.04347,0.52857,0.03333,0,0.26667,0.75556,90.00000,0,1.13161,0.12390,0.30000,0.11642,0:0.060:-0.480:b-0.392:0.357:occ0;12:-0.317:-0.005:b-0.327:0.320:occ0;24:-0.405:0.319:b-0.379:0.349:occ1;36:-0.375:0.346:b-0.391:0.342:occ1;48:-0.369:0.327:b-0.379:0.318:occ1;60:-0.377:0.328:b-0.378:0.334:occ1;72:-0.383:0.340:b-0.382:0.333:occ1;84:-0.384:0.341:b-0.384:0.344:occ1;89:-0.384:0.343:b-0.385:0.345:occ1
occlusion_aware_permanence_v4,stale_memory_trap,3,1002,,1,22,0.07388,0.07395,70,19,18,0.06951,0.07395,0.61429,0.00000,0,0.04444,0.61111,90.00000,0,1.12039,0.11700,0.30000,0.15576,0:0.060:-0.480:b-0.310:0.294:occ0;12:-0.306:0.000:b-0.308:0.372:occ0;24:-0.401:0.345:b-0.403:0.379:occ1;36:-0.411:0.398:b-0.408:0.388:occ1;48:-0.408:0.391:b-0.407:0.389:occ1;60:-0.406:0.388:b-0.398:0.385:occ1;72:-0.399:0.385:b-0.398:0.384:occ1;84:-0.398:0.385:b-0.398:0.385:occ1;89:-0.398:0.385:b-0.399:0.384:occ1
learned_only_branch,stale_memory_trap,3,1002,,1,23,0.06256,0.06268,70,18,19,0.05944,0.06268,0.22857,0.00000,0,0.63333,0.74444,90.00000,0,1.05435,0.06018,0.22700,0.10008,0:0.060:-0.480:b-0.397:0.311:occ0;12:-0.305:-0.004:b-0.366:0.385:occ0;24:-0.388:0.305:b-0.389:0.301:occ1;36:-0.392:0.316:b-0.389:0.303:occ1;48:-0.389:0.301:b-0.388:0.303:occ1;60:-0.389:0.302:b-0.387:0.306:occ1;72:-0.388:0.305:b-0.387:0.306:occ1;84:-0.387:0.306:b-0.387:0.306:occ1;89:-0.387:0.306:b-0.387:0.306:occ1
occlusion_full_v5,stale_memory_trap,3,1003,,1,25,0.01028,0.01044,67,23,15,0.01859,0.01044,0.50746,0.00000,0,0.00000,0.72222,90.00000,0,1.14669,0.12817,0.30000,0.13854,0:-0.081:-0.480:b-0.306:0.440:occ0;12:-0.326:0.007:b-0.348:0.463:occ0;24:-0.378:0.419:b-0.418:0.479:occ1;36:-0.403:0.489:b-0.402:0.472:occ1;48:-0.402:0.475:b-0.395:0.480:occ1;60:-0.396:0.477:b-0.395:0.476:occ1;72:-0.394:0.476:b-0.395:0.475:occ1;84:-0.394:0.476:b-0.394:0.475:occ1;89:-0.394:0.475:b-0.395:0.476:occ1
ablate_no_self_mask,stale_memory_trap,3,1003,,1,25,0.04834,0.04782,67,20,14,0.05909,0.04782,0.65672,0.00000,0,0.61111,0.72222,90.00000,0,1.18000,0.12783,0.30000,0.09721,0:-0.083:-0.480:b-0.387:0.488:occ0;12:-0.329:0.007:b-0.302:0.472:occ0;24:-0.375:0.415:b-0.446:0.472:occ1;36:-0.436:0.488:b-0.440:0.468:occ1;48:-0.443:0.470:b-0.436:0.469:occ1;60:-0.438:0.470:b-0.437:0.468:occ1;72:-0.437:0.471:b-0.435:0.473:occ1;84:-0.436:0.472:b-0.436:0.468:occ1;89:-0.436:0.471:b-0.436:0.469:occ1
ablate_no_branch_belief,stale_memory_trap,3,1003,,1,25,0.06492,0.07049,67,22,18,0.05460,0.07049,0.50746,0.00000,0,0.00000,0.72222,90.00000,0,1.15957,0.09998,0.30000,0.19312,0:-0.083:-0.480:b-0.367:0.484:occ0;12:-0.332:0.007:b-0.380:0.450:occ0;24:-0.370:0.418:b-0.327:0.459:occ1;36:-0.341:0.487:b-0.345:0.471:occ1;48:-0.339:0.472:b-0.339:0.472:occ1;60:-0.341:0.472:b-0.343:0.471:occ1;72:-0.336:0.471:b-0.334:0.471:occ1;84:-0.338:0.472:b-0.341:0.471:occ1;89:-0.340:0.471:b-0.334:0.470:occ1
ablate_no_contact_update,stale_memory_trap,3,1003,,1,25,0.07896,0.07905,67,19,15,0.07095,0.07905,0.50746,0.00000,0,0.00000,0.72222,90.00000,0,1.10189,0.09412,0.30000,0.19973,0:-0.083:-0.480:b-0.421:0.554:occ0;12:-0.321:0.008:b-0.392:0.483:occ0;24:-0.369:0.402:b-0.332:0.399:occ1;36:-0.353:0.437:b-0.354:0.421:occ1;48:-0.351:0.423:b-0.346:0.436:occ1;60:-0.346:0.423:b-0.345:0.426:occ1;72:-0.345:0.419:b-0.345:0.416:occ1;84:-0.345:0.417:b-0.345:0.417:occ1;89:-0.345:0.417:b-0.345:0.417:occ1
ablate_no_uncertainty_inflation,stale_memory_trap,3,1003,,1,24,0.06491,0.07364,67,22,23,0.05700,0.07364,0.00000,0.00000,0,0.00000,0.73333,90.00000,0,1.15974,0.02898,0.14000,0.20307,0:-0.082:-0.480:b-0.331:0.490:occ0;12:-0.320:0.006:b-0.364:0.431:occ0;24:-0.380:0.423:b-0.322:0.472:occ1;36:-0.335:0.486:b-0.324:0.463:occ1;48:-0.331:0.471:b-0.329:0.468:occ1;60:-0.330:0.470:b-0.338:0.472:occ1;72:-0.330:0.469:b-0.331:0.470:occ1;84:-0.329:0.469:b-0.326:0.468:occ1;89:-0.330:0.470:b-0.321:0.466:occ1
ablate_no_identity_filter,stale_memory_trap,3,1003,,1,25,0.01633,0.01623,67,20,17,0.01857,0.01623,0.59701,0.00000,0,0.00000,0.72222,90.00000,0,1.14841,0.14188,0.30000,0.15868,0:-0.083:-0.480:b-0.369:0.477:occ0;12:-0.348:0.008:b-0.284:0.487:occ0;24:-0.376:0.418:b-0.390:0.466:occ1;36:-0.384:0.480:b-0.381:0.464:occ1;48:-0.383:0.466:b-0.378:0.468:occ1;60:-0.376:0.467:b-0.375:0.466:occ1;72:-0.375:0.465:b-0.375:0.466:occ1;84:-0.375:0.465:b-0.374:0.466:occ1;89:-0.375:0.466:b-0.376:0.466:occ1
ablate_no_reacquisition_guard,stale_memory_trap,3,1003,,1,25,0.00791,0.01055,67,22,22,0.01445,0.01055,0.50746,0.00000,0,0.00000,0.72222,90.00000,0,1.13637,0.12947,0.30000,0.15182,0:-0.081:-0.480:b-0.305:0.501:occ0;12:-0.316:0.008:b-0.368:0.508:occ0;24:-0.374:0.412:b-0.393:0.484:occ1;36:-0.389:0.485:b-0.390:0.469:occ1;48:-0.387:0.473:b-0.380:0.475:occ1;60:-0.382:0.473:b-0.379:0.474:occ1;72:-0.382:0.471:b-0.383:0.471:occ1;84:-0.382:0.471:b-0.381:0.472:occ1;89:-0.381:0.472:b-0.384:0.471:occ1
ablate_no_tail_risk_objective,stale_memory_trap,3,1003,,1,25,0.05587,0.05442,67,22,16,0.05834,0.05442,0.50746,0.00000,0,0.58889,0.72222,90.00000,0,1.31833,0.10173,0.30000,0.09116,0:-0.082:-0.480:b-0.351:0.490:occ0;12:-0.329:0.007:b-0.354:0.465:occ0;24:-0.386:0.415:b-0.440:0.470:occ1;36:-0.438:0.466:b-0.430:0.462:occ1;48:-0.443:0.475:b-0.440:0.471:occ1;60:-0.440:0.468:b-0.439:0.469:occ1;72:-0.435:0.471:b-0.438:0.467:occ1;84:-0.434:0.467:b-0.437:0.466:occ1;89:-0.443:0.468:b-0.442:0.468:occ1
ablate_no_false_detection_rejection,stale_memory_trap,3,1003,,1,24,0.03683,0.03295,67,20,15,0.04003,0.03295,0.50746,0.00000,0,0.00000,0.73333,90.00000,0,1.18965,0.11238,0.30000,0.13920,0:-0.083:-0.480:b-0.449:0.515:occ0;12:-0.335:0.008:b-0.328:0.484:occ0;24:-0.365:0.424:b-0.398:0.504:occ1;36:-0.399:0.512:b-0.392:0.498:occ1;48:-0.391:0.501:b-0.387:0.502:occ1;60:-0.395:0.499:b-0.414:0.504:occ1;72:-0.398:0.500:b-0.410:0.495:occ1;84:-0.397:0.501:b-0.387:0.499:occ1;89:-0.394:0.501:b-0.386:0.498:occ1
ablate_no_distractor_filter,stale_memory_trap,3,1003,,1,25,0.03540,0.03915,67,21,18,0.04824,0.03915,0.50746,0.00000,0,0.00000,0.72222,90.00000,0,1.16744,0.11529,0.30000,0.15456,0:-0.082:-0.480:b-0.342:0.485:occ0;12:-0.343:0.008:b-0.350:0.532:occ0;24:-0.371:0.413:b-0.421:0.414:occ1;36:-0.399:0.438:b-0.440:0.471:occ1;48:-0.413:0.427:b-0.389:0.411:occ1;60:-0.412:0.428:b-0.399:0.428:occ1;72:-0.397:0.423:b-0.388:0.415:occ1;84:-0.393:0.417:b-0.387:0.417:occ1;89:-0.394:0.417:b-0.386:0.414:occ1
occlusion_aware_permanence_v4,stale_memory_trap,3,1003,,1,25,0.02798,0.02751,67,21,17,0.03203,0.02751,0.59701,0.00000,0,0.00000,0.72222,90.00000,0,1.17105,0.13431,0.30000,0.14116,0:-0.083:-0.480:b-0.411:0.497:occ0;12:-0.338:0.008:b-0.370:0.501:occ0;24:-0.391:0.423:b-0.405:0.501:occ1;36:-0.396:0.515:b-0.397:0.498:occ1;48:-0.391:0.504:b-0.392:0.503:occ1;60:-0.390:0.503:b-0.388:0.503:occ1;72:-0.391:0.501:b-0.388:0.503:occ1;84:-0.391:0.501:b-0.395:0.496:occ1;89:-0.392:0.500:b-0.394:0.498:occ1
learned_only_branch,stale_memory_trap,3,1003,,1,24,0.04549,0.04299,67,23,17,0.03797,0.04299,0.19403,0.00000,0,0.00000,0.73333,90.00000,0,1.14682,0.06743,0.21800,0.19481,0:-0.083:-0.480:b-0.391:0.415:occ0;12:-0.316:0.007:b-0.367:0.470:occ0;24:-0.365:0.421:b-0.335:0.479:occ1;36:-0.342:0.494:b-0.337:0.478:occ1;48:-0.340:0.482:b-0.347:0.480:occ1;60:-0.338:0.480:b-0.335:0.479:occ1;72:-0.340:0.480:b-0.348:0.480:occ1;84:-0.338:0.479:b-0.335:0.479:occ1;89:-0.338:0.479:b-0.346:0.488:occ1
occlusion_full_v5,stale_memory_trap,4,1000,,1,19,0.06772,0.07037,73,17,14,0.06880,0.07037,0.54795,0.00000,0,0.00000,0.78889,90.00000,0,0.87294,0.10929,0.30000,0.14430,0:0.043:-0.480:b-0.297:0.213:occ0;12:-0.246:-0.027:b-0.315:0.165:occ0;24:-0.313:0.161:b-0.302:0.123:occ1;36:-0.300:0.130:b-0.293:0.123:occ1;48:-0.297:0.123:b-0.297:0.127:occ1;60:-0.300:0.125:b-0.297:0.126:occ1;72:-0.300:0.125:b-0.305:0.121:occ1;84:-0.300:0.126:b-0.302:0.129:occ1;89:-0.301:0.128:b-0.306:0.127:occ1
ablate_no_self_mask,stale_memory_trap,4,1000,,1,18,0.01884,0.03432,73,16,27,0.03114,0.03432,0.68493,0.00000,0,0.00000,0.80000,90.00000,0,0.94579,0.16104,0.30000,0.18641,0:0.043:-0.480:b-0.300:0.198:occ0;12:-0.253:-0.028:b-0.311:0.184:occ0;24:-0.290:0.208:b-0.264:0.201:occ1;36:-0.263:0.208:b-0.267:0.202:occ1;48:-0.265:0.198:b-0.245:0.204:occ1;60:-0.263:0.202:b-0.254:0.202:occ1;72:-0.253:0.203:b-0.244:0.204:occ1;84:-0.257:0.203:b-0.245:0.203:occ1;89:-0.258:0.203:b-0.242:0.203:occ1
ablate_no_branch_belief,stale_memory_trap,4,1000,,1,18,0.01714,0.01360,73,14,19,0.02232,0.01360,0.54795,0.00000,0,0.00000,0.80000,90.00000,0,0.93681,0.14164,0.30000,0.16814,0:0.043:-0.480:b-0.288:0.159:occ0;12:-0.258:-0.028:b-0.332:0.198:occ0;24:-0.303:0.212:b-0.288:0.213:occ1;36:-0.281:0.218:b-0.284:0.211:occ1;48:-0.275:0.210:b-0.285:0.218:occ1;60:-0.280:0.215:b-0.274:0.215:occ1;72:-0.282:0.216:b-0.272:0.211:occ1;84:-0.281:0.216:b-0.273:0.211:occ1;89:-0.280:0.215:b-0.274:0.212:occ1
ablate_no_contact_update,stale_memory_trap,4,1000,,1,21,0.06228,0.06140,73,15,14,0.06742,0.06140,0.57534,0.00000,0,0.00000,0.76667,90.00000,0,0.86322,0.11750,0.30000,0.15023,0:0.043:-0.480:b-0.285:0.215:occ0;12:-0.259:-0.024:b-0.368:0.195:occ0;24:-0.328:0.138:b-0.299:0.120:occ1;36:-0.304:0.125:b-0.293:0.120:occ1;48:-0.296:0.120:b-0.296:0.121:occ1;60:-0.300:0.120:b-0.295:0.120:occ1;72:-0.301:0.119:b-0.295:0.120:occ1;84:-0.298:0.119:b-0.296:0.120:occ1;89:-0.297:0.120:b-0.296:0.121:occ1
ablate_no_uncertainty_inflation,stale_memory_trap,4,1000,,1,18,0.02631,0.02796,73,15,18,0.04152,0.02796,0.00000,0.00000,0,0.00000,0.80000,90.00000,0,0.94201,0.05394,0.14000,0.19834,0:0.043:-0.480:b-0.317:0.260:occ0;12:-0.251:-0.025:b-0.265:0.188:occ0;24:-0.271:0.220:b-0.243:0.207:occ1;36:-0.246:0.218:b-0.242:0.208:occ1;48:-0.245:0.210:b-0.251:0.213:occ1;60:-0.249:0.214:b-0.242:0.206:occ1;72:-0.246:0.211:b-0.244:0.208:occ1;84:-0.247:0.210:b-0.251:0.212:occ1;89:-0.247:0.210:b-0.245:0.209:occ1
ablate_no_identity_filter,stale_memory_trap,4,1000,,0,18,0.09642,0.09520,73,16,17,0.08331,0.09520,0.63014,0.35294,0,0.76667,0.34444,90.00000,0,0.94079,0.11102,0.30000,0.08292,0:0.043:-0.480:b-0.302:0.159:occ0;12:-0.266:-0.024:b-0.312:0.210:occ0;24:-0.362:0.207:b-0.385:0.193:occ1;36:-0.373:0.210:b-0.367:0.202:occ1;48:-0.368:0.198:b-0.377:0.190:occ1;60:-0.369:0.196:b-0.363:0.203:occ1;72:-0.366:0.204:b-0.375:0.206:occ1;84:-0.366:0.202:b-0.364:0.201:occ1;89:-0.366:0.201:b-0.365:0.202:occ1
ablate_no_reacquisition_guard,stale_memory_trap,4,1000,,0,19,0.09750,0.10548,73,16,20,0.08298,0.10548,0.54795,0.00000,0,0.76667,0.35556,90.00000,0,0.95084,0.09785,0.30000,0.09840,0:0.043:-0.480:b-0.289:0.184:occ0;12:-0.258:-0.030:b-0.317:0.102:occ0;24:-0.363:0.219:b-0.366:0.230:occ1;36:-0.369:0.234:b-0.361:0.224:occ1;48:-0.361:0.221:b-0.366:0.218:occ1;60:-0.362:0.223:b-0.364:0.222:occ1;72:-0.364:0.223:b-0.360:0.227:occ1;84:-0.364:0.222:b-0.360:0.227:occ1;89:-0.363:0.225:b-0.362:0.240:occ1
ablate_no_tail_risk_objective,stale_memory_trap,4,1000,,1,18,0.03848,0.03573,73,15,18,0.03759,0.03573,0.54795,0.00000,0,0.00000,0.80000,90.00000,0,1.12770,0.12849,0.30000,0.16958,0:0.043:-0.480:b-0.340:0.212:occ0;12:-0.256:-0.026:b-0.274:0.173:occ0;24:-0.291:0.240:b-0.287:0.222:occ1;36:-0.283:0.215:b-0.276:0.220:occ1;48:-0.285:0.221:b-0.287:0.222:occ1;60:-0.285:0.237:b-0.278:0.223:occ1;72:-0.278:0.227:b-0.280:0.224:occ1;84:-0.288:0.222:b-0.304:0.230:occ1;89:-0.283:0.227:b-0.282:0.224:occ1
ablate_no_false_detection_rejection,stale_memory_trap,4,1000,,1,18,0.02282,0.02227,73,17,18,0.03351,0.02227,0.54795,0.05556,0,0.00000,0.80000,90.00000,0,1.00738,0.13251,0.30000,0.17444,0:0.043:-0.480:b-0.306:0.149:occ0;12:-0.264:-0.026:b-0.315:0.199:occ0;24:-0.305:0.216:b-0.263:0.213:occ1;36:-0.277:0.217:b-0.336:0.198:occ1;48:-0.280:0.208:b-0.289:0.209:occ1;60:-0.290:0.206:b-0.266:0.214:occ1;72:-0.302:0.208:b-0.272:0.214:occ1;84:-0.278:0.212:b-0.271:0.211:occ1;89:-0.272:0.212:b-0.271:0.212:occ1
ablate_no_distractor_filter,stale_memory_trap,4,1000,,1,18,0.01887,0.02318,73,17,12,0.03513,0.02318,0.54795,0.00000,0,0.00000,0.80000,90.00000,0,0.94815,0.13217,0.30000,0.17858,0:0.043:-0.480:b-0.344:0.188:occ0;12:-0.254:-0.024:b-0.328:0.190:occ0;24:-0.284:0.205:b-0.252:0.199:occ1;36:-0.263:0.206:b-0.304:0.186:occ1;48:-0.262:0.199:b-0.250:0.200:occ1;60:-0.258:0.200:b-0.299:0.194:occ1;72:-0.269:0.198:b-0.264:0.196:occ1;84:-0.271:0.199:b-0.257:0.199:occ1;89:-0.265:0.199:b-0.257:0.200:occ1
occlusion_aware_permanence_v4,stale_memory_trap,4,1000,,1,18,0.01706,0.01351,73,15,17,0.02642,0.01351,0.64384,0.00000,0,0.00000,0.80000,90.00000,0,0.95674,0.15667,0.30000,0.16940,0:0.043:-0.480:b-0.355:0.179:occ0;12:-0.269:-0.022:b-0.273:0.251:occ0;24:-0.304:0.222:b-0.282:0.221:occ1;36:-0.281:0.227:b-0.274:0.216:occ1;48:-0.276:0.219:b-0.276:0.221:occ1;60:-0.284:0.226:b-0.275:0.223:occ1;72:-0.287:0.226:b-0.287:0.227:occ1;84:-0.282:0.223:b-0.286:0.225:occ1;89:-0.281:0.223:b-0.275:0.220:occ1
learned_only_branch,stale_memory_trap,4,1000,,1,18,0.04248,0.03586,73,16,20,0.03703,0.03586,0.26027,0.00000,0,0.00000,0.80000,90.00000,0,0.94438,0.07962,0.23600,0.14920,0:0.043:-0.480:b-0.301:0.216:occ0;12:-0.259:-0.028:b-0.236:0.195:occ0;24:-0.315:0.226:b-0.299:0.220:occ1;36:-0.304:0.228:b-0.298:0.217:occ1;48:-0.303:0.221:b-0.298:0.222:occ1;60:-0.306:0.227:b-0.298:0.225:occ1;72:-0.304:0.227:b-0.298:0.224:occ1;84:-0.303:0.226:b-0.320:0.233:occ1;89:-0.305:0.227:b-0.298:0.224:occ1
occlusion_full_v5,stale_memory_trap,4,1001,,1,23,0.04198,0.04358,68,19,18,0.03946,0.04358,0.51471,0.00000,0,0.00000,0.74444,90.00000,0,1.10762,0.11577,0.30000,0.16763,0:0.037:-0.480:b0.214:0.478:occ0;12:0.196:0.005:b0.235:0.404:occ0;24:0.250:0.415:b0.264:0.464:occ1;36:0.256:0.484:b0.256:0.467:occ1;48:0.261:0.469:b0.264:0.467:occ1;60:0.264:0.465:b0.265:0.465:occ1;72:0.263:0.464:b0.264:0.464:occ1;84:0.263:0.464:b0.265:0.464:occ1;89:0.262:0.465:b0.264:0.465:occ1
ablate_no_self_mask,stale_memory_trap,4,1001,,1,24,0.07514,0.06492,67,18,17,0.08453,0.06492,0.65672,0.00000,0,0.00000,0.41111,90.00000,0,1.20574,0.12201,0.30000,0.16197,0:0.038:-0.480:b0.248:0.402:occ0;12:0.190:0.007:b0.268:0.467:occ0;24:0.224:0.399:b0.231:0.574:occ1;36:0.220:0.561:b0.217:0.554:occ1;48:0.212:0.549:b0.210:0.536:occ1;60:0.213:0.540:b0.220:0.551:occ1;72:0.217:0.546:b0.219:0.550:occ1;84:0.214:0.540:b0.216:0.544:occ1;89:0.214:0.540:b0.207:0.527:occ1
ablate_no_branch_belief,stale_memory_trap,4,1001,,1,24,0.01811,0.01923,68,19,16,0.01675,0.01923,0.52941,0.00000,0,0.00000,0.73333,90.00000,0,1.09477,0.13502,0.30000,0.14823,0:0.038:-0.480:b0.237:0.462:occ0;12:0.208:0.006:b0.282:0.435:occ0;24:0.244:0.398:b0.248:0.475:occ1;36:0.241:0.475:b0.242:0.463:occ1;48:0.240:0.466:b0.240:0.464:occ1;60:0.240:0.465:b0.241:0.462:occ1;72:0.243:0.462:b0.242:0.462:occ1;84:0.242:0.463:b0.244:0.462:occ1;89:0.242:0.462:b0.243:0.462:occ1
ablate_no_contact_update,stale_memory_trap,4,1001,,1,24,0.04939,0.05181,68,20,25,0.04364,0.05181,0.51471,0.00000,0,0.12222,0.73333,90.00000,0,1.06794,0.11098,0.30000,0.10382,0:0.038:-0.480:b0.234:0.384:occ0;12:0.201:0.006:b0.234:0.421:occ0;24:0.227:0.398:b0.212:0.425:occ1;36:0.210:0.446:b0.206:0.436:occ1;48:0.205:0.435:b0.207:0.431:occ1;60:0.206:0.431:b0.204:0.428:occ1;72:0.204:0.429:b0.204:0.428:occ1;84:0.203:0.431:b0.198:0.442:occ1;89:0.202:0.432:b0.205:0.428:occ1
ablate_no_uncertainty_inflation,stale_memory_trap,4,1001,,1,24,0.02121,0.02827,68,18,17,0.02143,0.02827,0.00000,0.05882,0,0.00000,0.73333,90.00000,0,1.09425,0.05541,0.14000,0.15232,0:0.039:-0.480:b0.266:0.438:occ0;12:0.213:0.007:b0.256:0.465:occ0;24:0.242:0.392:b0.252:0.460:occ1;36:0.246:0.469:b0.244:0.459:occ1;48:0.250:0.459:b0.252:0.456:occ1;60:0.250:0.456:b0.245:0.457:occ1;72:0.252:0.455:b0.250:0.456:occ1;84:0.246:0.460:b0.252:0.456:occ1;89:0.247:0.459:b0.254:0.456:occ1
ablate_no_identity_filter,stale_memory_trap,4,1001,,1,23,0.03027,0.03264,68,19,19,0.02602,0.03264,0.60294,0.00000,0,0.00000,0.74444,90.00000,0,1.10325,0.13795,0.30000,0.16090,0:0.038:-0.480:b0.240:0.407:occ0;12:0.209:0.007:b0.189:0.453:occ0;24:0.253:0.411:b0.245:0.459:occ1;36:0.252:0.476:b0.244:0.467:occ1;48:0.254:0.462:b0.258:0.458:occ1;60:0.258:0.457:b0.258:0.457:occ1;72:0.255:0.457:b0.247:0.460:occ1;84:0.256:0.458:b0.259:0.457:occ1;89:0.257:0.457:b0.259:0.457:occ1
ablate_no_reacquisition_guard,stale_memory_trap,4,1001,,1,24,0.02858,0.03391,68,22,26,0.02721,0.03391,0.51471,0.00000,0,0.00000,0.73333,90.00000,0,1.13409,0.12277,0.30000,0.16025,0:0.038:-0.480:b0.224:0.418:occ0;12:0.237:0.007:b0.259:0.462:occ0;24:0.258:0.404:b0.252:0.465:occ1;36:0.253:0.480:b0.259:0.459:occ1;48:0.249:0.470:b0.260:0.461:occ1;60:0.255:0.462:b0.260:0.460:occ1;72:0.255:0.463:b0.247:0.466:occ1;84:0.251:0.468:b0.259:0.459:occ1;89:0.255:0.463:b0.259:0.458:occ1
ablate_no_tail_risk_objective,stale_memory_trap,4,1001,,1,24,0.03340,0.02017,68,17,21,0.02715,0.02017,0.51471,0.04762,0,0.00000,0.73333,90.00000,0,1.22792,0.12368,0.30000,0.16136,0:0.039:-0.480:b0.269:0.461:occ0;12:0.207:0.006:b0.176:0.457:occ0;24:0.246:0.410:b0.257:0.461:occ1;36:0.250:0.466:b0.255:0.461:occ1;48:0.251:0.460:b0.248:0.460:occ1;60:0.254:0.461:b0.256:0.461:occ1;72:0.247:0.461:b0.261:0.459:occ1;84:0.242:0.462:b0.254:0.459:occ1;89:0.257:0.459:b0.244:0.462:occ1
ablate_no_false_detection_rejection,stale_memory_trap,4,1001,,1,24,0.05544,0.03728,68,21,27,0.04802,0.03728,0.51471,0.18519,0,0.58889,0.73333,90.00000,0,1.11222,0.11002,0.30000,0.08664,0:0.039:-0.480:b0.267:0.443:occ0;12:0.196:0.006:b0.218:0.433:occ0;24:0.230:0.394:b0.206:0.436:occ1;36:0.197:0.452:b0.151:0.422:occ1;48:0.188:0.443:b0.141:0.425:occ1;60:0.194:0.440:b0.189:0.436:occ1;72:0.190:0.439:b0.189:0.436:occ1;84:0.186:0.438:b0.192:0.433:occ1;89:0.185:0.438:b0.205:0.444:occ1
ablate_no_distractor_filter,stale_memory_trap,4,1001,,1,24,0.01685,0.01979,68,19,17,0.01913,0.01979,0.51471,0.00000,0,0.00000,0.73333,90.00000,0,1.13477,0.12865,0.30000,0.15556,0:0.039:-0.480:b0.271:0.441:occ0;12:0.225:0.007:b0.248:0.445:occ0;24:0.265:0.403:b0.256:0.462:occ1;36:0.242:0.470:b0.243:0.475:occ1;48:0.246:0.462:b0.229:0.452:occ1;60:0.242:0.454:b0.260:0.460:occ1;72:0.247:0.455:b0.249:0.457:occ1;84:0.246:0.456:b0.253:0.458:occ1;89:0.251:0.458:b0.254:0.458:occ1
occlusion_aware_permanence_v4,stale_memory_trap,4,1001,,1,24,0.03078,0.03155,68,19,20,0.02890,0.03155,0.60294,0.00000,0,0.00000,0.73333,90.00000,0,1.07373,0.13655,0.30000,0.11039,0:0.038:-0.480:b0.239:0.498:occ0;12:0.216:0.007:b0.221:0.452:occ0;24:0.226:0.396:b0.211:0.440:occ1;36:0.210:0.454:b0.210:0.443:occ1;48:0.207:0.442:b0.202:0.448:occ1;60:0.207:0.439:b0.205:0.440:occ1;72:0.207:0.439:b0.208:0.437:occ1;84:0.208:0.438:b0.208:0.439:occ1;89:0.208:0.438:b0.208:0.437:occ1
learned_only_branch,stale_memory_trap,4,1001,,1,24,0.03441,0.03466,68,21,13,0.02872,0.03466,0.20588,0.00000,0,0.00000,0.73333,90.00000,0,1.07926,0.07560,0.22100,0.13868,0:0.039:-0.480:b0.274:0.412:occ0;12:0.218:0.005:b0.213:0.406:occ0;24:0.245:0.395:b0.223:0.463:occ1;36:0.237:0.453:b0.238:0.437:occ1;48:0.237:0.438:b0.239:0.436:occ1;60:0.237:0.435:b0.236:0.435:occ1;72:0.237:0.435:b0.238:0.434:occ1;84:0.236:0.436:b0.238:0.434:occ1;89:0.237:0.435:b0.236:0.435:occ1
occlusion_full_v5,stale_memory_trap,4,1002,,0,22,0.09773,0.09915,69,20,17,0.09715,0.09915,0.52174,0.00000,0,0.00000,0.10000,90.00000,0,1.07659,0.08799,0.30000,0.24746,0:-0.005:-0.480:b-0.071:0.346:occ0;12:-0.042:0.002:b-0.074:0.402:occ0;24:-0.043:0.384:b-0.014:0.465:occ1;36:-0.010:0.478:b-0.007:0.463:occ1;48:-0.004:0.465:b-0.005:0.461:occ1;60:-0.007:0.463:b-0.008:0.465:occ1;72:-0.007:0.463:b-0.004:0.460:occ1;84:-0.008:0.464:b-0.011:0.465:occ1;89:-0.009:0.464:b-0.010:0.467:occ1
ablate_no_self_mask,stale_memory_trap,4,1002,,1,23,0.02683,0.02779,69,21,14,0.03434,0.02779,0.66667,0.00000,0,0.00000,0.74444,90.00000,0,0.99279,0.14868,0.30000,0.21455,0:-0.005:-0.480:b-0.075:0.363:occ0;12:-0.067:0.004:b-0.121:0.427:occ0;24:-0.066:0.340:b-0.045:0.319:occ1;36:-0.058:0.350:b-0.047:0.329:occ1;48:-0.057:0.337:b-0.062:0.343:occ1;60:-0.062:0.341:b-0.057:0.338:occ1;72:-0.062:0.342:b-0.051:0.334:occ1;84:-0.052:0.335:b-0.051:0.334:occ1;89:-0.052:0.335:b-0.050:0.334:occ1
ablate_no_branch_belief,stale_memory_trap,4,1002,,1,23,0.07301,0.04165,69,20,13,0.08367,0.04165,0.52174,0.00000,0,0.00000,0.44444,90.00000,0,1.00972,0.09660,0.30000,0.26259,0:-0.005:-0.480:b-0.078:0.423:occ0;12:-0.064:0.004:b-0.076:0.389:occ0;24:-0.047:0.337:b0.000:0.321:occ1;36:-0.001:0.336:b0.003:0.315:occ1;48:0.003:0.315:b0.002:0.314:occ1;60:-0.002:0.318:b-0.000:0.321:occ1;72:-0.001:0.319:b0.001:0.316:occ1;84:-0.002:0.321:b-0.006:0.324:occ1;89:-0.004:0.324:b-0.024:0.350:occ1
ablate_no_contact_update,stale_memory_trap,4,1002,,1,22,0.02105,0.02623,69,17,15,0.02964,0.02623,0.53623,0.00000,0,0.00000,0.75556,90.00000,0,0.99716,0.13205,0.30000,0.22724,0:-0.006:-0.480:b-0.102:0.466:occ0;12:-0.033:0.001:b-0.051:0.334:occ0;24:-0.063:0.357:b-0.018:0.360:occ1;36:-0.030:0.377:b-0.023:0.361:occ1;48:-0.025:0.364:b-0.025:0.362:occ1;60:-0.027:0.365:b-0.025:0.363:occ1;72:-0.028:0.367:b-0.030:0.370:occ1;84:-0.028:0.367:b-0.025:0.363:occ1;89:-0.029:0.367:b-0.024:0.363:occ1
ablate_no_uncertainty_inflation,stale_memory_trap,4,1002,,1,22,0.01890,0.02670,69,21,27,0.03260,0.02670,0.00000,0.00000,0,0.00000,0.75556,90.00000,0,0.99815,0.05519,0.14000,0.23413,0:-0.005:-0.480:b-0.067:0.364:occ0;12:-0.057:0.004:b-0.080:0.414:occ0;24:-0.054:0.355:b-0.026:0.345:occ1;36:-0.023:0.357:b-0.029:0.337:occ1;48:-0.024:0.345:b-0.034:0.362:occ1;60:-0.026:0.346:b-0.019:0.337:occ1;72:-0.026:0.344:b-0.025:0.344:occ1;84:-0.027:0.347:b-0.028:0.344:occ1;89:-0.027:0.346:b-0.021:0.341:occ1
ablate_no_identity_filter,stale_memory_trap,4,1002,,1,23,0.05075,0.05199,68,20,17,0.04242,0.05199,0.60294,0.05882,0,0.00000,0.74444,90.00000,0,0.99779,0.12800,0.30000,0.16583,0:-0.008:-0.480:b-0.178:0.415:occ0;12:-0.063:0.004:b-0.072:0.394:occ0;24:-0.079:0.346:b-0.092:0.394:occ1;36:-0.084:0.410:b-0.082:0.400:occ1;48:-0.083:0.401:b-0.082:0.404:occ1;60:-0.085:0.399:b-0.089:0.396:occ1;72:-0.087:0.399:b-0.091:0.391:occ1;84:-0.087:0.397:b-0.082:0.406:occ1;89:-0.086:0.399:b-0.084:0.402:occ1
ablate_no_reacquisition_guard,stale_memory_trap,4,1002,,1,22,0.02946,0.03215,69,20,18,0.02646,0.03215,0.52174,0.00000,0,0.00000,0.75556,90.00000,0,1.01769,0.12582,0.30000,0.17437,0:-0.004:-0.480:b-0.045:0.384:occ0;12:-0.057:0.006:b-0.029:0.473:occ0;24:-0.065:0.376:b-0.081:0.396:occ1;36:-0.074:0.417:b-0.078:0.396:occ1;48:-0.076:0.402:b-0.074:0.405:occ1;60:-0.075:0.403:b-0.083:0.400:occ1;72:-0.079:0.400:b-0.080:0.396:occ1;84:-0.078:0.402:b-0.083:0.390:occ1;89:-0.077:0.402:b-0.074:0.406:occ1
ablate_no_tail_risk_objective,stale_memory_trap,4,1002,,1,22,0.02120,0.01593,69,18,17,0.01327,0.01593,0.53623,0.00000,0,0.00000,0.75556,90.00000,0,1.14479,0.13714,0.30000,0.19681,0:-0.005:-0.480:b-0.081:0.354:occ0;12:-0.047:0.006:b-0.085:0.462:occ0;24:-0.058:0.373:b-0.056:0.389:occ1;36:-0.062:0.381:b-0.060:0.387:occ1;48:-0.056:0.386:b-0.075:0.380:occ1;60:-0.056:0.381:b-0.057:0.386:occ1;72:-0.056:0.379:b-0.063:0.378:occ1;84:-0.057:0.381:b-0.064:0.385:occ1;89:-0.055:0.391:b-0.058:0.386:occ1
ablate_no_false_detection_rejection,stale_memory_trap,4,1002,,1,22,0.06405,0.05827,69,19,12,0.04805,0.05827,0.52174,0.00000,0,0.00000,0.75556,90.00000,0,1.03099,0.10932,0.30000,0.14275,0:-0.005:-0.480:b-0.067:0.392:occ0;12:-0.048:0.002:b-0.039:0.411:occ0;24:-0.079:0.364:b-0.088:0.388:occ1;36:-0.099:0.404:b-0.117:0.396:occ1;48:-0.101:0.392:b-0.084:0.390:occ1;60:-0.095:0.391:b-0.088:0.390:occ1;72:-0.094:0.392:b-0.121:0.400:occ1;84:-0.104:0.397:b-0.091:0.390:occ1;89:-0.109:0.397:b-0.102:0.398:occ1
ablate_no_distractor_filter,stale_memory_trap,4,1002,,1,22,0.05540,0.11505,69,19,21,0.04838,0.11505,0.52174,0.04762,0,0.00000,0.75556,90.00000,0,1.05945,0.11066,0.30000,0.15076,0:-0.002:-0.480:b0.008:0.359:occ0;12:-0.057:0.005:b-0.046:0.523:occ0;24:-0.072:0.370:b-0.100:0.410:occ1;36:-0.096:0.417:b-0.099:0.388:occ1;48:-0.096:0.403:b-0.083:0.402:occ1;60:-0.098:0.402:b-0.085:0.404:occ1;72:-0.094:0.403:b-0.121:0.407:occ1;84:-0.089:0.404:b-0.078:0.403:occ1;89:-0.100:0.405:b-0.170:0.403:occ1
occlusion_aware_permanence_v4,stale_memory_trap,4,1002,,1,23,0.05477,0.05551,69,19,18,0.04824,0.05551,0.60870,0.00000,0,0.00000,0.74444,90.00000,0,1.02052,0.12481,0.30000,0.18701,0:-0.004:-0.480:b-0.049:0.374:occ0;12:-0.060:0.002:b-0.046:0.386:occ0;24:-0.063:0.369:b-0.060:0.419:occ1;36:-0.064:0.435:b-0.059:0.422:occ1;48:-0.065:0.426:b-0.059:0.422:occ1;60:-0.064:0.423:b-0.069:0.420:occ1;72:-0.065:0.422:b-0.067:0.425:occ1;84:-0.064:0.422:b-0.062:0.422:occ1;89:-0.064:0.422:b-0.068:0.423:occ1
learned_only_branch,stale_memory_trap,4,1002,,1,23,0.05972,0.05924,69,20,22,0.05347,0.05924,0.21739,0.00000,0,0.00000,0.74444,90.00000,0,1.01396,0.05890,0.22400,0.14907,0:-0.006:-0.480:b-0.106:0.353:occ0;12:-0.050:0.004:b-0.002:0.423:occ0;24:-0.074:0.357:b-0.094:0.402:occ1;36:-0.099:0.413:b-0.096:0.402:occ1;48:-0.099:0.404:b-0.096:0.404:occ1;60:-0.103:0.399:b-0.097:0.404:occ1;72:-0.107:0.401:b-0.113:0.403:occ1;84:-0.104:0.401:b-0.098:0.404:occ1;89:-0.102:0.401:b-0.098:0.404:occ1
occlusion_full_v5,stale_memory_trap,4,1003,,1,21,0.06843,0.06719,71,16,21,0.07302,0.06719,0.53521,0.00000,0,0.57778,0.76667,90.00000,0,0.98395,0.10337,0.30000,0.09728,0:0.071:-0.480:b-0.068:0.325:occ0;12:-0.112:-0.011:b-0.120:0.276:occ0;24:-0.107:0.295:b-0.054:0.292:occ1;36:-0.051:0.304:b-0.053:0.293:occ1;48:-0.049:0.293:b-0.049:0.292:occ1;60:-0.051:0.293:b-0.052:0.288:occ1;72:-0.052:0.291:b-0.051:0.290:occ1;84:-0.051:0.291:b-0.051:0.295:occ1;89:-0.051:0.292:b-0.051:0.295:occ1
ablate_no_self_mask,stale_memory_trap,4,1003,,1,20,0.05691,0.05880,71,17,20,0.07316,0.05880,0.67606,0.00000,0,0.00000,0.57778,90.00000,0,1.03844,0.12832,0.30000,0.16954,0:0.071:-0.480:b-0.077:0.315:occ0;12:-0.117:-0.006:b-0.149:0.325:occ0;24:-0.106:0.329:b-0.064:0.363:occ1;36:-0.064:0.383:b-0.062:0.362:occ1;48:-0.065:0.368:b-0.072:0.381:occ1;60:-0.069:0.369:b-0.070:0.367:occ1;72:-0.068:0.370:b-0.070:0.376:occ1;84:-0.069:0.369:b-0.067:0.368:occ1;89:-0.070:0.372:b-0.071:0.376:occ1
ablate_no_branch_belief,stale_memory_trap,4,1003,,1,20,0.06141,0.05989,71,17,22,0.05374,0.05989,0.53521,0.00000,0,0.00000,0.77778,90.00000,0,0.91866,0.11265,0.30000,0.15840,0:0.070:-0.480:b-0.103:0.315:occ0;12:-0.108:-0.007:b-0.123:0.313:occ0;24:-0.132:0.281:b-0.124:0.264:occ1;36:-0.125:0.273:b-0.123:0.264:occ1;48:-0.123:0.262:b-0.123:0.261:occ1;60:-0.126:0.262:b-0.130:0.264:occ1;72:-0.129:0.263:b-0.129:0.263:occ1;84:-0.130:0.263:b-0.129:0.262:occ1;89:-0.130:0.264:b-0.130:0.266:occ1
ablate_no_contact_update,stale_memory_trap,4,1003,,1,21,0.04043,0.04082,71,18,14,0.03409,0.04082,0.53521,0.00000,0,0.00000,0.76667,90.00000,0,0.92958,0.12503,0.30000,0.14308,0:0.069:-0.480:b-0.140:0.357:occ0;12:-0.100:-0.009:b-0.230:0.263:occ0;24:-0.127:0.288:b-0.107:0.284:occ1;36:-0.108:0.296:b-0.108:0.286:occ1;48:-0.106:0.285:b-0.107:0.285:occ1;60:-0.108:0.284:b-0.108:0.284:occ1;72:-0.108:0.284:b-0.108:0.284:occ1;84:-0.108:0.285:b-0.108:0.284:occ1;89:-0.108:0.284:b-0.108:0.284:occ1
ablate_no_uncertainty_inflation,stale_memory_trap,4,1003,,1,20,0.05084,0.05311,71,15,16,0.05729,0.05311,0.00000,0.00000,0,0.26667,0.77778,90.00000,0,0.96913,0.04166,0.14000,0.10745,0:0.069:-0.480:b-0.142:0.291:occ0;12:-0.107:-0.008:b-0.068:0.259:occ0;24:-0.106:0.296:b-0.065:0.289:occ1;36:-0.065:0.305:b-0.067:0.287:occ1;48:-0.063:0.293:b-0.062:0.287:occ1;60:-0.062:0.289:b-0.062:0.289:occ1;72:-0.063:0.288:b-0.062:0.289:occ1;84:-0.065:0.292:b-0.063:0.287:occ1;89:-0.064:0.291:b-0.063:0.288:occ1
ablate_no_identity_filter,stale_memory_trap,4,1003,,1,21,0.05313,0.05314,71,18,16,0.06428,0.05314,0.61972,0.00000,0,0.61111,0.76667,90.00000,0,0.96205,0.12630,0.30000,0.09090,0:0.068:-0.480:b-0.152:0.268:occ0;12:-0.095:-0.005:b-0.102:0.301:occ0;24:-0.104:0.283:b-0.055:0.280:occ1;36:-0.053:0.292:b-0.053:0.283:occ1;48:-0.050:0.283:b-0.050:0.280:occ1;60:-0.052:0.280:b-0.054:0.280:occ1;72:-0.054:0.283:b-0.050:0.284:occ1;84:-0.052:0.281:b-0.052:0.280:occ1;89:-0.052:0.280:b-0.052:0.280:occ1
ablate_no_reacquisition_guard,stale_memory_trap,4,1003,,1,21,0.07702,0.07659,71,19,17,0.08135,0.07659,0.53521,0.00000,0,0.56667,0.46667,90.00000,0,0.97759,0.09754,0.30000,0.09570,0:0.069:-0.480:b-0.130:0.304:occ0;12:-0.106:-0.010:b-0.098:0.298:occ0;24:-0.093:0.299:b-0.051:0.315:occ1;36:-0.046:0.313:b-0.047:0.301:occ1;48:-0.044:0.300:b-0.041:0.298:occ1;60:-0.044:0.297:b-0.045:0.297:occ1;72:-0.045:0.296:b-0.045:0.297:occ1;84:-0.045:0.297:b-0.045:0.296:occ1;89:-0.045:0.297:b-0.045:0.297:occ1
ablate_no_tail_risk_objective,stale_memory_trap,4,1003,,1,21,0.05113,0.05535,71,18,22,0.03926,0.05535,0.53521,0.00000,0,0.00000,0.76667,90.00000,0,1.05720,0.12235,0.30000,0.16802,0:0.068:-0.480:b-0.159:0.325:occ0;12:-0.109:-0.010:b-0.172:0.284:occ0;24:-0.132:0.297:b-0.128:0.282:occ1;36:-0.127:0.279:b-0.129:0.281:occ1;48:-0.123:0.279:b-0.125:0.286:occ1;60:-0.130:0.282:b-0.129:0.282:occ1;72:-0.129:0.284:b-0.130:0.282:occ1;84:-0.128:0.278:b-0.128:0.282:occ1;89:-0.133:0.288:b-0.131:0.279:occ1
ablate_no_false_detection_rejection,stale_memory_trap,4,1003,,1,21,0.04881,0.05829,71,17,16,0.03805,0.05829,0.53521,0.00000,0,0.00000,0.76667,90.00000,0,0.95568,0.12208,0.30000,0.15775,0:0.070:-0.480:b-0.109:0.310:occ0;12:-0.094:-0.007:b-0.171:0.274:occ0;24:-0.136:0.287:b-0.129:0.280:occ1;36:-0.123:0.291:b-0.130:0.285:occ1;48:-0.116:0.277:b-0.135:0.287:occ1;60:-0.122:0.275:b-0.129:0.278:occ1;72:-0.117:0.275:b-0.120:0.276:occ1;84:-0.128:0.279:b-0.130:0.279:occ1;89:-0.126:0.277:b-0.119:0.264:occ1
ablate_no_distractor_filter,stale_memory_trap,4,1003,,1,21,0.02928,0.02726,71,17,22,0.02468,0.02726,0.53521,0.00000,0,0.00000,0.76667,90.00000,0,0.99450,0.13351,0.30000,0.16568,0:0.068:-0.480:b-0.145:0.329:occ0;12:-0.105:-0.007:b-0.036:0.229:occ0;24:-0.135:0.294:b-0.121:0.296:occ1;36:-0.129:0.311:b-0.130:0.303:occ1;48:-0.115:0.296:b-0.101:0.288:occ1;60:-0.124:0.297:b-0.132:0.301:occ1;72:-0.113:0.290:b-0.122:0.293:occ1;84:-0.123:0.295:b-0.134:0.300:occ1;89:-0.127:0.297:b-0.134:0.302:occ1
occlusion_aware_permanence_v4,stale_memory_trap,4,1003,,1,21,0.06552,0.06700,71,17,20,0.05736,0.06700,0.61972,0.00000,0,0.00000,0.76667,90.00000,0,0.90801,0.12501,0.30000,0.16093,0:0.070:-0.480:b-0.095:0.331:occ0;12:-0.095:-0.005:b-0.102:0.282:occ0;24:-0.126:0.274:b-0.127:0.256:occ1;36:-0.129:0.268:b-0.127:0.258:occ1;48:-0.128:0.257:b-0.127:0.256:occ1;60:-0.130:0.258:b-0.133:0.257:occ1;72:-0.133:0.258:b-0.133:0.257:occ1;84:-0.133:0.258:b-0.135:0.267:occ1;89:-0.133:0.259:b-0.133:0.257:occ1
learned_only_branch,stale_memory_trap,4,1003,,1,22,0.04308,0.04382,70,18,21,0.04090,0.04382,0.22857,0.00000,0,0.00000,0.75556,90.00000,0,0.91750,0.07197,0.22700,0.13832,0:0.070:-0.480:b-0.105:0.290:occ0;12:-0.109:-0.006:b-0.142:0.309:occ0;24:-0.127:0.269:b-0.107:0.266:occ1;36:-0.108:0.280:b-0.106:0.270:occ1;48:-0.104:0.270:b-0.105:0.269:occ1;60:-0.106:0.270:b-0.108:0.271:occ1;72:-0.109:0.273:b-0.107:0.270:occ1;84:-0.108:0.271:b-0.107:0.270:occ1;89:-0.107:0.271:b-0.107:0.270:occ1
occlusion_full_v5,stale_memory_trap,5,1000,,1,17,0.02031,0.02031,75,10,21,0.01813,0.02031,0.58667,0.00000,0,0.71111,0.81111,90.00000,0,0.72132,0.15597,0.30000,0.09722,0:-0.054:-0.480:b-0.084:0.150:occ0;12:-0.056:-0.045:b-0.058:0.075:occ0;24:-0.066:0.114:b-0.069:0.099:occ1;36:-0.056:0.108:b-0.053:0.102:occ1;48:-0.057:0.103:b-0.056:0.106:occ1;60:-0.058:0.105:b-0.056:0.106:occ1;72:-0.066:0.105:b-0.069:0.100:occ1;84:-0.063:0.104:b-0.057:0.106:occ1;89:-0.063:0.106:b-0.063:0.104:occ1
ablate_no_self_mask,stale_memory_trap,5,1000,,1,17,0.04340,0.03359,75,13,17,0.05292,0.03359,0.69333,0.00000,0,0.00000,0.81111,90.00000,0,0.69908,0.15197,0.30000,0.13875,0:-0.052:-0.480:b-0.017:0.043:occ0;12:-0.049:-0.047:b-0.068:0.096:occ0;24:-0.033:0.077:b-0.024:0.044:occ1;36:-0.028:0.052:b-0.038:0.061:occ1;48:-0.030:0.051:b-0.026:0.049:occ1;60:-0.029:0.050:b-0.047:0.059:occ1;72:-0.033:0.054:b-0.038:0.060:occ1;84:-0.033:0.055:b-0.034:0.052:occ1;89:-0.033:0.055:b-0.049:0.065:occ1
ablate_no_branch_belief,stale_memory_trap,5,1000,,1,17,0.02823,0.03236,75,12,18,0.03577,0.03236,0.56000,0.00000,0,0.00000,0.81111,90.00000,0,0.72526,0.13814,0.30000,0.15626,0:-0.053:-0.480:b-0.039:0.103:occ0;12:-0.048:-0.050:b0.009:0.133:occ0;24:-0.014:0.109:b-0.001:0.085:occ1;36:-0.003:0.089:b-0.010:0.084:occ1;48:-0.004:0.086:b-0.001:0.089:occ1;60:-0.010:0.088:b0.000:0.089:occ1;72:-0.005:0.089:b0.001:0.090:occ1;84:-0.006:0.087:b0.000:0.090:occ1;89:-0.006:0.087:b-0.001:0.089:occ1
ablate_no_contact_update,stale_memory_trap,5,1000,,1,16,0.03865,0.04045,76,11,18,0.03089,0.04045,0.56579,0.00000,0,0.64444,0.82222,90.00000,0,0.74178,0.14085,0.30000,0.10134,0:-0.053:-0.480:b-0.050:0.094:occ0;12:-0.038:-0.039:b-0.029:0.155:occ0;24:-0.053:0.132:b-0.054:0.119:occ1;36:-0.060:0.118:b-0.068:0.108:occ1;48:-0.060:0.114:b-0.076:0.101:occ1;60:-0.060:0.113:b-0.054:0.116:occ1;72:-0.057:0.117:b-0.069:0.112:occ1;84:-0.058:0.114:b-0.054:0.115:occ1;89:-0.059:0.113:b-0.064:0.111:occ1
ablate_no_uncertainty_inflation,stale_memory_trap,5,1000,,1,18,0.05726,0.05994,75,10,17,0.05754,0.05994,0.00000,0.00000,0,0.00000,0.80000,90.00000,0,0.72700,0.04684,0.14000,0.17533,0:-0.053:-0.480:b-0.054:0.078:occ0;12:-0.002:-0.048:b-0.056:0.082:occ0;24:0.014:0.123:b0.017:0.109:occ1;36:0.015:0.117:b0.018:0.111:occ1;48:0.015:0.109:b0.009:0.104:occ1;60:0.011:0.107:b0.014:0.109:occ1;72:0.014:0.110:b0.017:0.112:occ1;84:0.016:0.111:b0.016:0.111:occ1;89:0.015:0.111:b0.018:0.111:occ1
ablate_no_identity_filter,stale_memory_trap,5,1000,,1,16,0.04749,0.04906,75,14,24,0.04656,0.04906,0.64000,0.00000,0,0.00000,0.82222,90.00000,0,0.77098,0.14300,0.30000,0.13912,0:-0.054:-0.480:b-0.067:0.105:occ0;12:-0.054:-0.047:b-0.040:0.125:occ0;24:-0.026:0.155:b-0.027:0.152:occ1;36:-0.023:0.149:b-0.038:0.135:occ1;48:-0.022:0.140:b-0.032:0.137:occ1;60:-0.027:0.138:b-0.044:0.132:occ1;72:-0.028:0.141:b-0.027:0.151:occ1;84:-0.027:0.140:b-0.028:0.138:occ1;89:-0.024:0.140:b-0.018:0.138:occ1
ablate_no_reacquisition_guard,stale_memory_trap,5,1000,,1,17,0.04349,0.03944,75,13,28,0.05040,0.03944,0.56000,0.03571,0,0.00000,0.81111,90.00000,0,0.73449,0.12789,0.30000,0.16795,0:-0.054:-0.480:b-0.068:0.096:occ0;12:-0.051:-0.049:b-0.115:0.108:occ0;24:-0.005:0.104:b0.020:0.091:occ1;36:0.013:0.092:b0.001:0.095:occ1;48:0.005:0.084:b0.002:0.084:occ1;60:0.006:0.086:b0.011:0.088:occ1;72:0.006:0.087:b0.013:0.089:occ1;84:0.006:0.089:b0.005:0.085:occ1;89:0.006:0.088:b0.002:0.084:occ1
ablate_no_tail_risk_objective,stale_memory_trap,5,1000,,1,16,0.03116,0.03189,75,13,21,0.04067,0.03189,0.56000,0.00000,0,0.00000,0.82222,90.00000,0,0.92825,0.13455,0.30000,0.14978,0:-0.052:-0.480:b-0.003:0.064:occ0;12:-0.050:-0.049:b0.011:0.140:occ0;24:0.006:0.113:b0.004:0.090:occ1;36:-0.008:0.095:b0.001:0.093:occ1;48:-0.013:0.089:b-0.001:0.094:occ1;60:0.001:0.083:b0.003:0.090:occ1;72:-0.002:0.086:b-0.002:0.088:occ1;84:-0.007:0.087:b-0.003:0.089:occ1;89:-0.012:0.090:b-0.011:0.094:occ1
ablate_no_false_detection_rejection,stale_memory_trap,5,1000,,1,16,0.01984,0.02457,75,14,21,0.02363,0.02457,0.57333,0.00000,0,0.00000,0.82222,90.00000,0,0.75267,0.14886,0.30000,0.11936,0:-0.056:-0.480:b-0.148:0.091:occ0;12:-0.067:-0.044:b-0.039:0.103:occ0;24:-0.035:0.117:b-0.031:0.100:occ1;36:-0.040:0.105:b-0.029:0.099:occ1;48:-0.047:0.102:b-0.055:0.104:occ1;60:-0.046:0.102:b-0.057:0.101:occ1;72:-0.044:0.102:b-0.054:0.108:occ1;84:-0.038:0.101:b-0.032:0.099:occ1;89:-0.041:0.100:b-0.063:0.102:occ1
ablate_no_distractor_filter,stale_memory_trap,5,1000,,1,16,0.05683,0.04606,75,15,19,0.05026,0.04606,0.56000,0.00000,0,0.00000,0.82222,90.00000,0,0.80786,0.12379,0.30000,0.12885,0:-0.051:-0.480:b0.014:0.151:occ0;12:-0.030:-0.043:b-0.018:0.163:occ0;24:-0.030:0.157:b-0.023:0.150:occ1;36:-0.035:0.148:b-0.022:0.142:occ1;48:-0.034:0.137:b-0.021:0.141:occ1;60:-0.039:0.138:b-0.058:0.136:occ1;72:-0.041:0.139:b-0.025:0.150:occ1;84:-0.032:0.148:b-0.041:0.135:occ1;89:-0.035:0.144:b-0.047:0.135:occ1
occlusion_aware_permanence_v4,stale_memory_trap,5,1000,,1,16,0.01897,0.03439,75,14,18,0.01418,0.03439,0.64000,0.00000,0,0.07778,0.82222,90.00000,0,0.72615,0.16756,0.30000,0.09950,0:-0.053:-0.480:b-0.035:0.077:occ0;12:-0.043:-0.044:b-0.044:0.151:occ0;24:-0.048:0.117:b-0.059:0.099:occ1;36:-0.053:0.104:b-0.063:0.094:occ1;48:-0.054:0.097:b-0.051:0.098:occ1;60:-0.051:0.099:b-0.061:0.097:occ1;72:-0.053:0.099:b-0.049:0.100:occ1;84:-0.059:0.096:b-0.048:0.100:occ1;89:-0.062:0.095:b-0.077:0.090:occ1
learned_only_branch,stale_memory_trap,5,1000,,1,16,0.02300,0.03315,76,12,20,0.02218,0.03315,0.28947,0.00000,0,0.66667,0.82222,90.00000,0,0.74770,0.09720,0.24500,0.09964,0:-0.055:-0.480:b-0.108:0.106:occ0;12:-0.056:-0.038:b-0.058:0.125:occ0;24:-0.056:0.137:b-0.056:0.124:occ1;36:-0.060:0.125:b-0.055:0.119:occ1;48:-0.062:0.116:b-0.077:0.108:occ1;60:-0.059:0.120:b-0.056:0.120:occ1;72:-0.062:0.121:b-0.056:0.119:occ1;84:-0.061:0.119:b-0.076:0.134:occ1;89:-0.061:0.120:b-0.078:0.112:occ1
occlusion_full_v5,stale_memory_trap,5,1001,,1,18,0.03859,0.04413,74,14,21,0.04767,0.04413,0.55405,0.00000,0,0.00000,0.80000,90.00000,0,0.80731,0.12808,0.30000,0.29600,0:0.087:-0.480:b0.095:0.150:occ0;12:0.122:-0.031:b0.082:0.135:occ0;24:0.086:0.154:b0.053:0.157:occ1;36:0.064:0.153:b0.085:0.132:occ1;48:0.074:0.141:b0.079:0.138:occ1;60:0.078:0.137:b0.072:0.142:occ1;72:0.066:0.147:b0.063:0.150:occ1;84:0.077:0.138:b0.082:0.133:occ1;89:0.075:0.140:b0.064:0.150:occ1
ablate_no_self_mask,stale_memory_trap,5,1001,,1,17,0.03331,0.04565,74,15,26,0.05217,0.04565,0.68919,0.00000,0,0.00000,0.81111,90.00000,0,0.83556,0.15061,0.30000,0.30075,0:0.088:-0.480:b0.122:0.111:occ0;12:0.133:-0.033:b0.161:0.154:occ0;24:0.083:0.171:b0.051:0.156:occ1;36:0.051:0.160:b0.051:0.156:occ1;48:0.056:0.153:b0.056:0.156:occ1;60:0.066:0.148:b0.075:0.128:occ1;72:0.065:0.147:b0.057:0.155:occ1;84:0.070:0.143:b0.074:0.130:occ1;89:0.070:0.142:b0.056:0.156:occ1
ablate_no_branch_belief,stale_memory_trap,5,1001,,1,18,0.05983,0.05312,74,14,26,0.06936,0.05312,0.55405,0.00000,0,0.00000,0.72222,90.00000,0,0.84309,0.11943,0.30000,0.31734,0:0.087:-0.480:b0.088:0.110:occ0;12:0.123:-0.041:b0.162:0.190:occ0;24:0.067:0.168:b0.029:0.168:occ1;36:0.043:0.161:b0.033:0.163:occ1;48:0.055:0.145:b0.029:0.165:occ1;60:0.047:0.150:b0.054:0.145:occ1;72:0.051:0.147:b0.059:0.141:occ1;84:0.049:0.149:b0.052:0.147:occ1;89:0.051:0.147:b0.061:0.140:occ1
ablate_no_contact_update,stale_memory_trap,5,1001,,1,17,0.01217,0.01462,74,16,13,0.02236,0.01462,0.55405,0.00000,0,0.00000,0.81111,90.00000,0,0.80222,0.14545,0.30000,0.31452,0:0.086:-0.480:b0.070:0.171:occ0;12:0.122:-0.037:b0.155:0.117:occ0;24:0.109:0.192:b0.106:0.174:occ1;36:0.097:0.186:b0.096:0.181:occ1;48:0.096:0.180:b0.105:0.174:occ1;60:0.101:0.177:b0.095:0.182:occ1;72:0.099:0.178:b0.105:0.174:occ1;84:0.102:0.177:b0.097:0.180:occ1;89:0.100:0.178:b0.095:0.182:occ1
ablate_no_uncertainty_inflation,stale_memory_trap,5,1001,,1,18,0.04524,0.03993,74,12,17,0.05109,0.03993,0.00000,0.00000,0,0.00000,0.80000,90.00000,0,0.81442,0.05180,0.14000,0.31072,0:0.091:-0.480:b0.218:0.150:occ0;12:0.135:-0.036:b0.171:0.206:occ0;24:0.073:0.172:b0.057:0.165:occ1;36:0.071:0.161:b0.082:0.149:occ1;48:0.073:0.154:b0.066:0.157:occ1;60:0.071:0.154:b0.078:0.148:occ1;72:0.069:0.155:b0.063:0.159:occ1;84:0.069:0.155:b0.084:0.145:occ1;89:0.070:0.154:b0.077:0.150:occ1
ablate_no_identity_filter,stale_memory_trap,5,1001,,1,18,0.06594,0.06532,74,13,24,0.06310,0.06532,0.63514,0.00000,0,0.00000,0.80000,90.00000,0,0.75146,0.12827,0.30000,0.23329,0:0.086:-0.480:b0.062:0.144:occ0;12:0.128:-0.034:b0.206:0.189:occ0;24:0.156:0.140:b0.160:0.118:occ1;36:0.161:0.123:b0.162:0.118:occ1;48:0.162:0.112:b0.159:0.110:occ1;60:0.154:0.111:b0.148:0.111:occ1;72:0.149:0.112:b0.153:0.113:occ1;84:0.150:0.112:b0.151:0.112:occ1;89:0.150:0.112:b0.149:0.111:occ1
ablate_no_reacquisition_guard,stale_memory_trap,5,1001,,1,18,0.05438,0.05117,74,15,12,0.04615,0.05117,0.55405,0.00000,0,0.00000,0.80000,90.00000,0,0.75257,0.12451,0.30000,0.25852,0:0.087:-0.480:b0.104:0.119:occ0;12:0.124:-0.040:b0.119:0.079:occ0;24:0.144:0.153:b0.147:0.139:occ1;36:0.150:0.146:b0.148:0.140:occ1;48:0.151:0.136:b0.150:0.135:occ1;60:0.147:0.137:b0.143:0.138:occ1;72:0.145:0.138:b0.147:0.138:occ1;84:0.146:0.138:b0.144:0.138:occ1;89:0.146:0.138:b0.143:0.138:occ1
ablate_no_tail_risk_objective,stale_memory_trap,5,1001,,1,18,0.07025,0.07053,74,15,18,0.06323,0.07053,0.55405,0.00000,0,0.00000,0.73333,90.00000,0,0.91883,0.11082,0.30000,0.27809,0:0.089:-0.480:b0.163:0.113:occ0;12:0.134:-0.034:b0.134:0.169:occ0;24:0.178:0.186:b0.173:0.162:occ1;36:0.165:0.166:b0.165:0.163:occ1;48:0.165:0.163:b0.172:0.161:occ1;60:0.164:0.163:b0.165:0.163:occ1;72:0.169:0.164:b0.179:0.162:occ1;84:0.169:0.160:b0.164:0.163:occ1;89:0.163:0.166:b0.164:0.163:occ1
ablate_no_false_detection_rejection,stale_memory_trap,5,1001,,1,18,0.01701,0.11282,74,15,18,0.03860,0.11282,0.55405,0.00000,0,0.00000,0.80000,90.00000,0,0.82756,0.13443,0.30000,0.28597,0:0.088:-0.480:b0.124:0.174:occ0;12:0.119:-0.034:b0.158:0.191:occ0;24:0.091:0.164:b0.089:0.141:occ1;36:0.075:0.156:b0.067:0.159:occ1;48:0.073:0.153:b0.072:0.156:occ1;60:0.074:0.152:b0.071:0.156:occ1;72:0.089:0.136:b0.118:0.113:occ1;84:0.092:0.133:b0.074:0.152:occ1;89:0.088:0.137:b0.162:0.060:occ1
ablate_no_distractor_filter,stale_memory_trap,5,1001,,1,18,0.03643,0.04553,74,14,23,0.03653,0.04553,0.55405,0.00000,0,0.00000,0.80000,90.00000,0,0.82644,0.13190,0.30000,0.28098,0:0.088:-0.480:b0.116:0.163:occ0;12:0.123:-0.035:b0.093:0.181:occ0;24:0.138:0.177:b0.138:0.175:occ1;36:0.144:0.179:b0.150:0.171:occ1;48:0.146:0.168:b0.140:0.176:occ1;60:0.148:0.165:b0.130:0.187:occ1;72:0.146:0.164:b0.148:0.154:occ1;84:0.148:0.162:b0.132:0.188:occ1;89:0.148:0.163:b0.159:0.150:occ1
occlusion_aware_permanence_v4,stale_memory_trap,5,1001,,1,18,0.06110,0.06219,74,16,22,0.05350,0.06219,0.63514,0.00000,0,0.00000,0.80000,90.00000,0,0.75160,0.13259,0.30000,0.25098,0:0.088:-0.480:b0.143:0.098:occ0;12:0.120:-0.036:b0.114:0.159:occ0;24:0.137:0.145:b0.140:0.128:occ1;36:0.143:0.134:b0.145:0.128:occ1;48:0.145:0.122:b0.143:0.121:occ1;60:0.137:0.122:b0.136:0.123:occ1;72:0.133:0.124:b0.136:0.123:occ1;84:0.134:0.124:b0.134:0.124:occ1;89:0.134:0.124:b0.136:0.123:occ1
learned_only_branch,stale_memory_trap,5,1001,,1,17,0.02880,0.00955,73,17,18,0.05473,0.01619,0.05479,0.00000,0,0.00000,0.66667,0.00000,0,1.01840,0.07104,0.19100,0.30329,0:0.089:-0.480:b0.162:0.162:occ0;12:0.129:-0.031:b0.072:0.171:occ0;24:0.225:0.163:b0.265:0.149:occ1;36:0.197:0.162:b0.080:0.163:occ1;48:0.084:0.158:b0.074:0.161:occ1;60:0.081:0.156:b0.076:0.163:occ1;72:0.084:0.155:b0.076:0.161:occ1;84:0.077:0.160:b0.107:0.136:occ1;89:0.084:0.155:b0.107:0.137:occ1
occlusion_full_v5,stale_memory_trap,5,1002,,1,21,0.06149,0.06130,71,18,19,0.05925,0.06130,0.54930,0.00000,0,0.77778,0.76667,90.00000,0,0.96286,0.11219,0.30000,0.09038,0:0.006:-0.480:b-0.319:0.392:occ0;12:-0.210:-0.003:b-0.287:0.346:occ0;24:-0.232:0.287:b-0.211:0.282:occ1;36:-0.207:0.294:b-0.202:0.282:occ1;48:-0.207:0.283:b-0.209:0.281:occ1;60:-0.213:0.283:b-0.219:0.282:occ1;72:-0.216:0.283:b-0.213:0.285:occ1;84:-0.215:0.284:b-0.213:0.284:occ1;89:-0.214:0.284:b-0.213:0.285:occ1
ablate_no_self_mask,stale_memory_trap,5,1002,,1,21,0.06087,0.06669,71,18,21,0.06466,0.06669,0.67606,0.00000,0,0.07778,0.76667,90.00000,0,1.04794,0.13333,0.30000,0.17859,0:0.007:-0.480:b-0.262:0.301:occ0;12:-0.233:-0.003:b-0.268:0.340:occ0;24:-0.292:0.337:b-0.298:0.380:occ1;36:-0.297:0.380:b-0.302:0.391:occ1;48:-0.297:0.374:b-0.300:0.386:occ1;60:-0.295:0.368:b-0.295:0.362:occ1;72:-0.298:0.373:b-0.300:0.385:occ1;84:-0.298:0.372:b-0.300:0.384:occ1;89:-0.299:0.375:b-0.300:0.382:occ1
ablate_no_branch_belief,stale_memory_trap,5,1002,,1,21,0.03160,0.03371,71,15,22,0.04662,0.03371,0.54930,0.00000,0,0.08889,0.72222,90.00000,0,1.06910,0.12592,0.30000,0.16592,0:0.009:-0.480:b-0.208:0.350:occ0;12:-0.216:-0.003:b-0.254:0.316:occ0;24:-0.257:0.337:b-0.242:0.385:occ1;36:-0.242:0.392:b-0.231:0.365:occ1;48:-0.233:0.369:b-0.230:0.367:occ1;60:-0.234:0.367:b-0.229:0.366:occ1;72:-0.238:0.367:b-0.244:0.369:occ1;84:-0.240:0.368:b-0.238:0.367:occ1;89:-0.237:0.368:b-0.231:0.366:occ1
ablate_no_contact_update,stale_memory_trap,5,1002,,1,21,0.04273,0.03491,71,17,16,0.05121,0.03491,0.53521,0.00000,0,0.08889,0.73333,90.00000,0,1.07918,0.12187,0.30000,0.16034,0:0.008:-0.480:b-0.222:0.349:occ0;12:-0.235:-0.005:b-0.217:0.332:occ0;24:-0.246:0.339:b-0.226:0.377:occ1;36:-0.225:0.387:b-0.220:0.360:occ1;48:-0.229:0.365:b-0.220:0.361:occ1;60:-0.226:0.361:b-0.221:0.359:occ1;72:-0.227:0.361:b-0.219:0.359:occ1;84:-0.221:0.360:b-0.235:0.364:occ1;89:-0.226:0.360:b-0.236:0.364:occ1
ablate_no_uncertainty_inflation,stale_memory_trap,5,1002,,1,21,0.04617,0.04854,71,16,23,0.04606,0.04854,0.00000,0.00000,0,0.11111,0.76667,90.00000,0,1.00322,0.04020,0.14000,0.12902,0:0.006:-0.480:b-0.281:0.335:occ0;12:-0.228:-0.005:b-0.260:0.298:occ0;24:-0.233:0.303:b-0.217:0.326:occ1;36:-0.210:0.337:b-0.211:0.324:occ1;48:-0.204:0.324:b-0.205:0.324:occ1;60:-0.210:0.324:b-0.217:0.324:occ1;72:-0.214:0.324:b-0.209:0.325:occ1;84:-0.213:0.325:b-0.209:0.324:occ1;89:-0.212:0.325:b-0.209:0.325:occ1
ablate_no_identity_filter,stale_memory_trap,5,1002,,1,21,0.03314,0.03203,71,15,17,0.02454,0.03203,0.61972,0.00000,0,0.10000,0.76667,90.00000,0,0.98634,0.14789,0.30000,0.10873,0:0.007:-0.480:b-0.265:0.293:occ0;12:-0.228:-0.005:b-0.243:0.315:occ0;24:-0.251:0.311:b-0.246:0.317:occ1;36:-0.249:0.325:b-0.237:0.313:occ1;48:-0.243:0.312:b-0.242:0.311:occ1;60:-0.245:0.311:b-0.242:0.311:occ1;72:-0.244:0.311:b-0.242:0.311:occ1;84:-0.244:0.311:b-0.241:0.311:occ1;89:-0.245:0.311:b-0.271:0.309:occ1
ablate_no_reacquisition_guard,stale_memory_trap,5,1002,,1,20,0.03865,0.04432,71,17,19,0.03918,0.04432,0.53521,0.00000,0,0.08889,0.77778,90.00000,0,1.01015,0.12209,0.30000,0.12099,0:0.006:-0.480:b-0.295:0.318:occ0;12:-0.221:-0.005:b-0.207:0.317:occ0;24:-0.241:0.319:b-0.221:0.327:occ1;36:-0.217:0.335:b-0.215:0.320:occ1;48:-0.213:0.320:b-0.216:0.321:occ1;60:-0.221:0.319:b-0.222:0.320:occ1;72:-0.221:0.319:b-0.219:0.319:occ1;84:-0.221:0.319:b-0.218:0.320:occ1;89:-0.222:0.319:b-0.216:0.320:occ1
ablate_no_tail_risk_objective,stale_memory_trap,5,1002,,1,21,0.05635,0.04877,71,18,19,0.04208,0.04877,0.53521,0.00000,0,0.10000,0.76667,90.00000,0,1.14573,0.12154,0.30000,0.12781,0:0.007:-0.480:b-0.252:0.360:occ0;12:-0.219:-0.005:b-0.134:0.310:occ0;24:-0.284:0.316:b-0.284:0.304:occ1;36:-0.286:0.317:b-0.290:0.315:occ1;48:-0.298:0.320:b-0.302:0.320:occ1;60:-0.298:0.323:b-0.301:0.321:occ1;72:-0.296:0.323:b-0.309:0.317:occ1;84:-0.289:0.327:b-0.297:0.323:occ1;89:-0.308:0.317:b-0.301:0.319:occ1
ablate_no_false_detection_rejection,stale_memory_trap,5,1002,,1,21,0.05266,0.05802,71,15,22,0.04945,0.05802,0.53521,0.04545,0,0.71111,0.76667,90.00000,0,0.96661,0.11660,0.30000,0.10607,0:0.009:-0.480:b-0.209:0.284:occ0;12:-0.216:-0.003:b-0.238:0.356:occ0;24:-0.276:0.286:b-0.279:0.287:occ1;36:-0.286:0.292:b-0.296:0.292:occ1;48:-0.290:0.287:b-0.283:0.283:occ1;60:-0.290:0.294:b-0.291:0.305:occ1;72:-0.290:0.296:b-0.299:0.307:occ1;84:-0.293:0.300:b-0.297:0.306:occ1;89:-0.294:0.300:b-0.295:0.292:occ1
ablate_no_distractor_filter,stale_memory_trap,5,1002,,1,21,0.03848,0.02970,71,17,18,0.02955,0.02970,0.53521,0.00000,0,0.65556,0.76667,90.00000,0,1.00397,0.12985,0.30000,0.09469,0:0.008:-0.480:b-0.226:0.318:occ0;12:-0.210:-0.006:b-0.247:0.333:occ0;24:-0.259:0.304:b-0.243:0.312:occ1;36:-0.240:0.316:b-0.247:0.290:occ1;48:-0.241:0.298:b-0.243:0.297:occ1;60:-0.238:0.300:b-0.240:0.307:occ1;72:-0.242:0.301:b-0.240:0.306:occ1;84:-0.241:0.302:b-0.250:0.291:occ1;89:-0.243:0.297:b-0.242:0.307:occ1
occlusion_aware_permanence_v4,stale_memory_trap,5,1002,,1,21,0.02596,0.02567,71,16,20,0.02275,0.02567,0.61972,0.00000,0,0.10000,0.76667,90.00000,0,1.00334,0.15040,0.30000,0.12950,0:0.009:-0.480:b-0.193:0.354:occ0;12:-0.218:-0.006:b-0.283:0.277:occ0;24:-0.251:0.315:b-0.243:0.339:occ1;36:-0.248:0.346:b-0.246:0.332:occ1;48:-0.239:0.331:b-0.236:0.331:occ1;60:-0.241:0.330:b-0.238:0.331:occ1;72:-0.240:0.331:b-0.236:0.331:occ1;84:-0.236:0.331:b-0.237:0.331:occ1;89:-0.236:0.331:b-0.237:0.331:occ1
learned_only_branch,stale_memory_trap,5,1002,,1,21,0.01198,0.01044,71,18,17,0.01813,0.01044,0.23944,0.00000,0,0.08889,0.76667,90.00000,0,1.00189,0.09081,0.23000,0.13685,0:0.007:-0.480:b-0.249:0.263:occ0;12:-0.224:-0.011:b-0.271:0.222:occ0;24:-0.269:0.320:b-0.268:0.342:occ1;36:-0.270:0.352:b-0.277:0.339:occ1;48:-0.270:0.340:b-0.270:0.336:occ1;60:-0.267:0.338:b-0.267:0.339:occ1;72:-0.269:0.338:b-0.268:0.336:occ1;84:-0.268:0.338:b-0.268:0.337:occ1;89:-0.269:0.338:b-0.267:0.339:occ1
occlusion_full_v5,stale_memory_trap,5,1003,,1,20,0.02739,0.02756,71,16,12,0.04213,0.02756,0.54930,0.00000,0,0.00000,0.74444,90.00000,0,1.10727,0.12729,0.30000,0.14957,0:0.028:-0.480:b-0.362:0.284:occ0;12:-0.310:-0.006:b-0.383:0.301:occ0;24:-0.408:0.334:b-0.397:0.359:occ1;36:-0.410:0.368:b-0.424:0.352:occ1;48:-0.408:0.355:b-0.400:0.356:occ1;60:-0.398:0.355:b-0.394:0.355:occ1;72:-0.403:0.351:b-0.418:0.341:occ1;84:-0.402:0.351:b-0.395:0.355:occ1;89:-0.401:0.352:b-0.391:0.357:occ1
ablate_no_self_mask,stale_memory_trap,5,1003,,1,21,0.04829,0.05432,71,18,11,0.05833,0.05432,0.67606,0.00000,0,0.00000,0.66667,90.00000,0,1.10974,0.14050,0.30000,0.15815,0:0.028:-0.480:b-0.313:0.326:occ0;12:-0.314:-0.006:b-0.331:0.349:occ0;24:-0.388:0.331:b-0.396:0.376:occ1;36:-0.399:0.389:b-0.394:0.381:occ1;48:-0.398:0.376:b-0.393:0.376:occ1;60:-0.395:0.374:b-0.395:0.374:occ1;72:-0.400:0.369:b-0.408:0.365:occ1;84:-0.398:0.372:b-0.395:0.374:occ1;89:-0.397:0.373:b-0.411:0.364:occ1
ablate_no_branch_belief,stale_memory_trap,5,1003,,1,21,0.02845,0.04521,71,16,16,0.02558,0.04521,0.53521,0.00000,0,0.00000,0.76667,90.00000,0,1.06261,0.13433,0.30000,0.19220,0:0.028:-0.480:b-0.376:0.280:occ0;12:-0.312:-0.008:b-0.368:0.228:occ0;24:-0.380:0.299:b-0.362:0.311:occ1;36:-0.353:0.316:b-0.348:0.305:occ1;48:-0.353:0.313:b-0.368:0.316:occ1;60:-0.354:0.306:b-0.353:0.302:occ1;72:-0.351:0.306:b-0.363:0.318:occ1;84:-0.353:0.308:b-0.359:0.306:occ1;89:-0.357:0.309:b-0.344:0.298:occ1
ablate_no_contact_update,stale_memory_trap,5,1003,,1,21,0.06220,0.05673,71,19,22,0.06880,0.05673,0.53521,0.00000,0,0.00000,0.76667,90.00000,0,1.05326,0.10830,0.30000,0.14866,0:0.028:-0.480:b-0.349:0.326:occ0;12:-0.308:-0.010:b-0.342:0.239:occ0;24:-0.406:0.276:b-0.420:0.257:occ1;36:-0.421:0.267:b-0.407:0.258:occ1;48:-0.411:0.265:b-0.417:0.278:occ1;60:-0.410:0.273:b-0.398:0.270:occ1;72:-0.410:0.279:b-0.409:0.262:occ1;84:-0.411:0.282:b-0.399:0.263:occ1;89:-0.408:0.278:b-0.418:0.295:occ1
ablate_no_uncertainty_inflation,stale_memory_trap,5,1003,,1,21,0.04048,0.04082,71,18,23,0.04020,0.04082,0.00000,0.00000,0,0.00000,0.76667,90.00000,0,1.03183,0.04533,0.14000,0.16425,0:0.028:-0.480:b-0.366:0.270:occ0;12:-0.297:-0.008:b-0.304:0.276:occ0;24:-0.392:0.288:b-0.409:0.290:occ1;36:-0.402:0.308:b-0.394:0.296:occ1;48:-0.390:0.296:b-0.383:0.295:occ1;60:-0.387:0.297:b-0.391:0.303:occ1;72:-0.388:0.301:b-0.387:0.306:occ1;84:-0.388:0.300:b-0.379:0.296:occ1;89:-0.386:0.299:b-0.391:0.302:occ1
ablate_no_identity_filter,stale_memory_trap,5,1003,,1,21,0.05632,0.06555,71,17,20,0.05647,0.06555,0.61972,0.00000,0,0.00000,0.76667,90.00000,0,1.06504,0.12598,0.30000,0.22700,0:0.028:-0.480:b-0.332:0.322:occ0;12:-0.310:-0.006:b-0.383:0.323:occ0;24:-0.351:0.283:b-0.306:0.306:occ1;36:-0.313:0.315:b-0.310:0.301:occ1;48:-0.316:0.304:b-0.329:0.300:occ1;60:-0.321:0.303:b-0.313:0.301:occ1;72:-0.322:0.304:b-0.313:0.305:occ1;84:-0.320:0.306:b-0.331:0.301:occ1;89:-0.322:0.304:b-0.312:0.305:occ1
ablate_no_reacquisition_guard,stale_memory_trap,5,1003,,1,21,0.02624,0.02312,71,19,26,0.03412,0.02312,0.53521,0.00000,0,0.00000,0.76667,90.00000,0,1.06203,0.12576,0.30000,0.15117,0:0.028:-0.480:b-0.336:0.295:occ0;12:-0.300:-0.005:b-0.382:0.300:occ0;24:-0.399:0.301:b-0.415:0.321:occ1;36:-0.409:0.327:b-0.392:0.315:occ1;48:-0.401:0.314:b-0.393:0.314:occ1;60:-0.404:0.308:b-0.389:0.316:occ1;72:-0.406:0.309:b-0.391:0.315:occ1;84:-0.397:0.315:b-0.399:0.312:occ1;89:-0.397:0.314:b-0.393:0.314:occ1
ablate_no_tail_risk_objective,stale_memory_trap,5,1003,,1,21,0.05763,0.06494,71,18,24,0.05342,0.06494,0.53521,0.00000,0,0.00000,0.76667,90.00000,0,1.24735,0.11648,0.30000,0.23346,0:0.028:-0.480:b-0.368:0.361:occ0;12:-0.284:-0.005:b-0.354:0.354:occ0;24:-0.335:0.314:b-0.298:0.312:occ1;36:-0.319:0.308:b-0.304:0.314:occ1;48:-0.298:0.327:b-0.307:0.325:occ1;60:-0.317:0.325:b-0.305:0.327:occ1;72:-0.333:0.319:b-0.319:0.319:occ1;84:-0.325:0.323:b-0.333:0.324:occ1;89:-0.315:0.320:b-0.307:0.328:occ1
ablate_no_false_detection_rejection,stale_memory_trap,5,1003,,1,21,0.03239,0.04564,71,17,23,0.03873,0.04564,0.53521,0.00000,0,0.00000,0.76667,90.00000,0,1.09881,0.12416,0.30000,0.20239,0:0.028:-0.480:b-0.349:0.291:occ0;12:-0.306:-0.008:b-0.342:0.278:occ0;24:-0.363:0.311:b-0.402:0.307:occ1;36:-0.357:0.343:b-0.328:0.338:occ1;48:-0.343:0.336:b-0.334:0.338:occ1;60:-0.340:0.334:b-0.360:0.331:occ1;72:-0.343:0.332:b-0.361:0.324:occ1;84:-0.334:0.336:b-0.359:0.340:occ1;89:-0.346:0.340:b-0.331:0.332:occ1
ablate_no_distractor_filter,stale_memory_trap,5,1003,,1,21,0.04441,0.02751,71,17,18,0.04515,0.02751,0.53521,0.00000,0,0.00000,0.76667,90.00000,0,1.08225,0.12139,0.30000,0.14469,0:0.028:-0.480:b-0.349:0.301:occ0;12:-0.311:-0.005:b-0.368:0.297:occ0;24:-0.398:0.302:b-0.411:0.327:occ1;36:-0.412:0.329:b-0.399:0.316:occ1;48:-0.401:0.314:b-0.419:0.337:occ1;60:-0.408:0.311:b-0.407:0.315:occ1;72:-0.410:0.312:b-0.389:0.315:occ1;84:-0.401:0.314:b-0.425:0.313:occ1;89:-0.404:0.314:b-0.387:0.316:occ1
occlusion_aware_permanence_v4,stale_memory_trap,5,1003,,1,21,0.04743,0.04729,71,18,22,0.05303,0.04729,0.61972,0.00000,0,0.00000,0.76667,90.00000,0,1.10615,0.13015,0.30000,0.23321,0:0.028:-0.480:b-0.377:0.327:occ0;12:-0.331:-0.004:b-0.375:0.345:occ0;24:-0.349:0.304:b-0.286:0.314:occ1;36:-0.298:0.330:b-0.319:0.327:occ1;48:-0.308:0.324:b-0.320:0.325:occ1;60:-0.318:0.325:b-0.321:0.328:occ1;72:-0.312:0.328:b-0.302:0.327:occ1;84:-0.315:0.327:b-0.304:0.325:occ1;89:-0.315:0.327:b-0.315:0.327:occ1
learned_only_branch,stale_memory_trap,5,1003,,1,21,0.03311,0.01719,71,16,19,0.03143,0.01719,0.23944,0.00000,0,0.00000,0.76667,90.00000,0,1.07744,0.08196,0.23000,0.14808,0:0.028:-0.480:b-0.347:0.253:occ0;12:-0.305:-0.008:b-0.365:0.255:occ0;24:-0.400:0.307:b-0.387:0.332:occ1;36:-0.396:0.341:b-0.388:0.330:occ1;48:-0.396:0.326:b-0.388:0.329:occ1;60:-0.394:0.325:b-0.421:0.308:occ1;72:-0.391:0.326:b-0.385:0.330:occ1;84:-0.396:0.324:b-0.385:0.330:occ1;89:-0.400:0.323:b-0.385:0.330:occ1
occlusion_full_v5,stale_memory_trap,6,1000,,1,23,0.02218,0.02821,69,15,25,0.02352,0.02821,0.52174,0.00000,0,0.00000,0.74444,90.00000,0,1.05028,0.13560,0.30000,0.22226,0:0.021:-0.480:b0.297:0.339:occ0;12:0.238:-0.001:b0.319:0.373:occ0;24:0.316:0.318:b0.247:0.304:occ1;36:0.254:0.322:b0.253:0.320:occ1;48:0.257:0.319:b0.262:0.319:occ1;60:0.264:0.320:b0.265:0.320:occ1;72:0.265:0.324:b0.265:0.319:occ1;84:0.265:0.322:b0.265:0.320:occ1;89:0.265:0.321:b0.266:0.335:occ1
ablate_no_self_mask,stale_memory_trap,6,1000,,1,22,0.03901,0.04047,70,18,16,0.04953,0.04047,0.68571,0.00000,0,0.00000,0.75556,90.00000,0,1.00035,0.14274,0.30000,0.17170,0:0.020:-0.480:b0.255:0.274:occ0;12:0.229:-0.000:b0.289:0.332:occ0;24:0.253:0.313:b0.212:0.300:occ1;36:0.212:0.315:b0.212:0.302:occ1;48:0.211:0.304:b0.209:0.312:occ1;60:0.213:0.306:b0.216:0.303:occ1;72:0.215:0.305:b0.216:0.302:occ1;84:0.210:0.308:b0.205:0.312:occ1;89:0.210:0.307:b0.209:0.306:occ1
ablate_no_branch_belief,stale_memory_trap,6,1000,,1,21,0.01827,0.01926,70,16,20,0.01521,0.01926,0.52857,0.00000,0,0.00000,0.76667,90.00000,0,0.99407,0.13933,0.30000,0.22574,0:0.022:-0.480:b0.319:0.360:occ0;12:0.243:-0.002:b0.256:0.371:occ0;24:0.278:0.324:b0.261:0.337:occ1;36:0.265:0.344:b0.265:0.331:occ1;48:0.267:0.333:b0.268:0.332:occ1;60:0.269:0.332:b0.268:0.336:occ1;72:0.270:0.331:b0.270:0.331:occ1;84:0.269:0.332:b0.270:0.331:occ1;89:0.269:0.332:b0.269:0.335:occ1
ablate_no_contact_update,stale_memory_trap,6,1000,,1,21,0.05801,0.05704,70,19,20,0.04584,0.05704,0.52857,0.00000,0,0.00000,0.76667,90.00000,0,1.02457,0.11456,0.30000,0.22147,0:0.020:-0.480:b0.267:0.385:occ0;12:0.233:-0.003:b0.244:0.290:occ0;24:0.281:0.346:b0.260:0.372:occ1;36:0.261:0.379:b0.262:0.367:occ1;48:0.263:0.370:b0.265:0.368:occ1;60:0.266:0.368:b0.265:0.367:occ1;72:0.266:0.368:b0.265:0.366:occ1;84:0.266:0.368:b0.267:0.369:occ1;89:0.266:0.367:b0.265:0.367:occ1
ablate_no_uncertainty_inflation,stale_memory_trap,6,1000,,1,21,0.04840,0.05037,70,15,23,0.03862,0.05037,0.00000,0.00000,0,0.00000,0.76667,90.00000,0,1.01295,0.04006,0.14000,0.21560,0:0.021:-0.480:b0.282:0.382:occ0;12:0.231:0.001:b0.293:0.347:occ0;24:0.276:0.337:b0.255:0.357:occ1;36:0.256:0.371:b0.256:0.362:occ1;48:0.258:0.362:b0.260:0.360:occ1;60:0.260:0.360:b0.260:0.357:occ1;72:0.260:0.360:b0.260:0.359:occ1;84:0.260:0.359:b0.260:0.358:occ1;89:0.260:0.359:b0.260:0.362:occ1
ablate_no_identity_filter,stale_memory_trap,6,1000,,1,21,0.05316,0.04943,70,18,27,0.04134,0.04943,0.64286,0.00000,0,0.00000,0.76667,90.00000,0,1.02998,0.14045,0.30000,0.21621,0:0.020:-0.480:b0.269:0.347:occ0;12:0.240:-0.004:b0.281:0.271:occ0;24:0.270:0.352:b0.252:0.354:occ1;36:0.252:0.374:b0.258:0.363:occ1;48:0.258:0.365:b0.260:0.365:occ1;60:0.260:0.362:b0.261:0.364:occ1;72:0.260:0.363:b0.260:0.362:occ1;84:0.261:0.364:b0.260:0.366:occ1;89:0.261:0.364:b0.260:0.361:occ1
ablate_no_reacquisition_guard,stale_memory_trap,6,1000,,1,22,0.04732,0.02126,70,17,17,0.04668,0.02126,0.52857,0.00000,0,0.00000,0.75556,90.00000,0,0.98541,0.11489,0.30000,0.23996,0:0.018:-0.480:b0.207:0.322:occ0;12:0.222:-0.002:b0.286:0.370:occ0;24:0.267:0.310:b0.251:0.315:occ1;36:0.263:0.304:b0.256:0.302:occ1;48:0.268:0.290:b0.274:0.285:occ1;60:0.274:0.291:b0.271:0.300:occ1;72:0.276:0.292:b0.278:0.289:occ1;84:0.277:0.290:b0.278:0.288:occ1;89:0.276:0.291:b0.262:0.313:occ1
ablate_no_tail_risk_objective,stale_memory_trap,6,1000,,1,21,0.07195,0.07181,70,20,19,0.07473,0.07181,0.52857,0.00000,0,0.00000,0.67778,90.00000,0,1.18317,0.10084,0.30000,0.14713,0:0.019:-0.480:b0.218:0.353:occ0;12:0.240:-0.001:b0.247:0.357:occ0;24:0.228:0.344:b0.189:0.349:occ1;36:0.194:0.353:b0.193:0.356:occ1;48:0.196:0.356:b0.194:0.356:occ1;60:0.196:0.358:b0.194:0.358:occ1;72:0.192:0.360:b0.193:0.365:occ1;84:0.195:0.359:b0.194:0.360:occ1;89:0.192:0.358:b0.192:0.358:occ1
ablate_no_false_detection_rejection,stale_memory_trap,6,1000,,0,22,0.08593,0.09320,70,18,19,0.07474,0.09320,0.52857,0.00000,0,0.00000,0.50000,90.00000,0,1.05235,0.09659,0.30000,0.27564,0:0.019:-0.480:b0.230:0.358:occ0;12:0.228:-0.002:b0.293:0.338:occ0;24:0.299:0.327:b0.319:0.358:occ1;36:0.327:0.368:b0.325:0.356:occ1;48:0.324:0.359:b0.323:0.356:occ1;60:0.315:0.358:b0.298:0.372:occ1;72:0.313:0.358:b0.298:0.359:occ1;84:0.321:0.358:b0.326:0.357:occ1;89:0.320:0.358:b0.329:0.357:occ1
ablate_no_distractor_filter,stale_memory_trap,6,1000,,0,22,0.09195,0.10118,70,18,28,0.09675,0.10118,0.52857,0.14286,0,0.00000,0.08889,90.00000,0,1.08120,0.09413,0.30000,0.13806,0:0.020:-0.480:b0.256:0.350:occ0;12:0.229:-0.003:b0.292:0.357:occ0;24:0.235:0.344:b0.164:0.364:occ1;36:0.179:0.385:b0.179:0.382:occ1;48:0.174:0.375:b0.186:0.373:occ1;60:0.178:0.375:b0.179:0.383:occ1;72:0.178:0.376:b0.164:0.379:occ1;84:0.181:0.376:b0.148:0.375:occ1;89:0.181:0.377:b0.172:0.381:occ1
occlusion_aware_permanence_v4,stale_memory_trap,6,1000,,1,22,0.04210,0.04566,70,19,22,0.03272,0.04566,0.61429,0.00000,0,0.00000,0.75556,90.00000,0,1.01886,0.13976,0.30000,0.21677,0:0.020:-0.480:b0.256:0.331:occ0;12:0.253:-0.003:b0.228:0.382:occ0;24:0.279:0.332:b0.253:0.353:occ1;36:0.256:0.367:b0.258:0.357:occ1;48:0.259:0.360:b0.261:0.357:occ1;60:0.261:0.357:b0.261:0.357:occ1;72:0.261:0.359:b0.262:0.355:occ1;84:0.261:0.357:b0.261:0.356:occ1;89:0.261:0.358:b0.262:0.362:occ1
learned_only_branch,stale_memory_trap,6,1000,,0,21,0.10537,0.10622,70,19,23,0.09891,0.10622,0.22857,0.00000,0,0.00000,0.11111,90.00000,0,1.04394,0.04454,0.22700,0.30778,0:0.021:-0.480:b0.278:0.294:occ0;12:0.231:-0.002:b0.189:0.358:occ0;24:0.306:0.337:b0.354:0.361:occ1;36:0.354:0.376:b0.348:0.367:occ1;48:0.354:0.364:b0.354:0.362:occ1;60:0.352:0.363:b0.354:0.362:occ1;72:0.352:0.364:b0.342:0.376:occ1;84:0.353:0.363:b0.352:0.363:occ1;89:0.352:0.364:b0.354:0.362:occ1
occlusion_full_v5,stale_memory_trap,6,1001,,1,17,0.06133,0.06078,74,13,20,0.06650,0.06078,0.55405,0.05000,0,0.08889,0.73333,90.00000,0,0.90410,0.11815,0.30000,0.15240,0:0.007:-0.480:b-0.276:0.158:occ0;12:-0.244:-0.030:b-0.304:0.250:occ0;24:-0.317:0.218:b-0.312:0.223:occ1;36:-0.315:0.229:b-0.307:0.218:occ1;48:-0.314:0.221:b-0.316:0.225:occ1;60:-0.314:0.224:b-0.310:0.223:occ1;72:-0.310:0.224:b-0.309:0.223:occ1;84:-0.309:0.223:b-0.323:0.228:occ1;89:-0.310:0.224:b-0.309:0.223:occ1
ablate_no_self_mask,stale_memory_trap,6,1001,,1,18,0.06994,0.07071,74,15,12,0.08187,0.07071,0.68919,0.16667,0,0.84444,0.50000,90.00000,0,0.85303,0.13291,0.30000,0.07688,0:0.007:-0.480:b-0.265:0.192:occ0;12:-0.250:-0.044:b-0.376:0.160:occ0;24:-0.376:0.133:b-0.376:0.113:occ1;36:-0.389:0.120:b-0.374:0.116:occ1;48:-0.384:0.116:b-0.387:0.117:occ1;60:-0.384:0.115:b-0.368:0.108:occ1;72:-0.383:0.114:b-0.387:0.116:occ1;84:-0.386:0.116:b-0.387:0.116:occ1;89:-0.386:0.117:b-0.387:0.116:occ1
ablate_no_branch_belief,stale_memory_trap,6,1001,,1,18,0.04923,0.04821,74,14,26,0.05350,0.04821,0.55405,0.00000,0,0.84444,0.80000,90.00000,0,0.84734,0.12193,0.30000,0.05381,0:0.006:-0.480:b-0.370:0.150:occ0;12:-0.264:-0.037:b-0.309:0.167:occ0;24:-0.350:0.143:b-0.350:0.124:occ1;36:-0.353:0.125:b-0.346:0.118:occ1;48:-0.348:0.118:b-0.344:0.121:occ1;60:-0.349:0.119:b-0.352:0.117:occ1;72:-0.349:0.119:b-0.359:0.111:occ1;84:-0.348:0.120:b-0.352:0.119:occ1;89:-0.349:0.119:b-0.348:0.120:occ1
ablate_no_contact_update,stale_memory_trap,6,1001,,0,18,0.08591,0.08679,74,14,24,0.08952,0.08679,0.55405,0.12500,0,0.84444,0.10000,90.00000,0,0.85658,0.10393,0.30000,0.06402,0:0.006:-0.480:b-0.295:0.182:occ0;12:-0.263:-0.039:b-0.331:0.134:occ0;24:-0.372:0.135:b-0.384:0.109:occ1;36:-0.385:0.113:b-0.380:0.108:occ1;48:-0.380:0.105:b-0.378:0.105:occ1;60:-0.378:0.104:b-0.378:0.105:occ1;72:-0.378:0.105:b-0.378:0.105:occ1;84:-0.377:0.106:b-0.377:0.110:occ1;89:-0.378:0.106:b-0.378:0.105:occ1
ablate_no_uncertainty_inflation,stale_memory_trap,6,1001,,1,17,0.06598,0.06675,74,16,15,0.06221,0.06675,0.00000,0.00000,0,0.08889,0.81111,90.00000,0,0.88847,0.03572,0.14000,0.14119,0:0.006:-0.480:b-0.303:0.172:occ0;12:-0.264:-0.035:b-0.272:0.171:occ0;24:-0.289:0.206:b-0.275:0.206:occ1;36:-0.279:0.216:b-0.277:0.206:occ1;48:-0.278:0.207:b-0.277:0.206:occ1;60:-0.279:0.206:b-0.278:0.205:occ1;72:-0.279:0.206:b-0.286:0.209:occ1;84:-0.280:0.206:b-0.288:0.209:occ1;89:-0.281:0.207:b-0.278:0.205:occ1
ablate_no_identity_filter,stale_memory_trap,6,1001,,1,18,0.01923,0.02447,74,13,17,0.01751,0.02447,0.63514,0.00000,0,0.84444,0.80000,90.00000,0,0.84215,0.16540,0.30000,0.07378,0:0.006:-0.480:b-0.309:0.157:occ0;12:-0.267:-0.041:b-0.332:0.156:occ0;24:-0.319:0.162:b-0.316:0.151:occ1;36:-0.318:0.156:b-0.315:0.150:occ1;48:-0.314:0.149:b-0.318:0.140:occ1;60:-0.314:0.148:b-0.313:0.149:occ1;72:-0.315:0.147:b-0.313:0.151:occ1;84:-0.314:0.147:b-0.319:0.139:occ1;89:-0.316:0.145:b-0.322:0.137:occ1
ablate_no_reacquisition_guard,stale_memory_trap,6,1001,,0,17,0.08423,0.08631,75,13,17,0.07824,0.08631,0.56000,0.00000,0,0.07778,0.35556,90.00000,0,0.91572,0.10813,0.30000,0.15416,0:0.006:-0.480:b-0.299:0.127:occ0;12:-0.261:-0.030:b-0.302:0.174:occ0;24:-0.325:0.222:b-0.317:0.223:occ1;36:-0.320:0.231:b-0.311:0.219:occ1;48:-0.315:0.222:b-0.310:0.222:occ1;60:-0.313:0.224:b-0.308:0.224:occ1;72:-0.313:0.225:b-0.311:0.224:occ1;84:-0.313:0.225:b-0.308:0.223:occ1;89:-0.315:0.226:b-0.321:0.229:occ1
ablate_no_tail_risk_objective,stale_memory_trap,6,1001,,1,17,0.06227,0.05978,74,15,21,0.05314,0.05978,0.55405,0.00000,0,0.08889,0.81111,90.00000,0,1.01227,0.12285,0.30000,0.12356,0:0.006:-0.480:b-0.332:0.115:occ0;12:-0.263:-0.041:b-0.271:0.141:occ0;24:-0.278:0.211:b-0.274:0.186:occ1;36:-0.277:0.190:b-0.276:0.188:occ1;48:-0.278:0.188:b-0.278:0.189:occ1;60:-0.280:0.191:b-0.286:0.187:occ1;72:-0.283:0.193:b-0.276:0.188:occ1;84:-0.281:0.185:b-0.278:0.187:occ1;89:-0.281:0.188:b-0.284:0.188:occ1
ablate_no_false_detection_rejection,stale_memory_trap,6,1001,,1,18,0.03052,0.04045,74,15,18,0.03794,0.04045,0.55405,0.33333,0,0.84444,0.80000,90.00000,0,0.85217,0.13421,0.30000,0.04725,0:0.008:-0.480:b-0.246:0.134:occ0;12:-0.263:-0.040:b-0.343:0.126:occ0;24:-0.325:0.137:b-0.310:0.118:occ1;36:-0.311:0.121:b-0.305:0.116:occ1;48:-0.305:0.105:b-0.301:0.123:occ1;60:-0.301:0.108:b-0.312:0.090:occ1;72:-0.305:0.113:b-0.304:0.117:occ1;84:-0.306:0.118:b-0.314:0.106:occ1;89:-0.306:0.116:b-0.310:0.105:occ1
ablate_no_distractor_filter,stale_memory_trap,6,1001,,1,17,0.03009,0.02293,74,16,21,0.02348,0.02293,0.55405,0.00000,0,0.73333,0.81111,90.00000,0,0.90976,0.14243,0.30000,0.10056,0:0.006:-0.480:b-0.286:0.131:occ0;12:-0.257:-0.032:b-0.271:0.127:occ0;24:-0.318:0.180:b-0.315:0.163:occ1;36:-0.310:0.170:b-0.305:0.173:occ1;48:-0.306:0.168:b-0.303:0.174:occ1;60:-0.306:0.170:b-0.295:0.156:occ1;72:-0.309:0.154:b-0.295:0.168:occ1;84:-0.304:0.169:b-0.304:0.174:occ1;89:-0.305:0.171:b-0.311:0.157:occ1
occlusion_aware_permanence_v4,stale_memory_trap,6,1001,,0,17,0.08315,0.08643,75,14,19,0.06882,0.08643,0.64000,0.00000,0,0.08889,0.64444,90.00000,0,0.90582,0.12685,0.30000,0.13603,0:0.006:-0.480:b-0.350:0.183:occ0;12:-0.273:-0.032:b-0.298:0.179:occ0;24:-0.280:0.200:b-0.257:0.192:occ1;36:-0.258:0.200:b-0.257:0.193:occ1;48:-0.263:0.195:b-0.254:0.192:occ1;60:-0.262:0.193:b-0.266:0.195:occ1;72:-0.266:0.195:b-0.257:0.192:occ1;84:-0.259:0.192:b-0.258:0.193:occ1;89:-0.261:0.193:b-0.257:0.192:occ1
learned_only_branch,stale_memory_trap,6,1001,,1,18,0.05219,0.05223,74,14,24,0.07162,0.05223,0.27027,0.00000,0,0.84444,0.51111,90.00000,0,0.85876,0.07337,0.23900,0.08239,0:0.006:-0.480:b-0.295:0.216:occ0;12:-0.270:-0.030:b-0.355:0.193:occ0;24:-0.388:0.150:b-0.386:0.132:occ1;36:-0.389:0.137:b-0.385:0.131:occ1;48:-0.384:0.128:b-0.383:0.128:occ1;60:-0.383:0.128:b-0.383:0.128:occ1;72:-0.384:0.129:b-0.383:0.128:occ1;84:-0.383:0.129:b-0.384:0.130:occ1;89:-0.383:0.129:b-0.383:0.128:occ1
occlusion_full_v5,stale_memory_trap,6,1002,,1,18,0.06174,0.06777,74,16,18,0.05844,0.06777,0.55405,0.00000,0,0.78889,0.80000,90.00000,0,0.90101,0.11746,0.30000,0.08488,0:-0.040:-0.480:b0.423:0.136:occ0;12:0.325:-0.033:b0.433:0.176:occ0;24:0.427:0.138:b0.413:0.118:occ1;36:0.419:0.118:b0.416:0.109:occ1;48:0.419:0.113:b0.419:0.111:occ1;60:0.419:0.116:b0.419:0.115:occ1;72:0.420:0.120:b0.421:0.122:occ1;84:0.419:0.117:b0.419:0.114:occ1;89:0.420:0.117:b0.427:0.122:occ1
ablate_no_self_mask,stale_memory_trap,6,1002,,1,17,0.03609,0.02430,74,14,21,0.04231,0.02430,0.68919,0.00000,0,0.08889,0.81111,90.00000,0,0.97031,0.15483,0.30000,0.14214,0:-0.040:-0.480:b0.367:0.183:occ0;12:0.328:-0.030:b0.415:0.167:occ0;24:0.378:0.185:b0.343:0.166:occ1;36:0.338:0.179:b0.342:0.172:occ1;48:0.337:0.173:b0.341:0.173:occ1;60:0.334:0.171:b0.329:0.171:occ1;72:0.336:0.173:b0.327:0.170:occ1;84:0.333:0.171:b0.328:0.170:occ1;89:0.334:0.172:b0.350:0.177:occ1
ablate_no_branch_belief,stale_memory_trap,6,1002,,1,17,0.00538,0.03099,74,10,25,0.01625,0.03099,0.55405,0.00000,0,0.13333,0.81111,90.00000,0,0.95508,0.15232,0.30000,0.11825,0:-0.040:-0.480:b0.346:0.111:occ0;12:0.334:-0.027:b0.328:0.268:occ0;24:0.383:0.175:b0.361:0.160:occ1;36:0.366:0.156:b0.365:0.140:occ1;48:0.365:0.144:b0.371:0.133:occ1;60:0.365:0.153:b0.365:0.163:occ1;72:0.361:0.156:b0.366:0.164:occ1;84:0.359:0.154:b0.357:0.154:occ1;89:0.361:0.154:b0.380:0.174:occ1
ablate_no_contact_update,stale_memory_trap,6,1002,,1,18,0.04018,0.04437,74,15,17,0.02977,0.04437,0.55405,0.00000,0,0.78889,0.80000,90.00000,0,0.94111,0.13550,0.30000,0.09824,0:-0.040:-0.480:b0.396:0.125:occ0;12:0.326:-0.029:b0.358:0.161:occ0;24:0.394:0.181:b0.371:0.167:occ1;36:0.376:0.173:b0.380:0.169:occ1;48:0.377:0.166:b0.376:0.166:occ1;60:0.379:0.175:b0.382:0.181:occ1;72:0.378:0.175:b0.376:0.179:occ1;84:0.378:0.174:b0.381:0.172:occ1;89:0.378:0.174:b0.382:0.176:occ1
ablate_no_uncertainty_inflation,stale_memory_trap,6,1002,,1,18,0.02314,0.02739,74,16,18,0.02989,0.02739,0.00000,0.00000,0,0.16667,0.80000,90.00000,0,0.92302,0.05505,0.14000,0.11603,0:-0.040:-0.480:b0.429:0.164:occ0;12:0.332:-0.029:b0.423:0.172:occ0;24:0.396:0.148:b0.378:0.130:occ1;36:0.375:0.134:b0.371:0.121:occ1;48:0.371:0.122:b0.375:0.131:occ1;60:0.371:0.121:b0.380:0.114:occ1;72:0.372:0.123:b0.383:0.143:occ1;84:0.374:0.129:b0.374:0.127:occ1;89:0.374:0.125:b0.376:0.121:occ1
ablate_no_identity_filter,stale_memory_trap,6,1002,,1,18,0.05735,0.05765,74,14,21,0.05523,0.05765,0.63514,0.00000,0,0.04444,0.80000,90.00000,0,0.94858,0.13915,0.30000,0.11491,0:-0.040:-0.480:b0.337:0.140:occ0;12:0.288:-0.036:b0.378:0.173:occ0;24:0.375:0.208:b0.360:0.204:occ1;36:0.360:0.209:b0.358:0.208:occ1;48:0.361:0.199:b0.364:0.204:occ1;60:0.364:0.203:b0.360:0.201:occ1;72:0.361:0.202:b0.360:0.201:occ1;84:0.363:0.202:b0.360:0.201:occ1;89:0.363:0.202:b0.358:0.201:occ1
ablate_no_reacquisition_guard,stale_memory_trap,6,1002,,1,18,0.03241,0.02909,74,15,22,0.02844,0.02909,0.55405,0.00000,0,0.52222,0.80000,90.00000,0,0.93665,0.13681,0.30000,0.10732,0:-0.040:-0.480:b0.435:0.192:occ0;12:0.326:-0.033:b0.394:0.134:occ0;24:0.389:0.169:b0.364:0.157:occ1;36:0.374:0.165:b0.371:0.188:occ1;48:0.372:0.155:b0.370:0.154:occ1;60:0.373:0.162:b0.373:0.165:occ1;72:0.373:0.168:b0.368:0.162:occ1;84:0.372:0.165:b0.368:0.162:occ1;89:0.370:0.163:b0.373:0.160:occ1
ablate_no_tail_risk_objective,stale_memory_trap,6,1002,,1,17,0.03007,0.03473,74,15,17,0.03851,0.03473,0.55405,0.00000,0,0.00000,0.81111,90.00000,0,1.04902,0.13341,0.30000,0.13334,0:-0.040:-0.480:b0.379:0.194:occ0;12:0.327:-0.029:b0.426:0.119:occ0;24:0.353:0.149:b0.351:0.123:occ1;36:0.352:0.129:b0.350:0.127:occ1;48:0.354:0.139:b0.362:0.147:occ1;60:0.351:0.137:b0.354:0.137:occ1;72:0.351:0.137:b0.348:0.124:occ1;84:0.352:0.126:b0.354:0.149:occ1;89:0.350:0.138:b0.350:0.132:occ1
ablate_no_false_detection_rejection,stale_memory_trap,6,1002,,1,18,0.01904,0.00698,74,14,23,0.02268,0.00698,0.55405,0.04348,0,0.46667,0.80000,90.00000,0,0.95639,0.14423,0.30000,0.09303,0:-0.040:-0.480:b0.410:0.159:occ0;12:0.322:-0.033:b0.331:0.138:occ0;24:0.385:0.162:b0.366:0.142:occ1;36:0.369:0.152:b0.366:0.143:occ1;48:0.372:0.144:b0.364:0.148:occ1;60:0.372:0.150:b0.367:0.148:occ1;72:0.387:0.163:b0.361:0.148:occ1;84:0.389:0.155:b0.400:0.165:occ1;89:0.386:0.159:b0.364:0.144:occ1
ablate_no_distractor_filter,stale_memory_trap,6,1002,,1,18,0.01444,0.01614,74,15,18,0.02515,0.01614,0.55405,0.00000,0,0.20000,0.80000,90.00000,0,0.94380,0.14019,0.30000,0.11093,0:-0.040:-0.480:b0.436:0.144:occ0;12:0.316:-0.035:b0.424:0.161:occ0;24:0.393:0.166:b0.372:0.152:occ1;36:0.376:0.149:b0.353:0.135:occ1;48:0.370:0.141:b0.361:0.136:occ1;60:0.361:0.140:b0.379:0.147:occ1;72:0.363:0.142:b0.379:0.155:occ1;84:0.369:0.145:b0.358:0.139:occ1;89:0.370:0.147:b0.381:0.175:occ1
occlusion_aware_permanence_v4,stale_memory_trap,6,1002,,1,17,0.05841,0.05560,74,16,22,0.04910,0.05560,0.63514,0.00000,0,0.78889,0.81111,90.00000,0,0.96837,0.13791,0.30000,0.08408,0:-0.040:-0.480:b0.325:0.223:occ0;12:0.326:-0.035:b0.376:0.168:occ0;24:0.417:0.201:b0.405:0.195:occ1;36:0.406:0.206:b0.401:0.200:occ1;48:0.404:0.197:b0.405:0.200:occ1;60:0.399:0.210:b0.397:0.215:occ1;72:0.400:0.214:b0.395:0.218:occ1;84:0.400:0.214:b0.398:0.216:occ1;89:0.399:0.215:b0.402:0.211:occ1
learned_only_branch,stale_memory_trap,6,1002,,1,18,0.02685,0.03119,74,15,26,0.03660,0.03119,0.27027,0.00000,0,0.04444,0.80000,90.00000,0,0.89085,0.08719,0.23900,0.12086,0:-0.040:-0.480:b0.429:0.139:occ0;12:0.314:-0.032:b0.368:0.173:occ0;24:0.383:0.134:b0.367:0.110:occ1;36:0.373:0.122:b0.378:0.131:occ1;48:0.373:0.120:b0.383:0.153:occ1;60:0.372:0.122:b0.368:0.110:occ1;72:0.370:0.114:b0.368:0.110:occ1;84:0.372:0.116:b0.368:0.110:occ1;89:0.373:0.118:b0.378:0.116:occ1
occlusion_full_v5,stale_memory_trap,6,1003,,1,17,0.03774,0.03328,75,14,26,0.04101,0.03328,0.56000,0.00000,0,0.00000,0.81111,90.00000,0,0.82468,0.13455,0.30000,0.28684,0:0.023:-0.480:b0.145:0.127:occ0;12:0.169:-0.031:b0.228:0.187:occ0;24:0.211:0.199:b0.206:0.183:occ1;36:0.208:0.194:b0.208:0.184:occ1;48:0.207:0.189:b0.209:0.183:occ1;60:0.208:0.190:b0.210:0.182:occ1;72:0.208:0.191:b0.208:0.182:occ1;84:0.209:0.190:b0.207:0.194:occ1;89:0.209:0.188:b0.211:0.184:occ1
ablate_no_self_mask,stale_memory_trap,6,1003,,0,17,0.09197,0.09017,75,14,21,0.09997,0.09017,0.69333,0.00000,0,0.00000,0.08889,90.00000,0,0.89541,0.12464,0.30000,0.27792,0:0.025:-0.480:b0.205:0.105:occ0;12:0.209:-0.030:b0.230:0.143:occ0;24:0.150:0.195:b0.113:0.189:occ1;36:0.112:0.201:b0.116:0.194:occ1;48:0.118:0.194:b0.118:0.190:occ1;60:0.124:0.199:b0.117:0.188:occ1;72:0.122:0.198:b0.117:0.187:occ1;84:0.121:0.197:b0.118:0.190:occ1;89:0.122:0.199:b0.118:0.188:occ1
ablate_no_branch_belief,stale_memory_trap,6,1003,,1,17,0.04725,0.04266,74,14,22,0.04765,0.04266,0.55405,0.00000,0,0.00000,0.81111,90.00000,0,0.77568,0.12397,0.30000,0.35836,0:0.027:-0.480:b0.265:0.155:occ0;12:0.196:-0.033:b0.114:0.177:occ0;24:0.200:0.135:b0.192:0.110:occ1;36:0.189:0.115:b0.189:0.115:occ1;48:0.189:0.110:b0.189:0.117:occ1;60:0.185:0.112:b0.184:0.109:occ1;72:0.183:0.114:b0.184:0.108:occ1;84:0.183:0.112:b0.183:0.116:occ1;89:0.183:0.114:b0.183:0.119:occ1
ablate_no_contact_update,stale_memory_trap,6,1003,,1,17,0.04639,0.05486,75,14,21,0.04712,0.05486,0.56000,0.00000,0,0.00000,0.81111,90.00000,0,0.76150,0.12643,0.30000,0.36987,0:0.025:-0.480:b0.192:0.164:occ0;12:0.199:-0.036:b0.273:0.140:occ0;24:0.242:0.128:b0.233:0.104:occ1;36:0.233:0.110:b0.232:0.105:occ1;48:0.230:0.107:b0.234:0.103:occ1;60:0.231:0.106:b0.230:0.106:occ1;72:0.230:0.106:b0.231:0.107:occ1;84:0.229:0.108:b0.233:0.099:occ1;89:0.229:0.107:b0.233:0.099:occ1
ablate_no_uncertainty_inflation,stale_memory_trap,6,1003,,1,17,0.02495,0.02277,75,14,20,0.03302,0.02277,0.00000,0.00000,0,0.00000,0.81111,90.00000,0,0.82541,0.05734,0.14000,0.29740,0:0.025:-0.480:b0.192:0.179:occ0;12:0.194:-0.031:b0.211:0.192:occ0;24:0.198:0.184:b0.181:0.178:occ1;36:0.182:0.184:b0.187:0.187:occ1;48:0.182:0.173:b0.183:0.172:occ1;60:0.181:0.174:b0.180:0.171:occ1;72:0.181:0.177:b0.181:0.180:occ1;84:0.182:0.177:b0.181:0.177:occ1;89:0.181:0.175:b0.181:0.172:occ1
ablate_no_identity_filter,stale_memory_trap,6,1003,,1,17,0.04436,0.04544,74,15,11,0.03785,0.04544,0.63514,0.00000,0,0.00000,0.81111,90.00000,0,0.77012,0.14607,0.30000,0.34818,0:0.028:-0.480:b0.291:0.180:occ0;12:0.191:-0.032:b0.225:0.112:occ0;24:0.229:0.144:b0.223:0.120:occ1;36:0.223:0.133:b0.222:0.127:occ1;48:0.223:0.128:b0.225:0.127:occ1;60:0.224:0.127:b0.223:0.127:occ1;72:0.223:0.127:b0.219:0.138:occ1;84:0.222:0.129:b0.223:0.129:occ1;89:0.223:0.128:b0.223:0.127:occ1
ablate_no_reacquisition_guard,stale_memory_trap,6,1003,,1,17,0.03469,0.02855,75,13,21,0.03412,0.02855,0.56000,0.00000,0,0.00000,0.81111,90.00000,0,0.82688,0.13827,0.30000,0.29903,0:0.025:-0.480:b0.207:0.185:occ0;12:0.192:-0.032:b0.263:0.168:occ0;24:0.214:0.184:b0.196:0.170:occ1;36:0.198:0.180:b0.198:0.169:occ1;48:0.199:0.171:b0.201:0.169:occ1;60:0.199:0.172:b0.200:0.175:occ1;72:0.199:0.177:b0.200:0.183:occ1;84:0.199:0.175:b0.198:0.169:occ1;89:0.199:0.175:b0.198:0.169:occ1
ablate_no_tail_risk_objective,stale_memory_trap,6,1003,,1,17,0.03171,0.03299,75,13,22,0.04128,0.03299,0.56000,0.00000,0,0.00000,0.81111,90.00000,0,0.97854,0.13519,0.30000,0.30230,0:0.026:-0.480:b0.232:0.153:occ0;12:0.194:-0.034:b0.246:0.148:occ0;24:0.156:0.183:b0.166:0.171:occ1;36:0.159:0.164:b0.156:0.162:occ1;48:0.158:0.158:b0.159:0.161:occ1;60:0.162:0.166:b0.160:0.179:occ1;72:0.157:0.169:b0.157:0.168:occ1;84:0.157:0.161:b0.157:0.160:occ1;89:0.158:0.171:b0.157:0.167:occ1
ablate_no_false_detection_rejection,stale_memory_trap,6,1003,,0,17,0.08155,0.06970,74,15,22,0.06306,0.06970,0.55405,0.00000,0,0.00000,0.67778,90.00000,0,0.86775,0.11036,0.30000,0.27290,0:0.024:-0.480:b0.183:0.140:occ0;12:0.196:-0.033:b0.206:0.166:occ0;24:0.250:0.179:b0.244:0.178:occ1;36:0.247:0.185:b0.246:0.179:occ1;48:0.248:0.177:b0.253:0.167:occ1;60:0.250:0.179:b0.255:0.162:occ1;72:0.248:0.191:b0.254:0.177:occ1;84:0.250:0.207:b0.238:0.239:occ1;89:0.247:0.211:b0.246:0.195:occ1
ablate_no_distractor_filter,stale_memory_trap,6,1003,,1,17,0.05816,0.03280,74,15,25,0.04445,0.03280,0.55405,0.00000,0,0.00000,0.76667,90.00000,0,0.88719,0.12520,0.30000,0.27534,0:0.025:-0.480:b0.201:0.112:occ0;12:0.184:-0.037:b0.201:0.126:occ0;24:0.204:0.177:b0.197:0.176:occ1;36:0.198:0.184:b0.199:0.175:occ1;48:0.199:0.175:b0.201:0.175:occ1;60:0.199:0.173:b0.198:0.172:occ1;72:0.200:0.189:b0.219:0.280:occ1;84:0.201:0.210:b0.218:0.272:occ1;89:0.202:0.199:b0.201:0.171:occ1
occlusion_aware_permanence_v4,stale_memory_trap,6,1003,,1,17,0.04002,0.04359,75,13,21,0.04699,0.04359,0.64000,0.00000,0,0.00000,0.81111,90.00000,0,0.82461,0.14484,0.30000,0.30687,0:0.025:-0.480:b0.218:0.155:occ0;12:0.203:-0.030:b0.234:0.114:occ0;24:0.184:0.172:b0.164:0.166:occ1;36:0.162:0.170:b0.170:0.171:occ1;48:0.164:0.165:b0.164:0.160:occ1;60:0.162:0.163:b0.161:0.161:occ1;72:0.161:0.163:b0.160:0.161:occ1;84:0.162:0.165:b0.167:0.170:occ1;89:0.162:0.166:b0.158:0.165:occ1
learned_only_branch,stale_memory_trap,6,1003,,0,17,0.09891,0.10067,75,11,20,0.08320,0.10067,0.28000,0.00000,0,0.00000,0.26667,90.00000,0,0.77612,0.05028,0.24200,0.35824,0:0.025:-0.480:b0.193:0.138:occ0;12:0.196:-0.028:b0.238:0.138:occ0;24:0.267:0.143:b0.262:0.134:occ1;36:0.267:0.138:b0.265:0.125:occ1;48:0.265:0.132:b0.267:0.127:occ1;60:0.267:0.129:b0.267:0.128:occ1;72:0.267:0.129:b0.267:0.127:occ1;84:0.267:0.127:b0.267:0.127:occ1;89:0.267:0.127:b0.267:0.124:occ1
occlusion_full_v5,stale_memory_trap,7,1000,,1,16,0.02111,0.02549,76,13,17,0.02405,0.02549,0.56579,0.00000,0,0.03333,0.82222,90.00000,0,0.74554,0.14673,0.30000,0.10959,0:-0.085:-0.480:b-0.119:0.128:occ0;12:-0.069:-0.044:b-0.097:0.103:occ0;24:-0.067:0.139:b-0.076:0.125:occ1;36:-0.064:0.137:b-0.061:0.131:occ1;48:-0.066:0.127:b-0.074:0.122:occ1;60:-0.068:0.125:b-0.074:0.123:occ1;72:-0.062:0.128:b-0.061:0.129:occ1;84:-0.066:0.126:b-0.059:0.129:occ1;89:-0.065:0.127:b-0.061:0.129:occ1
ablate_no_self_mask,stale_memory_trap,7,1000,,1,16,0.04789,0.04756,76,14,15,0.05228,0.04756,0.69737,0.00000,0,0.81111,0.82222,90.00000,0,0.77080,0.15196,0.30000,0.09020,0:-0.085:-0.480:b-0.110:0.127:occ0;12:-0.084:-0.045:b-0.081:0.091:occ0;24:-0.096:0.162:b-0.101:0.163:occ1;36:-0.103:0.166:b-0.106:0.142:occ1;48:-0.101:0.156:b-0.100:0.148:occ1;60:-0.099:0.153:b-0.099:0.145:occ1;72:-0.100:0.156:b-0.099:0.160:occ1;84:-0.101:0.156:b-0.100:0.159:occ1;89:-0.101:0.155:b-0.099:0.156:occ1
ablate_no_branch_belief,stale_memory_trap,7,1000,,1,16,0.01263,0.01806,76,13,20,0.02250,0.01806,0.56579,0.00000,0,0.34444,0.82222,90.00000,0,0.75687,0.14917,0.30000,0.10308,0:-0.083:-0.480:b-0.049:0.139:occ0;12:-0.080:-0.043:b-0.004:0.142:occ0;24:-0.075:0.146:b-0.065:0.145:occ1;36:-0.073:0.148:b-0.071:0.140:occ1;48:-0.077:0.134:b-0.070:0.137:occ1;60:-0.071:0.138:b-0.068:0.140:occ1;72:-0.072:0.138:b-0.073:0.135:occ1;84:-0.077:0.134:b-0.072:0.136:occ1;89:-0.074:0.135:b-0.069:0.137:occ1
ablate_no_contact_update,stale_memory_trap,7,1000,,1,16,0.03605,0.03151,76,13,17,0.03408,0.03151,0.57895,0.00000,0,0.82222,0.82222,90.00000,0,0.75910,0.14192,0.30000,0.07087,0:-0.085:-0.480:b-0.108:0.077:occ0;12:-0.083:-0.045:b-0.083:0.138:occ0;24:-0.096:0.144:b-0.119:0.147:occ1;36:-0.104:0.129:b-0.101:0.120:occ1;48:-0.101:0.120:b-0.108:0.136:occ1;60:-0.101:0.122:b-0.113:0.121:occ1;72:-0.103:0.122:b-0.115:0.121:occ1;84:-0.106:0.123:b-0.097:0.120:occ1;89:-0.104:0.122:b-0.100:0.121:occ1
ablate_no_uncertainty_inflation,stale_memory_trap,7,1000,,1,16,0.01940,0.02125,76,13,25,0.03236,0.02125,0.00000,0.00000,0,0.82222,0.82222,90.00000,0,0.73183,0.05819,0.14000,0.05576,0:-0.084:-0.480:b-0.098:0.122:occ0;12:-0.090:-0.042:b-0.028:0.125:occ0;24:-0.118:0.132:b-0.123:0.116:occ1;36:-0.121:0.122:b-0.115:0.113:occ1;48:-0.120:0.116:b-0.133:0.117:occ1;60:-0.120:0.118:b-0.125:0.116:occ1;72:-0.122:0.118:b-0.120:0.111:occ1;84:-0.120:0.117:b-0.113:0.138:occ1;89:-0.119:0.118:b-0.118:0.114:occ1
ablate_no_identity_filter,stale_memory_trap,7,1000,,1,16,0.05091,0.04863,75,12,19,0.04580,0.04863,0.64000,0.00000,0,0.80000,0.82222,90.00000,0,0.75841,0.14298,0.30000,0.05299,0:-0.084:-0.480:b-0.082:0.095:occ0;12:-0.064:-0.046:b-0.050:0.098:occ0;24:-0.106:0.135:b-0.115:0.124:occ1;36:-0.118:0.124:b-0.116:0.114:occ1;48:-0.117:0.114:b-0.124:0.116:occ1;60:-0.118:0.114:b-0.114:0.108:occ1;72:-0.119:0.119:b-0.115:0.109:occ1;84:-0.120:0.113:b-0.115:0.111:occ1;89:-0.119:0.113:b-0.115:0.112:occ1
ablate_no_reacquisition_guard,stale_memory_trap,7,1000,,1,17,0.00256,0.01469,75,15,28,0.01441,0.01469,0.56000,0.00000,0,0.62222,0.81111,90.00000,0,0.73954,0.15142,0.30000,0.09941,0:-0.084:-0.480:b-0.086:0.082:occ0;12:-0.084:-0.055:b-0.083:0.084:occ0;24:-0.070:0.133:b-0.091:0.124:occ1;36:-0.070:0.136:b-0.080:0.124:occ1;48:-0.078:0.125:b-0.072:0.127:occ1;60:-0.077:0.126:b-0.089:0.117:occ1;72:-0.071:0.127:b-0.067:0.130:occ1;84:-0.072:0.127:b-0.080:0.125:occ1;89:-0.075:0.126:b-0.062:0.131:occ1
ablate_no_tail_risk_objective,stale_memory_trap,7,1000,,1,17,0.03057,0.02913,75,13,15,0.03541,0.02913,0.56000,0.00000,0,0.81111,0.81111,90.00000,0,0.87211,0.13953,0.30000,0.05785,0:-0.085:-0.480:b-0.122:0.004:occ0;12:-0.074:-0.064:b-0.208:0.011:occ0;24:-0.119:0.143:b-0.120:0.118:occ1;36:-0.115:0.118:b-0.122:0.136:occ1;48:-0.114:0.121:b-0.115:0.130:occ1;60:-0.113:0.116:b-0.114:0.116:occ1;72:-0.113:0.117:b-0.114:0.116:occ1;84:-0.119:0.116:b-0.114:0.116:occ1;89:-0.114:0.113:b-0.115:0.117:occ1
ablate_no_false_detection_rejection,stale_memory_trap,7,1000,,1,17,0.05384,0.06168,75,13,19,0.05205,0.06168,0.56000,0.00000,0,0.00000,0.81111,90.00000,0,0.77213,0.12770,0.30000,0.13257,0:-0.086:-0.480:b-0.163:0.102:occ0;12:-0.091:-0.055:b-0.052:0.146:occ0;24:-0.037:0.125:b-0.050:0.115:occ1;36:-0.034:0.123:b-0.030:0.119:occ1;48:-0.037:0.111:b-0.054:0.109:occ1;60:-0.031:0.112:b-0.048:0.112:occ1;72:-0.045:0.107:b-0.026:0.115:occ1;84:-0.040:0.110:b-0.047:0.104:occ1;89:-0.038:0.110:b-0.027:0.115:occ1
ablate_no_distractor_filter,stale_memory_trap,7,1000,,1,16,0.02293,0.03126,76,12,15,0.02822,0.03126,0.57895,0.06667,0,0.82222,0.82222,90.00000,0,0.73728,0.14912,0.30000,0.06285,0:-0.085:-0.480:b-0.116:0.092:occ0;12:-0.094:-0.042:b-0.089:0.093:occ0;24:-0.107:0.127:b-0.106:0.120:occ1;36:-0.108:0.126:b-0.108:0.119:occ1;48:-0.109:0.116:b-0.103:0.118:occ1;60:-0.110:0.119:b-0.106:0.113:occ1;72:-0.117:0.113:b-0.115:0.120:occ1;84:-0.110:0.117:b-0.117:0.122:occ1;89:-0.111:0.118:b-0.119:0.116:occ1
occlusion_aware_permanence_v4,stale_memory_trap,7,1000,,1,17,0.03327,0.03263,75,13,17,0.03749,0.03263,0.64000,0.00000,0,0.81111,0.81111,90.00000,0,0.73552,0.15031,0.30000,0.05360,0:-0.084:-0.480:b-0.087:0.113:occ0;12:-0.073:-0.056:b-0.128:0.087:occ0;24:-0.111:0.130:b-0.111:0.109:occ1;36:-0.121:0.125:b-0.116:0.117:occ1;48:-0.120:0.119:b-0.120:0.115:occ1;60:-0.118:0.116:b-0.118:0.116:occ1;72:-0.118:0.118:b-0.123:0.120:occ1;84:-0.122:0.119:b-0.118:0.117:occ1;89:-0.121:0.119:b-0.119:0.117:occ1
learned_only_branch,stale_memory_trap,7,1000,,1,16,0.01083,0.01001,76,13,21,0.02963,0.01001,0.28947,0.00000,0,0.82222,0.82222,90.00000,0,0.78250,0.09432,0.24500,0.09073,0:-0.084:-0.480:b-0.074:0.047:occ0;12:-0.085:-0.046:b-0.118:0.094:occ0;24:-0.096:0.156:b-0.092:0.153:occ1;36:-0.101:0.153:b-0.091:0.146:occ1;48:-0.100:0.143:b-0.090:0.147:occ1;60:-0.094:0.146:b-0.091:0.148:occ1;72:-0.104:0.145:b-0.091:0.148:occ1;84:-0.101:0.144:b-0.090:0.148:occ1;89:-0.094:0.146:b-0.090:0.148:occ1
occlusion_full_v5,stale_memory_trap,7,1001,,1,21,0.06135,0.07224,71,17,29,0.06803,0.07224,0.53521,0.00000,0,0.00000,0.76667,90.00000,0,0.94991,0.10833,0.30000,0.30871,0:-0.090:-0.480:b-0.230:0.315:occ0;12:-0.192:-0.011:b-0.300:0.309:occ0;24:-0.272:0.288:b-0.292:0.291:occ1;36:-0.306:0.308:b-0.301:0.297:occ1;48:-0.306:0.307:b-0.309:0.309:occ1;60:-0.312:0.312:b-0.313:0.309:occ1;72:-0.313:0.313:b-0.322:0.322:occ1;84:-0.310:0.313:b-0.312:0.316:occ1;89:-0.309:0.313:b-0.320:0.322:occ1
ablate_no_self_mask,stale_memory_trap,7,1001,,0,20,0.09601,0.09471,71,17,17,0.11886,0.09471,0.67606,0.00000,0,0.00000,0.06667,90.00000,0,1.06313,0.11566,0.30000,0.20975,0:-0.090:-0.480:b-0.225:0.268:occ0;12:-0.217:-0.006:b-0.250:0.383:occ0;24:-0.282:0.346:b-0.333:0.404:occ1;36:-0.337:0.422:b-0.335:0.408:occ1;48:-0.334:0.410:b-0.331:0.406:occ1;60:-0.330:0.407:b-0.332:0.405:occ1;72:-0.331:0.406:b-0.332:0.405:occ1;84:-0.328:0.413:b-0.330:0.427:occ1;89:-0.327:0.416:b-0.326:0.415:occ1
ablate_no_branch_belief,stale_memory_trap,7,1001,,1,21,0.06398,0.08040,71,18,20,0.05190,0.08040,0.54930,0.00000,0,0.00000,0.76667,90.00000,0,0.92045,0.11583,0.30000,0.35116,0:-0.090:-0.480:b-0.242:0.322:occ0;12:-0.215:-0.005:b-0.239:0.298:occ0;24:-0.226:0.270:b-0.217:0.281:occ1;36:-0.215:0.280:b-0.210:0.253:occ1;48:-0.218:0.275:b-0.219:0.259:occ1;60:-0.224:0.269:b-0.228:0.276:occ1;72:-0.227:0.271:b-0.228:0.287:occ1;84:-0.225:0.273:b-0.226:0.281:occ1;89:-0.225:0.273:b-0.225:0.256:occ1
ablate_no_contact_update,stale_memory_trap,7,1001,,1,21,0.02390,0.03912,71,19,21,0.02281,0.03912,0.53521,0.00000,0,0.00000,0.76667,90.00000,0,0.93115,0.13435,0.30000,0.33068,0:-0.091:-0.480:b-0.272:0.318:occ0;12:-0.220:-0.004:b-0.247:0.357:occ0;24:-0.244:0.283:b-0.234:0.288:occ1;36:-0.243:0.302:b-0.250:0.295:occ1;48:-0.249:0.294:b-0.267:0.303:occ1;60:-0.245:0.291:b-0.231:0.292:occ1;72:-0.244:0.291:b-0.237:0.285:occ1;84:-0.242:0.290:b-0.259:0.298:occ1;89:-0.246:0.291:b-0.230:0.281:occ1
ablate_no_uncertainty_inflation,stale_memory_trap,7,1001,,1,21,0.05895,0.05223,71,16,18,0.03802,0.05223,0.00000,0.00000,0,0.00000,0.76667,90.00000,0,0.91764,0.04394,0.14000,0.32264,0:-0.090:-0.480:b-0.234:0.288:occ0;12:-0.211:-0.001:b-0.267:0.331:occ0;24:-0.225:0.284:b-0.221:0.296:occ1;36:-0.219:0.310:b-0.225:0.316:occ1;48:-0.218:0.303:b-0.225:0.317:occ1;60:-0.225:0.302:b-0.225:0.298:occ1;72:-0.227:0.302:b-0.231:0.309:occ1;84:-0.228:0.303:b-0.225:0.297:occ1;89:-0.227:0.302:b-0.230:0.308:occ1
ablate_no_identity_filter,stale_memory_trap,7,1001,,1,21,0.06851,0.07434,71,18,19,0.05461,0.07434,0.61972,0.00000,0,0.00000,0.76667,90.00000,0,0.92480,0.12757,0.30000,0.35420,0:-0.091:-0.480:b-0.254:0.259:occ0;12:-0.212:-0.011:b-0.254:0.297:occ0;24:-0.232:0.279:b-0.253:0.272:occ1;36:-0.251:0.277:b-0.252:0.271:occ1;48:-0.258:0.271:b-0.251:0.262:occ1;60:-0.252:0.263:b-0.251:0.263:occ1;72:-0.253:0.264:b-0.250:0.261:occ1;84:-0.255:0.268:b-0.250:0.261:occ1;89:-0.253:0.267:b-0.251:0.261:occ1
ablate_no_reacquisition_guard,stale_memory_trap,7,1001,,1,21,0.03055,0.03312,71,17,16,0.02882,0.03312,0.53521,0.00000,0,0.00000,0.76667,90.00000,0,0.92646,0.13021,0.30000,0.32672,0:-0.089:-0.480:b-0.207:0.347:occ0;12:-0.200:-0.006:b-0.228:0.289:occ0;24:-0.249:0.281:b-0.250:0.289:occ1;36:-0.263:0.303:b-0.286:0.299:occ1;48:-0.266:0.294:b-0.262:0.296:occ1;60:-0.265:0.293:b-0.257:0.289:occ1;72:-0.262:0.293:b-0.259:0.290:occ1;84:-0.267:0.294:b-0.265:0.293:occ1;89:-0.266:0.294:b-0.261:0.291:occ1
ablate_no_tail_risk_objective,stale_memory_trap,7,1001,,1,20,0.01029,0.00555,71,15,23,0.02483,0.00555,0.53521,0.00000,0,0.00000,0.77778,90.00000,0,1.12742,0.13646,0.30000,0.29413,0:-0.089:-0.480:b-0.216:0.278:occ0;12:-0.211:-0.011:b-0.314:0.232:occ0;24:-0.261:0.333:b-0.253:0.331:occ1;36:-0.268:0.325:b-0.255:0.327:occ1;48:-0.252:0.327:b-0.276:0.336:occ1;60:-0.259:0.330:b-0.250:0.327:occ1;72:-0.245:0.329:b-0.250:0.329:occ1;84:-0.266:0.335:b-0.259:0.331:occ1;89:-0.260:0.327:b-0.251:0.328:occ1
ablate_no_false_detection_rejection,stale_memory_trap,7,1001,,1,21,0.02415,0.02901,71,18,22,0.02647,0.02901,0.53521,0.00000,0,0.00000,0.76667,90.00000,0,0.96075,0.13266,0.30000,0.31254,0:-0.089:-0.480:b-0.209:0.310:occ0;12:-0.207:-0.013:b-0.197:0.246:occ0;24:-0.238:0.284:b-0.240:0.285:occ1;36:-0.249:0.300:b-0.241:0.286:occ1;48:-0.253:0.293:b-0.256:0.297:occ1;60:-0.249:0.295:b-0.239:0.283:occ1;72:-0.242:0.298:b-0.244:0.286:occ1;84:-0.245:0.295:b-0.258:0.344:occ1;89:-0.247:0.309:b-0.249:0.322:occ1
ablate_no_distractor_filter,stale_memory_trap,7,1001,,1,20,0.03004,0.06339,71,18,25,0.04261,0.06339,0.53521,0.00000,0,0.00000,0.77778,90.00000,0,0.97373,0.11762,0.30000,0.31597,0:-0.091:-0.480:b-0.256:0.303:occ0;12:-0.196:-0.006:b-0.199:0.338:occ0;24:-0.224:0.291:b-0.219:0.300:occ1;36:-0.212:0.289:b-0.209:0.265:occ1;48:-0.211:0.272:b-0.216:0.263:occ1;60:-0.218:0.272:b-0.220:0.270:occ1;72:-0.222:0.286:b-0.222:0.324:occ1;84:-0.227:0.312:b-0.221:0.297:occ1;89:-0.226:0.309:b-0.219:0.271:occ1
occlusion_aware_permanence_v4,stale_memory_trap,7,1001,,1,21,0.01743,0.02063,71,19,22,0.03078,0.02063,0.61972,0.00000,0,0.00000,0.76667,90.00000,0,0.99350,0.14724,0.30000,0.28940,0:-0.089:-0.480:b-0.209:0.256:occ0;12:-0.220:-0.006:b-0.266:0.274:occ0;24:-0.256:0.310:b-0.296:0.349:occ1;36:-0.265:0.348:b-0.246:0.327:occ1;48:-0.256:0.331:b-0.250:0.328:occ1;60:-0.249:0.327:b-0.250:0.328:occ1;72:-0.261:0.332:b-0.274:0.336:occ1;84:-0.260:0.331:b-0.267:0.334:occ1;89:-0.259:0.331:b-0.270:0.335:occ1
learned_only_branch,stale_memory_trap,7,1001,,1,21,0.00877,0.00535,71,18,13,0.02538,0.00535,0.23944,0.00000,0,0.00000,0.76667,90.00000,0,0.93808,0.08697,0.23000,0.30604,0:-0.090:-0.480:b-0.229:0.290:occ0;12:-0.213:-0.006:b-0.267:0.286:occ0;24:-0.255:0.293:b-0.265:0.310:occ1;36:-0.271:0.322:b-0.266:0.312:occ1;48:-0.274:0.316:b-0.270:0.320:occ1;60:-0.276:0.316:b-0.266:0.313:occ1;72:-0.267:0.314:b-0.294:0.322:occ1;84:-0.267:0.314:b-0.267:0.313:occ1;89:-0.269:0.314:b-0.266:0.313:occ1
occlusion_full_v5,stale_memory_trap,7,1002,,1,17,0.03054,0.03113,74,15,18,0.02527,0.03113,0.56757,0.00000,0,0.00000,0.81111,90.00000,0,0.77204,0.14564,0.30000,0.17787,0:-0.049:-0.480:b-0.101:0.192:occ0;12:-0.047:-0.034:b-0.030:0.129:occ0;24:-0.052:0.164:b-0.052:0.165:occ1;36:-0.042:0.159:b-0.045:0.155:occ1;48:-0.041:0.151:b-0.048:0.154:occ1;60:-0.042:0.149:b-0.048:0.156:occ1;72:-0.044:0.150:b-0.040:0.149:occ1;84:-0.043:0.149:b-0.040:0.149:occ1;89:-0.042:0.148:b-0.038:0.143:occ1
ablate_no_self_mask,stale_memory_trap,7,1002,,0,18,0.09417,0.09469,74,13,16,0.09367,0.09469,0.68919,0.00000,0,0.00000,0.08889,90.00000,0,0.86105,0.12567,0.30000,0.20652,0:-0.046:-0.480:b-0.003:0.133:occ0;12:-0.035:-0.051:b0.066:0.006:occ0;24:-0.005:0.220:b0.012:0.248:occ1;36:0.014:0.254:b0.012:0.252:occ1;48:0.010:0.242:b0.017:0.231:occ1;60:0.010:0.234:b0.008:0.236:occ1;72:0.009:0.242:b0.008:0.247:occ1;84:0.008:0.245:b0.008:0.247:occ1;89:0.008:0.246:b0.008:0.247:occ1
ablate_no_branch_belief,stale_memory_trap,7,1002,,1,18,0.06669,0.06666,74,15,15,0.06064,0.06666,0.55405,0.00000,0,0.00000,0.80000,90.00000,0,0.73647,0.11572,0.30000,0.19854,0:-0.046:-0.480:b0.007:0.117:occ0;12:-0.033:-0.036:b-0.014:0.121:occ0;24:-0.056:0.134:b-0.071:0.120:occ1;36:-0.071:0.125:b-0.073:0.120:occ1;48:-0.073:0.118:b-0.072:0.117:occ1;60:-0.072:0.117:b-0.070:0.115:occ1;72:-0.073:0.117:b-0.075:0.118:occ1;84:-0.074:0.118:b-0.074:0.118:occ1;89:-0.074:0.118:b-0.074:0.118:occ1
ablate_no_contact_update,stale_memory_trap,7,1002,,1,17,0.00604,0.01222,75,12,17,0.01597,0.01222,0.56000,0.00000,0,0.00000,0.81111,90.00000,0,0.80418,0.15270,0.30000,0.15893,0:-0.047:-0.480:b-0.026:0.160:occ0;12:-0.040:-0.032:b-0.017:0.145:occ0;24:-0.025:0.187:b-0.023:0.184:occ1;36:-0.015:0.177:b-0.010:0.160:occ1;48:-0.016:0.167:b-0.021:0.172:occ1;60:-0.017:0.164:b-0.023:0.171:occ1;72:-0.018:0.165:b-0.010:0.156:occ1;84:-0.016:0.162:b-0.011:0.156:occ1;89:-0.014:0.159:b-0.024:0.173:occ1
ablate_no_uncertainty_inflation,stale_memory_trap,7,1002,,1,17,0.07765,0.06833,75,13,21,0.08070,0.06833,0.00000,0.14286,0,0.00000,0.52222,90.00000,0,0.85330,0.04111,0.14000,0.11597,0:-0.049:-0.480:b-0.084:0.173:occ0;12:-0.050:-0.035:b-0.059:0.210:occ0;24:0.025:0.184:b0.032:0.180:occ1;36:0.051:0.176:b0.039:0.173:occ1;48:0.051:0.166:b0.080:0.150:occ1;60:0.052:0.164:b0.039:0.170:occ1;72:0.046:0.168:b0.063:0.160:occ1;84:0.046:0.167:b0.054:0.162:occ1;89:0.051:0.166:b0.040:0.175:occ1
ablate_no_identity_filter,stale_memory_trap,7,1002,,1,17,0.07813,0.09350,75,13,22,0.07935,0.09350,0.65333,0.09091,0,0.00000,0.66667,90.00000,0,0.83323,0.12567,0.30000,0.10866,0:-0.049:-0.480:b-0.094:0.145:occ0;12:-0.060:-0.031:b-0.016:0.144:occ0;24:0.030:0.178:b0.032:0.178:occ1;36:0.048:0.175:b0.042:0.168:occ1;48:0.050:0.161:b0.040:0.166:occ1;60:0.049:0.159:b0.037:0.167:occ1;72:0.048:0.159:b0.057:0.154:occ1;84:0.046:0.160:b0.083:0.137:occ1;89:0.052:0.158:b0.066:0.147:occ1
ablate_no_reacquisition_guard,stale_memory_trap,7,1002,,1,17,0.02068,0.01643,75,14,17,0.02115,0.01643,0.56000,0.00000,0,0.00000,0.81111,90.00000,0,0.82095,0.14737,0.30000,0.17690,0:-0.046:-0.480:b0.003:0.116:occ0;12:-0.038:-0.033:b-0.051:0.169:occ0;24:-0.028:0.187:b-0.023:0.179:occ1;36:-0.019:0.181:b-0.009:0.152:occ1;48:-0.015:0.163:b-0.014:0.156:occ1;60:-0.020:0.164:b-0.018:0.158:occ1;72:-0.018:0.160:b-0.024:0.176:occ1;84:-0.023:0.171:b-0.027:0.178:occ1;89:-0.025:0.174:b-0.016:0.153:occ1
ablate_no_tail_risk_objective,stale_memory_trap,7,1002,,0,18,0.08015,0.07586,74,14,24,0.08203,0.07586,0.55405,0.00000,0,0.00000,0.54444,90.00000,0,1.01104,0.11254,0.30000,0.19211,0:-0.047:-0.480:b-0.023:0.186:occ0;12:-0.039:-0.044:b0.005:-0.010:occ0;24:0.007:0.248:b0.008:0.237:occ1;36:0.011:0.227:b0.012:0.228:occ1;48:0.014:0.234:b0.007:0.232:occ1;60:0.009:0.232:b0.011:0.229:occ1;72:0.009:0.230:b0.009:0.226:occ1;84:0.007:0.224:b0.014:0.225:occ1;89:0.014:0.233:b0.014:0.228:occ1
ablate_no_false_detection_rejection,stale_memory_trap,7,1002,,1,17,0.04940,0.06136,74,14,15,0.05622,0.06136,0.55405,0.00000,0,0.00000,0.81111,90.00000,0,0.87956,0.12331,0.30000,0.21312,0:-0.047:-0.480:b-0.039:0.149:occ0;12:-0.046:-0.035:b-0.046:0.197:occ0;24:-0.041:0.212:b-0.042:0.231:occ1;36:-0.036:0.230:b-0.042:0.229:occ1;48:-0.028:0.209:b0.019:0.139:occ1;60:-0.036:0.202:b-0.048:0.223:occ1;72:-0.045:0.213:b-0.027:0.187:occ1;84:-0.042:0.214:b-0.047:0.219:occ1;89:-0.041:0.212:b-0.049:0.223:occ1
ablate_no_distractor_filter,stale_memory_trap,7,1002,,1,17,0.02582,0.02503,74,15,14,0.02853,0.02503,0.55405,0.00000,0,0.00000,0.81111,90.00000,0,0.81207,0.13775,0.30000,0.17036,0:-0.048:-0.480:b-0.065:0.201:occ0;12:-0.043:-0.039:b-0.092:0.137:occ0;24:-0.038:0.162:b-0.016:0.133:occ1;36:-0.022:0.142:b0.001:0.125:occ1;48:-0.020:0.132:b-0.038:0.132:occ1;60:-0.035:0.141:b-0.039:0.144:occ1;72:-0.029:0.136:b-0.036:0.142:occ1;84:-0.037:0.143:b-0.039:0.145:occ1;89:-0.036:0.142:b-0.039:0.145:occ1
occlusion_aware_permanence_v4,stale_memory_trap,7,1002,,1,17,0.01882,0.02871,74,13,19,0.02587,0.02871,0.64865,0.05263,0,0.00000,0.81111,90.00000,0,0.78749,0.16146,0.30000,0.15620,0:-0.047:-0.480:b-0.040:0.124:occ0;12:-0.033:-0.041:b0.005:0.134:occ0;24:-0.014:0.170:b-0.005:0.155:occ1;36:-0.007:0.163:b-0.009:0.157:occ1;48:-0.007:0.151:b-0.012:0.162:occ1;60:-0.010:0.155:b-0.006:0.144:occ1;72:-0.008:0.150:b-0.005:0.140:occ1;84:-0.010:0.156:b-0.012:0.161:occ1;89:-0.011:0.158:b-0.006:0.147:occ1
learned_only_branch,stale_memory_trap,7,1002,,1,17,0.02384,0.02593,74,15,13,0.02335,0.02593,0.27027,0.00000,0,0.00000,0.81111,90.00000,0,0.77942,0.09149,0.23900,0.17765,0:-0.049:-0.480:b-0.085:0.149:occ0;12:-0.034:-0.032:b-0.035:0.150:occ0;24:-0.039:0.170:b-0.045:0.169:occ1;36:-0.035:0.161:b-0.037:0.160:occ1;48:-0.034:0.154:b-0.041:0.162:occ1;60:-0.041:0.161:b-0.039:0.162:occ1;72:-0.038:0.159:b-0.039:0.161:occ1;84:-0.037:0.158:b-0.039:0.161:occ1;89:-0.037:0.157:b-0.039:0.161:occ1
occlusion_full_v5,stale_memory_trap,7,1003,,0,20,0.10432,0.10807,72,16,18,0.09665,0.10807,0.55556,0.00000,0,0.00000,0.10000,90.00000,0,1.07495,0.09192,0.30000,0.25463,0:0.045:-0.480:b0.480:0.265:occ0;12:0.357:-0.009:b0.386:0.323:occ0;24:0.391:0.327:b0.358:0.349:occ1;36:0.361:0.359:b0.358:0.346:occ1;48:0.361:0.346:b0.351:0.348:occ1;60:0.355:0.346:b0.351:0.348:occ1;72:0.355:0.347:b0.354:0.346:occ1;84:0.356:0.347:b0.359:0.346:occ1;89:0.356:0.347:b0.352:0.348:occ1
ablate_no_self_mask,stale_memory_trap,7,1003,,1,20,0.02045,0.01954,72,17,17,0.03227,0.01954,0.68056,0.00000,0,0.00000,0.77778,90.00000,0,0.98174,0.15840,0.30000,0.13207,0:0.045:-0.480:b0.422:0.286:occ0;12:0.345:-0.016:b0.400:0.220:occ0;24:0.433:0.262:b0.440:0.244:occ1;36:0.446:0.254:b0.442:0.243:occ1;48:0.443:0.244:b0.438:0.245:occ1;60:0.441:0.245:b0.439:0.246:occ1;72:0.441:0.245:b0.450:0.244:occ1;84:0.442:0.245:b0.440:0.244:occ1;89:0.441:0.245:b0.438:0.245:occ1
ablate_no_branch_belief,stale_memory_trap,7,1003,,1,20,0.07055,0.07565,72,16,22,0.06028,0.07565,0.55556,0.00000,0,0.00000,0.77778,90.00000,0,1.03326,0.11299,0.30000,0.20614,0:0.045:-0.480:b0.353:0.291:occ0;12:0.365:-0.010:b0.405:0.322:occ0;24:0.410:0.308:b0.392:0.320:occ1;36:0.394:0.328:b0.391:0.316:occ1;48:0.391:0.316:b0.393:0.314:occ1;60:0.392:0.314:b0.394:0.313:occ1;72:0.393:0.314:b0.393:0.314:occ1;84:0.393:0.314:b0.395:0.313:occ1;89:0.393:0.314:b0.388:0.317:occ1
ablate_no_contact_update,stale_memory_trap,7,1003,,1,20,0.04040,0.04566,71,16,18,0.03423,0.04566,0.53521,0.00000,0,0.00000,0.77778,90.00000,0,1.01606,0.12828,0.30000,0.19372,0:0.045:-0.480:b0.395:0.347:occ0;12:0.337:-0.015:b0.341:0.309:occ0;24:0.415:0.287:b0.424:0.297:occ1;36:0.424:0.312:b0.429:0.291:occ1;48:0.415:0.307:b0.409:0.317:occ1;60:0.413:0.311:b0.404:0.324:occ1;72:0.412:0.314:b0.414:0.311:occ1;84:0.413:0.313:b0.403:0.326:occ1;89:0.410:0.317:b0.406:0.321:occ1
ablate_no_uncertainty_inflation,stale_memory_trap,7,1003,,1,20,0.05251,0.04855,72,16,21,0.04821,0.04855,0.00000,0.00000,0,0.00000,0.77778,90.00000,0,1.02904,0.03902,0.14000,0.18499,0:0.045:-0.480:b0.425:0.252:occ0;12:0.360:-0.010:b0.379:0.239:occ0;24:0.416:0.298:b0.415:0.321:occ1;36:0.418:0.329:b0.419:0.315:occ1;48:0.418:0.316:b0.421:0.308:occ1;60:0.416:0.313:b0.413:0.315:occ1;72:0.415:0.313:b0.413:0.315:occ1;84:0.418:0.311:b0.414:0.315:occ1;89:0.417:0.312:b0.422:0.308:occ1
ablate_no_identity_filter,stale_memory_trap,7,1003,,1,21,0.04089,0.02562,71,19,18,0.03596,0.02562,0.61972,0.00000,0,0.00000,0.76667,90.00000,0,1.02819,0.14023,0.30000,0.17898,0:0.045:-0.480:b0.423:0.253:occ0;12:0.360:-0.010:b0.393:0.268:occ0;24:0.437:0.278:b0.428:0.297:occ1;36:0.434:0.301:b0.425:0.296:occ1;48:0.432:0.288:b0.414:0.311:occ1;60:0.421:0.299:b0.415:0.307:occ1;72:0.416:0.306:b0.415:0.308:occ1;84:0.419:0.304:b0.415:0.308:occ1;89:0.419:0.304:b0.441:0.279:occ1
ablate_no_reacquisition_guard,stale_memory_trap,7,1003,,1,20,0.06359,0.06389,71,17,21,0.06092,0.06389,0.53521,0.04762,0,0.00000,0.77778,90.00000,0,1.04780,0.10896,0.30000,0.18623,0:0.045:-0.480:b0.363:0.316:occ0;12:0.372:-0.011:b0.520:0.256:occ0;24:0.448:0.303:b0.431:0.335:occ1;36:0.440:0.340:b0.440:0.327:occ1;48:0.438:0.328:b0.438:0.326:occ1;60:0.435:0.326:b0.433:0.328:occ1;72:0.433:0.327:b0.430:0.332:occ1;84:0.432:0.329:b0.430:0.328:occ1;89:0.431:0.330:b0.429:0.331:occ1
ablate_no_tail_risk_objective,stale_memory_trap,7,1003,,1,20,0.05400,0.05646,71,15,19,0.04813,0.05646,0.53521,0.05263,0,0.00000,0.77778,90.00000,0,1.20299,0.11818,0.30000,0.20399,0:0.045:-0.480:b0.415:0.335:occ0;12:0.361:-0.012:b0.448:0.242:occ0;24:0.413:0.310:b0.388:0.308:occ1;36:0.392:0.295:b0.388:0.301:occ1;48:0.387:0.299:b0.388:0.302:occ1;60:0.386:0.300:b0.385:0.303:occ1;72:0.386:0.299:b0.386:0.302:occ1;84:0.387:0.305:b0.386:0.305:occ1;89:0.389:0.304:b0.386:0.305:occ1
ablate_no_false_detection_rejection,stale_memory_trap,7,1003,,1,20,0.03984,0.04993,71,19,23,0.04483,0.04993,0.53521,0.00000,0,0.00000,0.77778,90.00000,0,1.05046,0.12186,0.30000,0.18246,0:0.045:-0.480:b0.448:0.280:occ0;12:0.344:-0.010:b0.373:0.282:occ0;24:0.418:0.299:b0.420:0.329:occ1;36:0.427:0.333:b0.418:0.332:occ1;48:0.421:0.326:b0.415:0.335:occ1;60:0.432:0.313:b0.439:0.322:occ1;72:0.429:0.316:b0.451:0.286:occ1;84:0.427:0.316:b0.423:0.318:occ1;89:0.425:0.318:b0.412:0.330:occ1
ablate_no_distractor_filter,stale_memory_trap,7,1003,,1,20,0.01510,0.00552,71,17,18,0.02214,0.00552,0.53521,0.00000,0,0.00000,0.77778,90.00000,0,1.00430,0.13693,0.30000,0.16339,0:0.045:-0.480:b0.406:0.271:occ0;12:0.340:-0.007:b0.373:0.291:occ0;24:0.414:0.266:b0.405:0.262:occ1;36:0.412:0.270:b0.401:0.258:occ1;48:0.417:0.257:b0.397:0.273:occ1;60:0.412:0.268:b0.398:0.277:occ1;72:0.411:0.271:b0.418:0.270:occ1;84:0.415:0.267:b0.452:0.239:occ1;89:0.415:0.266:b0.426:0.265:occ1
occlusion_aware_permanence_v4,stale_memory_trap,7,1003,,1,20,0.06172,0.05996,72,18,12,0.05949,0.05996,0.62500,0.00000,0,0.00000,0.77778,90.00000,0,1.03832,0.12344,0.30000,0.17966,0:0.045:-0.480:b0.401:0.265:occ0;12:0.355:-0.008:b0.383:0.308:occ0;24:0.431:0.303:b0.430:0.331:occ1;36:0.435:0.338:b0.435:0.326:occ1;48:0.434:0.324:b0.438:0.316:occ1;60:0.433:0.321:b0.437:0.316:occ1;72:0.433:0.319:b0.432:0.323:occ1;84:0.432:0.320:b0.431:0.322:occ1;89:0.431:0.321:b0.429:0.319:occ1
learned_only_branch,stale_memory_trap,7,1003,,1,20,0.07043,0.07342,71,17,21,0.06666,0.07342,0.23944,0.00000,0,0.00000,0.77778,90.00000,0,1.04443,0.05725,0.23000,0.19859,0:0.045:-0.480:b0.375:0.293:occ0;12:0.370:-0.012:b0.452:0.259:occ0;24:0.429:0.301:b0.419:0.345:occ1;36:0.425:0.349:b0.421:0.341:occ1;48:0.424:0.339:b0.421:0.340:occ1;60:0.423:0.336:b0.420:0.342:occ1;72:0.421:0.337:b0.418:0.337:occ1;84:0.421:0.337:b0.418:0.339:occ1;89:0.420:0.337:b0.418:0.339:occ1
