example,split,occluded,false_detection,age,target_x,target_y
0,nominal,1,0,8,-0.19851,0.48159
1,short_self_occlusion,0,0,0,0.23523,0.29624
2,object_displacement,1,0,28,0.11863,0.41132
3,distractor_swap,0,0,9,0.22174,0.15591
4,nominal,0,0,31,-0.21070,0.24965
5,high_symmetry_layout,0,0,23,-0.33822,0.32076
6,object_displacement,0,0,14,-0.18044,0.39283
7,false_reappearance,0,0,40,0.43122,0.35154
8,high_symmetry_layout,1,0,27,-0.43360,0.26382
9,nominal,0,0,36,0.17654,0.18727
10,false_reappearance,0,0,2,0.35612,0.13117
11,end_effector_occlusion,1,0,32,0.22149,0.25593
12,near_identical_distractors,1,0,12,-0.36579,0.08668
13,stale_memory_trap,0,0,30,-0.15721,0.45158
14,combined_extreme_stress,1,1,21,0.36614,0.33207
15,long_self_occlusion,1,0,30,0.10163,0.23240
16,near_identical_distractors,1,0,2,-0.16448,0.21952
17,object_displacement,1,0,34,-0.31988,0.32028
18,object_displacement,1,0,34,0.25352,0.07503
19,false_reappearance,1,0,13,0.20560,0.45755
20,hidden_contact_drift,1,1,2,-0.35440,0.36393
21,high_symmetry_layout,1,0,18,-0.11162,0.42264
22,combined_extreme_stress,1,0,26,0.24220,0.35013
23,end_effector_occlusion,1,0,39,0.05404,0.44980
24,object_displacement,1,0,35,0.05523,0.26557
25,high_symmetry_layout,1,0,3,0.01463,0.13437
26,end_effector_occlusion,0,0,14,-0.30056,0.24697
27,hidden_contact_drift,0,0,18,0.31602,0.24025
28,nominal,0,0,11,-0.10900,0.53332
29,false_reappearance,1,0,6,0.00432,0.28708
30,hidden_contact_drift,1,1,40,-0.17580,0.19906
31,end_effector_occlusion,1,0,0,0.03947,0.41041
32,nominal,1,0,40,0.11866,0.18367
33,object_displacement,0,0,39,0.25893,0.42474
34,end_effector_occlusion,1,0,31,-0.14068,0.27793
35,end_effector_occlusion,0,0,41,0.07882,0.13532
36,stale_memory_trap,0,0,19,-0.23938,0.44595
37,stale_memory_trap,1,0,24,0.18645,0.19866
38,near_identical_distractors,1,0,30,0.39402,0.47723
39,combined_stress,1,0,29,0.24036,0.52029
40,nominal,0,0,33,0.40422,0.41957
41,short_self_occlusion,1,0,5,0.39103,0.26082
42,short_self_occlusion,1,0,19,0.38618,0.46235
43,hidden_contact_drift,1,0,9,-0.20925,0.47144
44,stale_memory_trap,1,1,38,-0.31104,0.13038
45,combined_stress,0,0,26,-0.09358,0.37016
46,false_reappearance,1,0,11,-0.04598,0.09044
47,end_effector_occlusion,1,1,7,-0.29080,0.20967
48,long_self_occlusion,1,0,6,-0.36726,0.35350
49,false_reappearance,1,1,9,-0.36175,0.32598
50,nominal,1,0,13,-0.27235,0.12726
51,false_reappearance,1,0,7,-0.16200,0.10126
52,embodiment_control_shift,1,0,16,-0.07554,0.17453
53,embodiment_control_shift,0,0,13,0.17136,0.50140
54,hidden_contact_drift,1,0,40,0.37029,0.50577
55,embodiment_control_shift,1,0,7,-0.37824,0.12135
56,hidden_contact_drift,0,0,33,-0.03103,0.19369
57,high_symmetry_layout,1,0,24,0.06404,0.16047
58,near_identical_distractors,1,1,35,0.32541,0.06399
59,false_reappearance,1,0,11,-0.03641,0.23730
60,long_self_occlusion,1,0,25,-0.34291,0.11492
61,combined_extreme_stress,0,0,4,-0.10566,0.50182
62,high_symmetry_layout,1,0,35,0.23046,0.36295
63,end_effector_occlusion,0,0,17,0.25883,0.15746
64,distractor_swap,1,1,15,0.40717,0.43071
65,combined_stress,0,0,21,-0.11819,0.12690
66,embodiment_control_shift,0,0,2,-0.25160,0.34813
67,nominal,0,0,28,-0.15963,0.28140
68,hidden_contact_drift,1,0,19,0.31672,0.40825
69,stale_memory_trap,1,0,31,0.06219,0.46921
70,combined_extreme_stress,1,1,9,0.02234,0.46044
71,false_reappearance,1,0,15,0.27084,0.55696
72,distractor_swap,1,0,28,0.12382,0.19049
73,stale_memory_trap,1,0,24,-0.28751,0.39986
74,near_identical_distractors,0,0,17,0.09619,0.16992
75,stale_memory_trap,0,0,16,-0.42977,0.37010
76,end_effector_occlusion,0,0,29,-0.25230,0.49644
77,near_identical_distractors,1,1,32,-0.24247,0.28618
78,object_displacement,0,0,31,0.32699,0.10424
79,nominal,1,0,35,0.18368,0.19410
80,high_symmetry_layout,0,0,34,0.17594,0.22905
81,camera_dropout_burst,1,1,27,0.04647,0.47519
82,nominal,1,0,26,-0.33445,0.28355
83,camera_dropout_burst,1,1,4,0.42110,0.47441
84,long_self_occlusion,1,0,5,0.31912,0.16348
85,near_identical_distractors,1,0,22,-0.08387,0.32832
86,combined_extreme_stress,1,0,27,0.12594,0.21685
87,short_self_occlusion,0,0,25,-0.43758,0.52758
88,stale_memory_trap,1,0,28,-0.48254,0.09377
89,short_self_occlusion,0,0,5,0.31186,0.22850
90,camera_dropout_burst,0,0,7,-0.25954,0.22618
91,false_reappearance,0,0,24,-0.03361,0.30587
92,object_displacement,0,0,13,0.06453,0.13334
93,camera_dropout_burst,1,1,35,0.00986,0.20768
94,false_reappearance,1,0,15,-0.03886,0.39953
95,camera_dropout_burst,1,0,8,0.05408,0.49617
96,nominal,1,0,18,0.30579,0.32106
97,camera_dropout_burst,0,0,29,-0.10706,0.47272
98,embodiment_control_shift,0,0,20,0.35209,0.04374
99,stale_memory_trap,1,1,7,0.39376,0.37121
100,combined_stress,0,0,35,-0.08634,0.40792
101,combined_stress,1,0,28,-0.02666,0.28694
102,hidden_contact_drift,1,0,26,0.34237,0.41760
103,end_effector_occlusion,0,0,17,-0.13645,0.52997
104,near_identical_distractors,1,0,38,-0.23589,0.39177
105,distractor_swap,1,0,14,0.23350,0.33609
106,embodiment_control_shift,1,0,6,0.36846,0.21400
107,stale_memory_trap,1,0,25,-0.21266,0.29285
108,end_effector_occlusion,1,1,23,0.31053,0.42500
109,camera_dropout_burst,0,0,2,0.22974,0.22393
110,short_self_occlusion,0,0,25,-0.17202,0.21475
111,hidden_contact_drift,0,0,34,-0.08335,0.48647
112,near_identical_distractors,1,0,13,0.03419,0.25109
113,object_displacement,1,0,18,-0.24498,0.51929
114,stale_memory_trap,1,0,15,-0.19796,0.48314
115,nominal,0,0,34,0.08624,0.21059
116,distractor_swap,1,0,7,-0.26597,0.44135
117,camera_dropout_burst,0,0,35,-0.32388,0.40566
118,nominal,0,0,33,0.44253,0.43731
119,distractor_swap,0,0,41,0.10958,0.38154
120,combined_stress,1,0,29,0.31060,0.48087
121,end_effector_occlusion,0,0,33,0.28835,0.19110
122,short_self_occlusion,1,0,1,0.28675,0.32662
123,distractor_swap,0,0,9,0.31372,0.07194
124,end_effector_occlusion,1,0,39,-0.08535,0.52708
125,nominal,1,0,22,-0.14783,0.36402
126,short_self_occlusion,0,0,30,-0.15316,0.14420
127,stale_memory_trap,0,0,41,-0.00770,0.35511
128,camera_dropout_burst,0,0,1,0.12451,0.34237
129,near_identical_distractors,0,0,37,0.23399,0.48193
130,nominal,1,0,38,-0.21171,0.26640
131,false_reappearance,1,0,8,-0.10714,0.47909
132,combined_stress,1,1,32,-0.34179,0.24502
133,distractor_swap,1,0,22,-0.04967,0.33540
134,object_displacement,1,0,32,0.32389,0.41223
135,distractor_swap,1,0,30,-0.36634,0.51118
136,nominal,0,0,18,0.09191,0.37343
137,high_symmetry_layout,1,1,4,0.39932,0.35167
138,long_self_occlusion,1,0,32,0.28293,0.10970
139,stale_memory_trap,1,1,2,-0.24407,0.32487
140,object_displacement,0,0,12,0.19747,0.34695
141,camera_dropout_burst,1,0,14,0.39412,0.47823
142,distractor_swap,0,0,40,0.06676,0.11486
143,high_symmetry_layout,1,0,37,0.20386,0.33125
144,high_symmetry_layout,0,0,22,0.38128,0.08302
145,stale_memory_trap,1,0,28,-0.41421,0.39314
146,embodiment_control_shift,1,0,22,0.04020,0.28104
147,combined_stress,0,0,28,-0.40024,0.13695
148,camera_dropout_burst,1,1,3,0.18104,0.50798
149,combined_extreme_stress,1,0,33,0.01035,0.35277
150,false_reappearance,0,0,20,0.04968,0.28951
151,short_self_occlusion,1,0,17,-0.18817,0.48615
152,long_self_occlusion,0,0,14,-0.46269,0.28536
153,high_symmetry_layout,0,0,41,0.07123,0.16585
154,hidden_contact_drift,1,0,23,-0.23548,0.27077
155,combined_extreme_stress,1,0,15,-0.21242,0.25204
156,camera_dropout_burst,1,1,7,-0.30672,0.51566
157,hidden_contact_drift,1,1,2,0.38595,0.22886
158,high_symmetry_layout,0,0,12,-0.34773,0.42023
159,camera_dropout_burst,1,0,5,-0.07260,0.24992
160,false_reappearance,0,0,29,0.15343,0.10343
161,object_displacement,1,1,39,-0.03842,0.37253
162,high_symmetry_layout,0,0,0,0.37939,0.10801
163,long_self_occlusion,1,0,9,-0.15185,0.26211
164,stale_memory_trap,0,0,19,0.01728,0.19572
165,false_reappearance,0,0,1,-0.30175,0.25713
166,stale_memory_trap,1,0,3,0.07643,0.15357
167,object_displacement,1,0,31,-0.25757,0.14731
168,false_reappearance,0,0,7,-0.26270,0.31532
169,long_self_occlusion,0,0,30,0.46300,0.42200
170,object_displacement,1,0,24,0.24774,0.33054
171,object_displacement,1,0,6,0.05237,0.41704
172,combined_stress,1,0,40,-0.27072,0.29010
173,end_effector_occlusion,1,0,11,-0.08826,0.26507
174,combined_extreme_stress,1,1,11,0.11881,0.29864
175,false_reappearance,0,0,38,-0.28908,0.19943
176,hidden_contact_drift,0,0,16,-0.27591,0.45381
177,stale_memory_trap,1,0,35,-0.21885,0.46914
178,embodiment_control_shift,1,1,7,0.02016,0.14400
179,hidden_contact_drift,1,0,36,-0.05549,0.43967
180,near_identical_distractors,1,1,31,0.12614,0.52492
181,high_symmetry_layout,1,0,12,-0.40167,0.44162
182,distractor_swap,0,0,21,-0.15231,0.29025
183,hidden_contact_drift,1,0,15,0.01087,0.18814
184,near_identical_distractors,1,0,14,0.00853,0.49513
185,hidden_contact_drift,1,1,31,-0.32125,0.28577
186,stale_memory_trap,0,0,28,0.32560,0.16939
187,hidden_contact_drift,1,0,14,0.39439,0.41991
188,stale_memory_trap,0,0,34,-0.01443,0.24608
189,combined_extreme_stress,1,1,20,-0.24626,0.42566
190,near_identical_distractors,0,0,41,0.37594,0.30666
191,distractor_swap,1,1,35,-0.40258,0.41383
192,near_identical_distractors,1,0,15,0.12715,0.49596
193,distractor_swap,1,0,14,0.27934,0.26765
194,false_reappearance,1,0,22,0.11926,0.19241
195,long_self_occlusion,1,0,15,0.02458,0.13867
196,stale_memory_trap,1,0,28,0.25468,0.03910
197,false_reappearance,1,1,13,0.35869,0.49851
198,long_self_occlusion,1,0,35,0.38011,0.47195
199,long_self_occlusion,1,0,15,-0.10110,0.43952
200,nominal,1,0,30,-0.29686,0.13048
201,false_reappearance,0,0,20,-0.10564,0.33765
202,false_reappearance,0,0,7,-0.31431,0.37743
203,high_symmetry_layout,0,0,4,0.22156,0.27697
204,object_displacement,1,1,30,0.14680,0.15199
205,near_identical_distractors,1,1,29,0.40764,0.46548
206,distractor_swap,0,0,12,-0.00429,0.18555
207,long_self_occlusion,1,0,2,-0.12860,0.09802
208,camera_dropout_burst,0,0,30,0.03160,0.45366
209,distractor_swap,1,0,20,0.12398,0.42956
210,long_self_occlusion,1,0,10,-0.30941,0.16354
211,false_reappearance,0,0,21,0.02503,0.14350
212,distractor_swap,1,0,35,-0.26946,0.16783
213,end_effector_occlusion,1,0,15,0.22981,0.35748
214,end_effector_occlusion,1,0,36,0.28350,0.17849
215,object_displacement,0,0,14,-0.03969,0.13726
216,near_identical_distractors,1,0,12,0.19164,0.31000
217,hidden_contact_drift,0,0,30,0.38627,0.38218
218,combined_stress,1,0,16,0.01107,0.32668
219,short_self_occlusion,1,0,27,-0.19029,0.38320
220,short_self_occlusion,1,0,9,-0.11805,0.19925
221,nominal,0,0,30,-0.32772,0.23930
222,combined_stress,0,0,41,-0.14346,0.42578
223,end_effector_occlusion,1,0,33,-0.13427,0.23362
224,hidden_contact_drift,0,0,28,-0.24906,0.27659
225,camera_dropout_burst,1,0,38,0.07326,0.39195
226,camera_dropout_burst,1,0,25,-0.06513,0.41033
227,nominal,0,0,37,-0.38765,0.47429
228,combined_stress,0,0,16,-0.38016,0.44274
229,nominal,0,0,21,0.23049,0.13469
230,combined_extreme_stress,1,0,26,0.30368,0.15383
231,hidden_contact_drift,1,0,12,0.33036,0.19608
232,high_symmetry_layout,0,0,22,-0.33376,0.49818
233,hidden_contact_drift,0,0,10,0.15662,0.12195
234,object_displacement,1,0,5,0.04896,0.13884
235,distractor_swap,0,0,12,0.11428,0.24590
236,long_self_occlusion,1,0,32,0.15504,0.30768
237,hidden_contact_drift,1,0,23,0.12844,0.52935
238,object_displacement,1,0,21,0.21883,0.33372
239,end_effector_occlusion,0,0,39,0.35015,0.15390
240,short_self_occlusion,1,1,12,0.09567,0.28529
241,hidden_contact_drift,0,0,5,0.13885,0.51836
242,end_effector_occlusion,0,0,37,-0.27864,0.24504
243,false_reappearance,1,0,1,-0.39659,0.38566
244,high_symmetry_layout,1,1,27,0.39989,0.17481
245,high_symmetry_layout,0,0,10,0.46368,0.17748
246,camera_dropout_burst,0,0,39,-0.29619,0.10720
247,false_reappearance,1,1,31,-0.17743,0.40453
248,combined_extreme_stress,1,0,32,0.30034,0.33852
249,high_symmetry_layout,0,0,21,-0.08959,0.14864
250,nominal,1,0,16,0.04832,0.15363
251,long_self_occlusion,0,0,4,0.15706,0.12419
252,camera_dropout_burst,0,0,14,-0.24101,0.23002
253,camera_dropout_burst,1,0,34,0.24917,0.45447
254,stale_memory_trap,1,1,24,0.22578,0.52518
255,near_identical_distractors,0,0,20,-0.36720,0.27671
256,object_displacement,1,1,35,-0.26777,0.22257
257,long_self_occlusion,0,0,0,-0.01138,0.37434
258,nominal,0,0,19,0.22241,0.40336
259,combined_extreme_stress,0,0,34,-0.07842,0.14247
260,hidden_contact_drift,1,0,40,0.35727,0.49238
261,combined_stress,0,0,37,0.03735,0.31973
262,high_symmetry_layout,1,1,1,-0.33899,0.29641
263,long_self_occlusion,0,0,3,0.44161,0.11370
264,high_symmetry_layout,0,0,21,0.45127,0.20893
265,nominal,1,0,7,-0.41360,0.35692
266,combined_extreme_stress,0,0,18,0.04638,0.44519
267,nominal,0,0,20,0.42362,0.33155
268,distractor_swap,0,0,18,0.20546,0.43925
269,embodiment_control_shift,0,0,21,-0.35986,0.42001
270,high_symmetry_layout,1,0,14,0.20494,0.35345
271,short_self_occlusion,1,0,37,-0.15107,0.44161
272,near_identical_distractors,0,0,19,0.17322,0.51941
273,end_effector_occlusion,0,0,9,-0.35249,0.24658
274,camera_dropout_burst,1,1,20,-0.36712,0.55273
275,camera_dropout_burst,0,0,4,-0.04706,0.11265
276,combined_extreme_stress,1,1,25,-0.36725,0.31833
277,near_identical_distractors,1,0,30,-0.43708,0.08664
278,long_self_occlusion,0,0,7,-0.34226,0.43706
279,hidden_contact_drift,0,0,9,-0.03715,0.11467
280,distractor_swap,0,0,19,0.04937,0.50450
281,long_self_occlusion,1,0,13,0.10614,0.33090
282,hidden_contact_drift,0,0,5,-0.04040,0.23072
283,hidden_contact_drift,0,0,7,-0.34146,0.11602
284,high_symmetry_layout,1,1,5,-0.14380,0.20723
285,short_self_occlusion,1,0,31,-0.35369,0.14058
286,hidden_contact_drift,1,1,39,-0.28944,0.37284
287,nominal,1,0,37,0.16860,0.11179
288,hidden_contact_drift,1,0,26,-0.18716,0.50781
289,hidden_contact_drift,0,0,23,-0.01078,0.13503
290,distractor_swap,1,1,2,-0.00234,0.49687
291,stale_memory_trap,1,0,30,-0.30151,0.24728
292,long_self_occlusion,1,0,14,-0.03195,0.39948
293,distractor_swap,1,0,40,0.03961,0.45490
294,short_self_occlusion,0,0,14,-0.24798,0.12343
295,near_identical_distractors,1,1,20,0.18730,0.35705
296,embodiment_control_shift,1,0,8,-0.05887,0.34297
297,long_self_occlusion,0,0,3,-0.01234,0.38008
298,short_self_occlusion,0,0,30,-0.17286,0.30428
299,long_self_occlusion,1,1,35,-0.34537,0.15928
300,near_identical_distractors,0,0,2,0.20756,0.45792
301,near_identical_distractors,1,0,27,-0.19201,0.31170
302,near_identical_distractors,0,0,37,0.03782,0.08604
303,object_displacement,0,0,9,0.05374,0.21133
304,nominal,1,0,37,0.25942,0.44390
305,high_symmetry_layout,0,0,39,0.33826,0.18778
306,nominal,0,0,38,0.33733,0.32498
307,false_reappearance,1,0,36,0.17352,0.33499
308,distractor_swap,1,0,34,-0.10347,0.11494
309,nominal,1,0,7,-0.24966,0.13976
310,end_effector_occlusion,0,0,6,-0.27599,0.34293
311,stale_memory_trap,1,0,27,0.01511,0.24602
312,high_symmetry_layout,1,0,15,-0.10016,0.38835
313,stale_memory_trap,0,0,19,-0.18085,0.15710
314,high_symmetry_layout,0,0,38,0.20283,0.44544
315,camera_dropout_burst,1,0,2,-0.20720,0.23063
316,end_effector_occlusion,0,0,38,-0.35710,0.31600
317,embodiment_control_shift,0,0,21,0.04935,0.19379
318,stale_memory_trap,1,0,37,0.33159,0.35432
319,object_displacement,1,1,32,0.21133,0.33421
320,embodiment_control_shift,1,0,0,0.05289,0.16869
321,nominal,0,0,27,0.22188,0.30253
322,short_self_occlusion,1,0,12,0.16494,0.12426
323,embodiment_control_shift,1,0,28,-0.35498,0.12483
324,combined_stress,0,0,25,-0.27704,0.20380
325,false_reappearance,1,0,32,0.25766,0.15630
326,end_effector_occlusion,1,0,10,0.07090,0.23308
327,false_reappearance,1,0,32,0.00813,0.12943
328,high_symmetry_layout,1,0,13,-0.20071,0.22485
329,hidden_contact_drift,0,0,20,-0.28222,0.26414
330,end_effector_occlusion,1,0,22,-0.08622,0.42989
331,short_self_occlusion,1,0,7,0.13792,0.40771
332,camera_dropout_burst,1,1,28,0.31615,0.14823
333,combined_extreme_stress,1,1,7,0.31330,0.25987
334,nominal,1,0,40,-0.19976,0.14324
335,long_self_occlusion,1,0,27,-0.35602,0.44727
336,nominal,0,0,8,-0.23496,0.08296
337,near_identical_distractors,1,1,25,-0.28686,0.36293
338,combined_stress,1,0,33,0.22138,0.29583
339,distractor_swap,1,0,6,-0.18745,0.22544
340,stale_memory_trap,1,0,7,0.24533,0.46227
341,nominal,1,0,20,-0.42526,0.41307
342,end_effector_occlusion,0,0,9,0.35144,0.45197
343,nominal,1,0,5,-0.21747,0.49923
344,high_symmetry_layout,1,0,29,0.14530,0.11275
345,embodiment_control_shift,1,0,37,-0.22277,0.29594
346,stale_memory_trap,1,0,10,0.23521,0.44924
347,embodiment_control_shift,1,0,10,-0.19297,0.43546
348,nominal,1,0,12,0.15045,0.28873
349,hidden_contact_drift,0,0,38,-0.03426,0.27681
350,object_displacement,1,0,5,-0.26230,0.16598
351,object_displacement,0,0,39,-0.12255,0.12839
352,short_self_occlusion,0,0,1,0.32833,0.42063
353,false_reappearance,1,0,5,-0.40991,0.28433
354,camera_dropout_burst,0,0,28,0.21875,0.42433
355,stale_memory_trap,1,0,39,0.12061,0.13838
356,stale_memory_trap,1,1,10,-0.07189,0.31271
357,stale_memory_trap,0,0,3,-0.37829,0.34851
358,near_identical_distractors,0,0,4,0.11694,0.21411
359,object_displacement,1,1,19,0.13744,0.27062
360,combined_extreme_stress,1,1,4,0.29255,0.35668
361,camera_dropout_burst,0,0,39,0.36053,0.24351
362,high_symmetry_layout,1,0,15,0.18045,0.34591
363,nominal,1,0,25,-0.19721,0.17158
364,hidden_contact_drift,1,0,4,0.21673,0.35929
365,combined_stress,1,0,18,0.45951,0.41437
366,high_symmetry_layout,0,0,24,-0.26097,0.50928
367,end_effector_occlusion,0,0,25,0.09393,0.46289
368,object_displacement,1,0,20,0.08644,0.17496
369,end_effector_occlusion,1,0,20,0.16132,0.16723
370,false_reappearance,1,1,4,-0.41362,0.16827
371,short_self_occlusion,1,1,33,0.22027,0.25218
372,false_reappearance,1,1,24,0.39528,0.35866
373,end_effector_occlusion,1,0,19,0.06427,0.18951
374,hidden_contact_drift,1,0,29,0.38057,0.36691
375,high_symmetry_layout,0,0,36,0.17163,0.23714
376,combined_extreme_stress,1,1,40,-0.43841,0.03774
377,hidden_contact_drift,1,0,32,-0.36779,0.32615
378,stale_memory_trap,1,0,8,0.39062,0.37597
379,near_identical_distractors,1,1,35,-0.31686,0.52831
380,false_reappearance,1,0,1,-0.42604,0.50530
381,embodiment_control_shift,0,0,2,-0.39953,0.44377
382,hidden_contact_drift,0,0,33,0.36605,0.09235
383,hidden_contact_drift,0,0,23,-0.47635,0.11891
384,combined_stress,1,1,30,-0.25728,0.14907
385,stale_memory_trap,0,0,9,0.08650,0.15046
386,short_self_occlusion,0,0,15,0.18168,0.35492
387,false_reappearance,0,0,2,0.14504,0.35958
388,false_reappearance,0,0,22,0.11805,0.49100
389,combined_extreme_stress,1,0,30,-0.40806,0.53789
390,stale_memory_trap,0,0,5,0.46418,0.21958
391,end_effector_occlusion,1,0,3,0.42110,0.38846
392,combined_extreme_stress,1,1,24,0.28076,0.34783
393,near_identical_distractors,1,0,24,0.21177,0.12776
394,high_symmetry_layout,1,0,13,-0.40103,0.11075
395,stale_memory_trap,1,0,35,0.21164,0.52038
396,short_self_occlusion,0,0,27,0.02295,0.30100
397,false_reappearance,0,0,15,-0.17552,0.20532
398,embodiment_control_shift,1,1,0,0.17651,0.29076
399,long_self_occlusion,1,1,16,-0.17404,0.36824
400,end_effector_occlusion,1,0,23,-0.24416,0.24052
401,false_reappearance,1,1,21,0.37506,0.42949
402,short_self_occlusion,1,0,16,-0.13296,0.09725
403,camera_dropout_burst,0,0,6,-0.02012,0.32824
404,near_identical_distractors,1,0,11,-0.16481,0.23246
405,short_self_occlusion,1,0,30,0.38828,0.36981
406,short_self_occlusion,1,0,21,-0.09352,0.26231
407,distractor_swap,0,0,25,0.29804,0.12968
408,end_effector_occlusion,0,0,19,0.02988,0.19123
409,end_effector_occlusion,1,0,3,0.00438,0.36746
410,combined_extreme_stress,0,0,37,-0.29280,0.11061
411,object_displacement,0,0,22,-0.05636,0.29033
412,distractor_swap,0,0,41,-0.07993,0.46018
413,nominal,0,0,14,0.42339,0.45999
414,distractor_swap,1,0,3,-0.36607,0.39916
415,camera_dropout_burst,1,0,34,0.12137,0.35965
416,end_effector_occlusion,1,0,16,0.25841,0.46782
417,high_symmetry_layout,1,1,9,0.43234,0.11310
418,hidden_contact_drift,1,0,15,0.44084,0.40695
419,long_self_occlusion,1,0,1,0.30751,0.12881
420,combined_stress,0,0,41,-0.07569,0.41840
421,hidden_contact_drift,1,0,1,0.14185,0.19104
422,long_self_occlusion,1,0,11,-0.15818,0.35160
423,embodiment_control_shift,1,0,20,0.12094,0.35733
424,near_identical_distractors,0,0,22,-0.01663,0.51823
425,combined_stress,0,0,6,-0.38913,0.17059
426,short_self_occlusion,1,0,25,-0.00977,0.43152
427,object_displacement,0,0,8,-0.09436,0.49258
428,nominal,1,0,1,0.36891,0.16192
429,long_self_occlusion,1,0,27,0.32790,0.31774
430,short_self_occlusion,1,0,33,0.26864,0.17633
431,long_self_occlusion,1,1,21,-0.40698,0.50102
432,stale_memory_trap,1,1,29,0.34305,0.44847
433,long_self_occlusion,1,0,9,-0.30107,0.19676
434,long_self_occlusion,1,0,31,-0.05603,0.44626
435,false_reappearance,0,0,28,0.41691,0.31212
436,hidden_contact_drift,1,0,23,-0.07303,0.22569
437,end_effector_occlusion,1,0,18,-0.23086,0.25314
438,combined_extreme_stress,0,0,24,0.36449,0.16522
439,embodiment_control_shift,1,0,11,-0.01837,0.49670
440,end_effector_occlusion,1,0,36,-0.27333,0.09456
441,stale_memory_trap,1,0,24,-0.36356,0.07828
442,stale_memory_trap,1,0,30,0.06181,0.29860
443,embodiment_control_shift,1,0,39,0.38142,0.08557
444,object_displacement,1,0,4,0.10896,0.27547
445,embodiment_control_shift,0,0,18,-0.05853,0.24955
446,camera_dropout_burst,0,0,9,-0.16119,0.21493
447,short_self_occlusion,0,0,37,0.21760,0.22724
448,near_identical_distractors,0,0,24,-0.42798,0.21682
449,near_identical_distractors,0,0,22,0.00103,0.41019
450,high_symmetry_layout,1,0,31,-0.31466,0.28973
451,stale_memory_trap,1,0,10,0.44212,0.05351
452,hidden_contact_drift,1,0,7,-0.18883,0.42225
453,end_effector_occlusion,1,0,36,0.31916,0.31678
454,object_displacement,1,0,27,-0.25262,0.30622
455,stale_memory_trap,0,0,9,-0.17246,0.10532
456,short_self_occlusion,1,0,40,0.41143,0.15257
457,short_self_occlusion,1,0,23,-0.37565,0.12752
458,distractor_swap,0,0,18,0.13507,0.46999
459,distractor_swap,1,1,3,0.22710,0.29601
460,false_reappearance,1,1,18,-0.34929,0.07865
461,hidden_contact_drift,1,1,31,0.09070,0.21310
462,combined_extreme_stress,1,1,22,-0.14284,0.30094
463,combined_extreme_stress,0,0,27,-0.36040,0.34557
464,distractor_swap,1,0,34,0.20044,0.19334
465,near_identical_distractors,0,0,20,-0.09086,0.14572
466,long_self_occlusion,1,0,0,-0.09733,0.26685
467,hidden_contact_drift,0,0,16,0.35365,0.34814
468,hidden_contact_drift,0,0,11,-0.35244,0.26681
469,long_self_occlusion,0,0,21,-0.04168,0.49317
470,camera_dropout_burst,1,0,7,0.18999,0.38007
471,end_effector_occlusion,0,0,15,0.32329,0.10090
472,embodiment_control_shift,1,0,30,-0.13491,0.14655
473,embodiment_control_shift,1,0,30,-0.23562,0.38371
474,combined_extreme_stress,0,0,17,-0.18262,0.28821
475,near_identical_distractors,1,0,23,-0.44639,0.09924
476,distractor_swap,0,0,25,-0.23015,0.25972
477,combined_stress,1,0,27,0.42305,0.48100
478,false_reappearance,1,0,1,-0.24537,0.25437
479,camera_dropout_burst,1,0,32,-0.41245,0.08533
480,end_effector_occlusion,0,0,36,0.20139,0.13610
481,embodiment_control_shift,1,0,2,0.30455,0.42291
482,distractor_swap,0,0,32,-0.19021,0.39769
483,object_displacement,1,0,16,-0.37581,0.38015
484,short_self_occlusion,1,0,20,0.12766,0.35175
485,near_identical_distractors,0,0,16,0.32512,0.29745
486,stale_memory_trap,1,0,0,0.02148,0.48413
487,combined_stress,0,0,34,-0.24080,0.24040
488,nominal,1,0,22,-0.14078,0.50529
489,embodiment_control_shift,1,0,17,-0.40135,0.15796
490,camera_dropout_burst,0,0,4,-0.13156,0.45618
491,combined_stress,1,0,14,0.42808,0.43345
492,long_self_occlusion,1,0,10,0.00410,0.21813
493,stale_memory_trap,1,0,1,-0.21204,0.18918
494,combined_stress,0,0,7,-0.26688,0.34038
495,embodiment_control_shift,1,1,17,0.15541,0.45331
496,combined_stress,1,0,8,-0.33655,0.12067
497,stale_memory_trap,1,1,37,-0.03330,0.44755
498,stale_memory_trap,1,0,8,-0.41809,0.21130
499,camera_dropout_burst,0,0,16,-0.31327,0.50827
500,combined_extreme_stress,1,0,0,-0.20516,0.53291
501,false_reappearance,1,0,13,-0.10556,0.21467
502,camera_dropout_burst,0,0,5,0.07436,0.11106
503,combined_stress,1,1,6,-0.11212,0.09985
504,near_identical_distractors,1,0,0,0.06956,0.08128
505,stale_memory_trap,0,0,15,-0.48292,0.31817
506,long_self_occlusion,1,0,34,0.06509,0.10892
507,embodiment_control_shift,1,1,41,0.11905,0.11304
508,long_self_occlusion,0,0,35,0.33765,0.28856
509,object_displacement,0,0,36,0.13526,0.33178
510,camera_dropout_burst,0,0,11,-0.22464,0.33461
511,object_displacement,1,0,40,0.47694,0.56981
512,combined_extreme_stress,1,0,2,-0.43980,0.11930
513,near_identical_distractors,0,0,13,0.03639,0.16207
514,short_self_occlusion,1,0,2,-0.38146,0.50579
515,distractor_swap,1,0,30,-0.31477,0.26173
516,high_symmetry_layout,1,0,22,-0.00850,0.29476
517,high_symmetry_layout,0,0,39,0.14889,0.48051
518,combined_stress,0,0,25,-0.27346,0.11441
519,long_self_occlusion,1,0,9,0.03410,0.43028
520,hidden_contact_drift,1,0,7,0.26194,0.19196
521,combined_stress,0,0,27,0.24425,0.19700
522,embodiment_control_shift,1,0,15,-0.19654,0.29031
523,nominal,1,0,5,0.00120,0.22550
524,stale_memory_trap,0,0,40,0.53597,0.11806
525,end_effector_occlusion,1,0,18,0.43022,0.30048
526,combined_extreme_stress,0,0,6,0.18443,0.34564
527,stale_memory_trap,0,0,29,0.41541,0.37283
528,object_displacement,1,0,22,0.10233,0.47795
529,embodiment_control_shift,0,0,36,0.43572,0.38571
530,camera_dropout_burst,0,0,38,-0.23134,0.53490
531,distractor_swap,1,1,22,0.16057,0.13307
532,combined_stress,1,0,10,-0.38898,0.17684
533,high_symmetry_layout,0,0,36,0.19058,0.33382
534,end_effector_occlusion,1,0,8,0.42666,0.11076
535,combined_extreme_stress,0,0,41,-0.31667,0.36803
536,near_identical_distractors,1,0,35,0.02375,0.41403
537,nominal,0,0,26,0.09282,0.09289
538,long_self_occlusion,1,0,8,0.10659,0.22878
539,hidden_contact_drift,1,0,22,0.29896,0.47660
540,false_reappearance,1,1,18,-0.39860,0.41279
541,embodiment_control_shift,0,0,41,0.07212,0.14689
542,stale_memory_trap,1,0,40,-0.17196,0.32030
543,false_reappearance,1,0,41,0.27840,0.12292
544,near_identical_distractors,1,0,32,-0.15596,0.50820
545,high_symmetry_layout,1,1,29,0.04571,0.49384
546,distractor_swap,1,1,26,-0.30032,0.16703
547,hidden_contact_drift,0,0,15,-0.14376,0.14883
548,long_self_occlusion,1,1,13,0.33152,0.10669
549,end_effector_occlusion,0,0,11,0.20005,0.13284
550,object_displacement,1,0,8,0.35578,0.24205
551,embodiment_control_shift,1,0,8,0.22238,0.20454
552,camera_dropout_burst,1,0,11,-0.09797,0.50548
553,combined_extreme_stress,0,0,36,0.40263,0.43534
554,short_self_occlusion,1,1,41,-0.03350,0.42757
555,camera_dropout_burst,0,0,9,0.37116,0.07166
556,near_identical_distractors,0,0,12,-0.11029,0.24698
557,camera_dropout_burst,1,1,32,-0.04589,0.07945
558,hidden_contact_drift,1,0,15,0.37875,0.31666
559,long_self_occlusion,1,0,29,0.45619,0.22487
560,near_identical_distractors,1,1,6,-0.18027,0.33778
561,long_self_occlusion,1,0,1,0.12004,0.41888
562,high_symmetry_layout,1,0,25,-0.20734,0.24557
563,stale_memory_trap,1,0,30,0.40972,0.16329
564,object_displacement,1,0,23,0.12494,0.25789
565,high_symmetry_layout,1,1,23,0.39111,0.52814
566,hidden_contact_drift,0,0,35,0.23927,0.14800
567,stale_memory_trap,1,1,25,0.17962,0.21078
568,combined_extreme_stress,0,0,20,0.06770,0.16340
569,short_self_occlusion,1,0,8,-0.15728,0.25406
570,hidden_contact_drift,1,0,38,-0.19139,0.41415
571,end_effector_occlusion,0,0,1,0.37425,0.22106
572,combined_extreme_stress,0,0,31,0.14621,0.50987
573,stale_memory_trap,1,1,15,-0.18526,0.34305
574,nominal,1,0,15,0.02826,0.23462
575,embodiment_control_shift,0,0,9,0.12410,0.19286
576,combined_extreme_stress,0,0,7,-0.12479,0.28183
577,hidden_contact_drift,1,0,11,0.26771,0.42885
578,hidden_contact_drift,0,0,21,0.36046,0.17809
579,high_symmetry_layout,1,1,33,-0.10840,0.35154
580,near_identical_distractors,0,0,33,-0.35300,0.40483
581,false_reappearance,1,0,31,-0.24823,0.35213
582,distractor_swap,1,0,21,0.25510,0.51540
583,camera_dropout_burst,1,1,41,-0.37666,0.32184
584,combined_stress,1,0,3,0.04870,0.36633
585,near_identical_distractors,0,0,12,-0.07893,0.39056
586,high_symmetry_layout,0,0,22,0.03046,0.43877
587,combined_extreme_stress,1,1,9,-0.00215,0.37659
588,nominal,1,0,16,-0.25602,0.34373
589,long_self_occlusion,0,0,12,-0.45297,0.11184
590,near_identical_distractors,1,1,23,0.33846,0.21563
591,nominal,1,0,2,0.13265,0.13484
592,combined_extreme_stress,0,0,9,-0.31881,0.35517
593,camera_dropout_burst,0,0,5,0.29151,0.51919
594,hidden_contact_drift,1,0,11,-0.35468,0.21831
595,camera_dropout_burst,1,0,4,-0.18467,0.27581
596,stale_memory_trap,1,0,27,-0.34573,0.41333
597,stale_memory_trap,1,1,0,0.43760,0.17995
598,near_identical_distractors,1,1,0,-0.30768,0.13299
599,combined_stress,0,0,30,-0.05876,0.31480
600,short_self_occlusion,1,0,27,-0.18266,0.36471
601,embodiment_control_shift,0,0,9,0.43175,0.51161
602,object_displacement,1,0,27,0.09146,0.44572
603,stale_memory_trap,1,0,41,-0.29441,0.36128
604,embodiment_control_shift,0,0,17,0.37344,0.08986
605,hidden_contact_drift,1,0,19,-0.44235,0.43781
606,embodiment_control_shift,1,0,39,-0.14796,0.11472
607,false_reappearance,0,0,24,0.31078,0.32634
608,stale_memory_trap,1,0,30,0.22430,0.24281
609,end_effector_occlusion,0,0,28,0.33102,0.34497
610,near_identical_distractors,0,0,19,-0.34690,0.22256
611,stale_memory_trap,0,0,4,-0.07105,0.25115
612,end_effector_occlusion,0,0,23,0.11110,0.16851
613,nominal,0,0,4,0.45726,0.19363
614,short_self_occlusion,0,0,3,0.42037,0.45009
615,embodiment_control_shift,1,0,16,0.07685,0.37607
616,short_self_occlusion,0,0,7,-0.39258,0.27552
617,nominal,0,0,5,0.46100,0.25033
618,near_identical_distractors,1,0,40,0.15626,0.20413
619,combined_extreme_stress,1,1,17,-0.27376,0.57691
620,false_reappearance,0,0,41,0.24553,0.17107
621,combined_extreme_stress,1,0,24,-0.38761,0.36679
622,object_displacement,1,0,23,-0.31099,0.55890
623,false_reappearance,0,0,24,-0.09894,0.52092
624,stale_memory_trap,1,0,35,-0.00423,0.12791
625,combined_extreme_stress,1,0,3,-0.05570,0.20920
626,near_identical_distractors,1,0,24,-0.24813,0.13846
627,high_symmetry_layout,1,0,29,-0.34033,0.39730
628,distractor_swap,1,0,23,-0.23269,0.20725
629,high_symmetry_layout,0,0,18,-0.42367,0.18052
630,stale_memory_trap,1,0,35,0.14569,0.21843
631,combined_extreme_stress,0,0,26,0.26564,0.29771
632,hidden_contact_drift,1,0,39,0.30797,0.07218
633,embodiment_control_shift,0,0,20,0.12795,0.46333
634,distractor_swap,1,1,7,0.10905,0.45053
635,near_identical_distractors,0,0,21,-0.27041,0.36491
636,near_identical_distractors,0,0,28,0.14261,0.28015
637,combined_extreme_stress,0,0,34,-0.20576,0.19940
638,false_reappearance,1,0,20,0.01670,0.21457
639,short_self_occlusion,1,0,13,-0.18812,0.39664
640,near_identical_distractors,1,0,5,0.15307,0.37444
641,distractor_swap,0,0,28,0.29429,0.44839
642,combined_stress,0,0,30,-0.32018,0.23656
643,combined_extreme_stress,1,0,38,-0.03454,0.02150
644,short_self_occlusion,1,0,35,0.35334,0.17419
645,hidden_contact_drift,0,0,25,-0.29014,0.46067
646,combined_stress,0,0,21,0.29645,0.08234
647,long_self_occlusion,0,0,18,0.34983,0.47247
648,long_self_occlusion,1,0,4,0.36696,0.40210
649,embodiment_control_shift,1,0,7,-0.34755,0.35441
650,false_reappearance,1,0,24,-0.21757,0.12400
651,object_displacement,0,0,22,0.21403,0.45865
652,near_identical_distractors,0,0,11,-0.32119,0.09267
653,near_identical_distractors,1,1,38,-0.09181,0.37444
654,embodiment_control_shift,0,0,1,-0.00279,0.10183
655,false_reappearance,1,1,15,0.31562,0.42710
656,long_self_occlusion,1,0,18,0.25883,0.26356
657,object_displacement,1,1,36,0.17771,0.24674
658,stale_memory_trap,0,0,12,0.27477,0.31476
659,distractor_swap,1,0,2,0.29777,0.27430
660,end_effector_occlusion,1,0,15,0.33657,0.10768
661,stale_memory_trap,1,0,9,-0.22732,0.11750
662,embodiment_control_shift,0,0,4,0.10834,0.38933
663,near_identical_distractors,0,0,36,-0.07453,0.36442
664,high_symmetry_layout,1,0,19,-0.22740,0.26637
665,long_self_occlusion,0,0,23,0.33846,0.15037
666,distractor_swap,0,0,11,0.16573,0.22303
667,combined_extreme_stress,1,0,9,0.33010,0.42178
668,stale_memory_trap,1,1,7,-0.15740,0.15974
669,stale_memory_trap,1,1,39,0.03176,0.30362
670,false_reappearance,1,1,7,-0.08365,0.15108
671,embodiment_control_shift,1,0,11,-0.04658,0.52102
672,end_effector_occlusion,0,0,8,0.02314,0.36082
673,embodiment_control_shift,0,0,16,0.14913,0.25564
674,hidden_contact_drift,0,0,17,0.20554,0.47932
675,combined_extreme_stress,1,0,30,-0.09493,0.25006
676,false_reappearance,0,0,5,-0.22812,0.45768
677,end_effector_occlusion,1,0,0,0.13043,0.16377
678,short_self_occlusion,1,0,18,-0.11280,0.30031
679,stale_memory_trap,1,0,0,-0.37624,0.40861
680,long_self_occlusion,1,0,24,0.14514,0.30996
681,high_symmetry_layout,1,1,19,0.23899,0.27255
682,nominal,1,0,15,-0.32835,0.25443
683,hidden_contact_drift,1,0,35,0.24477,0.12835
684,false_reappearance,1,0,12,-0.25467,0.44361
685,near_identical_distractors,0,0,12,-0.01652,0.30838
686,object_displacement,1,0,23,-0.17224,0.48001
687,end_effector_occlusion,0,0,31,0.33497,0.33380
688,combined_extreme_stress,1,0,26,0.10433,0.44061
689,near_identical_distractors,1,0,21,-0.17884,0.14307
690,combined_extreme_stress,0,0,38,0.42443,0.17832
691,stale_memory_trap,1,0,15,0.48660,0.33868
692,distractor_swap,1,0,38,0.08014,0.36266
693,hidden_contact_drift,0,0,41,-0.38218,0.49999
694,near_identical_distractors,1,0,27,0.43803,0.30571
695,long_self_occlusion,1,1,23,-0.09410,0.37141
696,combined_stress,1,1,26,0.38346,0.28423
697,camera_dropout_burst,0,0,8,-0.38616,0.51467
698,combined_extreme_stress,1,0,28,0.41508,0.24269
699,short_self_occlusion,1,0,24,0.11819,0.26712
700,near_identical_distractors,0,0,22,0.15054,0.36614
701,object_displacement,1,1,35,0.26448,0.27804
702,hidden_contact_drift,0,0,12,-0.04053,0.46164
703,combined_extreme_stress,1,1,39,-0.31112,0.27546
704,combined_extreme_stress,0,0,2,-0.12692,0.29498
705,false_reappearance,0,0,11,-0.13314,0.54494
706,near_identical_distractors,1,0,41,0.16589,0.15978
707,camera_dropout_burst,1,1,27,0.41528,0.50230
708,high_symmetry_layout,0,0,37,-0.21760,0.27106
709,nominal,0,0,10,-0.29191,0.07767
710,short_self_occlusion,1,0,5,0.34394,0.23997
711,embodiment_control_shift,0,0,39,-0.13121,0.32917
712,object_displacement,0,0,6,-0.39083,0.26995
713,false_reappearance,0,0,26,0.39809,0.28971
714,high_symmetry_layout,0,0,6,0.25679,0.32752
715,short_self_occlusion,1,0,41,0.42198,0.34906
716,combined_extreme_stress,1,1,38,0.34088,0.40125
717,combined_extreme_stress,1,0,4,0.39974,0.34976
718,nominal,1,0,28,0.06382,0.15943
719,high_symmetry_layout,0,0,11,0.10605,0.29445
720,object_displacement,1,1,33,-0.25589,0.19496
721,nominal,1,0,14,0.15345,0.22191
722,hidden_contact_drift,0,0,24,-0.16849,0.23445
723,object_displacement,1,0,6,-0.07465,0.52076
724,near_identical_distractors,1,0,11,0.03231,0.22077
725,combined_stress,0,0,29,-0.08576,0.14768
726,near_identical_distractors,1,0,30,0.28230,0.25780
727,camera_dropout_burst,1,1,26,-0.02348,0.05925
728,camera_dropout_burst,0,0,33,0.41401,0.29399
729,nominal,1,0,8,-0.39924,0.40026
730,camera_dropout_burst,1,0,39,-0.28085,0.33160
731,combined_stress,1,0,41,0.07273,0.38327
732,stale_memory_trap,0,0,22,-0.10143,0.19760
733,distractor_swap,1,0,41,-0.37340,0.22019
734,object_displacement,1,0,0,0.05676,0.25923
735,stale_memory_trap,1,0,36,-0.21435,0.46955
736,camera_dropout_burst,1,0,14,-0.26739,0.17227
737,stale_memory_trap,1,0,32,-0.40008,0.15189
738,object_displacement,0,0,34,-0.36825,0.05611
739,near_identical_distractors,1,0,41,0.04721,0.51596
740,camera_dropout_burst,1,0,25,0.34935,0.34783
741,false_reappearance,0,0,16,0.41331,0.41850
742,stale_memory_trap,0,0,41,0.07032,0.34509
743,embodiment_control_shift,1,1,36,0.40287,0.36986
744,long_self_occlusion,1,0,9,0.05787,0.27828
745,false_reappearance,1,1,14,0.07105,0.43698
746,embodiment_control_shift,0,0,7,0.01228,0.14028
747,hidden_contact_drift,1,1,38,-0.15703,0.15036
748,short_self_occlusion,1,0,4,-0.22035,0.21941
749,hidden_contact_drift,1,0,18,-0.30412,0.47878
750,combined_extreme_stress,0,0,26,0.13781,0.19608
751,combined_stress,1,0,8,-0.34400,0.27491
752,embodiment_control_shift,0,0,14,0.00616,0.19148
753,near_identical_distractors,0,0,40,0.21264,0.22532
754,high_symmetry_layout,1,0,2,-0.26683,0.53419
755,object_displacement,0,0,12,0.36162,0.53322
756,combined_extreme_stress,0,0,39,-0.12063,0.51165
757,distractor_swap,1,0,21,-0.12609,0.27712
758,stale_memory_trap,1,0,8,-0.40103,0.29205
759,near_identical_distractors,1,0,21,-0.10972,0.43359
760,distractor_swap,0,0,19,-0.36228,0.29347
761,combined_stress,1,1,41,-0.47927,0.30706
762,nominal,1,0,27,0.43686,0.45971
763,combined_stress,0,0,40,-0.49301,0.44144
764,high_symmetry_layout,0,0,25,0.36508,0.53506
765,end_effector_occlusion,0,0,6,-0.31983,0.35239
766,long_self_occlusion,1,0,14,-0.31113,0.42591
767,false_reappearance,0,0,34,0.06882,0.42135
768,short_self_occlusion,1,0,39,-0.26937,0.24826
769,high_symmetry_layout,0,0,12,0.11572,0.11152
770,camera_dropout_burst,0,0,2,-0.42345,0.48277
771,object_displacement,0,0,17,0.24774,0.47912
772,end_effector_occlusion,1,0,15,-0.27293,0.13642
773,distractor_swap,0,0,1,-0.41616,0.52845
774,combined_stress,1,0,16,0.02710,0.29072
775,combined_stress,1,0,6,0.23278,0.09602
776,distractor_swap,0,0,25,0.28476,0.08944
777,long_self_occlusion,1,1,3,0.10949,0.43098
778,hidden_contact_drift,0,0,8,-0.26149,0.18475
779,false_reappearance,1,1,19,-0.23806,0.14238
780,nominal,1,0,26,-0.26609,0.10892
781,nominal,0,0,18,0.06984,0.34053
782,distractor_swap,1,0,5,0.14047,0.15741
783,object_displacement,1,0,27,-0.39846,0.04627
784,stale_memory_trap,0,0,37,0.32649,0.12413
785,high_symmetry_layout,1,0,17,-0.38255,0.07734
786,combined_extreme_stress,1,0,41,-0.40697,0.37316
787,combined_stress,0,0,30,-0.18391,0.32304
788,camera_dropout_burst,0,0,31,0.29846,0.43597
789,embodiment_control_shift,1,0,36,-0.16556,0.40757
790,end_effector_occlusion,1,0,15,0.44337,0.38923
791,combined_stress,1,0,14,0.45610,0.39537
792,near_identical_distractors,0,0,39,-0.17043,0.21252
793,distractor_swap,1,0,15,-0.14447,0.53958
794,short_self_occlusion,0,0,20,-0.32086,0.48729
795,end_effector_occlusion,0,0,33,0.20949,0.34625
796,combined_stress,1,0,25,-0.23645,0.37491
797,embodiment_control_shift,1,1,24,-0.25557,0.49988
798,camera_dropout_burst,1,0,15,0.32255,0.50096
799,stale_memory_trap,1,0,39,-0.44501,0.39030
800,long_self_occlusion,0,0,21,0.27230,0.52481
801,object_displacement,1,0,29,-0.45729,0.46660
802,nominal,0,0,26,0.32768,0.19090
803,combined_extreme_stress,1,0,25,-0.48634,0.19776
804,nominal,1,0,33,-0.10277,0.21074
805,near_identical_distractors,0,0,1,0.07136,0.11056
806,object_displacement,1,0,38,0.12365,0.18615
807,embodiment_control_shift,1,0,18,-0.34371,0.52620
808,hidden_contact_drift,0,0,21,-0.03664,0.44875
809,long_self_occlusion,0,0,39,-0.36931,0.41194
810,hidden_contact_drift,0,0,39,0.02370,0.44001
811,hidden_contact_drift,1,0,1,-0.43967,0.31216
812,long_self_occlusion,1,0,10,-0.08755,0.39060
813,end_effector_occlusion,0,0,19,0.32251,0.19006
814,short_self_occlusion,0,0,6,0.00578,0.33114
815,camera_dropout_burst,1,0,36,-0.02367,0.15550
816,combined_extreme_stress,1,0,14,-0.37464,0.13138
817,camera_dropout_burst,1,0,25,-0.27201,0.52430
818,near_identical_distractors,0,0,8,-0.42863,0.13968
819,combined_extreme_stress,0,0,26,0.26391,0.37958
820,nominal,0,0,20,-0.17014,0.50470
821,combined_stress,1,1,5,-0.17102,0.35449
822,false_reappearance,1,1,16,-0.40093,0.44892
823,false_reappearance,1,1,18,0.09466,0.36799
824,false_reappearance,1,0,22,-0.21470,0.50520
825,end_effector_occlusion,1,0,3,-0.07480,0.41957
826,distractor_swap,1,1,25,-0.28246,0.36051
827,distractor_swap,1,1,0,-0.18522,0.51843
828,false_reappearance,1,1,38,-0.45990,0.46850
829,false_reappearance,0,0,31,0.23925,0.43890
830,distractor_swap,1,0,7,0.28038,0.20321
831,camera_dropout_burst,1,1,18,0.00234,0.29308
832,distractor_swap,1,0,19,0.35753,0.29422
833,combined_extreme_stress,1,0,16,0.28335,0.32729
834,object_displacement,1,0,24,-0.11990,0.30739
835,long_self_occlusion,1,0,18,-0.40065,0.24987
836,short_self_occlusion,1,0,8,0.42667,0.48040
837,high_symmetry_layout,1,0,20,-0.39591,0.38690
838,short_self_occlusion,0,0,5,0.39430,0.10224
839,short_self_occlusion,0,0,3,-0.07541,0.46389
840,camera_dropout_burst,1,0,20,0.37549,0.18022
841,nominal,0,0,29,-0.44982,0.33162
842,false_reappearance,1,1,41,-0.46018,0.34234
843,end_effector_occlusion,0,0,19,0.36707,0.21846
844,distractor_swap,1,1,11,0.45351,0.39426
845,near_identical_distractors,1,0,41,0.37596,0.13940
846,long_self_occlusion,1,0,37,0.18084,0.39000
847,hidden_contact_drift,0,0,23,0.20972,0.43827
848,stale_memory_trap,0,0,25,-0.36352,0.07437
849,high_symmetry_layout,0,0,38,0.10827,0.13993
850,embodiment_control_shift,1,1,17,-0.21582,0.24238
851,hidden_contact_drift,1,0,18,-0.37465,0.21710
852,hidden_contact_drift,0,0,35,0.41480,0.31885
853,nominal,1,0,39,0.20627,0.41806
854,short_self_occlusion,1,0,39,0.30391,0.19538
855,stale_memory_trap,1,0,33,-0.00891,0.30890
856,embodiment_control_shift,1,0,37,0.43818,0.42293
857,end_effector_occlusion,1,1,32,-0.12713,0.40537
858,combined_extreme_stress,1,0,4,-0.13154,0.23552
859,distractor_swap,1,0,10,0.33612,0.32510
860,long_self_occlusion,1,0,7,-0.18974,0.31504
861,false_reappearance,0,0,23,0.27674,0.40201
862,near_identical_distractors,1,0,25,-0.38452,0.49021
863,embodiment_control_shift,1,1,24,0.02689,0.38152
864,near_identical_distractors,0,0,37,0.24376,0.29672
865,false_reappearance,0,0,20,-0.29261,0.10626
866,distractor_swap,1,1,3,0.40558,0.15540
867,high_symmetry_layout,1,0,8,-0.19581,0.40226
868,false_reappearance,1,1,40,0.19654,0.35219
869,end_effector_occlusion,0,0,41,0.11672,0.45587
870,object_displacement,1,0,38,-0.05560,0.15858
871,embodiment_control_shift,1,0,33,0.28050,0.45497
872,end_effector_occlusion,0,0,28,0.32183,0.39110
873,camera_dropout_burst,1,1,11,0.33040,0.53380
874,short_self_occlusion,1,0,33,-0.22565,0.20501
875,nominal,1,0,37,0.07970,0.45414
876,end_effector_occlusion,0,0,5,0.40557,0.47218
877,stale_memory_trap,0,0,32,-0.24172,0.07385
878,end_effector_occlusion,1,0,2,-0.43619,0.14776
879,long_self_occlusion,0,0,30,-0.19468,0.37607
880,end_effector_occlusion,1,0,34,0.44315,0.11055
881,nominal,1,0,4,0.16057,0.13170
882,embodiment_control_shift,1,0,40,0.17776,0.36198
883,embodiment_control_shift,1,0,12,0.26865,0.12285
884,nominal,0,0,27,-0.12060,0.08763
885,false_reappearance,1,0,31,-0.48322,0.33552
886,high_symmetry_layout,1,1,23,0.35036,0.18217
887,nominal,0,0,36,-0.09911,0.15693
888,combined_stress,1,0,8,-0.28616,0.31467
889,long_self_occlusion,1,0,26,-0.44760,0.11992
890,near_identical_distractors,1,1,30,-0.45976,0.48581
891,nominal,1,0,29,0.32046,0.33768
892,false_reappearance,1,0,12,-0.27850,0.23278
893,end_effector_occlusion,1,1,19,-0.03824,0.24325
894,distractor_swap,1,0,5,0.00712,0.13660
895,distractor_swap,0,0,2,0.18491,0.22925
896,high_symmetry_layout,1,0,25,0.23497,0.45048
897,combined_extreme_stress,1,0,14,0.16219,0.15290
898,combined_stress,0,0,32,0.23579,0.39707
899,long_self_occlusion,0,0,14,0.42126,0.47720
900,end_effector_occlusion,1,0,17,0.30632,0.30783
901,combined_extreme_stress,0,0,16,-0.16517,0.29400
902,stale_memory_trap,1,0,28,0.19091,0.32787
903,nominal,1,0,35,-0.33610,0.45531
904,near_identical_distractors,1,1,8,-0.12687,0.17069
905,object_displacement,1,0,38,-0.24505,0.19779
906,hidden_contact_drift,1,0,36,0.26792,0.32089
907,distractor_swap,0,0,11,-0.02834,0.28890
908,long_self_occlusion,1,0,9,0.28947,0.28473
909,short_self_occlusion,0,0,12,0.02540,0.20226
910,hidden_contact_drift,0,0,3,-0.12078,0.27279
911,end_effector_occlusion,1,0,3,-0.31608,0.21213
912,embodiment_control_shift,1,0,18,-0.09497,0.47157
913,camera_dropout_burst,1,0,32,0.15811,0.29689
914,long_self_occlusion,0,0,3,-0.20744,0.23919
915,high_symmetry_layout,1,1,26,0.32355,0.35204
916,distractor_swap,0,0,2,-0.37226,0.15028
917,high_symmetry_layout,0,0,31,-0.14958,0.30754
918,long_self_occlusion,1,0,13,0.35371,0.13246
919,embodiment_control_shift,1,0,15,-0.16957,0.34996
920,high_symmetry_layout,1,0,6,-0.20450,0.48077
921,distractor_swap,1,1,19,-0.31637,0.09608
922,near_identical_distractors,0,0,21,-0.38591,0.35810
923,camera_dropout_burst,1,1,24,0.02700,0.47872
924,false_reappearance,1,1,23,-0.08357,0.41628
925,camera_dropout_burst,0,0,39,0.07249,0.47489
926,stale_memory_trap,1,0,2,-0.10595,0.47188
927,object_displacement,0,0,27,0.04886,0.34067
928,end_effector_occlusion,1,0,7,-0.32692,0.39448
929,hidden_contact_drift,1,0,34,0.24694,0.43192
930,combined_extreme_stress,0,0,23,-0.08078,0.05466
931,high_symmetry_layout,0,0,36,0.12164,0.20398
932,object_displacement,1,0,31,-0.30671,0.54632
933,high_symmetry_layout,1,0,30,0.06401,0.38954
934,near_identical_distractors,0,0,29,0.45526,0.17243
935,stale_memory_trap,0,0,21,0.45283,0.50888
936,combined_stress,0,0,25,-0.42410,0.50910
937,false_reappearance,1,0,13,-0.28777,0.20596
938,combined_extreme_stress,0,0,30,0.24483,0.26820
939,false_reappearance,1,0,22,-0.14349,0.30835
940,camera_dropout_burst,0,0,18,-0.35473,0.31843
941,false_reappearance,0,0,16,-0.19317,0.47194
942,hidden_contact_drift,1,0,35,0.41385,0.39159
943,end_effector_occlusion,0,0,10,0.24160,0.15659
944,object_displacement,1,0,14,0.05012,0.45403
945,embodiment_control_shift,1,1,19,-0.44475,0.43129
946,high_symmetry_layout,1,1,36,-0.15369,0.20280
947,combined_stress,0,0,20,-0.16430,0.43859
948,near_identical_distractors,1,0,10,0.21740,0.30720
949,nominal,0,0,39,-0.13605,0.21461
950,combined_extreme_stress,1,0,11,-0.33561,0.24069
951,hidden_contact_drift,0,0,8,-0.03681,0.45792
952,short_self_occlusion,1,0,9,0.06893,0.29298
953,camera_dropout_burst,1,0,3,0.03091,0.48998
954,embodiment_control_shift,0,0,35,0.03430,0.29946
955,object_displacement,1,0,14,-0.01871,0.42042
956,stale_memory_trap,1,0,3,0.30295,0.40473
957,short_self_occlusion,0,0,36,-0.06320,0.52904
958,combined_stress,1,0,25,0.48210,0.41264
959,end_effector_occlusion,1,0,20,0.26938,0.49109
960,embodiment_control_shift,1,1,23,-0.43669,0.21876
961,nominal,1,0,41,0.07428,0.32346
962,distractor_swap,1,1,19,-0.09656,0.25731
963,long_self_occlusion,0,0,34,0.04328,0.42357
964,stale_memory_trap,0,0,6,0.28390,0.52628
965,near_identical_distractors,1,0,32,0.34602,0.09395
966,combined_stress,0,0,17,-0.27477,0.25304
967,combined_extreme_stress,1,1,32,-0.20940,0.01709
968,end_effector_occlusion,1,0,29,-0.11997,0.29678
969,object_displacement,0,0,19,-0.07446,0.28241
970,embodiment_control_shift,0,0,22,0.52826,0.13741
971,object_displacement,0,0,39,0.16323,0.53781
972,hidden_contact_drift,1,1,25,0.05095,0.54166
973,high_symmetry_layout,0,0,25,-0.32180,0.08050
974,combined_stress,1,0,40,-0.19969,0.30384
975,object_displacement,1,0,37,-0.23542,0.17085
976,false_reappearance,1,1,25,-0.13358,0.17649
977,short_self_occlusion,1,0,36,0.34807,0.12184
978,high_symmetry_layout,0,0,11,0.24812,0.40909
979,near_identical_distractors,0,0,30,-0.03822,0.53977
980,long_self_occlusion,1,1,5,0.31286,0.36143
981,stale_memory_trap,0,0,1,0.10152,0.21059
982,camera_dropout_burst,0,0,21,-0.19742,0.25035
983,near_identical_distractors,1,1,28,0.22838,0.11154
984,near_identical_distractors,1,1,31,-0.43347,0.31405
985,camera_dropout_burst,0,0,19,-0.20282,0.45308
986,long_self_occlusion,0,0,39,0.13206,0.44525
987,camera_dropout_burst,1,1,18,0.30658,0.17212
988,hidden_contact_drift,1,0,34,-0.11467,0.19584
989,object_displacement,1,0,32,-0.29203,0.39354
990,short_self_occlusion,1,0,27,0.42075,0.49331
991,short_self_occlusion,0,0,20,0.14543,0.50403
992,long_self_occlusion,0,0,23,-0.00986,0.26983
993,camera_dropout_burst,0,0,39,-0.09239,0.07616
994,stale_memory_trap,1,0,8,0.23016,0.11704
995,false_reappearance,1,1,33,-0.20812,0.13102
996,short_self_occlusion,1,0,37,0.08021,0.25233
997,long_self_occlusion,0,0,7,0.02905,0.41838
998,embodiment_control_shift,0,0,10,0.46508,0.25849
999,near_identical_distractors,1,0,20,-0.01679,0.20096
1000,hidden_contact_drift,1,0,3,0.31760,0.31146
1001,short_self_occlusion,1,0,2,0.37154,0.35067
1002,object_displacement,1,1,25,0.07322,0.40226
1003,long_self_occlusion,1,1,25,0.00052,0.39915
1004,distractor_swap,1,1,11,-0.38866,0.35524
1005,nominal,1,0,14,0.42227,0.45563
1006,near_identical_distractors,1,1,11,0.20241,0.47228
1007,short_self_occlusion,0,0,3,0.15525,0.19709
1008,nominal,1,1,22,0.40395,0.23751
1009,distractor_swap,1,0,31,0.22522,0.09463
1010,long_self_occlusion,0,0,1,-0.36519,0.29423
1011,combined_extreme_stress,1,0,25,-0.03644,0.22931
1012,combined_extreme_stress,0,0,6,0.02854,0.31089
1013,nominal,1,0,8,0.35256,0.52593
1014,false_reappearance,1,0,19,0.11190,0.45534
1015,embodiment_control_shift,1,1,41,0.28673,0.36645
1016,nominal,1,0,7,-0.23621,0.31874
1017,embodiment_control_shift,1,0,38,-0.20319,0.14721
1018,near_identical_distractors,0,0,9,-0.20137,0.11315
1019,embodiment_control_shift,1,0,5,-0.04203,0.42542
1020,distractor_swap,0,0,0,0.34287,0.37208
1021,object_displacement,0,0,8,-0.36147,0.20682
1022,distractor_swap,1,1,36,-0.44356,0.51596
1023,stale_memory_trap,0,0,23,0.15524,0.27195
1024,object_displacement,0,0,30,-0.00381,0.33883
1025,combined_stress,1,1,14,-0.09272,0.08229
1026,combined_extreme_stress,0,0,27,-0.51104,0.05912
1027,nominal,0,0,14,-0.13346,0.25495
1028,stale_memory_trap,1,0,40,-0.21920,0.24199
1029,short_self_occlusion,1,0,24,0.29392,0.47064
1030,embodiment_control_shift,0,0,38,-0.39891,0.35596
1031,combined_extreme_stress,1,0,26,0.23326,0.57912
1032,end_effector_occlusion,0,0,10,-0.36035,0.23631
1033,camera_dropout_burst,1,0,31,0.30229,0.16738
1034,near_identical_distractors,1,0,9,-0.16982,0.21994
1035,near_identical_distractors,0,0,26,-0.27072,0.23388
1036,hidden_contact_drift,1,0,30,-0.42848,0.48846
1037,combined_stress,1,0,31,0.00101,0.22224
1038,object_displacement,1,0,7,0.26961,0.26284
1039,long_self_occlusion,0,0,29,-0.11601,0.16730
1040,combined_stress,0,0,22,0.06383,0.34625
1041,camera_dropout_burst,1,0,17,0.00657,0.54139
1042,near_identical_distractors,0,0,36,-0.06184,0.34046
1043,nominal,1,0,28,0.43656,0.30673
1044,embodiment_control_shift,0,0,26,-0.10813,0.05636
1045,object_displacement,1,0,16,-0.43444,0.38531
1046,false_reappearance,0,0,19,0.09785,0.31314
1047,long_self_occlusion,1,0,24,-0.18078,0.38025
1048,short_self_occlusion,0,0,1,0.00451,0.51823
1049,combined_stress,0,0,11,-0.13082,0.32354
1050,embodiment_control_shift,1,0,13,0.02620,0.44478
1051,end_effector_occlusion,1,1,29,0.25181,0.11088
1052,nominal,1,0,22,-0.37321,0.25169
1053,object_displacement,1,0,21,0.12680,0.11671
1054,combined_stress,0,0,4,-0.06063,0.54165
1055,object_displacement,1,0,1,0.01577,0.10735
1056,camera_dropout_burst,0,0,36,-0.37245,0.22647
1057,end_effector_occlusion,1,0,29,0.14540,0.46535
1058,high_symmetry_layout,1,0,28,-0.37326,0.17704
1059,stale_memory_trap,0,0,26,0.45298,0.15576
1060,embodiment_control_shift,0,0,24,0.46971,0.23542
1061,short_self_occlusion,1,0,41,-0.17255,0.34606
1062,camera_dropout_burst,1,0,13,-0.15163,0.45787
1063,high_symmetry_layout,1,0,17,0.26116,0.42533
1064,hidden_contact_drift,1,0,7,0.30183,0.47470
1065,object_displacement,1,0,38,-0.41017,0.37875
1066,near_identical_distractors,0,0,4,-0.13761,0.33347
1067,false_reappearance,1,0,20,-0.13547,0.21412
1068,long_self_occlusion,0,0,18,0.29732,0.11022
1069,high_symmetry_layout,1,1,5,-0.42070,0.18438
1070,stale_memory_trap,0,0,14,-0.28866,0.48439
1071,embodiment_control_shift,0,0,34,0.16019,0.39172
1072,stale_memory_trap,0,0,32,0.48531,0.13485
1073,hidden_contact_drift,1,0,16,0.21563,0.24050
1074,combined_extreme_stress,0,0,29,0.39620,0.07712
1075,false_reappearance,0,0,28,0.36929,0.17522
1076,near_identical_distractors,1,1,10,0.06812,0.40581
1077,combined_extreme_stress,0,0,31,-0.23680,0.10290
1078,short_self_occlusion,1,0,29,-0.09833,0.25303
1079,combined_extreme_stress,1,0,29,-0.10050,0.28739
1080,false_reappearance,0,0,8,-0.42389,0.09524
1081,distractor_swap,0,0,17,0.30373,0.32039
1082,distractor_swap,1,0,16,-0.07584,0.42873
1083,combined_extreme_stress,1,1,12,0.32861,0.40700
1084,short_self_occlusion,1,0,9,-0.15687,0.43729
1085,long_self_occlusion,0,0,7,-0.17960,0.48283
1086,nominal,0,0,22,-0.05070,0.17638
1087,object_displacement,1,0,31,0.33486,0.12053
1088,stale_memory_trap,0,0,11,0.24916,0.47720
1089,false_reappearance,1,1,3,-0.05620,0.30095
1090,combined_stress,1,0,11,-0.08253,0.11525
1091,near_identical_distractors,1,0,28,0.09282,0.11759
1092,combined_stress,1,0,35,0.02390,0.50997
1093,near_identical_distractors,1,1,41,-0.14826,0.31345
1094,object_displacement,1,0,36,-0.27912,0.40494
1095,end_effector_occlusion,0,0,41,-0.02373,0.21525
1096,near_identical_distractors,0,0,36,0.13398,0.14394
1097,object_displacement,0,0,25,-0.43493,0.26846
1098,camera_dropout_burst,1,0,8,-0.28908,0.47857
1099,high_symmetry_layout,1,0,29,0.12363,0.22403
1100,hidden_contact_drift,0,0,40,0.11737,0.05484
1101,short_self_occlusion,1,0,36,-0.43869,0.30443
1102,short_self_occlusion,0,0,0,0.29036,0.42489
1103,short_self_occlusion,1,0,33,0.37852,0.07955
1104,short_self_occlusion,0,0,0,-0.03633,0.38043
1105,long_self_occlusion,1,0,15,-0.43374,0.20158
1106,long_self_occlusion,0,0,10,-0.33835,0.48252
1107,near_identical_distractors,1,1,37,0.16597,0.49462
1108,end_effector_occlusion,0,0,39,-0.14992,0.06950
1109,long_self_occlusion,1,0,32,-0.00307,0.26191
1110,short_self_occlusion,1,1,5,0.21761,0.32721
1111,object_displacement,0,0,39,-0.25465,0.10192
1112,short_self_occlusion,1,0,13,0.11919,0.23096
1113,nominal,1,0,14,-0.01978,0.19505
1114,camera_dropout_burst,1,0,17,-0.15421,0.51486
1115,stale_memory_trap,1,0,6,0.31673,0.13113
1116,nominal,0,0,41,-0.16633,0.51334
1117,combined_extreme_stress,1,0,12,-0.18572,0.19739
1118,object_displacement,1,0,20,-0.48664,0.52657
1119,hidden_contact_drift,1,0,29,0.41145,0.30298
1120,near_identical_distractors,0,0,27,-0.19657,0.42145
1121,high_symmetry_layout,1,0,38,0.39760,0.25905
1122,false_reappearance,0,0,24,0.39476,0.17648
1123,stale_memory_trap,1,0,28,0.03322,0.34269
1124,distractor_swap,1,1,33,-0.01204,0.51788
1125,hidden_contact_drift,1,0,32,-0.12780,0.19145
1126,false_reappearance,0,0,7,-0.10448,0.15361
1127,distractor_swap,0,0,23,-0.04451,0.33624
1128,end_effector_occlusion,1,0,26,-0.03777,0.24719
1129,hidden_contact_drift,1,0,39,0.42627,0.32519
1130,distractor_swap,1,1,2,-0.03511,0.14433
1131,stale_memory_trap,1,1,7,-0.41650,0.16058
1132,camera_dropout_burst,1,1,34,-0.27463,0.09442
1133,short_self_occlusion,1,0,11,-0.24829,0.47331
1134,combined_extreme_stress,1,0,34,-0.49746,0.53925
1135,stale_memory_trap,1,0,34,-0.09737,0.34901
1136,short_self_occlusion,0,0,2,0.01266,0.27046
1137,hidden_contact_drift,1,0,0,-0.18436,0.42646
1138,high_symmetry_layout,1,1,1,0.16994,0.27629
1139,end_effector_occlusion,1,0,12,0.13340,0.38646
1140,camera_dropout_burst,1,0,21,0.08780,0.21668
1141,stale_memory_trap,0,0,6,-0.30281,0.14094
1142,short_self_occlusion,1,0,40,0.13673,0.31070
1143,stale_memory_trap,0,0,5,-0.43519,0.47636
1144,distractor_swap,0,0,23,-0.24771,0.23718
1145,combined_stress,1,0,36,-0.07223,0.08568
1146,camera_dropout_burst,1,0,20,0.34126,0.05089
1147,stale_memory_trap,1,1,25,0.41116,0.03593
1148,short_self_occlusion,1,0,5,0.30233,0.50871
1149,combined_stress,1,0,6,-0.33248,0.18151
1150,object_displacement,1,0,5,-0.43730,0.48715
1151,high_symmetry_layout,0,0,4,0.26740,0.52541
1152,stale_memory_trap,0,0,30,0.40373,0.25509
1153,short_self_occlusion,1,0,7,-0.42134,0.33789
1154,high_symmetry_layout,1,1,21,-0.00372,0.23134
1155,object_displacement,0,0,27,-0.35151,0.18219
1156,hidden_contact_drift,1,0,33,-0.37722,0.41967
1157,combined_extreme_stress,0,0,10,-0.01561,0.37301
1158,embodiment_control_shift,0,0,15,0.22088,0.22532
1159,short_self_occlusion,1,0,35,-0.24122,0.31008
1160,stale_memory_trap,0,0,7,0.07579,0.25071
1161,stale_memory_trap,1,1,34,-0.18036,0.31399
1162,long_self_occlusion,1,0,0,-0.27791,0.42064
1163,camera_dropout_burst,1,1,26,0.15966,0.32629
1164,long_self_occlusion,0,0,6,-0.37930,0.32994
1165,combined_extreme_stress,0,0,27,0.09347,0.23711
1166,stale_memory_trap,1,1,23,-0.11067,0.46351
1167,stale_memory_trap,1,0,36,0.36891,0.27699
1168,object_displacement,1,0,38,0.32715,0.13403
1169,false_reappearance,1,1,19,0.11901,0.50617
1170,short_self_occlusion,0,0,4,0.23797,0.28885
1171,near_identical_distractors,1,0,31,-0.41144,0.27068
1172,object_displacement,1,0,25,-0.26957,0.44929
1173,combined_stress,1,1,12,-0.00580,0.33599
1174,high_symmetry_layout,1,1,21,0.24923,0.25789
1175,long_self_occlusion,0,0,40,-0.25467,0.13034
1176,short_self_occlusion,0,0,28,0.01537,0.16224
1177,combined_stress,1,0,36,0.00415,0.12665
1178,nominal,0,0,34,-0.26308,0.15132
1179,camera_dropout_burst,1,0,6,0.30480,0.44637
1180,end_effector_occlusion,1,0,25,-0.13232,0.09387
1181,hidden_contact_drift,0,0,14,0.43570,0.23036
1182,combined_extreme_stress,1,1,37,0.35654,0.50797
1183,short_self_occlusion,1,0,31,-0.04197,0.20542
1184,combined_extreme_stress,1,0,23,0.36271,0.42029
1185,object_displacement,0,0,18,0.41614,0.12215
1186,camera_dropout_burst,1,0,17,-0.13364,0.33858
1187,false_reappearance,1,0,15,0.23160,0.28991
1188,stale_memory_trap,0,0,7,-0.22221,0.32042
1189,end_effector_occlusion,1,0,22,0.09430,0.11579
1190,false_reappearance,0,0,37,-0.37233,0.30379
1191,stale_memory_trap,1,0,1,0.35558,0.19659
1192,long_self_occlusion,1,1,29,-0.05357,0.36169
1193,high_symmetry_layout,1,0,12,-0.36944,0.45872
1194,near_identical_distractors,0,0,33,-0.03057,0.11262
1195,object_displacement,1,0,22,-0.19124,0.43133
1196,end_effector_occlusion,0,0,28,-0.14264,0.32414
1197,stale_memory_trap,1,0,41,-0.39361,0.40251
1198,object_displacement,1,0,8,-0.18886,0.13837
1199,false_reappearance,0,0,0,-0.17079,0.48178
1200,high_symmetry_layout,1,1,36,0.05261,0.29467
1201,short_self_occlusion,1,0,36,-0.18172,0.39905
1202,stale_memory_trap,1,0,31,0.08089,0.11854
1203,camera_dropout_burst,1,0,26,0.41457,0.39594
1204,end_effector_occlusion,1,0,22,-0.21081,0.20642
1205,hidden_contact_drift,1,0,40,0.07460,0.35579
1206,end_effector_occlusion,1,0,18,-0.20859,0.32339
1207,hidden_contact_drift,1,0,40,-0.24260,0.27898
1208,camera_dropout_burst,1,0,17,0.30523,0.46185
1209,long_self_occlusion,0,0,2,-0.09934,0.37450
1210,object_displacement,1,0,2,-0.34784,0.31809
1211,false_reappearance,0,0,23,-0.00575,0.40510
1212,high_symmetry_layout,1,0,37,0.33852,0.39485
1213,false_reappearance,0,0,27,-0.29815,0.41077
1214,end_effector_occlusion,0,0,10,-0.16923,0.27646
1215,distractor_swap,1,1,30,-0.45065,0.24784
1216,camera_dropout_burst,0,0,32,-0.14834,0.32576
1217,combined_stress,1,0,36,0.35989,0.06993
1218,long_self_occlusion,0,0,7,-0.16087,0.32574
1219,false_reappearance,1,0,30,-0.37810,0.13670
1220,end_effector_occlusion,1,0,32,0.36751,0.18388
1221,long_self_occlusion,1,0,39,-0.26499,0.23815
1222,long_self_occlusion,0,0,26,-0.09103,0.31217
1223,hidden_contact_drift,1,0,7,0.28487,0.10930
1224,distractor_swap,1,0,26,0.40148,0.16931
1225,hidden_contact_drift,1,0,11,-0.02406,0.29762
1226,stale_memory_trap,0,0,30,0.23308,0.08797
1227,combined_stress,1,0,23,-0.35673,0.30179
1228,short_self_occlusion,1,0,20,-0.04285,0.47641
1229,nominal,1,0,3,0.11956,0.45815
1230,embodiment_control_shift,1,0,30,-0.19784,0.46552
1231,camera_dropout_burst,1,0,12,0.11055,0.31155
1232,combined_stress,1,0,1,0.40109,0.36701
1233,object_displacement,1,0,0,0.13035,0.53409
1234,long_self_occlusion,1,0,9,-0.30459,0.16282
1235,stale_memory_trap,1,1,37,-0.39860,0.27818
1236,long_self_occlusion,0,0,19,-0.37280,0.49246
1237,combined_extreme_stress,0,0,1,0.17427,0.13401
1238,high_symmetry_layout,0,0,3,0.40193,0.31490
1239,long_self_occlusion,1,0,28,-0.01516,0.08199
1240,stale_memory_trap,0,0,40,-0.39260,0.30685
1241,near_identical_distractors,1,0,21,-0.25946,0.38610
1242,short_self_occlusion,0,0,11,0.26731,0.53002
1243,camera_dropout_burst,1,0,16,-0.05345,0.25521
1244,stale_memory_trap,0,0,17,-0.17640,0.35422
1245,short_self_occlusion,0,0,9,-0.21945,0.38711
1246,combined_extreme_stress,1,0,40,-0.09787,0.00107
1247,distractor_swap,0,0,8,0.25976,0.30391
1248,end_effector_occlusion,1,0,17,0.15987,0.40214
1249,hidden_contact_drift,1,0,27,0.36362,0.31786
1250,embodiment_control_shift,1,0,26,0.04587,0.23344
1251,hidden_contact_drift,0,0,36,-0.35096,0.15208
1252,long_self_occlusion,0,0,33,0.00440,0.12237
1253,high_symmetry_layout,1,0,9,0.09842,0.10808
1254,high_symmetry_layout,0,0,13,0.01580,0.08359
1255,high_symmetry_layout,1,0,22,0.01219,0.04681
1256,near_identical_distractors,1,0,15,0.27821,0.32875
1257,high_symmetry_layout,1,1,30,0.23041,0.47536
1258,nominal,1,0,12,0.28196,0.15659
1259,near_identical_distractors,0,0,22,0.05703,0.33351
1260,object_displacement,1,0,29,0.39594,0.08751
1261,nominal,0,0,33,0.35416,0.52247
1262,near_identical_distractors,0,0,33,-0.09851,0.19822
1263,embodiment_control_shift,0,0,0,0.40469,0.37558
1264,embodiment_control_shift,0,0,23,0.39653,0.17779
1265,combined_stress,1,1,7,-0.11153,0.24731
1266,embodiment_control_shift,1,0,9,-0.32821,0.40170
1267,short_self_occlusion,1,0,30,0.19027,0.26314
1268,false_reappearance,1,1,38,-0.07372,0.09324
1269,hidden_contact_drift,1,0,19,0.23623,0.10483
1270,long_self_occlusion,1,0,2,0.36491,0.28623
1271,high_symmetry_layout,1,1,13,0.09269,0.35887
1272,nominal,1,0,41,0.28550,0.27988
1273,stale_memory_trap,0,0,30,-0.00570,0.44927
1274,embodiment_control_shift,1,1,22,0.15837,0.47431
1275,combined_stress,1,0,37,0.35408,0.35307
1276,high_symmetry_layout,0,0,40,-0.21898,0.45641
1277,nominal,0,0,2,-0.31590,0.26496
1278,combined_stress,1,0,36,0.21820,0.45417
1279,combined_stress,1,0,10,0.22859,0.37075
1280,stale_memory_trap,1,0,10,0.15651,0.47911
1281,false_reappearance,1,0,21,-0.46085,0.25244
1282,short_self_occlusion,0,0,17,-0.30264,0.13159
1283,embodiment_control_shift,1,0,31,0.21574,0.43209
1284,stale_memory_trap,0,0,13,-0.03360,0.16352
1285,embodiment_control_shift,1,0,20,-0.45483,0.31038
1286,long_self_occlusion,1,0,31,0.08523,0.37112
1287,combined_stress,0,0,24,0.45631,0.06136
1288,long_self_occlusion,0,0,12,0.39938,0.16850
1289,combined_stress,0,0,25,-0.23656,0.10256
1290,combined_stress,1,1,36,0.01331,0.21908
1291,long_self_occlusion,1,0,18,0.26894,0.28589
1292,camera_dropout_burst,1,0,36,-0.20090,0.17034
1293,stale_memory_trap,1,0,6,0.10305,0.19023
1294,near_identical_distractors,0,0,36,0.07991,0.32620
1295,nominal,0,0,38,0.08783,0.15377
1296,short_self_occlusion,1,0,3,-0.09747,0.36690
1297,high_symmetry_layout,1,1,34,-0.07835,0.13306
1298,stale_memory_trap,0,0,10,0.07691,0.41155
1299,hidden_contact_drift,0,0,40,-0.18123,0.22860
1300,stale_memory_trap,1,1,11,0.23668,0.34730
1301,false_reappearance,0,0,15,-0.43007,0.10869
1302,short_self_occlusion,1,0,3,-0.07451,0.25949
1303,short_self_occlusion,1,1,22,0.33280,0.13288
1304,end_effector_occlusion,1,0,3,-0.37968,0.50419
1305,high_symmetry_layout,1,0,35,-0.07072,0.28183
1306,high_symmetry_layout,1,0,20,-0.10573,0.17651
1307,object_displacement,0,0,15,-0.27772,0.23372
1308,false_reappearance,1,0,4,-0.18140,0.52253
1309,hidden_contact_drift,1,0,6,0.40008,0.10413
1310,high_symmetry_layout,1,0,23,-0.20736,0.16659
1311,near_identical_distractors,1,0,14,-0.27796,0.45522
1312,stale_memory_trap,1,0,22,-0.09890,0.25732
1313,end_effector_occlusion,0,0,20,0.02205,0.31520
1314,high_symmetry_layout,1,0,33,-0.13802,0.27320
1315,nominal,1,0,15,0.26997,0.24035
1316,false_reappearance,1,0,1,-0.15440,0.48965
1317,embodiment_control_shift,1,1,1,-0.04008,0.30226
1318,high_symmetry_layout,0,0,37,0.27600,0.53326
1319,end_effector_occlusion,0,0,13,-0.39112,0.21339
1320,object_displacement,1,0,5,-0.11259,0.31900
1321,short_self_occlusion,1,0,6,0.25175,0.08021
1322,distractor_swap,0,0,8,0.21957,0.27188
1323,short_self_occlusion,1,0,32,0.18555,0.48517
1324,hidden_contact_drift,0,0,38,0.06020,0.39484
1325,camera_dropout_burst,0,0,9,0.02217,0.27825
1326,hidden_contact_drift,0,0,8,-0.00734,0.36214
1327,camera_dropout_burst,0,0,41,-0.24438,0.23272
1328,distractor_swap,0,0,12,-0.40642,0.18841
1329,object_displacement,0,0,35,0.31486,0.39458
1330,object_displacement,0,0,31,-0.30428,0.55569
1331,embodiment_control_shift,1,0,20,-0.23332,0.23100
1332,stale_memory_trap,1,0,17,0.17809,0.56222
1333,near_identical_distractors,1,1,5,0.08603,0.42518
1334,false_reappearance,1,0,18,-0.42230,0.21526
1335,combined_stress,0,0,38,-0.27763,0.31832
1336,long_self_occlusion,0,0,30,-0.08290,0.22232
1337,camera_dropout_burst,1,0,20,0.06812,0.40581
1338,embodiment_control_shift,0,0,5,0.34421,0.40552
1339,combined_stress,1,1,9,0.04817,0.29672
1340,near_identical_distractors,1,0,7,0.41876,0.14223
1341,distractor_swap,1,0,34,-0.32497,0.30566
1342,short_self_occlusion,1,0,8,-0.14393,0.40796
1343,long_self_occlusion,0,0,11,-0.43510,0.33100
1344,combined_stress,1,0,41,-0.12341,0.49969
1345,object_displacement,1,0,35,-0.32847,0.40440
1346,long_self_occlusion,1,0,4,0.17612,0.41431
1347,false_reappearance,0,0,28,0.42323,0.41489
1348,short_self_occlusion,1,0,10,-0.06238,0.37514
1349,embodiment_control_shift,1,0,40,-0.26342,0.20778
1350,distractor_swap,1,0,20,0.07618,0.28876
1351,object_displacement,1,0,1,-0.36399,0.14081
1352,combined_stress,0,0,39,0.23525,0.16528
1353,distractor_swap,1,0,24,0.36582,0.30349
1354,end_effector_occlusion,1,1,22,-0.35468,0.30286
1355,false_reappearance,0,0,20,0.41466,0.54850
1356,short_self_occlusion,1,0,38,-0.17682,0.34857
1357,near_identical_distractors,0,0,30,-0.16002,0.47893
1358,near_identical_distractors,0,0,26,0.35665,0.46315
1359,embodiment_control_shift,1,0,26,0.36376,0.22257
1360,near_identical_distractors,1,0,32,0.08325,0.47082
1361,distractor_swap,0,0,9,-0.02031,0.53153
1362,distractor_swap,1,0,41,0.44078,0.53046
1363,object_displacement,1,0,14,0.25740,0.52871
1364,long_self_occlusion,1,0,18,-0.36476,0.36336
1365,long_self_occlusion,1,0,14,0.25554,0.43811
1366,stale_memory_trap,0,0,36,0.20444,0.58365
1367,high_symmetry_layout,1,0,19,0.11409,0.09193
1368,stale_memory_trap,1,0,41,0.45486,0.08895
1369,long_self_occlusion,0,0,34,-0.24928,0.33695
1370,combined_extreme_stress,0,0,30,-0.02903,0.21662
1371,stale_memory_trap,1,0,17,0.11142,0.28938
1372,distractor_swap,0,0,30,-0.19123,0.55083
1373,false_reappearance,0,0,34,-0.07163,0.27918
1374,end_effector_occlusion,0,0,4,-0.16027,0.13857
1375,hidden_contact_drift,1,0,17,-0.25426,0.15473
1376,high_symmetry_layout,1,1,24,0.31621,0.27120
1377,nominal,1,0,38,-0.21693,0.21298
1378,short_self_occlusion,1,0,34,0.24925,0.31034
1379,short_self_occlusion,0,0,11,-0.36768,0.25524
1380,nominal,0,0,6,-0.35986,0.10559
1381,hidden_contact_drift,1,0,5,0.02394,0.49561
1382,nominal,1,0,23,0.06406,0.18613
1383,high_symmetry_layout,1,0,10,0.00338,0.46312
1384,high_symmetry_layout,0,0,7,0.18161,0.52489
1385,camera_dropout_burst,1,1,21,0.21406,0.32182
1386,nominal,0,0,21,-0.10042,0.36272
1387,short_self_occlusion,1,0,36,-0.42121,0.30988
1388,long_self_occlusion,1,1,35,-0.06448,0.33964
1389,camera_dropout_burst,1,0,37,-0.28412,0.14099
1390,short_self_occlusion,0,0,38,-0.10641,0.27587
1391,long_self_occlusion,1,0,18,0.38021,0.45548
1392,false_reappearance,1,1,20,-0.35948,0.34720
1393,distractor_swap,1,0,34,-0.01938,0.45557
1394,distractor_swap,1,0,35,-0.02424,0.16901
1395,short_self_occlusion,1,0,21,-0.02671,0.13041
1396,distractor_swap,1,0,4,-0.21296,0.51347
1397,hidden_contact_drift,1,0,23,0.22318,0.32369
1398,hidden_contact_drift,0,0,41,-0.15141,0.25971
1399,high_symmetry_layout,0,0,32,0.38059,0.46445
1400,hidden_contact_drift,1,0,40,-0.31082,0.32304
1401,stale_memory_trap,0,0,19,-0.38893,0.43186
1402,object_displacement,0,0,24,-0.37392,0.34078
1403,high_symmetry_layout,0,0,22,0.21192,0.30447
1404,hidden_contact_drift,1,0,40,-0.37046,0.38447
1405,embodiment_control_shift,0,0,11,-0.48528,0.25094
1406,combined_extreme_stress,1,1,16,0.20537,0.17898
1407,false_reappearance,0,0,7,-0.36699,0.09239
1408,short_self_occlusion,0,0,17,0.09731,0.23473
1409,false_reappearance,1,1,34,-0.09928,0.48456
1410,near_identical_distractors,0,0,35,0.09257,0.11979
1411,camera_dropout_burst,0,0,34,-0.11654,0.25839
1412,short_self_occlusion,1,0,32,0.42113,0.37404
1413,combined_extreme_stress,1,1,13,0.43634,0.20181
1414,object_displacement,1,1,2,0.25087,0.49736
1415,distractor_swap,0,0,16,0.07006,0.24246
1416,false_reappearance,1,0,37,-0.38273,0.51184
1417,short_self_occlusion,1,0,15,-0.39105,0.51769
1418,end_effector_occlusion,0,0,32,-0.01817,0.16391
1419,nominal,1,0,12,0.29777,0.44226
1420,camera_dropout_burst,1,0,1,-0.05273,0.23218
1421,false_reappearance,0,0,10,-0.25773,0.16596
1422,nominal,1,0,13,0.08340,0.19433
1423,object_displacement,1,0,14,0.01824,0.48966
1424,near_identical_distractors,0,0,4,0.38133,0.47931
1425,nominal,1,0,6,-0.02074,0.49379
1426,embodiment_control_shift,1,0,21,0.10312,0.36103
1427,end_effector_occlusion,1,0,29,-0.00936,0.30102
1428,object_displacement,0,0,17,0.24213,0.21915
1429,short_self_occlusion,1,0,1,0.11276,0.38669
1430,embodiment_control_shift,1,0,27,-0.15994,0.55840
1431,combined_extreme_stress,0,0,14,-0.10037,0.16554
1432,camera_dropout_burst,1,1,5,-0.01877,0.22038
1433,combined_extreme_stress,1,1,22,-0.16510,0.23337
1434,short_self_occlusion,0,0,13,-0.09294,0.25840
1435,end_effector_occlusion,0,0,39,0.43669,0.28417
1436,stale_memory_trap,1,0,9,0.12152,0.47639
1437,embodiment_control_shift,1,0,13,-0.23142,0.42873
1438,object_displacement,1,0,0,0.34106,0.41773
1439,embodiment_control_shift,1,1,23,0.47817,0.50907
1440,nominal,1,0,10,0.18767,0.30842
1441,embodiment_control_shift,0,0,27,-0.44909,0.18405
1442,short_self_occlusion,0,0,7,-0.07771,0.12594
1443,nominal,1,0,22,0.29527,0.34540
1444,short_self_occlusion,0,0,41,-0.17152,0.12189
1445,camera_dropout_burst,0,0,23,-0.20284,0.30670
1446,high_symmetry_layout,1,0,21,0.10728,0.22637
1447,near_identical_distractors,1,0,3,-0.42206,0.25658
1448,stale_memory_trap,1,0,13,0.17168,0.35561
1449,combined_extreme_stress,1,0,12,0.44099,0.08222
1450,stale_memory_trap,1,0,2,-0.09158,0.26100
1451,short_self_occlusion,1,0,25,-0.34504,0.31779
1452,end_effector_occlusion,1,0,40,0.13508,0.19142
1453,stale_memory_trap,0,0,18,0.22580,0.51792
1454,object_displacement,1,0,29,-0.03790,0.18719
1455,embodiment_control_shift,0,0,22,-0.29374,0.43627
1456,nominal,1,0,13,0.13013,0.20900
1457,long_self_occlusion,0,0,22,0.13838,0.34044
1458,stale_memory_trap,0,0,25,0.14585,0.34253
1459,object_displacement,1,0,13,-0.01161,0.44769
1460,short_self_occlusion,0,0,39,0.45540,0.27122
1461,combined_extreme_stress,0,0,6,0.16334,0.42021
1462,distractor_swap,0,0,40,0.31680,0.41700
1463,nominal,1,0,32,-0.06409,0.43979
1464,high_symmetry_layout,1,0,10,0.35815,0.44333
1465,hidden_contact_drift,1,0,10,0.29692,0.14814
1466,camera_dropout_burst,1,0,26,-0.12337,0.23596
1467,nominal,0,0,1,0.22187,0.33195
1468,long_self_occlusion,0,0,5,-0.44284,0.46973
1469,combined_extreme_stress,1,1,3,0.06873,0.22508
1470,false_reappearance,1,1,27,0.27755,0.45890
1471,object_displacement,0,0,20,0.21208,0.31310
1472,embodiment_control_shift,1,0,7,0.05490,0.24014
1473,nominal,0,0,14,0.02609,0.35455
1474,false_reappearance,1,0,37,0.40982,0.21891
1475,nominal,1,0,6,0.08217,0.24857
1476,camera_dropout_burst,0,0,9,0.07660,0.28733
1477,near_identical_distractors,1,0,8,0.43583,0.14710
1478,stale_memory_trap,1,1,35,0.41518,0.08148
1479,combined_extreme_stress,0,0,22,-0.26509,0.50742
1480,short_self_occlusion,1,0,18,0.02121,0.18137
1481,long_self_occlusion,1,0,16,0.34517,0.33665
1482,embodiment_control_shift,1,1,11,-0.35406,0.23477
1483,nominal,1,0,18,-0.40113,0.39026
1484,object_displacement,0,0,3,-0.28385,0.26027
1485,hidden_contact_drift,1,1,4,-0.14613,0.23354
1486,stale_memory_trap,0,0,11,0.34807,0.15752
1487,near_identical_distractors,0,0,36,-0.29746,0.47966
1488,short_self_occlusion,0,0,3,-0.16866,0.17750
1489,long_self_occlusion,1,1,35,-0.36207,0.36395
1490,false_reappearance,1,0,31,0.40440,0.34041
1491,stale_memory_trap,0,0,27,0.30968,0.42282
1492,end_effector_occlusion,1,0,15,0.01055,0.11791
1493,high_symmetry_layout,1,1,5,-0.40927,0.29566
1494,stale_memory_trap,0,0,8,0.21479,0.29324
1495,end_effector_occlusion,0,0,38,-0.09685,0.24584
1496,hidden_contact_drift,1,0,19,0.36735,0.31469
1497,end_effector_occlusion,1,0,24,0.07136,0.35741
1498,false_reappearance,0,0,13,-0.30232,0.18259
1499,false_reappearance,1,0,1,0.05631,0.11316
1500,object_displacement,1,0,35,-0.39332,0.35453
1501,combined_extreme_stress,1,1,18,-0.36544,0.44454
1502,stale_memory_trap,0,0,6,0.13734,0.41073
1503,embodiment_control_shift,1,0,39,0.39594,0.30105
1504,stale_memory_trap,1,0,24,-0.41312,0.30953
1505,combined_extreme_stress,1,0,37,-0.34405,0.24208
1506,stale_memory_trap,1,0,9,-0.21442,0.36006
1507,combined_extreme_stress,0,0,15,-0.30895,0.30220
1508,combined_extreme_stress,1,1,26,0.03171,0.13150
1509,long_self_occlusion,1,0,28,-0.04195,0.48622
1510,embodiment_control_shift,0,0,14,-0.12122,0.32916
1511,near_identical_distractors,1,0,14,-0.46527,0.13529
1512,high_symmetry_layout,1,0,28,-0.34559,0.46258
1513,combined_extreme_stress,1,1,0,-0.23746,0.49429
1514,combined_extreme_stress,1,0,6,0.31753,0.27319
1515,distractor_swap,1,0,36,-0.32612,0.13896
1516,nominal,1,0,30,-0.33933,0.45948
1517,camera_dropout_burst,1,0,5,-0.34277,0.49118
1518,stale_memory_trap,1,1,11,0.14858,0.09635
1519,near_identical_distractors,1,1,31,-0.27616,0.36711
1520,short_self_occlusion,0,0,9,-0.19149,0.11089
1521,false_reappearance,0,0,25,-0.10446,0.35217
1522,embodiment_control_shift,0,0,27,0.09821,0.43280
1523,distractor_swap,1,0,10,-0.26828,0.23450
1524,hidden_contact_drift,1,1,15,0.33690,0.23959
1525,camera_dropout_burst,1,0,38,-0.25494,0.38233
1526,embodiment_control_shift,1,0,4,0.05787,0.14646
1527,stale_memory_trap,0,0,35,0.01472,0.23088
1528,hidden_contact_drift,1,0,12,0.15415,0.36852
1529,combined_stress,1,1,3,-0.24605,0.53620
1530,combined_extreme_stress,1,0,38,0.33313,0.40770
1531,short_self_occlusion,1,0,25,0.23134,0.20741
1532,high_symmetry_layout,0,0,13,0.38194,0.30371
1533,nominal,1,0,18,-0.21011,0.21244
1534,long_self_occlusion,1,0,37,-0.08080,0.20584
1535,camera_dropout_burst,1,0,31,-0.02273,0.35838
1536,embodiment_control_shift,0,0,15,0.26837,0.39757
1537,object_displacement,1,1,3,0.37286,0.14293
1538,near_identical_distractors,0,0,4,0.29674,0.36004
1539,stale_memory_trap,1,0,40,-0.36736,0.41561
1540,distractor_swap,1,0,19,-0.07225,0.20543
1541,hidden_contact_drift,1,1,39,-0.20843,0.55606
1542,near_identical_distractors,1,0,30,0.24859,0.15269
1543,false_reappearance,0,0,23,0.39853,0.18203
1544,combined_extreme_stress,0,0,24,-0.24896,0.17473
1545,stale_memory_trap,0,0,29,-0.03926,0.46115
1546,high_symmetry_layout,0,0,4,-0.15072,0.32229
1547,high_symmetry_layout,1,0,10,-0.13516,0.25540
1548,false_reappearance,1,1,23,-0.30274,0.44726
1549,near_identical_distractors,0,0,9,0.26023,0.10372
1550,embodiment_control_shift,0,0,35,0.22873,0.45707
1551,stale_memory_trap,1,0,4,-0.15203,0.47298
1552,stale_memory_trap,0,0,23,-0.20175,0.48881
1553,high_symmetry_layout,0,0,9,0.14920,0.28161
1554,stale_memory_trap,1,0,41,-0.34806,0.38364
1555,combined_extreme_stress,0,0,38,-0.10140,0.09446
1556,short_self_occlusion,0,0,28,0.42130,0.14980
1557,camera_dropout_burst,1,0,1,0.35983,0.26121
1558,camera_dropout_burst,0,0,22,0.39405,0.44778
1559,high_symmetry_layout,0,0,0,-0.14133,0.30792
1560,stale_memory_trap,1,0,14,-0.21277,0.48933
1561,high_symmetry_layout,1,0,0,0.03480,0.51059
1562,stale_memory_trap,0,0,26,0.21399,0.52870
1563,false_reappearance,1,0,35,0.33410,0.34562
1564,object_displacement,1,0,12,0.09003,0.43155
1565,stale_memory_trap,1,0,4,-0.12467,0.46783
1566,near_identical_distractors,0,0,10,0.31380,0.51330
1567,distractor_swap,1,0,12,0.00601,0.35207
1568,long_self_occlusion,0,0,26,0.37732,0.12300
1569,false_reappearance,1,0,18,0.00524,0.26658
1570,long_self_occlusion,0,0,16,-0.36916,0.16343
1571,combined_extreme_stress,0,0,38,-0.08101,0.47720
1572,near_identical_distractors,0,0,40,-0.14284,0.25300
1573,nominal,1,0,6,-0.28277,0.34904
1574,hidden_contact_drift,1,0,2,-0.24918,0.18736
1575,embodiment_control_shift,0,0,16,-0.24283,0.19395
1576,short_self_occlusion,0,0,15,-0.35223,0.14811
1577,distractor_swap,0,0,15,0.37067,0.22037
1578,false_reappearance,1,1,41,0.06300,0.28211
1579,high_symmetry_layout,0,0,14,0.45221,0.39656
1580,false_reappearance,0,0,19,-0.45654,0.42130
1581,long_self_occlusion,1,0,5,-0.11349,0.53699
1582,combined_extreme_stress,1,0,9,0.20706,0.44375
1583,end_effector_occlusion,0,0,21,-0.13627,0.36489
1584,nominal,1,0,28,0.06861,0.15811
1585,stale_memory_trap,0,0,12,0.06537,0.04806
1586,hidden_contact_drift,1,0,2,-0.17270,0.52973
1587,nominal,1,0,36,0.31981,0.28916
1588,end_effector_occlusion,1,0,31,0.13637,0.18846
1589,camera_dropout_burst,0,0,29,-0.39660,0.27806
1590,false_reappearance,1,0,12,-0.25579,0.34305
1591,camera_dropout_burst,0,0,6,0.21619,0.46130
1592,nominal,0,0,25,0.44129,0.27116
1593,stale_memory_trap,1,1,6,0.00933,0.49394
1594,long_self_occlusion,0,0,26,-0.36816,0.55383
1595,distractor_swap,0,0,35,-0.29525,0.51676
1596,distractor_swap,1,0,18,-0.01002,0.29253
1597,near_identical_distractors,0,0,13,-0.17379,0.46448
1598,hidden_contact_drift,1,0,14,-0.19241,0.49463
1599,combined_extreme_stress,0,0,36,-0.45157,0.35096
1600,combined_extreme_stress,1,0,12,-0.07911,0.59286
1601,embodiment_control_shift,1,0,14,0.43633,0.13721
1602,high_symmetry_layout,1,0,17,0.00765,0.51382
1603,camera_dropout_burst,0,0,1,0.03914,0.14266
1604,camera_dropout_burst,0,0,18,-0.01715,0.40344
1605,nominal,1,0,38,0.15658,0.42830
1606,false_reappearance,1,1,21,0.16391,0.21729
1607,stale_memory_trap,0,0,6,-0.17197,0.43917
1608,short_self_occlusion,1,0,38,0.39317,0.28718
1609,long_self_occlusion,0,0,15,0.21999,0.31211
1610,hidden_contact_drift,1,0,16,-0.11367,0.21299
1611,object_displacement,1,0,31,0.33589,0.34176
1612,embodiment_control_shift,1,0,15,-0.08393,0.21698
1613,short_self_occlusion,1,0,14,-0.15721,0.43064
1614,long_self_occlusion,1,0,33,-0.16262,0.52739
1615,long_self_occlusion,0,0,0,-0.44182,0.08469
1616,hidden_contact_drift,0,0,25,0.41997,0.41172
1617,distractor_swap,1,0,24,0.01862,0.20012
1618,long_self_occlusion,1,1,1,-0.35305,0.23187
1619,hidden_contact_drift,1,1,7,-0.29127,0.12648
1620,hidden_contact_drift,1,0,13,0.40976,0.47790
1621,nominal,0,0,29,-0.14772,0.25027
1622,long_self_occlusion,1,0,13,-0.07315,0.11061
1623,near_identical_distractors,0,0,25,-0.25422,0.19824
1624,embodiment_control_shift,1,0,39,-0.00257,0.24815
1625,camera_dropout_burst,0,0,9,0.41047,0.46610
1626,stale_memory_trap,0,0,6,0.39723,0.43617
1627,distractor_swap,1,0,29,0.47656,0.34421
1628,nominal,0,0,34,-0.30008,0.19016
1629,distractor_swap,0,0,37,-0.09689,0.06455
1630,distractor_swap,1,1,4,0.10601,0.40805
1631,high_symmetry_layout,1,0,28,-0.16340,0.43301
1632,combined_extreme_stress,1,0,33,-0.40846,0.24453
1633,embodiment_control_shift,1,0,22,0.33264,0.14504
1634,short_self_occlusion,1,0,12,0.27174,0.37029
1635,long_self_occlusion,1,1,15,-0.41729,0.41751
1636,false_reappearance,0,0,24,0.03811,0.25524
1637,near_identical_distractors,1,0,36,0.02672,0.21962
1638,hidden_contact_drift,0,0,32,-0.38499,0.30746
1639,combined_extreme_stress,1,1,8,0.04679,0.42868
1640,long_self_occlusion,1,0,14,-0.21634,0.52678
1641,embodiment_control_shift,0,0,33,0.35195,0.32828
1642,distractor_swap,0,0,6,0.30812,0.12877
1643,camera_dropout_burst,0,0,19,0.02663,0.15162
1644,stale_memory_trap,1,0,21,0.29274,0.33691
1645,camera_dropout_burst,0,0,32,0.12077,0.22576
1646,false_reappearance,0,0,30,-0.11248,0.35640
1647,stale_memory_trap,1,0,36,-0.12004,0.18817
1648,stale_memory_trap,1,0,36,0.24519,0.44216
1649,embodiment_control_shift,1,0,12,-0.01894,0.14368
1650,nominal,1,0,20,-0.27493,0.48786
1651,hidden_contact_drift,0,0,24,0.02907,0.43060
1652,embodiment_control_shift,1,0,6,0.38677,0.18516
1653,long_self_occlusion,0,0,26,-0.13292,0.44118
1654,false_reappearance,1,0,15,0.07760,0.41727
1655,long_self_occlusion,0,0,27,-0.01125,0.25659
1656,embodiment_control_shift,1,0,6,0.23933,0.36144
1657,short_self_occlusion,1,0,38,-0.15637,0.35601
1658,embodiment_control_shift,0,0,13,-0.44424,0.45086
1659,combined_stress,0,0,12,0.37865,0.34132
1660,false_reappearance,0,0,27,0.26877,0.25760
1661,long_self_occlusion,1,0,6,-0.45546,0.20452
1662,nominal,1,0,12,0.41636,0.28114
1663,stale_memory_trap,0,0,29,0.15909,0.35014
1664,camera_dropout_burst,0,0,34,0.04394,0.36538
1665,near_identical_distractors,1,0,32,0.40013,0.33784
1666,embodiment_control_shift,1,0,6,0.38099,0.52347
1667,combined_extreme_stress,0,0,38,-0.24514,0.15363
1668,combined_extreme_stress,1,0,13,0.29056,0.50774
1669,short_self_occlusion,1,0,27,-0.23466,0.36842
1670,hidden_contact_drift,1,0,17,-0.42428,0.12062
1671,embodiment_control_shift,0,0,23,0.04309,0.40704
1672,nominal,1,0,28,0.41533,0.44068
1673,nominal,1,0,27,-0.16399,0.52231
1674,combined_extreme_stress,1,1,16,0.04721,0.41905
1675,combined_extreme_stress,1,1,5,-0.47351,0.17546
1676,stale_memory_trap,1,0,8,0.39535,0.19040
1677,embodiment_control_shift,0,0,21,0.12566,0.27455
1678,hidden_contact_drift,1,0,38,0.15316,0.45980
1679,nominal,0,0,21,0.17980,0.27574
1680,combined_extreme_stress,1,0,26,0.39748,0.17680
1681,stale_memory_trap,1,1,8,0.18587,0.16096
1682,nominal,1,0,16,0.32766,0.49280
1683,combined_stress,1,0,9,0.46726,0.48045
1684,short_self_occlusion,1,0,32,0.36542,0.21829
1685,embodiment_control_shift,1,0,28,-0.04728,0.44340
1686,camera_dropout_burst,1,0,5,-0.16841,0.16537
1687,long_self_occlusion,0,0,19,-0.40310,0.43281
1688,object_displacement,0,0,35,-0.08668,0.30251
1689,camera_dropout_burst,1,0,18,0.37937,0.35609
1690,camera_dropout_burst,1,1,38,-0.15644,0.40563
1691,end_effector_occlusion,1,0,27,0.39125,0.11713
1692,embodiment_control_shift,1,0,3,-0.17202,0.14104
1693,end_effector_occlusion,0,0,20,-0.43364,0.48311
1694,camera_dropout_burst,1,0,22,-0.30714,0.52976
1695,end_effector_occlusion,1,1,4,0.17294,0.47632
1696,object_displacement,0,0,2,0.37211,0.46785
1697,near_identical_distractors,1,0,3,0.29663,0.42114
1698,long_self_occlusion,1,0,8,-0.22597,0.37573
1699,embodiment_control_shift,1,0,0,-0.36572,0.48309
1700,stale_memory_trap,1,1,2,0.19442,0.12083
1701,end_effector_occlusion,1,0,15,-0.44058,0.31504
1702,combined_stress,1,0,41,0.33504,0.22310
1703,nominal,1,0,18,0.21023,0.28472
1704,nominal,0,0,21,0.25387,0.44741
1705,stale_memory_trap,0,0,36,0.10757,0.17808
1706,long_self_occlusion,0,0,3,-0.04798,0.22579
1707,high_symmetry_layout,0,0,7,0.33546,0.10230
1708,long_self_occlusion,0,0,11,-0.14300,0.32401
1709,distractor_swap,1,0,26,0.42228,0.18854
1710,camera_dropout_burst,1,1,0,0.31438,0.26826
1711,hidden_contact_drift,1,0,33,-0.21816,0.39807
1712,stale_memory_trap,1,0,36,-0.42748,0.45670
1713,hidden_contact_drift,1,0,1,0.04389,0.40629
1714,object_displacement,1,0,41,-0.32961,0.19420
1715,short_self_occlusion,0,0,19,-0.34616,0.20749
1716,end_effector_occlusion,0,0,13,-0.02034,0.39469
1717,combined_extreme_stress,1,1,35,0.15438,0.29249
1718,combined_stress,1,1,28,0.06841,0.42883
1719,long_self_occlusion,0,0,26,0.18970,0.29163
1720,false_reappearance,1,0,22,0.22304,0.46781
1721,high_symmetry_layout,0,0,8,-0.29405,0.31770
1722,near_identical_distractors,1,1,31,0.10497,0.15216
1723,combined_extreme_stress,0,0,36,0.26050,0.46432
1724,nominal,1,0,34,-0.43034,0.40097
1725,short_self_occlusion,1,0,8,-0.08716,0.27026
1726,nominal,1,0,6,-0.00598,0.14898
1727,object_displacement,1,0,8,0.01180,0.27153
1728,distractor_swap,1,1,32,-0.28823,0.17830
1729,false_reappearance,1,1,15,-0.19380,0.30250
1730,camera_dropout_burst,0,0,1,0.05668,0.23762
1731,hidden_contact_drift,0,0,29,-0.39751,0.43765
1732,hidden_contact_drift,1,1,15,0.13713,0.50950
1733,distractor_swap,0,0,20,0.19697,0.29952
1734,end_effector_occlusion,0,0,37,0.32483,0.24618
1735,object_displacement,0,0,27,-0.04141,0.29089
1736,nominal,0,0,30,-0.34417,0.28173
1737,embodiment_control_shift,1,1,39,0.02075,0.36280
1738,hidden_contact_drift,0,0,3,0.30352,0.10816
1739,nominal,0,0,21,0.34229,0.24419
1740,combined_extreme_stress,1,1,33,-0.20731,0.11793
1741,combined_stress,0,0,9,-0.15919,0.16299
1742,nominal,1,0,34,0.14220,0.20641
1743,nominal,0,0,28,0.43354,0.45442
1744,nominal,1,0,9,0.41904,0.37822
1745,nominal,0,0,36,0.12585,0.50949
1746,embodiment_control_shift,0,0,16,0.35466,0.49715
1747,stale_memory_trap,0,0,26,0.08581,0.29569
1748,false_reappearance,1,1,0,0.16969,0.27805
1749,distractor_swap,0,0,11,0.05399,0.18334
1750,stale_memory_trap,0,0,3,-0.22160,0.50372
1751,high_symmetry_layout,0,0,31,0.26710,0.26197
1752,combined_stress,1,0,18,-0.34462,0.28014
1753,nominal,1,0,7,-0.01097,0.09850
1754,near_identical_distractors,0,0,14,-0.24944,0.10717
1755,nominal,0,0,8,-0.19278,0.25679
1756,embodiment_control_shift,1,0,18,0.41429,0.30020
1757,near_identical_distractors,1,0,20,-0.28507,0.28966
1758,embodiment_control_shift,1,0,40,0.15914,0.31757
1759,distractor_swap,0,0,7,0.28425,0.22937
1760,camera_dropout_burst,1,0,3,-0.44936,0.40648
1761,stale_memory_trap,1,0,8,0.35099,0.12506
1762,nominal,1,0,29,0.10224,0.24484
1763,false_reappearance,1,1,9,-0.16953,0.29094
1764,embodiment_control_shift,1,0,31,-0.27919,0.47214
1765,hidden_contact_drift,0,0,17,0.17875,0.59740
1766,combined_extreme_stress,1,1,17,0.09588,0.10661
1767,camera_dropout_burst,1,0,0,-0.23732,0.48723
1768,stale_memory_trap,0,0,37,-0.15449,0.32531
1769,combined_stress,1,0,39,-0.02015,0.50339
1770,combined_extreme_stress,1,0,1,-0.20353,0.43476
1771,nominal,1,0,9,-0.22599,0.25786
1772,nominal,1,0,34,-0.36563,0.24575
1773,high_symmetry_layout,0,0,31,0.42766,0.17482
1774,high_symmetry_layout,0,0,37,0.23862,0.31564
1775,nominal,1,0,38,-0.33366,0.27445
1776,end_effector_occlusion,0,0,0,-0.16290,0.53449
1777,nominal,1,0,31,0.41221,0.42032
1778,camera_dropout_burst,1,0,9,0.21943,0.33274
1779,short_self_occlusion,1,0,22,0.44989,0.20418
1780,stale_memory_trap,0,0,27,-0.05388,0.06454
1781,near_identical_distractors,1,0,27,0.19361,0.45432
1782,near_identical_distractors,1,0,9,-0.42938,0.38487
1783,long_self_occlusion,0,0,4,0.22889,0.43159
1784,nominal,1,0,41,-0.38998,0.13724
1785,combined_extreme_stress,1,0,37,0.18196,0.55390
1786,hidden_contact_drift,1,0,8,-0.14544,0.11139
1787,high_symmetry_layout,1,1,41,0.27377,0.02884
1788,distractor_swap,0,0,16,-0.21961,0.31138
1789,stale_memory_trap,1,0,32,0.00260,0.53261
1790,end_effector_occlusion,1,0,18,0.05182,0.43291
1791,false_reappearance,0,0,7,0.25647,0.26637
1792,object_displacement,1,0,35,0.06583,0.46879
1793,combined_extreme_stress,1,0,1,-0.17309,0.20681
1794,long_self_occlusion,1,0,36,-0.04362,0.13644
1795,combined_stress,1,0,16,0.05600,0.05677
1796,combined_stress,1,0,20,0.07208,0.55136
1797,short_self_occlusion,1,0,37,-0.38871,0.45392
1798,nominal,1,1,20,-0.26067,0.31533
1799,distractor_swap,0,0,11,-0.09201,0.15544
1800,end_effector_occlusion,0,0,22,-0.25174,0.19163
1801,high_symmetry_layout,1,0,31,0.28710,0.20209
1802,false_reappearance,0,0,28,0.40737,0.22909
1803,near_identical_distractors,1,1,6,-0.38336,0.52245
1804,high_symmetry_layout,0,0,2,-0.16664,0.28706
1805,high_symmetry_layout,0,0,36,0.38758,0.36002
1806,hidden_contact_drift,1,0,28,-0.28223,0.25959
1807,high_symmetry_layout,0,0,32,0.01317,0.26316
1808,camera_dropout_burst,1,0,6,0.35823,0.09586
1809,long_self_occlusion,1,0,1,-0.08377,0.50276
1810,hidden_contact_drift,0,0,12,0.42276,0.52886
1811,end_effector_occlusion,1,0,4,-0.22094,0.23897
1812,combined_stress,1,0,6,-0.05028,0.25731
1813,combined_extreme_stress,1,1,23,0.15556,0.53448
1814,distractor_swap,1,0,8,-0.31900,0.38596
1815,hidden_contact_drift,1,0,23,-0.27761,0.35062
1816,combined_extreme_stress,1,1,29,0.00672,0.46613
1817,combined_extreme_stress,0,0,20,0.04968,0.26193
1818,hidden_contact_drift,1,0,3,0.40100,0.27252
1819,camera_dropout_burst,0,0,4,-0.30408,0.29790
1820,long_self_occlusion,0,0,34,-0.01970,0.31740
1821,stale_memory_trap,1,1,29,-0.29320,0.29304
1822,embodiment_control_shift,1,0,8,0.25559,0.43593
1823,camera_dropout_burst,1,1,16,0.42672,0.42150
1824,high_symmetry_layout,1,1,28,0.17231,0.10202
1825,combined_stress,1,1,31,-0.22274,0.42460
1826,combined_extreme_stress,0,0,16,-0.40797,0.47953
1827,long_self_occlusion,0,0,34,-0.22310,0.11728
1828,combined_stress,0,0,2,-0.11785,0.35034
1829,long_self_occlusion,1,0,40,0.04535,0.10903
1830,combined_extreme_stress,1,1,36,0.03969,0.16516
1831,end_effector_occlusion,0,0,3,-0.14546,0.23685
1832,combined_extreme_stress,0,0,14,-0.39863,0.43097
1833,stale_memory_trap,1,1,0,-0.22736,0.09225
1834,short_self_occlusion,1,0,2,-0.16565,0.45629
1835,end_effector_occlusion,1,0,20,0.35155,0.20712
1836,high_symmetry_layout,0,0,26,-0.09561,0.27767
1837,combined_stress,0,0,4,-0.32900,0.25340
1838,short_self_occlusion,1,0,30,0.07821,0.11633
1839,combined_extreme_stress,1,0,23,0.16303,0.51458
1840,nominal,1,1,34,-0.32161,0.15726
1841,camera_dropout_burst,1,1,11,-0.09015,0.37771
1842,short_self_occlusion,0,0,32,0.31971,0.50642
1843,short_self_occlusion,1,0,35,-0.00666,0.12711
1844,stale_memory_trap,1,0,3,0.35678,0.28318
1845,near_identical_distractors,1,0,10,-0.02426,0.14347
1846,stale_memory_trap,1,0,18,0.03535,0.36169
1847,long_self_occlusion,1,0,16,-0.04098,0.19258
1848,long_self_occlusion,1,1,10,0.36296,0.12213
1849,end_effector_occlusion,1,0,4,-0.24428,0.20220
1850,stale_memory_trap,1,0,5,0.45051,0.39985
1851,short_self_occlusion,1,0,23,0.33344,0.31190
1852,distractor_swap,1,0,25,0.42541,0.26664
1853,high_symmetry_layout,1,0,4,0.42092,0.12971
1854,false_reappearance,1,1,25,-0.21007,0.06218
1855,near_identical_distractors,0,0,7,-0.44984,0.32506
1856,embodiment_control_shift,0,0,30,0.13020,0.11169
1857,combined_extreme_stress,1,0,19,0.28769,0.39610
1858,false_reappearance,0,0,17,-0.12722,0.19584
1859,distractor_swap,1,0,30,-0.21511,0.11669
1860,combined_extreme_stress,1,1,28,-0.01238,0.34971
1861,stale_memory_trap,1,0,36,0.17725,0.03738
1862,embodiment_control_shift,1,1,30,0.31090,0.38292
1863,combined_extreme_stress,1,1,32,-0.25080,0.24730
1864,short_self_occlusion,1,0,29,-0.28438,0.45881
1865,short_self_occlusion,1,1,38,0.22812,0.23015
1866,combined_extreme_stress,1,0,3,-0.24650,0.35786
1867,false_reappearance,1,1,40,-0.12453,0.14319
1868,false_reappearance,1,1,35,0.45146,0.21241
1869,nominal,1,0,25,0.16336,0.09007
1870,combined_extreme_stress,1,1,23,0.47338,0.47460
1871,embodiment_control_shift,0,0,27,0.36820,0.11389
1872,end_effector_occlusion,0,0,22,0.22335,0.39544
1873,object_displacement,1,0,21,-0.01005,0.15369
1874,high_symmetry_layout,1,1,37,-0.35155,0.47448
1875,stale_memory_trap,1,1,18,-0.45648,0.21502
1876,false_reappearance,0,0,1,0.11260,0.15095
1877,near_identical_distractors,0,0,8,-0.01726,0.48429
1878,long_self_occlusion,0,0,8,0.30216,0.29096
1879,false_reappearance,0,0,39,-0.44952,0.37452
1880,false_reappearance,1,0,37,-0.23001,0.29076
1881,stale_memory_trap,0,0,41,0.29176,0.44928
1882,near_identical_distractors,0,0,26,-0.31630,0.48638
1883,object_displacement,1,0,14,-0.43064,0.22341
1884,nominal,0,0,6,-0.43584,0.49932
1885,long_self_occlusion,0,0,29,0.36671,0.45701
1886,high_symmetry_layout,1,0,4,-0.30758,0.43032
1887,camera_dropout_burst,0,0,24,-0.26511,0.21082
1888,long_self_occlusion,1,0,41,0.11245,0.39238
1889,long_self_occlusion,1,0,29,-0.21843,0.45050
1890,long_self_occlusion,1,0,8,0.45013,0.37478
1891,high_symmetry_layout,1,0,17,0.46946,0.27560
1892,combined_stress,1,0,40,0.07462,0.12158
1893,short_self_occlusion,1,0,5,0.03498,0.31193
1894,hidden_contact_drift,0,0,10,0.07826,0.48655
1895,hidden_contact_drift,0,0,36,-0.14215,0.24289
1896,hidden_contact_drift,1,0,40,0.00589,0.06586
1897,false_reappearance,1,0,35,-0.08723,0.17186
1898,false_reappearance,1,0,28,-0.21756,0.25334
1899,object_displacement,0,0,37,-0.47653,0.54317
1900,hidden_contact_drift,1,0,35,-0.25388,0.22525
1901,combined_stress,1,0,11,0.29872,0.39259
1902,nominal,1,0,20,-0.29534,0.36479
1903,camera_dropout_burst,1,0,33,0.28246,0.48425
1904,high_symmetry_layout,1,0,11,-0.15733,0.52637
1905,combined_stress,1,0,35,-0.17257,0.43155
1906,camera_dropout_burst,0,0,15,0.15674,0.26384
1907,hidden_contact_drift,0,0,13,-0.07466,0.33412
1908,false_reappearance,0,0,39,-0.14578,0.33584
1909,combined_extreme_stress,1,1,41,0.07152,0.35590
1910,false_reappearance,1,0,13,-0.07977,0.24115
1911,near_identical_distractors,0,0,6,-0.07915,0.27313
1912,near_identical_distractors,0,0,5,-0.19782,0.54054
1913,stale_memory_trap,1,0,41,-0.20498,0.38371
1914,long_self_occlusion,0,0,41,-0.35210,0.20951
1915,stale_memory_trap,1,0,33,-0.08909,0.24210
1916,object_displacement,1,0,6,-0.19600,0.37667
1917,near_identical_distractors,1,1,29,0.37179,0.17452
1918,object_displacement,0,0,5,-0.15219,0.42541
1919,short_self_occlusion,0,0,2,-0.07832,0.52806
1920,hidden_contact_drift,0,0,15,0.28959,0.41210
1921,object_displacement,1,0,18,0.09974,0.27188
1922,false_reappearance,0,0,33,0.10822,0.29878
1923,nominal,1,0,10,-0.08881,0.42322
1924,long_self_occlusion,1,0,35,0.10944,0.29858
1925,hidden_contact_drift,0,0,9,0.38656,0.35010
1926,stale_memory_trap,0,0,22,0.48412,0.29215
1927,combined_stress,1,0,7,-0.16047,0.37052
1928,combined_extreme_stress,1,1,17,0.35806,0.16901
1929,long_self_occlusion,1,0,9,-0.41209,0.53342
1930,hidden_contact_drift,1,1,28,-0.39902,0.41459
1931,stale_memory_trap,1,0,18,-0.31796,0.30206
1932,near_identical_distractors,1,0,16,-0.00959,0.30802
1933,embodiment_control_shift,1,0,23,0.45451,0.37662
1934,object_displacement,1,0,34,0.25236,0.41661
1935,combined_extreme_stress,1,0,16,0.19240,0.40786
1936,high_symmetry_layout,0,0,22,0.30587,0.24279
1937,embodiment_control_shift,1,0,20,-0.08930,0.44331
1938,combined_extreme_stress,1,0,32,-0.03874,0.22571
1939,nominal,1,0,30,-0.33688,0.10378
1940,long_self_occlusion,1,0,6,0.28378,0.33655
1941,combined_stress,1,0,21,-0.02345,0.27700
1942,high_symmetry_layout,1,0,34,-0.25707,0.45515
1943,false_reappearance,1,0,41,0.07886,0.20194
1944,hidden_contact_drift,1,0,15,-0.36231,0.34550
1945,stale_memory_trap,0,0,21,-0.37200,0.51473
1946,combined_stress,1,0,1,0.05147,0.25884
1947,object_displacement,1,0,39,0.13893,0.08453
1948,embodiment_control_shift,0,0,15,0.01842,0.19637
1949,nominal,0,0,29,-0.06879,0.20613
1950,distractor_swap,0,0,41,-0.20883,0.16940
1951,high_symmetry_layout,1,1,0,0.36884,0.41054
1952,near_identical_distractors,0,0,11,-0.35874,0.20189
1953,end_effector_occlusion,1,0,10,0.45937,0.19311
1954,camera_dropout_burst,0,0,39,0.02320,0.11320
1955,hidden_contact_drift,1,0,28,-0.29123,0.19868
1956,near_identical_distractors,1,1,5,0.42175,0.49067
1957,hidden_contact_drift,0,0,34,-0.39518,0.11286
1958,object_displacement,1,0,10,-0.19045,0.15232
1959,distractor_swap,0,0,22,0.04969,0.39104
1960,near_identical_distractors,1,0,23,0.41959,0.20739
1961,camera_dropout_burst,1,0,2,0.36439,0.42392
1962,object_displacement,1,0,11,0.27761,0.36433
1963,hidden_contact_drift,0,0,22,0.16140,0.27092
1964,long_self_occlusion,1,0,16,0.30889,0.23630
1965,hidden_contact_drift,1,0,0,0.42139,0.20951
1966,end_effector_occlusion,0,0,39,-0.32544,0.27869
1967,camera_dropout_burst,1,1,14,-0.46232,0.42294
1968,short_self_occlusion,1,0,26,0.23422,0.42645
1969,nominal,1,0,11,0.01453,0.41965
1970,nominal,1,0,18,-0.29170,0.18083
1971,nominal,1,1,14,-0.18395,0.53759
1972,near_identical_distractors,1,0,18,0.03191,0.49422
1973,camera_dropout_burst,1,1,10,-0.10293,0.24489
1974,hidden_contact_drift,1,1,37,-0.35640,0.28104
1975,short_self_occlusion,1,0,3,-0.35958,0.11801
1976,combined_extreme_stress,0,0,9,0.11999,0.14767
1977,long_self_occlusion,1,0,6,0.27785,0.39395
1978,long_self_occlusion,0,0,9,-0.19318,0.26603
1979,hidden_contact_drift,1,0,33,-0.11426,0.23949
1980,near_identical_distractors,0,0,3,0.45786,0.18979
1981,long_self_occlusion,1,0,36,-0.35104,0.13609
1982,short_self_occlusion,0,0,22,-0.01759,0.34958
1983,combined_stress,1,1,10,-0.16035,0.37064
1984,combined_stress,1,1,26,0.06318,0.38842
1985,short_self_occlusion,1,0,16,-0.31561,0.31947
1986,near_identical_distractors,1,0,35,-0.22791,0.37959
1987,false_reappearance,1,0,38,0.06082,0.19228
1988,high_symmetry_layout,0,0,3,-0.41385,0.14979
1989,high_symmetry_layout,1,1,10,0.02768,0.08007
1990,camera_dropout_burst,1,0,37,-0.31072,0.37009
1991,false_reappearance,1,1,21,0.26769,0.51800
1992,distractor_swap,0,0,7,0.32080,0.11832
1993,combined_extreme_stress,1,0,9,0.07773,0.44309
1994,object_displacement,1,0,35,0.07233,0.12718
1995,object_displacement,1,0,41,0.02653,0.35513
1996,object_displacement,1,0,32,0.09782,0.29802
1997,hidden_contact_drift,0,0,0,-0.23415,0.08172
1998,stale_memory_trap,1,0,14,-0.04363,0.27247
1999,short_self_occlusion,1,0,19,0.45335,0.32432
2000,short_self_occlusion,0,0,2,0.01074,0.23015
2001,long_self_occlusion,1,0,13,0.11520,0.47156
2002,combined_extreme_stress,0,0,29,0.34691,0.41968
2003,combined_stress,0,0,14,-0.16596,0.30375
2004,combined_extreme_stress,1,1,27,-0.12191,0.48999
2005,camera_dropout_burst,1,1,17,-0.39269,0.13883
2006,camera_dropout_burst,0,0,5,0.32444,0.09634
2007,object_displacement,0,0,19,0.04747,0.28474
2008,camera_dropout_burst,1,0,29,0.32411,0.11407
2009,short_self_occlusion,1,0,35,0.01527,0.53251
2010,long_self_occlusion,1,0,23,-0.05086,0.50785
2011,embodiment_control_shift,0,0,11,0.29845,0.17443
2012,near_identical_distractors,1,1,10,0.22062,0.21762
2013,combined_extreme_stress,1,1,40,0.48256,0.25297
2014,embodiment_control_shift,0,0,35,-0.30751,0.27971
2015,hidden_contact_drift,0,0,30,-0.03582,0.41205
2016,high_symmetry_layout,1,0,7,-0.45480,0.22733
2017,camera_dropout_burst,1,0,18,0.19921,0.36217
2018,camera_dropout_burst,1,0,2,-0.03746,0.23355
2019,nominal,1,0,7,-0.03393,0.43971
2020,high_symmetry_layout,1,0,14,0.43642,0.33080
2021,embodiment_control_shift,1,0,8,0.41850,0.39141
2022,object_displacement,1,0,9,-0.19463,0.21333
2023,camera_dropout_burst,1,1,1,-0.24122,0.14659
2024,camera_dropout_burst,1,0,10,-0.28894,0.23271
2025,end_effector_occlusion,1,0,34,-0.40889,0.17547
2026,combined_stress,1,0,17,0.28622,0.16102
2027,combined_stress,0,0,15,-0.09783,0.17194
2028,combined_extreme_stress,1,0,1,0.10019,0.45238
2029,false_reappearance,1,1,31,-0.10116,0.37683
2030,object_displacement,1,0,5,-0.10389,0.29451
2031,stale_memory_trap,1,0,0,0.08834,0.35339
2032,high_symmetry_layout,1,0,17,-0.22120,0.48584
2033,high_symmetry_layout,0,0,15,0.42437,0.25647
2034,high_symmetry_layout,1,1,21,-0.12521,0.10753
2035,distractor_swap,1,0,25,-0.30277,0.33831
2036,high_symmetry_layout,1,0,24,-0.05091,0.43819
2037,camera_dropout_burst,1,0,16,0.07425,0.44326
2038,distractor_swap,1,1,12,-0.15707,0.32534
2039,embodiment_control_shift,1,1,5,-0.02353,0.17648
2040,nominal,1,0,39,-0.45468,0.34785
2041,false_reappearance,1,0,37,-0.09923,0.34159
2042,stale_memory_trap,0,0,12,-0.09387,0.18713
2043,hidden_contact_drift,1,1,23,-0.34707,0.42299
2044,long_self_occlusion,0,0,12,0.04348,0.27039
2045,short_self_occlusion,1,0,25,0.02166,0.19162
2046,stale_memory_trap,1,1,11,-0.07851,0.43861
2047,camera_dropout_burst,1,0,8,0.42223,0.17603
2048,high_symmetry_layout,1,1,38,0.09466,0.12680
2049,nominal,1,0,25,0.28202,0.08374
2050,near_identical_distractors,0,0,2,0.13554,0.30755
2051,hidden_contact_drift,1,0,17,0.30273,0.23130
2052,false_reappearance,1,1,15,0.37781,0.34837
2053,hidden_contact_drift,1,0,30,0.38929,0.28397
2054,nominal,0,0,34,0.44627,0.35330
2055,combined_stress,1,1,12,-0.09752,0.09552
2056,object_displacement,1,0,20,-0.25922,0.09993
2057,short_self_occlusion,0,0,2,-0.03805,0.16966
2058,stale_memory_trap,0,0,21,-0.05188,0.16525
2059,hidden_contact_drift,1,1,21,0.25958,0.44399
2060,camera_dropout_burst,1,0,8,-0.13774,0.23766
2061,hidden_contact_drift,0,0,25,0.31858,0.07561
2062,end_effector_occlusion,1,0,37,-0.39141,0.29098
2063,hidden_contact_drift,1,0,4,0.38066,0.42995
2064,object_displacement,1,0,5,0.26871,0.29304
2065,long_self_occlusion,1,0,29,-0.12862,0.18800
2066,object_displacement,1,0,3,-0.24576,0.51556
2067,stale_memory_trap,1,0,21,-0.31402,0.43299
2068,distractor_swap,1,0,4,0.31796,0.16354
2069,combined_extreme_stress,1,1,34,-0.38381,0.24648
2070,high_symmetry_layout,0,0,16,-0.20663,0.08204
2071,object_displacement,0,0,34,-0.07916,0.27042
2072,distractor_swap,0,0,37,-0.07745,0.20955
2073,high_symmetry_layout,1,0,17,0.09405,0.55455
2074,distractor_swap,1,0,41,0.03110,0.38653
2075,embodiment_control_shift,1,1,41,0.40311,0.24394
2076,end_effector_occlusion,1,0,11,-0.30488,0.43462
2077,hidden_contact_drift,0,0,37,0.24752,0.56205
2078,distractor_swap,0,0,23,0.11025,0.35690
2079,short_self_occlusion,1,0,26,-0.13282,0.19931
2080,stale_memory_trap,1,1,7,-0.37802,0.20495
2081,short_self_occlusion,0,0,27,-0.17010,0.45526
2082,combined_stress,1,1,24,-0.00940,0.01976
2083,nominal,0,0,34,-0.25202,0.15054
2084,combined_extreme_stress,0,0,19,0.13818,0.31279
2085,hidden_contact_drift,1,0,8,0.03003,0.40435
2086,distractor_swap,1,0,36,0.38036,0.25619
2087,nominal,1,0,20,-0.43903,0.21610
2088,hidden_contact_drift,0,0,41,-0.06648,0.08936
2089,stale_memory_trap,0,0,26,-0.26618,0.06392
2090,embodiment_control_shift,1,0,39,0.12613,0.50592
2091,long_self_occlusion,1,0,11,-0.37842,0.27834
2092,camera_dropout_burst,0,0,22,-0.08438,0.09330
2093,distractor_swap,1,1,6,-0.24566,0.27844
2094,combined_stress,0,0,41,-0.33372,0.29417
2095,distractor_swap,0,0,37,-0.25932,0.30001
2096,camera_dropout_burst,1,1,38,0.06155,0.33359
2097,stale_memory_trap,0,0,20,-0.12227,0.45287
2098,false_reappearance,1,1,38,-0.01430,0.22529
2099,nominal,1,0,37,0.07059,0.40007
2100,high_symmetry_layout,0,0,24,0.25319,0.32276
2101,long_self_occlusion,1,0,19,-0.37961,0.24586
2102,short_self_occlusion,0,0,5,-0.21714,0.14739
2103,nominal,1,0,14,-0.35512,0.40221
2104,near_identical_distractors,0,0,8,0.40456,0.46689
2105,combined_stress,1,1,5,0.12602,0.30831
2106,object_displacement,1,0,17,-0.44104,0.24752
2107,combined_extreme_stress,1,1,14,0.46809,0.11723
2108,nominal,1,0,10,0.41754,0.43236
2109,distractor_swap,0,0,26,0.05401,0.19847
2110,embodiment_control_shift,0,0,26,-0.36774,0.29062
2111,short_self_occlusion,0,0,7,-0.16567,0.14898
2112,nominal,1,0,26,0.18573,0.11598
2113,combined_extreme_stress,0,0,5,-0.11189,0.21598
2114,high_symmetry_layout,0,0,0,-0.12824,0.33640
2115,nominal,1,0,13,0.09897,0.38549
2116,near_identical_distractors,0,0,29,0.21923,0.10465
2117,hidden_contact_drift,1,0,8,-0.40127,0.11866
2118,hidden_contact_drift,1,0,26,0.01595,0.22275
2119,false_reappearance,1,1,14,0.11356,0.16143
2120,object_displacement,1,0,28,0.20621,0.41705
2121,embodiment_control_shift,0,0,28,0.08083,0.07689
2122,distractor_swap,0,0,29,0.37927,0.51154
2123,hidden_contact_drift,1,0,31,-0.01283,0.33902
2124,false_reappearance,0,0,38,-0.12187,0.24852
2125,high_symmetry_layout,1,0,20,-0.05525,0.15313
2126,short_self_occlusion,0,0,29,0.13703,0.46135
2127,combined_extreme_stress,1,0,2,0.37751,0.38099
2128,stale_memory_trap,0,0,29,-0.02690,0.25903
2129,hidden_contact_drift,0,0,33,-0.34516,0.50379
2130,camera_dropout_burst,1,0,0,-0.26191,0.46606
2131,camera_dropout_burst,1,1,0,-0.01299,0.24819
2132,distractor_swap,1,1,17,0.13636,0.14660
2133,combined_stress,1,1,26,-0.42340,0.52462
2134,short_self_occlusion,0,0,22,-0.15283,0.47134
2135,camera_dropout_burst,0,0,15,0.45703,0.08085
2136,near_identical_distractors,1,0,25,0.07369,0.05798
2137,near_identical_distractors,1,1,27,0.09742,0.25499
2138,camera_dropout_burst,0,0,14,0.46911,0.29005
2139,false_reappearance,1,0,29,0.25792,0.41412
2140,end_effector_occlusion,0,0,26,0.29616,0.45026
2141,long_self_occlusion,1,1,11,0.06228,0.52143
2142,hidden_contact_drift,1,0,39,0.47020,0.28616
2143,near_identical_distractors,0,0,27,-0.18311,0.27560
2144,embodiment_control_shift,1,0,16,-0.41845,0.33923
2145,combined_stress,1,0,33,-0.37240,0.40520
2146,stale_memory_trap,0,0,10,0.38144,0.48834
2147,high_symmetry_layout,1,0,22,-0.41241,0.39103
2148,false_reappearance,0,0,8,-0.06555,0.41318
2149,embodiment_control_shift,1,0,39,0.06860,0.32566
2150,combined_extreme_stress,0,0,24,0.33031,0.19833
2151,nominal,0,0,25,0.33153,0.47329
2152,combined_extreme_stress,1,0,17,-0.05242,0.29742
2153,short_self_occlusion,1,0,31,0.39480,0.17631
2154,short_self_occlusion,1,0,28,0.42910,0.49707
2155,combined_stress,1,1,6,0.19904,0.37859
2156,long_self_occlusion,0,0,12,-0.05217,0.37521
2157,nominal,0,0,11,-0.04186,0.14892
2158,near_identical_distractors,1,0,15,-0.39729,0.48793
2159,combined_extreme_stress,0,0,28,-0.15215,0.35729
2160,end_effector_occlusion,0,0,36,-0.17321,0.11920
2161,embodiment_control_shift,0,0,18,-0.09115,0.51696
2162,object_displacement,0,0,36,0.41124,0.40229
2163,combined_stress,1,1,0,-0.17056,0.53483
2164,distractor_swap,1,0,10,0.22445,0.18417
2165,object_displacement,1,0,11,0.09931,0.35983
2166,high_symmetry_layout,0,0,12,-0.06700,0.18702
2167,object_displacement,0,0,15,0.27253,0.19616
2168,short_self_occlusion,0,0,41,0.33149,0.38327
2169,false_reappearance,1,1,17,-0.37472,0.44557
2170,high_symmetry_layout,1,0,5,0.07414,0.42535
2171,camera_dropout_burst,0,0,40,-0.41579,0.53937
2172,hidden_contact_drift,1,1,13,0.18233,0.14573
2173,stale_memory_trap,1,0,34,0.30620,0.27703
2174,short_self_occlusion,1,0,38,-0.12314,0.14328
2175,nominal,1,1,8,-0.08095,0.13097
2176,distractor_swap,1,0,6,-0.45203,0.25022
2177,nominal,0,0,39,0.01016,0.35406
2178,short_self_occlusion,1,0,30,0.27831,0.28895
2179,stale_memory_trap,1,0,22,0.22264,0.20421
2180,embodiment_control_shift,1,0,38,-0.07493,0.48848
2181,short_self_occlusion,0,0,15,0.29578,0.22795
2182,near_identical_distractors,0,0,28,0.01165,0.26400
2183,nominal,0,0,22,0.14817,0.23701
2184,combined_extreme_stress,0,0,29,-0.13404,0.06484
2185,hidden_contact_drift,1,0,33,-0.43606,0.44084
2186,end_effector_occlusion,1,1,41,0.35736,0.23960
2187,distractor_swap,1,0,3,0.03649,0.26701
2188,stale_memory_trap,0,0,20,0.27295,0.08978
2189,long_self_occlusion,0,0,18,-0.10643,0.48040
2190,camera_dropout_burst,0,0,37,0.34479,0.05931
2191,short_self_occlusion,0,0,20,-0.37817,0.34225
2192,near_identical_distractors,0,0,2,0.10393,0.44970
2193,embodiment_control_shift,1,0,18,0.05230,0.44021
2194,false_reappearance,0,0,2,0.14471,0.50443
2195,embodiment_control_shift,0,0,12,0.00237,0.39347
2196,camera_dropout_burst,1,0,5,0.16137,0.25073
2197,stale_memory_trap,1,0,37,-0.01103,0.54523
2198,combined_extreme_stress,0,0,17,0.25059,0.30257
2199,nominal,1,0,8,0.04018,0.53037
2200,short_self_occlusion,1,0,30,0.07228,0.44660
2201,stale_memory_trap,1,0,36,-0.03398,0.27755
2202,end_effector_occlusion,0,0,14,-0.21060,0.16999
2203,camera_dropout_burst,0,0,33,0.22026,0.45880
2204,hidden_contact_drift,0,0,9,0.42144,0.29642
2205,object_displacement,0,0,34,0.27281,0.17939
2206,near_identical_distractors,1,0,32,0.34529,0.10338
2207,object_displacement,1,0,8,0.16218,0.26813
2208,high_symmetry_layout,0,0,10,0.40745,0.39178
2209,object_displacement,0,0,14,0.41963,0.08733
2210,stale_memory_trap,1,1,36,0.12787,0.16080
2211,near_identical_distractors,0,0,38,0.22855,0.19935
2212,false_reappearance,0,0,38,-0.23551,0.25382
2213,object_displacement,1,0,9,0.03804,0.39432
2214,nominal,1,0,33,0.15334,0.28469
2215,combined_extreme_stress,0,0,13,0.09049,0.27382
2216,camera_dropout_burst,1,0,8,-0.20319,0.51805
2217,camera_dropout_burst,1,0,27,-0.14673,0.37641
2218,nominal,1,0,40,-0.23299,0.51791
2219,embodiment_control_shift,0,0,1,-0.29867,0.34656
2220,camera_dropout_burst,1,0,9,-0.40812,0.21551
2221,false_reappearance,1,0,38,0.15767,0.16964
2222,combined_extreme_stress,1,0,33,0.06686,0.26602
2223,embodiment_control_shift,1,0,12,0.31248,0.18665
2224,combined_stress,0,0,36,0.35183,0.53853
2225,end_effector_occlusion,1,1,41,0.28759,0.51329
2226,object_displacement,1,0,24,-0.35655,0.38464
2227,nominal,1,0,27,0.04763,0.08942
2228,near_identical_distractors,1,0,5,0.39112,0.45089
2229,combined_extreme_stress,1,1,25,0.14935,0.43742
2230,distractor_swap,1,1,32,-0.04423,0.39453
2231,end_effector_occlusion,0,0,4,0.13867,0.23640
2232,combined_stress,1,0,13,0.01295,0.49795
2233,end_effector_occlusion,0,0,6,0.25329,0.43104
2234,distractor_swap,1,0,18,0.24202,0.51918
2235,short_self_occlusion,0,0,0,-0.03984,0.52585
2236,embodiment_control_shift,0,0,37,0.31810,0.18404
2237,distractor_swap,1,0,25,-0.26464,0.23244
2238,distractor_swap,1,0,24,-0.38784,0.21857
2239,embodiment_control_shift,1,1,32,-0.36159,0.24567
2240,camera_dropout_burst,1,0,21,0.25315,0.51787
2241,near_identical_distractors,0,0,7,0.34596,0.52304
2242,long_self_occlusion,0,0,18,-0.34023,0.21771
2243,high_symmetry_layout,1,0,33,-0.05261,0.42504
2244,object_displacement,1,1,23,0.45727,0.39180
2245,stale_memory_trap,1,0,37,-0.35638,0.30906
2246,short_self_occlusion,1,0,8,0.01481,0.29649
2247,combined_stress,0,0,22,-0.26645,0.19872
2248,hidden_contact_drift,1,1,37,0.14827,0.56919
2249,embodiment_control_shift,0,0,3,-0.01206,0.21839
2250,hidden_contact_drift,1,0,38,-0.28952,0.31386
2251,near_identical_distractors,0,0,7,-0.24485,0.30969
2252,distractor_swap,1,1,38,-0.21150,0.11973
2253,long_self_occlusion,1,0,12,-0.13715,0.08015
2254,combined_stress,0,0,38,0.41804,0.15947
2255,near_identical_distractors,1,0,30,-0.01971,0.22676
2256,combined_stress,1,0,7,0.35429,0.19787
2257,distractor_swap,0,0,26,-0.40175,0.12421
2258,stale_memory_trap,0,0,25,0.19040,0.16143
2259,near_identical_distractors,1,1,38,-0.38416,0.31455
2260,hidden_contact_drift,1,0,19,0.04369,0.49369
2261,distractor_swap,0,0,23,0.39125,0.20567
2262,camera_dropout_burst,0,0,10,0.15064,0.29922
2263,embodiment_control_shift,0,0,3,0.27822,0.16536
2264,high_symmetry_layout,1,0,16,-0.31777,0.19622
2265,long_self_occlusion,0,0,4,-0.23319,0.34235
2266,stale_memory_trap,1,0,22,0.15062,0.15967
2267,nominal,0,0,21,0.22132,0.10056
2268,stale_memory_trap,1,0,19,0.00751,0.11625
2269,combined_stress,0,0,41,0.38457,0.32356
2270,end_effector_occlusion,0,0,15,0.18804,0.48342
2271,hidden_contact_drift,1,0,20,-0.12711,0.51369
2272,high_symmetry_layout,1,0,14,-0.08705,0.44974
2273,distractor_swap,0,0,39,0.25089,0.18164
2274,combined_extreme_stress,0,0,4,0.21406,0.42301
2275,nominal,0,0,27,-0.25608,0.30997
2276,end_effector_occlusion,1,0,11,-0.02691,0.44361
2277,object_displacement,1,0,18,0.13783,0.33603
2278,combined_stress,1,0,37,0.06428,0.34628
2279,stale_memory_trap,0,0,39,0.18089,0.32346
2280,long_self_occlusion,1,0,40,0.20085,0.48290
2281,near_identical_distractors,1,0,17,0.36144,0.37434
2282,short_self_occlusion,1,0,11,-0.06901,0.34869
2283,false_reappearance,0,0,0,0.39924,0.50832
2284,camera_dropout_burst,0,0,5,-0.01719,0.53244
2285,combined_stress,1,1,28,0.32700,0.39074
2286,long_self_occlusion,0,0,15,-0.12906,0.38472
2287,high_symmetry_layout,1,1,3,-0.02789,0.53666
2288,nominal,1,0,19,-0.36804,0.28148
2289,hidden_contact_drift,1,0,31,0.24638,0.27870
2290,short_self_occlusion,1,0,12,0.20245,0.26258
2291,combined_extreme_stress,1,0,13,0.18607,0.45095
2292,false_reappearance,1,0,16,-0.11883,0.19275
2293,nominal,1,0,15,-0.43087,0.40560
2294,short_self_occlusion,1,1,40,-0.08206,0.50472
2295,long_self_occlusion,1,0,28,-0.05989,0.35776
2296,near_identical_distractors,0,0,41,-0.34519,0.22093
2297,stale_memory_trap,0,0,8,-0.10998,0.21866
2298,camera_dropout_burst,1,1,22,0.33579,0.50342
2299,stale_memory_trap,0,0,7,0.25420,0.07061
2300,object_displacement,1,0,38,-0.22241,0.29340
2301,camera_dropout_burst,0,0,34,-0.19516,0.47406
2302,hidden_contact_drift,0,0,33,0.30223,0.44249
2303,embodiment_control_shift,0,0,1,0.33293,0.28927
2304,false_reappearance,1,1,40,0.33393,0.19264
2305,embodiment_control_shift,1,0,11,0.11467,0.44071
2306,stale_memory_trap,1,1,8,0.12029,0.24722
2307,camera_dropout_burst,1,1,31,0.39102,0.21140
2308,embodiment_control_shift,0,0,3,0.41383,0.20031
2309,hidden_contact_drift,1,1,12,-0.04837,0.39960
2310,nominal,0,0,14,0.03895,0.21467
2311,nominal,0,0,29,-0.03420,0.50832
2312,distractor_swap,0,0,27,-0.02908,0.11964
2313,high_symmetry_layout,1,1,32,-0.46646,0.14742
2314,distractor_swap,0,0,37,-0.21894,0.31763
2315,combined_stress,1,1,8,-0.13162,0.30428
2316,camera_dropout_burst,1,0,1,0.20519,0.28235
2317,nominal,0,0,17,0.20372,0.43308
2318,hidden_contact_drift,0,0,35,0.01540,0.37152
2319,stale_memory_trap,1,1,38,-0.49879,0.24210
2320,distractor_swap,1,0,22,0.18047,0.45915
2321,nominal,1,0,31,0.13053,0.42715
2322,hidden_contact_drift,0,0,17,-0.15888,0.25859
2323,object_displacement,1,0,35,-0.32320,0.22240
2324,embodiment_control_shift,1,0,36,0.37203,0.48580
2325,end_effector_occlusion,1,0,21,0.20195,0.50461
2326,long_self_occlusion,0,0,18,0.24839,0.10449
2327,false_reappearance,0,0,30,0.13885,0.40148
2328,false_reappearance,1,1,12,0.36700,0.28262
2329,false_reappearance,1,0,36,0.21650,0.29266
2330,short_self_occlusion,0,0,1,0.09065,0.13910
2331,combined_stress,0,0,41,0.38345,0.22042
2332,combined_extreme_stress,0,0,6,0.11668,0.13412
2333,combined_stress,1,1,16,0.20319,0.30714
2334,combined_stress,0,0,19,-0.25955,0.33426
2335,camera_dropout_burst,0,0,8,0.28530,0.23861
2336,stale_memory_trap,0,0,6,0.06609,0.39764
2337,nominal,1,0,3,0.39471,0.09557
2338,nominal,0,0,13,-0.10298,0.51432
2339,nominal,1,1,26,-0.21453,0.45189
2340,hidden_contact_drift,0,0,26,-0.06760,0.18763
2341,combined_extreme_stress,0,0,3,-0.03249,0.48019
2342,high_symmetry_layout,0,0,33,0.03745,0.23523
2343,combined_stress,0,0,33,0.11539,0.06712
2344,long_self_occlusion,1,0,37,-0.35593,0.34324
2345,false_reappearance,1,0,30,0.25726,0.31568
2346,high_symmetry_layout,0,0,23,-0.47619,0.47662
2347,combined_stress,1,1,27,-0.01157,0.44611
2348,false_reappearance,1,1,40,-0.35240,0.26182
2349,end_effector_occlusion,0,0,14,-0.29311,0.18732
2350,near_identical_distractors,1,0,12,-0.10973,0.28215
2351,false_reappearance,1,0,29,0.08740,0.49562
2352,stale_memory_trap,0,0,41,0.43221,0.18204
2353,high_symmetry_layout,1,0,14,0.21070,0.18988
2354,short_self_occlusion,1,0,26,-0.03970,0.08793
2355,nominal,1,0,23,-0.34994,0.53555
2356,nominal,1,0,25,-0.28022,0.22049
2357,near_identical_distractors,0,0,36,0.10933,0.29376
2358,combined_stress,0,0,27,0.23228,0.14817
2359,object_displacement,1,0,36,0.43039,0.45357
2360,end_effector_occlusion,0,0,19,-0.26635,0.13900
2361,short_self_occlusion,0,0,23,0.28055,0.27514
2362,high_symmetry_layout,1,1,15,0.47175,0.54738
2363,stale_memory_trap,1,1,32,-0.52267,0.30886
2364,nominal,1,0,32,-0.22042,0.34254
2365,short_self_occlusion,0,0,18,-0.19133,0.30256
2366,camera_dropout_burst,1,1,10,-0.21605,0.51610
2367,distractor_swap,1,0,5,-0.43723,0.41856
2368,false_reappearance,1,0,4,0.36192,0.24447
2369,end_effector_occlusion,1,0,4,0.21415,0.27274
2370,near_identical_distractors,1,1,15,-0.27433,0.35052
2371,end_effector_occlusion,1,0,40,-0.11011,0.14697
2372,camera_dropout_burst,1,1,27,0.35781,0.36178
2373,combined_stress,0,0,5,-0.28307,0.38818
2374,object_displacement,0,0,20,-0.39632,0.28249
2375,nominal,0,0,23,-0.03614,0.33359
2376,nominal,1,0,27,0.31776,0.08509
2377,hidden_contact_drift,1,0,38,-0.29688,0.25160
2378,nominal,0,0,15,0.38379,0.49529
2379,near_identical_distractors,0,0,31,0.18700,0.51021
2380,near_identical_distractors,0,0,21,0.32749,0.47353
2381,hidden_contact_drift,0,0,7,-0.08111,0.53264
2382,nominal,1,0,22,-0.01406,0.09247
2383,camera_dropout_burst,1,0,0,0.41069,0.31561
2384,combined_extreme_stress,1,1,33,0.09406,0.24159
2385,embodiment_control_shift,1,1,27,-0.28745,0.51201
2386,object_displacement,0,0,40,-0.25961,0.33854
2387,false_reappearance,1,0,12,0.29341,0.06786
2388,high_symmetry_layout,1,1,16,0.34761,0.38433
2389,stale_memory_trap,1,0,35,0.18634,0.28082
2390,hidden_contact_drift,1,1,0,-0.06137,0.30432
2391,nominal,1,0,4,0.17789,0.26398
2392,long_self_occlusion,0,0,38,-0.43605,0.45890
2393,hidden_contact_drift,0,0,25,0.04306,0.12935
2394,long_self_occlusion,1,0,14,-0.44424,0.19338
2395,long_self_occlusion,1,0,2,-0.42412,0.43100
2396,object_displacement,1,0,38,0.22474,0.22815
2397,hidden_contact_drift,0,0,12,0.24423,0.40300
2398,near_identical_distractors,0,0,0,0.33856,0.33738
2399,camera_dropout_burst,1,0,13,-0.08517,0.25087
